listing_id,number,raw,method,source,evidence,matches_snapshot
1000029644496615673,2026-064381 OL,OL 2026 064381,Austin year/serial,merged listing fields,"ake care of the exterior cleaning for you.

Registration Details
OL 2026 064381",True
1001135283050236831,2025-068113 OL,OL 2025 068113,Austin year/serial,merged listing fields," surround sound white noise (if you fancy)

Registration Details
OL 2025 068113",False
1003881093066787583,2025-043050 OL,OL 2025 043050,Austin year/serial,merged listing fields," miles)
Zilker Botanical Garden (13 miles)

Registration Details
OL 2025 043050",True
10069202,2025-134484 OL,OL 2025 134484,Austin year/serial,merged listing fields,"ter the patio/ground with cigarette butts.

Registration Details
OL 2025 134484",True
1010185415611521068,2023-137242 OL,OL-2023-137242,Austin year/serial,merged listing fields," for a tail-waggingly good time in Austin!

Registration Details
OL-2023-137242",True
1013795186892707216,2023-143579 OL,OL 2023 143579,Austin year/serial,merged listing fields," walk
El Chile Cafe y Cantina - 4 min walk

Registration Details
OL 2023 143579",True
10143001,2026-063815 OL,OL 2026 063815,Austin year/serial,merged listing fields,"elps keep the upstairs private for guests.

Registration Details
OL 2026 063815",True
1016010994437538853,2022-151849 OL,OL-2022-151849,Austin year/serial,merged listing fields," living room 
-Weber Gas grill in backyard

Registration Details
OL-2022-151849",True
1016165528917775169,2026-045842 OL,OL 2026 045842,Austin year/serial,merged listing fields,"de you with the latest update information.

Registration Details
OL 2026 045842",True
1018133710074356900,2025-042208 OL,OL 2025 042208,Austin year/serial,merged listing fields," story house and is not handicap friendly.

Registration Details
OL 2025 042208",False
1018458441108704564,2023-143277 OL,OL2023143277,Austin year/serial,merged listing fields,"

Guest access
Smart door with unique code

Registration Details
OL2023143277",True
1019840685860243923,2022-033793 OL,OL 2022 033793,Austin year/serial,merged listing fields,"ming Historic Bungalow & Studio Near SoCo""

Registration Details
OL 2022 033793",True
1020972950376701018,2024-001828 OL,OL 2024 001828,Austin year/serial,merged listing fields,"must be reported to the hosts immediately.

Registration Details
OL 2024 001828",True
1021258376028631595,2024-057805 OL,OL-2024-057805,Austin year/serial,merged listing fields,"ool before heading home to enjoy a relaxing night in.

The space
OL-2024-057805 | Private Covered Patio | Free WiFi | Fenced-In Backyard | ~8 Mi to University of Texas a",False
1022363657414601589,2024-017409 OL,2024-017409 OL,Austin year/serial,merged listing fields,"roken, or damaged items or extra cleaning.

Registration Details
2024-017409 OL",True
10254489,2026-107345 OL,OL 2026 107345,Austin year/serial,merged listing fields,"at do not have a license number displayed.

Registration Details
OL 2026 107345",True
1025648657519844728,2024-006871 OL,OL2024006871,Austin year/serial,merged listing fields,"check, and upload a government-issued ID.*

Registration Details
OL2024006871",True
1026598826005817533,2023-017681 OL,OL 2023 017681,Austin year/serial,merged listing fields,"tin that can be rented with a captain too.

Registration Details
OL 2023 017681",True
1026936895805764907,2021-201889 OL,OL 2021 201889,Austin year/serial,merged listing fields,"e perfect blend of luxury and convenience!

Registration Details
OL 2021 201889",False
1028154668228063104,2026-060446 OL,2026-060446 OL,Austin year/serial,merged listing fields,"n-sized air mattress available by request.

Registration Details
2026-060446 OL",True
1030518014753012075,2025-158704 OL,OL 2025 158704,Austin year/serial,merged listing fields,"nge or refill it at their own convenience.

Registration Details
OL 2025 158704",True
1031106264763414140,2023-141367 OL,OL2023141367,Austin year/serial,merged listing fields,"emailed to you a few days before your stay

Registration Details
OL2023141367",True
10331035,2026-089116 OL,OL 2026 089116,Austin year/serial,merged listing fields," accidents or dogs who are escape artists!

Registration Details
OL 2026 089116",True
1033394351004415957,2024-079989 OL,OL 2024 079989,Austin year/serial,merged listing fields,"rivate fenced yard, entrance, and balcony.

Registration Details
OL 2024 079989",True
1034208415302009572,2023-156044 OL,OL 2023 156044,Austin year/serial,merged listing fields,"tor for remote work available upon request

Registration Details
OL 2023 156044",True
1034341602511964000,2023-130788 OL,OL 2023 130788,Austin year/serial,merged listing fields,"dering this if you are sensitive to noise.

Registration Details
OL 2023 130788",True
1034604,2012-101723 OL,OL 2012 101723,Austin year/serial,merged listing fields,"cancelled less than 60 days from check in.

Registration Details
OL 2012 101723",True
1035154520189320104,2025-062641 OL,OL 2025 062641,Austin year/serial,merged listing fields,"group noise. Quite hours will be enforced.

Registration Details
OL 2025 062641",False
1036203302333407073,2026-105851 OL,OL 2026 105851,Austin year/serial,merged listing fields,"group noise. Quiet hours will be enforced.

Registration Details
OL 2026 105851",True
1037341033806739887,2025-062641 OL,OL 2025 062641,Austin year/serial,merged listing fields,"house, back house, backyard, and driveway.

Registration Details
OL 2025 062641",False
1042085713877988864,2026-066287 OL,OL 2026 066287,Austin year/serial,merged listing fields,"Wentz Park
3 minute drive to Hippie Hollow

Registration Details
OL 2026 066287",True
1042656178473691377,2023-082143 OL,OL 2023 082143,Austin year/serial,merged listing fields,"Jack & Jill bathroom shared with Bedroom 4

Registration Details
OL 2023 082143",False
10426783,2023-125701 OL,OL 2023 125701,Austin year/serial,merged listing fields,"ne.

Other things to note
WASHER AND DRYER

Registration Details
OL 2023 125701",True
1044139197223894248,2024-024754 OL,OL 2024 024754,Austin year/serial,merged listing fields,"in full compliance with local regulations.

Registration Details
OL 2024 024754",True
1045741714680312363,2023-021770 OL,OL 2023 021770,Austin year/serial,merged listing fields,"ing distance to many popular Austin spots.

Registration Details
OL 2023 021770",True
1048829486964175963,2025-038648 OL,OL 2025 038648,Austin year/serial,merged listing fields,"k before their stay is scheduled to begin.

Registration Details
OL 2025 038648",False
1049936732998527581,2023-113359 OL,OL2023113359,Austin year/serial,merged listing fields,"hosting you in this cozy South Austin gem!

Registration Details
OL2023113359",False
1050036144984415466,2021-201889 OL,OL 2021 201889,Austin year/serial,merged listing fields,"y be available (please check fees for use)

Registration Details
OL 2021 201889",False
1050063868176012070,2021-201889 OL,OL 2021 201889,Austin year/serial,merged listing fields,"y be available (please check fees for use)

Registration Details
OL 2021 201889",False
1050086578916402400,2021-201889 OL,OL 2021 201889,Austin year/serial,merged listing fields,"y be available (please check fees for use)

Registration Details
OL 2021 201889",False
1050112381671427855,2021-201889 OL,OL 2021 201889,Austin year/serial,merged listing fields,"s, your deposit will land to your account.

Registration Details
OL 2021 201889",False
1050701125488034485,2023-138492 OL,OL 2023 138492,Austin year/serial,merged listing fields,"e backyard is not available for guest use.

Registration Details
OL 2023 138492",True
1051357251145263869,2024-003390 OL,OL2024003390,Austin year/serial,merged listing fields,"ement and natural beauty during your stay.

Registration Details
OL2024003390",False
1052165310077455529,2025-138995 OL,OL 2025 138995,Austin year/serial,merged listing fields," be considerate of others on the property.

Registration Details
OL 2025 138995",True
1052314963212247417,2025-133836 OL,OL 2025 133836,Austin year/serial,merged listing fields,"r game or concert just a short drive away.

Registration Details
OL 2025 133836",True
1053142428175389972,2023-125662 OL,OL 2023 125662,Austin year/serial,merged listing fields,"treet and record for 60 seconds at a time.

Registration Details
OL 2023 125662",True
10547715,2026-040368 OL,OL 2026 040368,Austin year/serial,merged listing fields,"re not provided. Bath towels are included.

Registration Details
OL 2026 040368",True
1055022220808682457,2023-000000 OL,OL 2023 000000,Austin year/serial,merged listing fields," per pet and typically allow up to 2 dogs.

Registration Details
OL 2023 000000",False
1055061675152571372,2023-000000 OL,OL 2023 000000,Austin year/serial,merged listing fields,"s more once your reservation is confirmed!

Registration Details
OL 2023 000000",False
1055074267714252107,2023-000000 OL,OL 2023 000000,Austin year/serial,merged listing fields," if the temperatures are below 40 degrees.

Registration Details
OL 2023 000000",False
1055608999354688116,2026-040439 OL,OL 2026 040439,Austin year/serial,merged listing fields,"
Bathroom 2: Full

Pack and play available

Registration Details
OL 2026 040439",True
1056722379457704044,2026-036460 OL,OL 2026 036460,Austin year/serial,merged listing fields,"they see fit at any time. Please be aware.

Registration Details
OL 2026 036460",True
1058138381046168182,2023-161461 OL,OL2023161461,Austin year/serial,merged listing fields,"emailed to you a few days before your stay

Registration Details
OL2023161461",True
1058747445698551020,2026-040723 OL,OL 2026 040723,Austin year/serial,merged listing fields,"his in mind when pulling all the way down.

Registration Details
OL 2026 040723",True
1058853770469139232,2025-045804 OL,OL 2025 045804,Austin year/serial,merged listing fields,"all activities end when the sun goes down.

Registration Details
OL 2025 045804",False
1059510719378936896,2025-084339 OL,OL2025084339,Austin year/serial,merged listing fields,"ce only 10 mins from UT or 15 to downtown.

Registration Details
OL2025084339",False
1061480881083999708,2026-068868 OL,OL 2026 068868,Austin year/serial,merged listing fields,"instructions for making your stay perfect.

Registration Details
OL 2026 068868",True
1062432083717763776,2026-037335 OL,OL 2026 037335,Austin year/serial,merged listing fields,"able stay. We have also installed a sauna!

Registration Details
OL 2026 037335",True
1064012501627748669,2026-033335 OL,OL 2026 033335,Austin year/serial,merged listing fields," our home away from home.
-Griselda & Erik

Registration Details
OL 2026 033335",False
10644981,2019-178508 OL,OL 2019 178508,Austin year/serial,merged listing fields," to avoid that, as we know you do as well!

Registration Details
OL 2019 178508",False
1064770184970781228,2021-201889 OL,OL 2021 201889,Austin year/serial,merged listing fields,"y be available (please check fees for use)

Registration Details
OL 2021 201889",False
1065248759141480227,2026-033853 OL,OL2026033853,Austin year/serial,merged listing fields,"oes not have a dishwasher or Laundry room.

Registration Details
OL2026033853",True
1066993509609712028,2025-022183 OL,OL 2025 022183,Austin year/serial,merged listing fields,"derstanding and helping us conserve water!

Registration Details
OL 2025 022183",False
1067548924834386403,2021-201889 OL,OL 2021 201889,Austin year/serial,merged listing fields,"y be available (please check fees for use)

Registration Details
OL 2021 201889",False
1067585452976250398,2025-444336 OL,OL2025444336,Austin year/serial,merged listing fields,"asing office is not a means of assistance.

Registration Details
OL2025444336",False
1068116608503555297,2025-016788 OL,OL2025016788,Austin year/serial,merged listing fields,"thorized for short-term rentals per the City of Austin
License # OL2025016788

Guest access
You will receive a personalized keycode for the front door a few days befor",True
1068334003143758669,2024-008270 OL,OL-2024-008270,Austin year/serial,merged listing fields,"e lots of pics and enjoy the Austin vibe!!

Registration Details
OL-2024-008270",True
1068957799961646944,2023-155236 OL,OL-2023-155236,Austin year/serial,merged listing fields,"unny living in our beloved city of Austin.

Registration Details
OL-2023-155236",True
1069822874874809413,2026-034472 OL,OL 2026 034472,Austin year/serial,merged listing fields,"main bench seat has a part that pulls out.

Registration Details
OL 2026 034472",True
1071033728756776692,2024-030570 OL,OL 2024 030570,Austin year/serial,merged listing fields,"eet, and extra blanket available if needed

Registration Details
OL 2024 030570",True
1071316331666793314,2026-039774 OL,OL 2026 039774,Austin year/serial,merged listing fields,"s. He does not have access to guest areas.

Registration Details
OL 2026 039774",True
1071860491193408585,2023-130847 OL,OL-2023-130847,Austin year/serial,merged listing fields,"the entire property except for the garage.

Registration Details
OL-2023-130847",True
1075425855101848085,2024-060416 OL,OL 2024 060416,Austin year/serial,merged listing fields,"st experience and enjoy your stay with us!

Registration Details
OL 2024 060416",False
10766260,2026-033299 OL,OL 2026 033299,Austin year/serial,merged listing fields,"h any additional questions you might have.

Registration Details
OL 2026 033299",True
10769659,2023-009724 OL,OL 2023 009724,Austin year/serial,merged listing fields,"coordinate key/code access once confirmed.

Registration Details
OL 2023 009724",True
1077069518877001671,2024-030712 OL,OL 2024 030712,Austin year/serial,merged listing fields,"des the finishing touch to this ATX space.

Registration Details
OL 2024 030712",True
1077651108061775177,2024-053763 OL,OL 2024 053763,Austin year/serial,merged listing fields,"d

STR Permit Registration: OL202/405/3763

Registration Details
OL 2024 053763",True
1079270600382638282,2024-006411 OL,OL 2024 006411,Austin year/serial,merged listing fields," plant care. They will not enter the home.

Registration Details
OL 2024 006411",False
1080468382899410272,2024-024908 OL,OL-2024-024908,Austin year/serial,merged listing fields," 6th Street, or explore iconic South Congress Avenue!

The space
OL-2024-024908 | Peaceful Wooded Property | 1,764 Sq Ft | Covered Patio

Bedroom Suite 1: Queen Bed, F",True
1081533274916031175,2023-017471 OL,OL 2023 017471,Austin year/serial,merged listing fields," tricks about the house before I head out.

Registration Details
OL 2023 017471",True
1081865837375123566,2021-201889 OL,OL 2021 201889,Austin year/serial,merged listing fields,"y be available (please check fees for use)

Registration Details
OL 2021 201889",False
1082060026820526773,2026-040289 OL,OL 2026 040289,Austin year/serial,merged listing fields,"a in general. We hope to welcome you soon!

Registration Details
OL 2026 040289",True
1082630296417514027,2022-074259 OL,OL2022074259,Austin year/serial,merged listing fields," may apply if excessive pet hair is found.

Registration Details
OL2022074259",False
1083402212684602755,2026-063469 OL,OL 2026 063469,Austin year/serial,merged listing fields,"termination of your stay without a refund.

Registration Details
OL 2026 063469",True
1084003745739020477,2025-065577 OL,OL 2025 065577,Austin year/serial,merged listing fields,"ivered to the mailbox cannot be retrieved.

Registration Details
OL 2025 065577",True
1084062965551216317,2026-112021 OL,OL 2026 112021,Austin year/serial,merged listing fields," the front house.  Feel free to say hello!

Registration Details
OL 2026 112021",True
1084329431534151111,2023-030469 OL,OL2023030469,Austin year/serial,merged listing fields,"ita is private, with its own kitchen & washer/dryer unit.

STR # OL2023030469

The space
This modern home was built in 2019 and has been designed and furnished to be a",False
1085124378583909138,2018-185768 OL,OL #2018 185768,Austin year/serial,merged listing fields,"30 (without parent or legal guardian)
- No pets
- City of Austin OL #2018 185768

Registration Details
OL-2018-185768",True
1085468139412731848,2024-012036 OL,2024-012036 OL,Austin year/serial,merged listing fields,"fee.
• Check in 4:00 PM; checkout 10:00 AM

Registration Details
2024-012036 OL",True
1085495511656277013,2023-158661 OL,2023-158661 OL,Austin year/serial,merged listing fields,"owed
• Check-in 4:00 PM; checkout 10:00 AM

Registration Details
2023-158661 OL",True
1086291850907039283,2025-066560 OL,OL 2025 066560,Austin year/serial,merged listing fields,"t touches.

Guest access
The entire house!

Registration Details
OL 2025 066560",False
1087968444190998564,2023-122222 OL,OL2023122222,Austin year/serial,merged listing fields,"emailed to you a few days before your stay

Registration Details
OL2023122222",True
1087983913914513400,2025-120804 OL,OL 2025 120804,Austin year/serial,merged listing fields,".

Perfect for family and friend getaways!

Registration Details
OL 2025 120804",True
1088407116220761314,2025-126335 OL,OL 2025 126335,Austin year/serial,merged listing fields,"elebrations or for a quiet family getaway!

Registration Details
OL 2025 126335",True
1089292467052111795,2023-117201 OL,OL 2023 117201,Austin year/serial,merged listing fields,"in advance so they’re ready for your stay!

Registration Details
OL 2023 117201",True
1090025945233203833,2026-094721 OL,OL 2026 094721,Austin year/serial,merged listing fields,"eciate your cooperation and understanding!

Registration Details
OL 2026 094721",True
10922191,2016-020784 OL,OL 2016 020784,Austin year/serial,merged listing fields,"cleaning fee. Thank you for understanding!

Registration Details
OL 2016 020784",True
1094954263446077929,2025-120971 OL,OL 2025 120971,Austin year/serial,merged listing fields,"s cap, overages may be charged separately.

Registration Details
OL 2025 120971",True
1095623016277090382,2023-101857 OL,OL 2023 101857,Austin year/serial,merged listing fields," free to message us - we’re happy to help.

Registration Details
OL 2023 101857",False
1095742162255976387,2019-173133 OL,OL2019173133,Austin year/serial,merged listing fields,"emailed to you a few days before your stay

Registration Details
OL2019173133",False
1095760784310835269,2021-151731 OL,OL2021151731,Austin year/serial,merged listing fields,"emailed to you a few days before your stay

Registration Details
OL2021151731",True
1095789862908429401,2023-147046 OL,OL 2023 147046,Austin year/serial,merged listing fields,"n accordance with local noise regulations.

Registration Details
OL 2023 147046",True
1096340415135188683,2024-007667 OL,OL 2024 007667,Austin year/serial,merged listing fields,"r means you'll never run out of hot water.

Registration Details
OL 2024 007667",True
1096550845952356938,2023-138610 OL,OL 2023 138610,Austin year/serial,merged listing fields,"autiful Lady Bird Lake and outdoor trails!

Registration Details
OL 2023 138610",True
1097201394434670744,2024-003099 OL,OL 2024 003099,Austin year/serial,merged listing fields,"e HVAC systems for each part of the house.

Registration Details
OL 2024 003099",True
1098741935585121564,2024-025268 OL,OL 2024 025268,Austin year/serial,merged listing fields,"emailed to you a few days before your stay

Registration Details
OL 2024 025268",True
1100701314937865174,2025-162759 OL,OL 2025 162759,Austin year/serial,merged listing fields,"o the entire condo and the community pool.

Registration Details
OL 2025 162759",True
11008164,2022-165191 OL,OL 2022 165191,Austin year/serial,merged listing fields,"full access to front porch and side patio.

Registration Details
OL 2022 165191",True
1101351434905760611,2025-016881 OL,OL 2025 016881,Austin year/serial,merged listing fields,"o, book today and Don't Worry, Just Vacay!

Registration Details
OL 2025 016881",True
1101382264119048282,2023-129788 OL,OL 2023 129788,Austin year/serial,merged listing fields,"xperience at this centrally-located place.

Registration Details
OL 2023 129788",True
1101561247311059405,2026-092230 OL,OL2026092230,Austin year/serial,merged listing fields," with everything you'd need to cook or entertain.

COA License # OL2026092230

The space
Upstairs: king-sized bedroom with ""wet"" room (tub and shower room) and nice cl",True
1102481414786273679,2024-082224 OL,OL 2024 082224,Austin year/serial,merged listing fields,"ermitted outside, throughout the property.

Registration Details
OL 2024 082224",False
1104473741034332369,2023-117878 OL,OL 2023 117878,Austin year/serial,merged listing fields,"fied when it will occur during their stay.

Registration Details
OL 2023 117878",False
1104736600963411074,2023-138905 OL,OL 2023 138905,Austin year/serial,merged listing fields,"th your dates and boat details to inquire.

Registration Details
OL 2023 138905",True
1105379200548713965,2025-065549 OL,OL2025065549,Austin year/serial,merged listing fields,"with lounge seating to enjoy the outdoors.

Registration Details
OL2025065549",False
1105809015186878073,2026-060052 OL,OL 2026 060052,Austin year/serial,merged listing fields,"ool, or take a stroll through Zilker Park.

Registration Details
OL 2026 060052",True
1105827860791695486,2025-121069 OL,OL 2025 121069,Austin year/serial,merged listing fields," access
Plenty of street parking available

Registration Details
OL 2025 121069",False
1105855851269309204,2024-022448 OL,2024-022448 OL,Austin year/serial,merged listing fields," use
• Check‐in 4:00 PM; checkout 10:00 AM

Registration Details
2024-022448 OL",True
1105942867634181341,2023-039257 OL,OL 2023 039257,Austin year/serial,merged listing fields,"rls or in organic fresh eggs, let us know!

Registration Details
OL 2023 039257",False
1105963759195634119,2026-074218 OL,OL 2026 074218,Austin year/serial,merged listing fields,"njoy your stay. We can’t wait to host you!

Registration Details
OL 2026 074218",False
1106590124492797889,2024-018674 OL,OL 2024 018674,Austin year/serial,merged listing fields," the loss or theft of personal belongings.

Registration Details
OL 2024 018674",True
1106606155049038855,2024-070159 OL,OL 2024 070159,Austin year/serial,merged listing fields,"et fee per dog and cats are not permitted.

Registration Details
OL 2024 070159",False
1106647817791192733,2024-006990 OL,OL 2024 006990,Austin year/serial,merged listing fields,"e of $851 will be collected after booking.

Registration Details
OL 2024 006990",True
1106647838650382338,2024-031998 OL,OL 2024 031998,Austin year/serial,merged listing fields,"e of $851 will be collected after booking.

Registration Details
OL 2024 031998",True
1106649766308493196,2024-006990 OL,OL 2024 006990,Austin year/serial,merged listing fields,"e of $821 will be collected after booking.

Registration Details
OL 2024 006990",True
11069420,2016-027920 OL,OL2016027920,Austin year/serial,merged listing fields," wool dryer balls instead of dryer sheets.

Registration Details
OL2016027920",True
1107395244505445541,2026-003689 OL,OL 2026 003689,Austin year/serial,merged listing fields," accepting reservation requests. Thank you

Registration Details
OL 2026 003689",True
1107588857439099691,2024-063921 OL,OL 2024 063921,Austin year/serial,merged listing fields,"derstanding and helping us conserve water!

Registration Details
OL 2024 063921",False
1107923933440118562,2025-052289 OL,OL-2025-052289,Austin year/serial,merged listing fields," first aid kit are available upon request.

Registration Details
OL-2025-052289",False
1108246171492344586,2026-034211 OL,OL2026034211,Austin year/serial,merged listing fields,"upplies stocked ready to utilize the unit.

Registration Details
OL2026034211",True
1108862422494599272,2024-021330 OL,OL 2024 021330,Austin year/serial,merged listing fields,"uring your stay to make it more enjoyable.

Registration Details
OL 2024 021330",True
1109485841723690181,2024-101494 OL,OL 2024 101494,Austin year/serial,merged listing fields,"k pool on premises. Swim at your own risk!

Registration Details
OL 2024 101494",True
11099786,2021-201540 OL,OL2021201540,Austin year/serial,merged listing fields,"a convenience store next door.

This is a legal AirBnB (license #OL2021201540).

The space
- Architecturally designed award-winning building by Abode Modern Homes
- Hi",True
1110200211956053634,2026-093735 OL,OL2026093735,Austin year/serial,merged listing fields,"joying a meal in a cozy, well-lit setting.

Registration Details
OL2026093735",True
11103461,2026-015895 OL,OL-2026-015895,Austin year/serial,merged listing fields,"guided, with instructions sent in advance.

Registration Details
OL-2026-015895",True
1111019620690634316,2018-013799 OL,OL 2018 013799,Austin year/serial,merged listing fields,"four blocks away. So many things to do....

Registration Details
OL 2018 013799",True
1111158091075903436,2025-111199 OL,ol2025111199,Austin year/serial,merged listing fields,"s delivered to you in less than 2 hours!!!

Registration Details
ol2025111199",True
1112396943940730642,2016-127139 OL,OL2016127139,Austin year/serial,merged listing fields,"in may be available for added convenience.

Registration Details
OL2016127139",True
1112444393012998503,2024-002055 OL,OL-2024-002055,Austin year/serial,merged listing fields," a loft space and is open to the living room area.

COA STR Lic# OL-2024-002055

Guest access
Free street parking. The casita is on our property behind the main house. Y",True
1112509833579972071,2026-035560 OL,OL 2026 035560,Austin year/serial,merged listing fields,"id prior to each monthly cleaning service.

Registration Details
OL 2026 035560",True
1113083582406855426,2021-201889 OL,OL 2021 201889,Austin year/serial,merged listing fields,"y be available (please check fees for use)

Registration Details
OL 2021 201889",False
1114517187465626568,2024-138837 OL,OL 2024 138837,Austin year/serial,merged listing fields,"ut of the house and please keep it closed.

Registration Details
OL 2024 138837",True
1115238361189984911,2024-012345 OL,OL 2024 012345,Austin year/serial,merged listing fields,"tions and terms of our insurance coverage.

Registration Details
OL 2024 012345",True
1116614818985374261,2024-015029 OL,OL 2024 015029,Austin year/serial,merged listing fields,"n accordance with local noise regulations.

Registration Details
OL 2024 015029",True
1117076062473183592,2021-201889 OL,OL 2021 201889,Austin year/serial,merged listing fields,"s, your deposit will land to your account.

Registration Details
OL 2021 201889",False
1118156242105938578,2023-163458 OL,2023-163458 OL,Austin year/serial,merged listing fields,"is at 4:00 PM and checkout is at 10:00 AM.

Registration Details
2023-163458 OL",True
1118184785657850874,2026-037416 OL,OL 2026 037416,Austin year/serial,merged listing fields,"or extra security and contact-free access.

Registration Details
OL 2026 037416",True
1119883345995100218,2026-066910 OL,OL2026066910,Austin year/serial,merged listing fields,"hings to note
on site assistance available

Registration Details
OL2026066910",True
1120321716565227942,2025-115693 OL,OL 2025 115693,Austin year/serial,merged listing fields,"etter!

Guest access
The home is all yours

Registration Details
OL 2025 115693",True
1120438228666395672,2024-006872 OL,OL-2024-006872,Austin year/serial,merged listing fields," is necessary and it’s hard to reschedule.

Registration Details
OL-2024-006872",True
11207672,2021-134981 OL,OL 2021 134981,Austin year/serial,merged listing fields,"ons message a week prior to their arrival.

Registration Details
OL 2021 134981",True
1121045731845789843,2024-010944 OL,OL 2024 010944,Austin year/serial,merged listing fields,"operty and its surroundings have to offer.

Registration Details
OL 2024 010944",True
1121921827189628331,2021-006134 OL,OL2021 006134,Austin year/serial,merged listing fields,"ks for understanding.

City of Austin Short Term Rental Permit # OL2021 006134

Registration Details
OL2021006134",True
1123178146892681662,2023-022445 OL,OL-2023-022445,Austin year/serial,merged listing fields," to enhance your stay, please let us know!

Registration Details
OL-2023-022445",True
1123391839075795202,2026-126076 OL,OL 2026 126076,Austin year/serial,merged listing fields,"s provided the evening before your arrival

Registration Details
OL 2026 126076",False
1126044925833693475,2023-147958 OL,OL 2023 147958,Austin year/serial,merged listing fields,"try ways are too narrow for a wheel chair.

Registration Details
OL 2023 147958",True
1126077848220690341,2026-046068 OL,OL 2026 046068,Austin year/serial,merged listing fields,"n air mattress at your disposal if needed.

Registration Details
OL 2026 046068",True
1126828097517923406,2024-071319 OL,2024-071319 OL,Austin year/serial,merged listing fields,"used to enforce noise and occupancy rules.

Registration Details
2024-071319 OL",False
1126873824455316456,2019-236151 OL,2019-236151 OL,Austin year/serial,merged listing fields,"o property from 7am to 5pm, Monday-Friday.

Registration Details
2019-236151 OL",True
1129996137998672019,2023-029514 OL,OL 2023 029514,Austin year/serial,merged listing fields,"guests and the security of their vehicles.

Registration Details
OL 2023 029514",True
1130779794745894142,2022-130298 OL,OL 2022 130298,Austin year/serial,merged listing fields,"y Airbnb if you have not paid the pet fee.

Registration Details
OL 2022 130298",True
1134055413623358382,2025-131007 OL,OL 2025 131007,Austin year/serial,merged listing fields,"is only a 5 min drive or 30 min walk away.

Registration Details
OL 2025 131007",True
1136135940307572851,2024-063921 OL,OL 2024 063921,Austin year/serial,merged listing fields,"gn a short rental agreement after booking.

Registration Details
OL 2024 063921",False
1136220128028013695,2026-043584 OL,OL 2026 043584,Austin year/serial,merged listing fields,"l.

Thank you very much for understanding.

Registration Details
OL 2026 043584",True
113779,2014-001262 OL,2014-001262 OL,Austin year/serial,merged listing fields,"accommodate children 5 years old or older.

Registration Details
2014-001262 OL",True
1138409866975537098,2024-066739 OL,OL 2024 066739,Austin year/serial,merged listing fields,"ble noise level for you and our neighbors.

Registration Details
OL 2024 066739",False
1140592269185162265,2026-035282 OL,OL 2026 035282,Austin year/serial,merged listing fields,"id prior to each monthly cleaning service.

Registration Details
OL 2026 035282",True
1141295056728563683,2024-054312 OL,OL-2024-054312,Austin year/serial,merged listing fields,"ncurred if personal items are left behind.

Registration Details
OL-2024-054312",False
1141336823612190111,2024-054312 OL,OL 2024 054312,Austin year/serial,merged listing fields,"de complimentary laundry pods in the unit.

Registration Details
OL 2024 054312",False
1141473236146520399,2025-066410 OL,OL 2025 066410,Austin year/serial,merged listing fields,"or $300 per month applies. (max of 2 pets)

Registration Details
OL 2025 066410",False
1142075663056279317,2025-066410 OL,OL 2025 066410,Austin year/serial,merged listing fields," cook, trash bags, cleaning supplies, etc.

Registration Details
OL 2025 066410",False
1142077739884857788,2025-066388 OL,OL 2025 066388,Austin year/serial,merged listing fields,"te
✓ Private, fenced-in pool and backyard!

Registration Details
OL 2025 066388",False
1142254504537756707,2024-058396 OL,OL 2024 058396,Austin year/serial,merged listing fields,"ption of a single locked cleaner’s closet.

Registration Details
OL 2024 058396",False
11424382,2016-010804 OL,OL 2016 010804,Austin year/serial,merged listing fields,"eping up with extra keys during your stay.

Registration Details
OL 2016 010804",False
1142745907781960649,2025-123456 OL,OL 2025 123456,Austin year/serial,merged listing fields,", trails, live music, and local treasures.

Registration Details
OL 2025 123456",False
1142878669167785511,2024-067346 OL,OL 2024 067346,Austin year/serial,merged listing fields,"et fee per dog and cats are not permitted.

Registration Details
OL 2024 067346",False
1143534587651304002,2019-172419 OL,OL #2019 172419,Austin year/serial,merged listing fields,"house rules in the Host Guest Rental Agreement.
- City of Austin OL #2019 172419

BOOKING INFO: 
• All bookings must be pre-approved. “Reserve” is a request, not a confir",False
11439003,2017-158242 OL,OL 2017 158242,Austin year/serial,merged listing fields,"or deliveries. Parking is free and secure.

Registration Details
OL 2017 158242",True
11442375,2015-051246 OL,OL-2015-051246,Austin year/serial,merged listing fields,"u need anything anytime, just let us know.

Registration Details
OL-2015-051246",True
1144344824077535884,2024-054266 OL,OL-2024-054266,Austin year/serial,merged listing fields,"ry shop for YOU!

Pet Fee- $75 (2 Pet MAX)

Registration Details
OL-2024-054266",True
1144372761019555222,2024-054312 OL,OL-2024-054312,Austin year/serial,merged listing fields,"use the bug spray provided under the sink.

Registration Details
OL-2024-054312",False
1144373349932437027,2024-054312 OL,OL-2024-054312,Austin year/serial,merged listing fields,"use the bug spray provided under the sink.

Registration Details
OL-2024-054312",False
1144920172185529270,2026-043570 OL,OL 2026 043570,Austin year/serial,merged listing fields,"l.

Thank you very much for understanding.

Registration Details
OL 2026 043570",True
1145972624684546221,2023-045947 OL,OL2023045947,Austin year/serial,merged listing fields,"st be communicated directly with the host.

Registration Details
OL2023045947",True
1146506922732568676,2026-060496 OL,OL 2026 060496,Austin year/serial,merged listing fields,"rs.

Air mattresses provided upon request.

Registration Details
OL 2026 060496",True
1148077467256799047,2024-054312 OL,OL-2024-054312,Austin year/serial,merged listing fields,"use the bug spray provided under the sink.

Registration Details
OL-2024-054312",False
1148109877755153268,2024-054312 OL,OL-2024-054312,Austin year/serial,merged listing fields,"use the bug spray provided under the sink.

Registration Details
OL-2024-054312",False
1148536,2026-061656 OL,OL 2026 061656,Austin year/serial,merged listing fields,"el so there might be slight imperfections.

Registration Details
OL 2026 061656",True
1149724396248064515,2025-095297 OL,OL 2025 095297,Austin year/serial,merged listing fields,"ntire property via electronic keypad locks

Registration Details
OL 2025 095297",False
1149971640786997550,2026-061725 OL,OL 2026 061725,Austin year/serial,merged listing fields,"200/month. For gas, the cap is $200/month.

Registration Details
OL 2026 061725",True
1150523862420746888,2026-036040 OL,OL 2026 036040,Austin year/serial,merged listing fields," at your convenience throughout your stay.

Registration Details
OL 2026 036040",True
1150714644992986523,2024-054312 OL,OL-2024-054312,Austin year/serial,merged listing fields,"use the bug spray provided under the sink.

Registration Details
OL-2024-054312",False
1150715351977097851,2024-054312 OL,OL-2024-054312,Austin year/serial,merged listing fields,"use the bug spray provided under the sink.

Registration Details
OL-2024-054312",False
1150765440017207565,2024-054312 OL,OL-2024-054312,Austin year/serial,merged listing fields,"use the bug spray provided under the sink.

Registration Details
OL-2024-054312",False
1151379535175193483,2024-098934 OL,OL2024098934,Austin year/serial,merged listing fields," need close supervision around the plants.

Registration Details
OL2024098934",False
1151758539446619581,2026-119833 OL,OL 2026 119833,Austin year/serial,merged listing fields,"t be available to do the exchange for you.

Registration Details
OL 2026 119833",True
1151996690746399007,2024-048112 OL,OL-2024-048112,Austin year/serial,merged listing fields,"good fit for infants under the age of two.

Registration Details
OL-2024-048112",True
1152157033264544156,2026-033108 OL,OL 2026 033108,Austin year/serial,merged listing fields,"iFi. Free parking and smart lock check-in.

Registration Details
OL 2026 033108",True
1152160986079546491,2026-106452 OL,OL 2026 106452,Austin year/serial,merged listing fields,"Free parking and smart lock self check-in.

Registration Details
OL 2026 106452",False
1152331142892837284,2024-138837 OL,OL 2024 138837,Austin year/serial,merged listing fields,"ut of the house and please keep it closed.

Registration Details
OL 2024 138837",True
1152867298191351227,2026-061102 OL,OL 2026 061102,Austin year/serial,merged listing fields,"ect to a fine and additional cleaning fee.

Registration Details
OL 2026 061102",False
1155778073697659775,2024-069977 OL,OL 2024 069977,Austin year/serial,merged listing fields,"cleaned and disinfected between each guest

Registration Details
OL 2024 069977",False
1157941744625769116,2025-062257 OL,OL 2025 062257,Austin year/serial,merged listing fields,"er Treehouse is a non-smoking environment.

Registration Details
OL 2025 062257",False
1158153004831187104,2025-071172 OL,OL 2025 071172,Austin year/serial,merged listing fields,"paces are completely private and separate.

Registration Details
OL 2025 071172",True
11605217,2020-170709 OL,OL 2020 170709,Austin year/serial,merged listing fields,"we have ample closet space for your items.

Registration Details
OL 2020 170709",True
1161140713981745796,2024-057886 OL,OL2024057886,Austin year/serial,merged listing fields,"s more once your reservation is confirmed!

Registration Details
OL2024057886",False
1161147137915001924,2024-067481 OL,OL 2024 067481,Austin year/serial,merged listing fields,"Quiet Hours and Park only in the driveway.

Registration Details
OL 2024 067481",False
1161504203223688871,2024-109841 OL,OL 2024 109841,Austin year/serial,merged listing fields,"s about our concierge partner, Bach Babes!

Registration Details
OL 2024 109841",True
1161570208909836769,2024-071283 OL,OL 2024 071283,Austin year/serial,merged listing fields,"ed at booking.  No other pets are allowed.

Registration Details
OL 2024 071283",True
1161629115689383350,2026-045755 OL,OL 2026 045755,Austin year/serial,merged listing fields,"apartment whenever there are performances.

Registration Details
OL 2026 045755",True
1161629329480302437,2026-044872 OL,OL 2026 044872,Austin year/serial,merged listing fields,"apartment whenever there are performances.

Registration Details
OL 2026 044872",True
1161629392215101733,2026-044871 OL,OL 2026 044871,Austin year/serial,merged listing fields,"apartment whenever there are performances.

Registration Details
OL 2026 044871",True
1161637386515674899,2024-095607 OL,OL 2024 095607,Austin year/serial,merged listing fields,"s about our concierge partner, Bach Babes!

Registration Details
OL 2024 095607",False
1161753396804353266,2023-036210 OL,OL-2023-036210,Austin year/serial,merged listing fields,"a movie night. Your Lone Star State adventure awaits!

The space
OL-2023-036210 | Walkable Location | 2,503 Sq Ft | Private Backyard

Bedroom 1: King Bed | Bedroom 2: ",True
1162444206161201245,2024-109841 OL,OL 2024 109841,Austin year/serial,merged listing fields,"s about our concierge partner, Bach Babes!

Registration Details
OL 2024 109841",True
1162814243579079542,2021-201889 OL,OL 2021 201889,Austin year/serial,merged listing fields,"y be available (please check fees for use)

Registration Details
OL 2021 201889",False
1163135975674802609,2024-054312 OL,OL-2024-054312,Austin year/serial,merged listing fields,"use the bug spray provided under the sink.

Registration Details
OL-2024-054312",False
1166543697040921446,2024-060397 OL,OL2024060397,Austin year/serial,merged listing fields,"emailed to you a few days before your stay

Registration Details
OL2024060397",True
1166839056536053014,2025-016907 OL,OL 2025 016907,Austin year/serial,merged listing fields,"derstanding and helping us conserve water!

Registration Details
OL 2025 016907",False
1166896427341629184,2025-016907 OL,OL 2025 016907,Austin year/serial,merged listing fields,"derstanding and helping us conserve water!

Registration Details
OL 2025 016907",False
1167317553037195833,2021-201889 OL,OL 2021 201889,Austin year/serial,merged listing fields,"use the bug spray provided under the sink.

Registration Details
OL 2021 201889",False
1167411831089390653,2024-038889 OL,OL2024038889,Austin year/serial,merged listing fields,"tography shoots, content days, or parties.

Registration Details
OL2024038889",False
1168308939028637239,2025-016907 OL,OL 2025 016907,Austin year/serial,merged listing fields,"derstanding and helping us conserve water!

Registration Details
OL 2025 016907",False
1168748428456766427,2021-201889 OL,OL2021201889,Austin year/serial,merged listing fields,"glowing reviews from our satisfied guests.

Registration Details
OL2021201889",False
1168848772502985841,2021-201889 OL,OL 2021 201889,Austin year/serial,merged listing fields,"s, your deposit will land to your account.

Registration Details
OL 2021 201889",False
1169805593897671986,2025-004703 OL,OL-2025-004703,Austin year/serial,merged listing fields,"hank you very much for your understanding.

Registration Details
OL-2025-004703",True
1169905749088376191,2026-090166 OL,OL 2026 090166,Austin year/serial,merged listing fields,"r via email/what’s app to Non-US Phone No.

Registration Details
OL 2026 090166",False
1172491496357025803,2024-063870 OL,OL 2024 063870,Austin year/serial,merged listing fields,"e of $551 will be collected after booking.

Registration Details
OL 2024 063870",True
1172692541458712232,2012-122563 OL,OL 2012 122563,Austin year/serial,merged listing fields," 

We provide free parking for only 1 car.

Registration Details
OL 2012 122563",False
1174139768266463797,2021-190787 OL,OL2021190787,Austin year/serial,merged listing fields,"emailed to you a few days before your stay

Registration Details
OL2021190787",True
1174699861249181732,2026-073880 OL,OL 2026 073880,Austin year/serial,merged listing fields,"roperty that is unavailable for guest use.

Registration Details
OL 2026 073880",True
1176503043187223769,2026-020782 OL,OL 2026 020782,Austin year/serial,merged listing fields,"ur home base for your next Austin getaway!

Registration Details
OL 2026 020782",True
1177232510483072476,2026-061706 OL,OL 2026 061706,Austin year/serial,merged listing fields,"lawn maintenance can be performed quickly.

Registration Details
OL 2026 061706",True
1177756585389777222,2025-066410 OL,OL 2025 066410,Austin year/serial,merged listing fields,"d to welcoming you to our home!

💛 Laurent

Registration Details
OL 2025 066410",False
1177765020209191413,2025-066410 OL,OL 2025 066410,Austin year/serial,merged listing fields,"gs to note
✓ Family-friendly neighborhood!

Registration Details
OL 2025 066410",False
1177767623205722537,2025-066410 OL,OL 2025 066410,Austin year/serial,merged listing fields," their reserved off-street parking spaces.

Registration Details
OL 2025 066410",False
1179621864225482094,2025-106747 OL,OL 2025 106747,Austin year/serial,merged listing fields,"est
- No pets allowed
- No smoking allowed

Registration Details
OL 2025 106747",True
1180083244059472969,2024-076560 OL,OL 2024 076560,Austin year/serial,merged listing fields," miles from the St. David’s Medical Center

Registration Details
OL 2024 076560",True
1181106130461803492,2026-002605 OL,OL 2026 002605,Austin year/serial,merged listing fields," boats to the dock for an extended period.

Registration Details
OL 2026 002605",True
1182017364992716282,2024-054312 OL,OL-2024-054312,Austin year/serial,merged listing fields,"use the bug spray provided under the sink.

Registration Details
OL-2024-054312",False
1182526867606289589,2024-166193 OL,OL 2024 166193,Austin year/serial,merged listing fields," available, 220V.
Starlink highspeed wifi.

Registration Details
OL 2024 166193",True
1183254509069269940,2024-090452 OL,OL-2024-090452,Austin year/serial,merged listing fields,"o you are welcome to join our bible study.

Registration Details
OL-2024-090452",False
1183312692778769138,2024-082974 OL,OL2024082974,Austin year/serial,merged listing fields,"emailed to you a few days before your stay

Registration Details
OL2024082974",False
1183519350416360790,2026-036657 OL,OL 2026 036657,Austin year/serial,merged listing fields,"edroom or sofa bed may be more comfortable

Registration Details
OL 2026 036657",True
1184876585256427035,2025-121047 OL,OL 2025 121047,Austin year/serial,merged listing fields," you can relax from the moment you arrive.

Registration Details
OL 2025 121047",True
1186522586450317492,2026-042529 OL,OL 2026 042529,Austin year/serial,merged listing fields,"king forward to hosting you!

$150 per pet

Registration Details
OL 2026 042529",True
1187092756765875025,2026-008337 OL,OL 2026 008337,Austin year/serial,merged listing fields,"backyard is fully fenced for your privacy.

Registration Details
OL 2026 008337",True
1187462046402994542,2021-201889 OL,OL 2021 201889,Austin year/serial,merged listing fields,"y be available (please check fees for use)

Registration Details
OL 2021 201889",False
1187731812835614611,2025-026743 OL,OL2025026743,Austin year/serial,merged listing fields,"emailed to you a few days before your stay

Registration Details
OL2025026743",True
1188005578739209795,2026-050379 OL,OL 2026 050379,Austin year/serial,merged listing fields,"ne overnight parking permit per apartment.

Registration Details
OL 2026 050379",True
1188448629613160744,2026-116023 OL,OL 2026 116023,Austin year/serial,merged listing fields," street parking, entire house, back patio.

Registration Details
OL 2026 116023",True
1188487730480766626,2024-082611 OL,OL 2024 082611,Austin year/serial,merged listing fields," noise and need some white noise to sleep!

Registration Details
OL 2024 082611",True
1188595481222549560,2024-079823 OL,OL 2024 079823,Austin year/serial,merged listing fields,"tc.) are subject to a minimum fee of $550.

Registration Details
OL 2024 079823",False
1189261270457667161,2026-039926 OL,OL 2026 039926,Austin year/serial,merged listing fields,"code provided to the smart lock (no keys!)

Registration Details
OL 2026 039926",True
1191546733204001871,2026-078441 OL,OL 2026 078441,Austin year/serial,merged listing fields,"g restaurant and bar scene in East Austin.

Registration Details
OL 2026 078441",True
1192177162770412916,2026-024172 OL,OL 2026 024172,Austin year/serial,merged listing fields,"detector, fire extinguisher, first aid kit

Registration Details
OL 2026 024172",True
1192194853290359211,2024-078969 OL,OL 2024 078969,Austin year/serial,merged listing fields,"mfort and satisfaction are our priorities!

Registration Details
OL 2024 078969",True
1192208888183751426,2024-078887 OL,OL 2024 078887,Austin year/serial,merged listing fields,"mfort and satisfaction are our priorities!

Registration Details
OL 2024 078887",True
1192211786624135126,2024-079968 OL,OL 2024 079968,Austin year/serial,merged listing fields,"mfort and satisfaction are our priorities!

Registration Details
OL 2024 079968",True
1192216265194024460,2024-079277 OL,OL 2024 079277,Austin year/serial,merged listing fields,"mfort and satisfaction are our priorities!

Registration Details
OL 2024 079277",False
1192218384070560217,2024-079231 OL,OL 2024 079231,Austin year/serial,merged listing fields,"mfort and satisfaction are our priorities!

Registration Details
OL 2024 079231",True
1192221046900490390,2024-080018 OL,OL 2024 080018,Austin year/serial,merged listing fields,"mfort and satisfaction are our priorities!

Registration Details
OL 2024 080018",True
1192224040767932232,2024-080076 OL,OL 2024 080076,Austin year/serial,merged listing fields,"mfort and satisfaction are our priorities!

Registration Details
OL 2024 080076",True
1192229327882498555,2024-078942 OL,OL 2024 078942,Austin year/serial,merged listing fields,"mfort and satisfaction are our priorities!

Registration Details
OL 2024 078942",True
1192230818526436653,2024-078819 OL,OL 2024 078819,Austin year/serial,merged listing fields,"mfort and satisfaction are our priorities!

Registration Details
OL 2024 078819",True
1192232711496703355,2024-080063 OL,OL 2024 080063,Austin year/serial,merged listing fields,"mfort and satisfaction are our priorities!

Registration Details
OL 2024 080063",False
1192233859176697622,2024-079865 OL,OL 2024 079865,Austin year/serial,merged listing fields,"mfort and satisfaction are our priorities!

Registration Details
OL 2024 079865",False
1192236758712630545,2024-078916 OL,OL 2024 078916,Austin year/serial,merged listing fields,"mfort and satisfaction are our priorities!

Registration Details
OL 2024 078916",False
1192238692489749771,2024-078870 OL,OL 2024 078870,Austin year/serial,merged listing fields,"mfort and satisfaction are our priorities!

Registration Details
OL 2024 078870",False
1192241759685152535,2024-079241 OL,OL 2024 079241,Austin year/serial,merged listing fields,"mfort and satisfaction are our priorities!

Registration Details
OL 2024 079241",True
1192246801004163109,2025-071172 OL,OL 2025 071172,Austin year/serial,merged listing fields,"pad for easy access so no keys are needed!

Registration Details
OL 2025 071172",True
1192860261482569737,2024-056964 OL,OL 2024 056964,Austin year/serial,merged listing fields,"luding the grill and fire pit at own risk.

Registration Details
OL 2024 056964",False
1193004185175166880,2024-039140 OL,OL 2024 039140,Austin year/serial,merged listing fields,"ach out via the platform messaging system.

Registration Details
OL 2024 039140",False
1195009225102390869,2023-113281 OL,OL 2023 113281,Austin year/serial,merged listing fields,"from restaurants, music and the bar scene.

Registration Details
OL 2023 113281",True
1197161137418272722,2024-132796 OL,OL 2024 132796,Austin year/serial,merged listing fields," cost and requires a prior 48-hour notice.

Registration Details
OL 2024 132796",True
1197298997547498118,2026-091632 OL,OL 2026 091632,Austin year/serial,merged listing fields,"with BBQ, magical string lights, and pool.

Registration Details
OL 2026 091632",True
1197727822085156216,2024-090854 OL,OL 2024 090854,Austin year/serial,merged listing fields,"security deposit if these rules are broken

Registration Details
OL 2024 090854",False
1198454490855496562,2025-062302 OL,OL 2025 062302,Austin year/serial,merged listing fields,"utside of the Airbnb stated refund policy.

Registration Details
OL 2025 062302",True
1198516108340265699,2025-019866 OL,OL 2025 019866,Austin year/serial,merged listing fields,"the property description prior to booking.

Registration Details
OL 2025 019866",False
1198768133864182591,2024-125971 OL,OL 2024 125971,Austin year/serial,merged listing fields,"se, backyard, and pool are yours to enjoy!

Registration Details
OL 2024 125971",True
1199913862273263016,2025-139255 OL,OL 2025 139255,Austin year/serial,merged listing fields,"simple terms it is like having a neighbor.

Registration Details
OL 2025 139255",True
1200204270967409438,2026-043437 OL,OL 2026 043437,Austin year/serial,merged listing fields,"l.

Thank you very much for understanding.

Registration Details
OL 2026 043437",True
1200204300991323037,2026-043486 OL,OL 2026 043486,Austin year/serial,merged listing fields,"l.

Thank you very much for understanding.

Registration Details
OL 2026 043486",True
1200899955667428852,2024-054312 OL,OL 2024 054312,Austin year/serial,merged listing fields,"will be incurred for any theft or damages.

Registration Details
OL 2024 054312",False
1202425165772953055,2026-099466 OL,OL 2026 099466,Austin year/serial,merged listing fields,"d machines in every room for extra comfort

Registration Details
OL 2026 099466",True
1202875762128983028,2026-034855 OL,OL2026034855,Austin year/serial,merged listing fields,"uests will have access to the entire house

Registration Details
OL2026034855",True
12034873,2026-089116 OL,OL 2026 089116,Austin year/serial,merged listing fields," accidents or dogs who are escape artists!

Registration Details
OL 2026 089116",True
1203728585188030388,2021-201889 OL,OL 2021 201889,Austin year/serial,merged listing fields,"use the bug spray provided under the sink.

Registration Details
OL 2021 201889",False
1204508834032309998,2022-058329 OL,OL-2022-058329,Austin year/serial,merged listing fields,"will be monitored by our property manager.

Registration Details
OL-2022-058329",False
1205004130123723189,2026-044818 OL,OL 2026 044818,Austin year/serial,merged listing fields,"apartment whenever there are performances.

Registration Details
OL 2026 044818",True
1205023401871918101,2026-045773 OL,OL 2026 045773,Austin year/serial,merged listing fields,"apartment whenever there are performances.

Registration Details
OL 2026 045773",True
1205862014442795535,2025-059942 OL,OL 2025 059942,Austin year/serial,merged listing fields,"st experience and enjoy your stay with us!

Registration Details
OL 2025 059942",False
1206129059680314643,2026-042299 OL,OL 2026 042299,Austin year/serial,merged listing fields,"you to upload a copy of your ID on AirBnB.

Registration Details
OL 2026 042299",True
1206516925969649560,2024-079897 OL,2024-079897 OL,Austin year/serial,merged listing fields,"ound
• Check‐in 4:00 PM; checkout 10:00 AM

Registration Details
2024-079897 OL",False
1206552773007276026,2026-037036 OL,OL 2026 037036,Austin year/serial,merged listing fields,"f you have a special request. 

Thank you!

Registration Details
OL 2026 037036",True
1206599633482694635,2019-173128 OL,OL 2019 173128,Austin year/serial,merged listing fields,"emailed to you a few days before your stay

Registration Details
OL 2019 173128",False
1209036803400870906,2025-101313 OL,OL 2025 101313,Austin year/serial,merged listing fields,"d front porch with bistro table and chairs

Registration Details
OL 2025 101313",True
1209789080558099218,2024-112289 OL,OL 2024 112289,Austin year/serial,merged listing fields," spot. Book now for an unforgettable stay!

Registration Details
OL 2024 112289",True
1210099691055560005,2024-070115 OL,OL 2024 070115,Austin year/serial,merged listing fields,"oy the natural beauty of our little oasis.

Registration Details
OL 2024 070115",False
1210353565553497225,2020-026496 OL,OL 2020 026496,Austin year/serial,merged listing fields,"utside of the AirBNB stated refund policy.

Registration Details
OL 2020 026496",True
1210840780870206456,2026-037223 OL,OL 2026 037223,Austin year/serial,merged listing fields,"spot!

Other things to note
Queen size bed

Registration Details
OL 2026 037223",True
1210878610994337530,2024-110060 OL,OL-2024-110060,Austin year/serial,merged listing fields," exploring, getting in and out is a breeze

Registration Details
OL-2024-110060",True
1210930219900368269,2026-044873 OL,OL 2026 044873,Austin year/serial,merged listing fields,"apartment whenever there are performances.

Registration Details
OL 2026 044873",True
1211539809228703629,2023-119686 OL,OL 2023 119686,Austin year/serial,merged listing fields,"st is responsible for additional supplies.

Registration Details
OL 2023 119686",True
1211775987594894055,2024-150696 OL,OL-2024-150696,Austin year/serial,merged listing fields,"and Garage access not available to guests.

Registration Details
OL-2024-150696",True
1211828326901062564,2026-031765 OL,OL 2026 031765,Austin year/serial,merged listing fields," house 2.5 bathrooms. Close to everything!

Registration Details
OL 2026 031765",True
1214002220705947411,2025-035434 OL,OL 2025 035434,Austin year/serial,merged listing fields,"We hope you enjoy your stay!

$150 per pet

Registration Details
OL 2025 035434",False
1214041922509272247,2024-151168 OL,OL 2024 151168,Austin year/serial,merged listing fields,"d to provide the best possible experience.

Registration Details
OL 2024 151168",True
1214637925517165806,2022-164472 OL,OL 2022 164472,Austin year/serial,merged listing fields," access
The whole house is yours to enjoy.

Registration Details
OL 2022 164472",False
1215154087350202988,2024-156067 OL,OL-2024-156067,Austin year/serial,merged listing fields," they would give to their own possessions.

Registration Details
OL-2024-156067",True
1216666616993055293,2025-008065 OL,OL 2025 008065,Austin year/serial,merged listing fields," your cleaning fee goes directly to them!★

Registration Details
OL 2025 008065",False
1217534110811321963,2024-095389 OL,OL-2024-095389,Austin year/serial,merged listing fields,"’s the sweetest and most gentle companion.

Registration Details
OL-2024-095389",False
1217725692739239256,2025-045842 OL,OL 2025 045842,Austin year/serial,merged listing fields,"ll access to the entire home and property.

Registration Details
OL 2025 045842",False
1218828305732376639,2024-079222 OL,OL 2024 079222,Austin year/serial,merged listing fields,"mfort and satisfaction are our priorities!

Registration Details
OL 2024 079222",False
1218896732625036673,2024-079881 OL,OL 2024 079881,Austin year/serial,merged listing fields,"mfort and satisfaction are our priorities!

Registration Details
OL 2024 079881",False
1219558524003202334,2021-201889 OL,2021-201889 OL,Austin year/serial,merged listing fields,"expire after your reservation is complete.

Registration Details
2021-201889 OL",False
1219848676195395846,2026-058135 OL,OL 2026 058135,Austin year/serial,merged listing fields,"termination of your stay without a refund.

Registration Details
OL 2026 058135",True
1220387766964333040,2026-098557 OL,OL2026098557,Austin year/serial,merged listing fields,"you’ve got everything you need right here.

Registration Details
OL2026098557",True
1220901315214510438,2026-043639 OL,OL 2026 043639,Austin year/serial,merged listing fields,"ements will be the guest’s responsibility.

Registration Details
OL 2026 043639",True
1220903546379405100,2026-043640 OL,OL 2026 043640,Austin year/serial,merged listing fields,"ements will be the guest’s responsibility.

Registration Details
OL 2026 043640",True
1221251577106485779,2026-008698 OL,OL 2026 008698,Austin year/serial,merged listing fields," access
The whole house is yours to enjoy.

Registration Details
OL 2026 008698",True
1221619697642720838,2026-043604 OL,OL 2026 043604,Austin year/serial,merged listing fields,"ements will be the guest’s responsibility.

Registration Details
OL 2026 043604",True
1221619916633991043,2026-043641 OL,OL 2026 043641,Austin year/serial,merged listing fields,"ements will be the guest’s responsibility.

Registration Details
OL 2026 043641",True
1221620017469302367,2026-045989 OL,OL 2026 045989,Austin year/serial,merged listing fields,"ements will be the guest’s responsibility.

Registration Details
OL 2026 045989",True
1221870345648625448,2026-043630 OL,OL 2026 043630,Austin year/serial,merged listing fields,"ements will be the guest’s responsibility.

Registration Details
OL 2026 043630",True
1222644013728109171,2026-043605 OL,OL 2026 043605,Austin year/serial,merged listing fields,"ements will be the guest's responsibility.

Registration Details
OL 2026 043605",True
1222646920840508861,2025-016929 OL,OL 2025 016929,Austin year/serial,merged listing fields,"n, UT, and the best the city has to offer!

Registration Details
OL 2025 016929",False
1223190799249596949,2024-078989 OL,OL 2024 078989,Austin year/serial,merged listing fields,"mfort and satisfaction are our priorities!

Registration Details
OL 2024 078989",False
1224830016997290482,2026-038628 OL,OL 2026 038628,Austin year/serial,merged listing fields,"u need anything specific during your stay.

Registration Details
OL 2026 038628",True
1226412680139915514,2026-059386 OL,OL 2026 059386,Austin year/serial,merged listing fields,"T TUB USAGE RELEASE WAIVER before booking.

Registration Details
OL 2026 059386",True
1226430824454898134,2026-026487 OL,OL2026026487,Austin year/serial,merged listing fields,"e has been remodeled to serve adults only.

Registration Details
OL2026026487",True
1226773754807285863,2024-106027 OL,OL 2024 106027,Austin year/serial,merged listing fields,"here for a few days or a full summer stay.

Registration Details
OL 2024 106027",True
1227671569712282357,2024-044237 OL,OL-2024-044237,Austin year/serial,merged listing fields,"he metro area’s hotspots are just a short drive away.

The space
OL-2024-044237 | Pet Friendly w/ Fee | Fruit Trees & Berry Bushes | 7 Mi to Downtown Austin | 1,650 Sq F",True
1227680005996192680,2026-024542 OL,OL 2026 024542,Austin year/serial,merged listing fields,"well as the fenced area attached the home.

Registration Details
OL 2026 024542",True
1227692874900046468,2026-019174 OL,OL 2026 019174,Austin year/serial,merged listing fields," over 7 days and for pets if pre approved.

Registration Details
OL 2026 019174",True
12288693,2026-030908 OL,OL 2026 030908,Austin year/serial,merged listing fields,"ter pet. Garbage can available in carport.

Registration Details
OL 2026 030908",True
1228964271530240048,2026-036902 OL,OL 2026 036902,Austin year/serial,merged listing fields,"they see fit at any time. Please be aware.

Registration Details
OL 2026 036902",True
1229859079619804669,2025-066410 OL,OL 2025 066410,Austin year/serial,merged listing fields,"d to welcoming you to our home!

💛 Laurent

Registration Details
OL 2025 066410",False
1229936336064155073,2025-066388 OL,OL 2025 066388,Austin year/serial,merged listing fields,"ard as the property is on the second floor

Registration Details
OL 2025 066388",False
1229937542624060746,2025-066388 OL,OL 2025 066388,Austin year/serial,merged listing fields," their reserved off-street parking spaces.

Registration Details
OL 2025 066388",False
1229941268776019907,2025-066388 OL,OL 2025 066388,Austin year/serial,merged listing fields,"d to welcoming you to our home!

💛 Laurent

Registration Details
OL 2025 066388",False
1229944358240430136,2025-066388 OL,OL 2025 066388,Austin year/serial,merged listing fields,"ard as the property is on the second floor

Registration Details
OL 2025 066388",False
1229948985782096397,2025-066388 OL,OL 2025 066388,Austin year/serial,merged listing fields,"private parking spots in front of the unit

Registration Details
OL 2025 066388",False
12308357,2026-067450 OL,OL-2026-067450,Austin year/serial,merged listing fields,"ly.   There is no parking in the driveway.

Registration Details
OL-2026-067450",True
1231215043219193445,2026-103741 OL,OL 2026 103741,Austin year/serial,merged listing fields,"& yard is reserved for your exclusive use.

Registration Details
OL 2026 103741",True
1231350341053775759,2026-070905 OL,2026-070905 OL,Austin year/serial,merged listing fields,"borhood 10 minutes from downtown AUSTIN ❤️

Registration Details
2026-070905 OL",True
1231882675798406888,2025-120780 OL,OL-2025-120780,Austin year/serial,merged listing fields,"shopping and dining district, very Austin.

Registration Details
OL-2025-120780",True
1231893470559131378,2026-001269 OL,OL 2026 001269,Austin year/serial,merged listing fields,"her listing by visiting my Airbnb profile.

Registration Details
OL 2026 001269",True
1232177335513167992,2026-037416 OL,OL 2026 037416,Austin year/serial,merged listing fields,"ad entrance for easy, contact-free access.

Registration Details
OL 2026 037416",True
1233391685284497452,2024-122604 OL,OL2024122604,Austin year/serial,merged listing fields,"emailed to you a few days before your stay

Registration Details
OL2024122604",True
1234844757874144349,2024-110103 OL,OL2024110103,Austin year/serial,merged listing fields,"emailed to you a few days before your stay

Registration Details
OL2024110103",True
1235142029094472500,2024-088078 OL,OL2024-088078,Austin year/serial,merged listing fields,"nthly pest control with non-toxic products
•Registration License OL2024-088078

Guest access
🔑  You have the whole home for your stay, along with the covered patio and ",False
1235142029094472500,2026-116182 OL,OL 2026 116182,Austin year/serial,merged listing fields,"a Harris Branch Pkwy (Avoids road closure)

Registration Details
OL 2026 116182",False
1235545941054542338,2025-008464 OL,OL 2025 008464,Austin year/serial,merged listing fields,"y violations will be addressed with a fee.

Registration Details
OL 2025 008464",True
1237760079994322625,2026-019174 OL,OL 2026 019174,Austin year/serial,merged listing fields,"adventurers, business travelers, and pets.

Registration Details
OL 2026 019174",True
1237828614110706963,2016-117666 OL,OL 2016 117666,Austin year/serial,merged listing fields,"d dryer located on premises in the garage.

Registration Details
OL 2016 117666",False
1237858985785365328,2026-001269 OL,OL 2026 001269,Austin year/serial,merged listing fields,"of $280 per day (subject to availability).

Registration Details
OL 2026 001269",True
1237925402060128668,2026-034982 OL,OL 2026 034982,Austin year/serial,merged listing fields,"ay and discover the best of Austin living!

Registration Details
OL 2026 034982",True
1237938440534298305,2026-071061 OL,OL 2026 071061,Austin year/serial,merged listing fields,"n canceled the planned 2026 lake drawdown.

Registration Details
OL 2026 071061",True
1238292091063852879,2026-043596 OL,OL 2026 043596,Austin year/serial,merged listing fields,"ements will be the guest's responsibility.

Registration Details
OL 2026 043596",True
1238331295193307295,2024-069638 OL,OL 2024 069638,Austin year/serial,merged listing fields,"free and exceptional experience in Austin!

Registration Details
OL 2024 069638",False
1239013423095228803,2024-138946 OL,OL 2024 138946,Austin year/serial,merged listing fields,"is extra charge helps cover cleaning fees.

Registration Details
OL 2024 138946",True
1239118551758948461,2024-112847 OL,OL 2024 112847,Austin year/serial,merged listing fields," plus additional street parking available.

Registration Details
OL 2024 112847",True
1239191903127226824,2025-016132 OL,OL 2025 016132,Austin year/serial,merged listing fields,"equest at an additional cost per cleaning.

Registration Details
OL 2025 016132",False
1239192468171281997,2025-016132 OL,OL 2025 016132,Austin year/serial,merged listing fields,"equest at an additional cost per cleaning.

Registration Details
OL 2025 016132",False
1239197407986115311,2025-016132 OL,OL 2025 016132,Austin year/serial,merged listing fields,"equest at an additional cost per cleaning.

Registration Details
OL 2025 016132",False
1239199837879387949,2025-016132 OL,OL 2025 016132,Austin year/serial,merged listing fields,"equest at an additional cost per cleaning.

Registration Details
OL 2025 016132",False
1239291430427378053,2024-023642 OL,OL 2024 023642,Austin year/serial,merged listing fields,"ess to the entire house and outdoor space!

Registration Details
OL 2024 023642",True
1239361792115677497,2025-065990 OL,OL 2025 065990,Austin year/serial,merged listing fields,"to make you love this home-away-from-home.

Registration Details
OL 2025 065990",False
1239405019862457643,2025-020176 OL,OL-2025-020176,Austin year/serial,merged listing fields," in forfeiting the remainder of your stay.

Registration Details
OL-2025-020176",True
1239857448812422095,2024-153049 OL,OL 2024 153049,Austin year/serial,merged listing fields," reservation. We also charge $60 per stay.

Registration Details
OL 2024 153049",True
1239890505768071326,2024-060558 OL,OL 2024 060558,Austin year/serial,merged listing fields,"emailed to you a few days before your stay

Registration Details
OL 2024 060558",True
1240947263801100859,2023-157902 OL,OL-2023-157902,Austin year/serial,merged listing fields,"joy easy access to the entirety of Austin.

Registration Details
OL-2023-157902",True
1241308459582962928,2025-066388 OL,OL 2025 066388,Austin year/serial,merged listing fields,"d to welcoming you to our home!

💛 Laurent

Registration Details
OL 2025 066388",False
1242019445945410365,2024-148097 OL,2024-148097 OL,Austin year/serial,merged listing fields,"is at 4:00 PM and checkout is at 10:00 AM.

Registration Details
2024-148097 OL",True
1242027055481362639,2026-036905 OL,OL 2026 036905,Austin year/serial,merged listing fields,"they see fit at any time. Please be aware.

Registration Details
OL 2026 036905",False
1242289598716121760,2025-082247 OL,OL 2025 082247,Austin year/serial,merged listing fields,"te
Check us out on insta! 
@casamaguey.atx

Registration Details
OL 2025 082247",False
1242783588955855074,2026-022121 OL,OL 2026 022121,Austin year/serial,merged listing fields," free to message us - we’re happy to help.

Registration Details
OL 2026 022121",True
1242831063019071089,2024-054312 OL,OL-2024-054312,Austin year/serial,merged listing fields,"use the bug spray provided under the sink.

Registration Details
OL-2024-054312",False
1242902372431940105,2026-068183 OL,OL 2026 068183,Austin year/serial,merged listing fields,"t Austin!

We look forward to hosting you!

Registration Details
OL 2026 068183",True
12431608,2023-161069 OL,OL 2023 161069,Austin year/serial,merged listing fields,"ank you in advance for being super guests!

Registration Details
OL 2023 161069",True
1243485364288148409,2025-126636 OL,OL 2025 126636,Austin year/serial,merged listing fields,"a may not be available, including heating.

Registration Details
OL 2025 126636",True
1243664265204920413,2025-036821 OL,OL 2025 036821,Austin year/serial,merged listing fields,"
Blackout shades

Guest access
Entire home

Registration Details
OL 2025 036821",False
1244103394211181265,2026-032108 OL,OL 2026 032108,Austin year/serial,merged listing fields,"to visit, day or night.
• Guests under 18.

Registration Details
OL 2026 032108",True
1244278382559513972,2024-090595 OL,OL 2024 090595,Austin year/serial,merged listing fields,"k apartment. The backyard is shared space.

Registration Details
OL 2024 090595",False
1245025095142100617,2026-043611 OL,OL 2026 043611,Austin year/serial,merged listing fields,"ements will be the guest’s responsibility.

Registration Details
OL 2026 043611",True
1245090061157458527,2024-098817 OL,OL 2024 098817,Austin year/serial,merged listing fields,"ames, Moody amphitheater/center, and more!

Registration Details
OL 2024 098817",False
1246509112758337610,2026-034682 OL,OL 2026 034682,Austin year/serial,merged listing fields," door, ensuring a smooth check-in process.

Registration Details
OL 2026 034682",True
1246691828534795233,2025-008159 OL,OL 2025 008159,Austin year/serial,merged listing fields,"g Room - Air Mattress available | Sofa Bed

Registration Details
OL 2025 008159",True
1247222058853412795,2024-031927 OL,OL 2024 031927,Austin year/serial,merged listing fields,".  They also still come stay sporadically.

Registration Details
OL 2024 031927",True
1247387525878852313,2026-088961 OL,OL 2026 088961,Austin year/serial,merged listing fields," rail route is about 20-25 mins walk away.

Registration Details
OL 2026 088961",True
1248195928147960796,2026-074145 OL,OL-2026-074145,Austin year/serial,merged listing fields,"r disco lights.

♡ Our pool is not heated.

Registration Details
OL-2026-074145",True
1248575649902430343,2024-129388 OL,OL 2024 129388,Austin year/serial,merged listing fields,"e available for the duration of your stay.

Registration Details
OL 2024 129388",True
1248659936608118910,2024-128727 OL,OL 2024 128727,Austin year/serial,merged listing fields," on availability 
- No nearby construction

Registration Details
OL 2024 128727",True
1248719812495681960,2025-088005 OL,OL-2025-088005,Austin year/serial,merged listing fields,"ow & experience the best of Austin living!

Registration Details
OL-2025-088005",False
1249505114208078182,2024-051183 OL,OL 2024 051183,Austin year/serial,merged listing fields,"try code 30mins before your check-in time.

Registration Details
OL 2024 051183",True
1249585312128373558,2021-201889 OL,OL 2021 201889,Austin year/serial,merged listing fields,"in has to offer, right from your doorstep.

Registration Details
OL 2021 201889",False
1249949289831250381,2024-054312 OL,OL2024054312,Austin year/serial,merged listing fields,"emailed to you a few days before your stay

Registration Details
OL2024054312",False
1251473472390389023,2025-115571 OL,OL 2025 115571,Austin year/serial,merged listing fields,"s cap, overages may be charged separately.

Registration Details
OL 2025 115571",True
1251595775880423863,2024-095644 OL,OL 2024 095644,Austin year/serial,merged listing fields," Lady Bird Lake Hike and Bike Trail (8min)

Registration Details
OL 2024 095644",False
1251600450193944829,2025-111021 OL,OL 2025 111021,Austin year/serial,merged listing fields,"ervation that violates these requirements.

Registration Details
OL 2025 111021",True
1252070109496155428,2025-115575 OL,OL-2025-115575,Austin year/serial,merged listing fields," quick 15 minute drive to downtown Austin.

Registration Details
OL-2025-115575",True
1252088579213648847,2024-054312 OL,OL-2024-054312,Austin year/serial,merged listing fields,"use the bug spray provided under the sink.

Registration Details
OL-2024-054312",False
1252345157213401145,2024-006425 OL,OL2024006425,Austin year/serial,merged listing fields,"ils.

Licensed Short Term Rental by the City of Austin

License #OL2024006425",True
1253088608409987627,2024-102720 OL,OL-2024-102720,Austin year/serial,merged listing fields,"memorable one. We can't wait to host ya :)

Registration Details
OL-2024-102720",True
1253112896354358574,2025-111211 OL,OL 2025 111211,Austin year/serial,merged listing fields," though views may differ between listings.

Registration Details
OL 2025 111211",True
1253144039274772695,2025-068438 OL,OL 2025 068438,Austin year/serial,merged listing fields," though views may differ between listings.

Registration Details
OL 2025 068438",True
1253166630145819911,2025-066410 OL,OL 2025 066410,Austin year/serial,merged listing fields,"ownhome in a family-friendly neighborhood!

Registration Details
OL 2025 066410",False
12534356,2026-067571 OL,OL-2026-067571,Austin year/serial,merged listing fields,"ch is a shared space with other residents.

Registration Details
OL-2026-067571",True
1253753090540565676,2025-066388 OL,OL 2025 066388,Austin year/serial,merged listing fields,"ownhome in a family-friendly neighborhood!

Registration Details
OL 2025 066388",False
1253766500193483978,2026-108229 OL,OL 2026 108229,Austin year/serial,merged listing fields,"at you don't drive your car past the gate!

Registration Details
OL 2026 108229",True
1253777262071234349,2025-066388 OL,OL 2025 066388,Austin year/serial,merged listing fields,"he same home for the flexibility you need.

Registration Details
OL 2025 066388",False
1254389040676764759,2025-026732 OL,OL2025026732,Austin year/serial,merged listing fields,"emailed to you a few days before your stay

Registration Details
OL2025026732",True
1254467128799821589,2025-026922 OL,OL 2025 026922,Austin year/serial,merged listing fields,"operty and its surroundings have to offer.

Registration Details
OL 2025 026922",True
1255177109633100876,2024-129304 OL,OL2024129304,Austin year/serial,merged listing fields," experienced/ comfortable w/ large groups.

Registration Details
OL2024129304",True
1255714957207725795,2026-105580 OL,OL 2026 105580,Austin year/serial,merged listing fields,"lawn maintenance can be performed quickly.

Registration Details
OL 2026 105580",True
1256838548933408653,2025-088005 OL,OL-2025-088005,Austin year/serial,merged listing fields,"t for an additional fee of $99 per heating

Registration Details
OL-2025-088005",False
1256880980055953900,2025-094695 OL,OL 2025 094695,Austin year/serial,merged listing fields,"e comforts of this casita when you return.

Registration Details
OL 2025 094695",False
1258004641499984051,2026-017637 OL,OL 2026 017637,Austin year/serial,merged listing fields,"et parking directly in front of the house.

Registration Details
OL 2026 017637",True
1258153835845818806,2024-099054 OL,OL 2024 099054,Austin year/serial,merged listing fields,"as doorknobs, cabinets, and light switches

Registration Details
OL 2024 099054",False
1258899189594307490,2026-006063 OL,OL 2026 006063,Austin year/serial,merged listing fields,"owntown from this perfectly located studio

Registration Details
OL 2026 006063",True
1259518015082615951,2025-020067 OL,OL 2025 020067,Austin year/serial,merged listing fields,"omething to keep in mind before booking!**

Registration Details
OL 2025 020067",True
12601763,2026-019740 OL,OL 2026 019740,Austin year/serial,merged listing fields,"it is refunded within 30 days of checkout.

Registration Details
OL 2026 019740",True
1260187526045589862,2024-161564 OL,OL2024161564,Austin year/serial,merged listing fields,", Wi-Fi details, appliance info, and more.

Registration Details
OL2024161564",True
1261010195707199368,2024-135701 OL,OL2024135701,Austin year/serial,merged listing fields,"ls and departures simple and stress-free.p

Registration Details
OL2024135701",True
1263778315251664225,2025-013185 OL,OL 2025 013185,Austin year/serial,merged listing fields,"e heated for an additional $50 per day fee

Registration Details
OL 2025 013185",True
1263796019698666939,2024-091122 OL,OL 2024 091122,Austin year/serial,merged listing fields,"in house and guest house during your stay.

Registration Details
OL 2024 091122",False
1263829925364145497,2024-091122 OL,OL 2024 091122,Austin year/serial,merged listing fields,"tion with the main house during your stay.

Registration Details
OL 2024 091122",False
1263829936159409058,2026-041783 OL,OL 2026 041783,Austin year/serial,merged listing fields,"ved with the guest house during your stay.

Registration Details
OL 2026 041783",True
1264081862873042703,2024-141637 OL,OL 2024 141637,Austin year/serial,merged listing fields,"ur stay in Austin as pleasant as possible.

Registration Details
OL 2024 141637",True
1264430929282018854,2026-070582 OL,OL 2026 070582,Austin year/serial,merged listing fields,"e bathroom and also into the laundry area.

Registration Details
OL 2026 070582",True
1264517370828447597,2024-125910 OL,OL 2024 125910,Austin year/serial,merged listing fields," included as a Guest Damage Insurance Fee.

Registration Details
OL 2024 125910",True
1267512863119631457,2024-151113 OL,OL 2024 151113,Austin year/serial,merged listing fields,". Pool usage is included with the booking!

Registration Details
OL 2024 151113",True
1268202182819300966,2022-076887 OL,OL-2022-076887,Austin year/serial,merged listing fields," grill for a backyard barbecue. Book this home today!

The space
OL-2022-076887

SLEEPING ARRANGEMENTS
- Bedroom 1: 1 king bed
- Bedroom 2: 1 queen sleeper sofa

I",False
1268409614302267893,2024-095644 OL,OL 2024 095644,Austin year/serial,merged listing fields,"ive, punch in your unique code, and enjoy!

Registration Details
OL 2024 095644",False
1269192970397881687,2024-090452 OL,OL-2024-090452,Austin year/serial,merged listing fields,"o you are welcome to join our bible study.

Registration Details
OL-2024-090452",False
1269217829481171470,2026-074730 OL,OL-2026-074730,Austin year/serial,merged listing fields,"t and convenience for your stay in Austin!

Registration Details
OL-2026-074730",True
1270272959428996631,2026-034980 OL,OL 2026 034980,Austin year/serial,merged listing fields,"rally located spot for exploring the city.

Registration Details
OL 2026 034980",True
1270414467960348023,2026-017478 OL,OL 2026 017478,Austin year/serial,merged listing fields,"

Guests do not have access to the garage.

Registration Details
OL 2026 017478",True
1270477187100297539,2025-008056 OL,OL 2025 008056,Austin year/serial,merged listing fields,"as doorknobs, cabinets, and light switches

Registration Details
OL 2025 008056",True
1271256546435390367,2024-135044 OL,OL 2024 135044,Austin year/serial,merged listing fields,"s in the tub. We'll take care of the rest.

Registration Details
OL 2024 135044",True
1271775319437397015,2024-112827 OL,OL-2024-112827,Austin year/serial,merged listing fields,"est access
The house is exclusively yours!

Registration Details
OL-2024-112827",True
1273254703902154033,2025-088005 OL,OL-2025-088005,Austin year/serial,merged listing fields,"t for an additional fee of $99 per heating

Registration Details
OL-2025-088005",False
1273387503192325841,2023-125906 OL,OL 2023 125906,Austin year/serial,merged listing fields," included as a Guest Damage Insurance Fee.

Registration Details
OL 2023 125906",True
1275461779916548394,2025-139232 OL,OL 2025 139232,Austin year/serial,merged listing fields,"lance of local Austin charm and upscale comfort!

STR Licensing: OL 2025 139232

The space
Casa & Casita Cherico

The stunning Casa & Casita Cherico is located in the ",True
1278296566463739221,2025-022409 OL,OL2025022409,Austin year/serial,merged listing fields,"emailed to you a few days before your stay

Registration Details
OL2025022409",True
1278411475662969558,2025-017350 OL,OL 2025 017350,Austin year/serial,merged listing fields,"amage or costs not covered by the program.

Registration Details
OL 2025 017350",True
1280488692466145554,2026-030735 OL,OL 2026 030735,Austin year/serial,merged listing fields,"exclusively for the duration of your stay.

Registration Details
OL 2026 030735",True
1281288506393619418,2025-136347 OL,OL 2025 136347,Austin year/serial,merged listing fields,"y in the heart of Austin's best offerings.

Registration Details
OL 2025 136347",True
1281868537147715430,2026-043616 OL,OL 2026 043616,Austin year/serial,merged listing fields,"ements will be the guest’s responsibility.

Registration Details
OL 2026 043616",True
1282571060056716252,2026-043365 OL,OL 2026 043365,Austin year/serial,merged listing fields,"t or the freezing cold like everyone else.

Registration Details
OL 2026 043365",True
1282571388872253660,2026-043375 OL,OL 2026 043375,Austin year/serial,merged listing fields,"t or the freezing cold like everyone else.

Registration Details
OL 2026 043375",True
1282963226175324040,2025-021783 OL,OL2025021783,Austin year/serial,merged listing fields,"se. Your space will be completely private.

Registration Details
OL2025021783",False
1285063006425769999,2024-122648 OL,OL 2024 122648,Austin year/serial,merged listing fields," the master bedroom closet and the garage.

Registration Details
OL 2024 122648",True
1287763381241401055,2026-152997 OL,OL 2026 152997,Austin year/serial,merged listing fields,") of each guest will need to be presented.

Registration Details
OL 2026 152997",False
1287837385987392382,2025-058775 OL,OL2025058775,Austin year/serial,merged listing fields," smaller grey Roadie 15 out for day-trips!

Registration Details
OL2025058775",False
1288422322131855668,2025-038627 OL,OL 2025 038627,Austin year/serial,merged listing fields," the property to avoid additional charges.

Registration Details
OL 2025 038627",False
12912837,2016-047148 OL,OL 2016 047148,Austin year/serial,merged listing fields,"tional details!

Guest access
Entire house

Registration Details
OL 2016 047148",True
1291296664921974255,2025-019997 OL,OL-2025-019997,Austin year/serial,merged listing fields,"the guest for the remainder of their stay.

Registration Details
OL-2025-019997",True
1292028185232051377,2026-043373 OL,OL 2026 043373,Austin year/serial,merged listing fields,"t or the freezing cold like everyone else.

Registration Details
OL 2026 043373",True
1292710983152385480,2026-043183 OL,OL 2026 043183,Austin year/serial,merged listing fields,"t or the freezing cold like everyone else.

Registration Details
OL 2026 043183",True
1294413076637498855,2026-045591 OL,OL 2026 045591,Austin year/serial,merged listing fields," with endless adventures at your doorstep!

Registration Details
OL 2026 045591",True
1294969521362782302,2024-016199 OL,OL-2024-016199,Austin year/serial,merged listing fields,"o. A memorable getaway in the Lone Star State awaits!

The space
OL-2024-016199

SLEEPING ARRANGEMENTS
- Bedroom 1: 1 California king bed
- Bedroom 2: 1 queen bed
-",True
1295691457150956016,2026-036575 OL,OL 2026 036575,Austin year/serial,merged listing fields,"gates are only open-able through this app.

Registration Details
OL 2026 036575",True
1295691797575537155,2026-035093 OL,OL 2026 035093,Austin year/serial,merged listing fields,"t or the freezing cold like everyone else.

Registration Details
OL 2026 035093",True
1295692136195614140,2026-035059 OL,OL 2026 035059,Austin year/serial,merged listing fields,"t or the freezing cold like everyone else.

Registration Details
OL 2026 035059",True
1295692449851871625,2026-035068 OL,OL 2026 035068,Austin year/serial,merged listing fields,"t or the freezing cold like everyone else.

Registration Details
OL 2026 035068",True
1298732925265614181,2025-161782 OL,OL 2025 161782,Austin year/serial,merged listing fields,"Flexible Pet Policy for 30+ Day Renters.**

Registration Details
OL 2025 161782",True
1300070006878407400,2024-153442 OL,OL-2024-153442,Austin year/serial,merged listing fields,"re, 6th st. and other downtown attractions

Registration Details
OL-2024-153442",True
1301432463154884805,2024-141981 OL,OL 2024 141981,Austin year/serial,merged listing fields,"orites in the welcome guide once you book!

Registration Details
OL 2024 141981",True
1301590144965438913,2025-022125 OL,OL 2025 022125,Austin year/serial,merged listing fields,"gs to note
We also have a dog name Aston!!

Registration Details
OL 2025 022125",True
1301867208129388131,2025-019879 OL,OL 2025 019879,Austin year/serial,merged listing fields,"elping us keep things nice for everyone!**

Registration Details
OL 2025 019879",True
1302155361861567312,2024-125971 OL,OL 2024 125971,Austin year/serial,merged listing fields,"se, backyard, and pool are yours to enjoy!

Registration Details
OL 2024 125971",True
1302501855640780510,2024-112425 OL,OL 2024 112425,Austin year/serial,merged listing fields,"tions, please don't hesitate to reach out.

Registration Details
OL 2024 112425",True
1302910754694433325,2026-100346 OL,OL 2026 100346,Austin year/serial,merged listing fields,"or an even more enjoyable swim experience.

Registration Details
OL 2026 100346",True
1304328348746403576,2026-092444 OL,OL 2026 092444,Austin year/serial,merged listing fields," outdoor shower is currently out of order.

Registration Details
OL 2026 092444",True
1304429566408844507,2024-054312 OL,OL-2024-054312,Austin year/serial,merged listing fields,"use the bug spray provided under the sink.

Registration Details
OL-2024-054312",False
1305061937445437006,2025-059840 OL,OL2025059840,Austin year/serial,merged listing fields,"Late check-outs may incur additional fees.

Registration Details
OL2025059840",False
1305107380085400850,2025-009958 OL,OL 2025 009958,Austin year/serial,merged listing fields,"dybird Lake, and downtown; quiet and cozy.

Registration Details
OL 2025 009958",True
1305257,2026-077543 OL,OL 2026 077543,Austin year/serial,merged listing fields," Primary License number available on site.

Registration Details
OL 2026 077543",True
1305859865915531793,2024-109057 OL,OL-2024-109057,Austin year/serial,merged listing fields,"Bridge, or grab drinks and see where the night leads.

The space
OL-2024-109057

SLEEPING ARRANGEMENTS
- Bedroom 1: 1 king bed
- Bedroom 2: 1 queen bed

INDOOR LIV",False
1308172939484953120,2026-037935 OL,OL 2026 037935,Austin year/serial,merged listing fields,"T HAVE ACCESS TO THE POOL ON THE PROPERTY.

Registration Details
OL 2026 037935",True
1308175451008855236,2024-156009 OL,OL 2024 156009,Austin year/serial,merged listing fields,"perfect trip. 

We can't wait to host you!

Registration Details
OL 2024 156009",True
1308737991593278409,2023-119758 OL,OL2023119758,Austin year/serial,merged listing fields,"at must put speciality pan on stove first.

Registration Details
OL2023119758",True
1309524852156117088,2024-156283 OL,OL2024156283,Austin year/serial,merged listing fields,"ate check-outs will incur additional fees.

Registration Details
OL2024156283",True
1310271973356132426,2026-029866 OL,OL 2026 029866,Austin year/serial,merged listing fields,"her units. Code to get in - open May-Oct 1

Registration Details
OL 2026 029866",True
1311057153931720622,2025-013532 OL,OL 2025 013532,Austin year/serial,merged listing fields,"hing else, just ask—we’re happy to help! 😊

Registration Details
OL 2025 013532",False
1312489035676775810,2026-033182 OL,OL 2026 033182,Austin year/serial,merged listing fields,"s and only a short distance from downtown.

Registration Details
OL 2026 033182",True
1312615099018968243,2024-125973 OL,OL 2024 125973,Austin year/serial,merged listing fields,"s about our concierge partner, Bach Babes!

Registration Details
OL 2024 125973",True
1313133876374568267,2024-138979 OL,OL 2024 138979,Austin year/serial,merged listing fields," free to message us - we’re happy to help.

Registration Details
OL 2024 138979",True
1313147533436802674,2024-138979 OL,OL 2024 138979,Austin year/serial,merged listing fields," free to message us - we’re happy to help.

Registration Details
OL 2024 138979",True
1313150484405916135,2024-138979 OL,OL 2024 138979,Austin year/serial,merged listing fields," free to message us - we’re happy to help.

Registration Details
OL 2024 138979",True
1313412271576139184,2026-019495 OL,OL 2026 019495,Austin year/serial,merged listing fields," during your stay.

Guest access
Main home

Registration Details
OL 2026 019495",True
1313929560211232112,2024-054312 OL,OL-2024-054312,Austin year/serial,merged listing fields,"use the bug spray provided under the sink.

Registration Details
OL-2024-054312",False
1314020304431317108,2024-125894 OL,OL 2024 125894,Austin year/serial,merged listing fields,"ement terms are provided prior to booking.

Registration Details
OL 2024 125894",True
1314119883668878054,2024-090452 OL,OL-2024-090452,Austin year/serial,merged listing fields,"o you are welcome to join our bible study.

Registration Details
OL-2024-090452",False
1314544311386333097,2025-137649 OL,OL 2025 137649,Austin year/serial,merged listing fields,"0$ will be incurred for failure to comply.

Registration Details
OL 2025 137649",True
1314781409617982351,2024-153764 OL,OL 2024 153764,Austin year/serial,merged listing fields,"vents.

No more than 6 guests at any time.

Registration Details
OL 2024 153764",True
1315635046716944025,2025-113244 OL,OL 2025 113244,Austin year/serial,merged listing fields,"uplex. Properties are completely separate.

Registration Details
OL 2025 113244",True
1317325517058890256,2024-135804 OL,OL 2024 135804,Austin year/serial,merged listing fields,"d and inside
• Maximum occupancy: 7 guests

Registration Details
OL 2024 135804",True
1317496412554786652,2026-035088 OL,OL 2026 035088,Austin year/serial,merged listing fields,"s expected. This includes a ring doorbell.

Registration Details
OL 2026 035088",True
1317728384433921994,2026-067450 OL,OL-2026-067450,Austin year/serial,merged listing fields,"ront of the property with no restrictions.

Registration Details
OL-2026-067450",True
1318017233860088077,2024-144872 OL,OL-2024-144872,Austin year/serial,merged listing fields,", birthday parties, anniversaries, corporate events, and more! 

OL-2024-144872

Guest access
Guests are allowed to access the entire home.  Several supply closets and s",True
1318046640682241304,2025-032218 OL,OL 2025 032218,Austin year/serial,merged listing fields,"local.

Welcome home. Now go enjoy Austin.

Registration Details
OL 2025 032218",False
1318167810553939024,2024-072816 OL,OL2024072816,Austin year/serial,merged listing fields,"Late check-outs may incur additional fees.

Registration Details
OL2024072816",False
1320470256727716608,2024-054312 OL,OL-2024-054312,Austin year/serial,merged listing fields,"use the bug spray provided under the sink.

Registration Details
OL-2024-054312",False
1321106292745263949,2026-036363 OL,OL2026036363,Austin year/serial,merged listing fields," indoors please
- No parties/events please

Registration Details
OL2026036363",True
1322483482633897943,2024-040383 OL,OL 2024 040383,Austin year/serial,merged listing fields,"n the road from Sour Duck. You’re welcome!

Registration Details
OL 2024 040383",True
1323400592626373323,2025-056175 OL,OL-2025-056175,Austin year/serial,merged listing fields,"use the bug spray provided under the sink.

Registration Details
OL-2025-056175",True
1323477324100887109,2021-201889 OL,OL 2021 201889,Austin year/serial,merged listing fields,"Friday, May 16th due to necessary repairs.

Registration Details
OL 2021 201889",False
1325366321990333287,2026-065113 OL,OL-2026-065113,Austin year/serial,merged listing fields,"n accordance with applicable privacy laws.

Registration Details
OL-2026-065113",True
1325387117054411732,2023-066921 OL,OL 2023 066921,Austin year/serial,merged listing fields,"The garage is private (not for guest use).

Registration Details
OL 2023 066921",False
1326105017879069365,2025-029715 OL,OL 2025 029715,Austin year/serial,merged listing fields,"

Book now for your next Austin adventure!

Registration Details
OL 2025 029715",True
1327020857758364962,2026-088800 OL,OL2026088800,Austin year/serial,merged listing fields,"l support or service animals at this time.

Registration Details
OL2026088800",True
1327190898715598259,2026-096824 OL,OL 2026 096824,Austin year/serial,merged listing fields,"l cleaning, a supplementary fee may apply.

Registration Details
OL 2026 096824",True
1328661654044188977,2025-002330 OL,OL 2025 002330,Austin year/serial,merged listing fields,"outdoor dining table. Parking in driveway.

Registration Details
OL 2025 002330",True
1328979920090298135,2025-065928 OL,OL 2025 065928,Austin year/serial,merged listing fields,"nding that bugs sometimes happen in Texas!

Registration Details
OL 2025 065928",True
1329091325387172766,2026-066010 OL,OL2026066010,Austin year/serial,merged listing fields,"e no glass containers on or near the pool.

Registration Details
OL2026066010",True
1329173026931438171,2025-065928 OL,OL 2025 065928,Austin year/serial,merged listing fields,"nding that bugs sometimes happen in Texas!

Registration Details
OL 2025 065928",True
1331239939243385789,2025-066402 OL,OL2025066402,Austin year/serial,merged listing fields,"Late check-outs may incur additional fees.

Registration Details
OL2025066402",False
1331586255539608893,2024-098677 OL,OL 2024 098677,Austin year/serial,merged listing fields,"ludes the stairwell closet and our garage.

Registration Details
OL 2024 098677",True
1333104899212949798,2026-002584 OL,OL-2026-002584,Austin year/serial,merged listing fields,"
The airport is just a 10-15 minute drive.

Registration Details
OL-2026-002584",True
1334784291686162589,2025-042200 OL,OL 2025 042200,Austin year/serial,merged listing fields,", this home is your perfect Austin escape!

Registration Details
OL 2025 042200",False
1334831686226122302,2025-065928 OL,OL 2025 065928,Austin year/serial,merged listing fields,"n living room, Dining room, Outdoor areas.

Registration Details
OL 2025 065928",True
1334907764407356286,2025-065928 OL,OL 2025 065928,Austin year/serial,merged listing fields,"nding that bugs sometimes happen in Texas!

Registration Details
OL 2025 065928",True
1335883983364992052,2025-077927 OL,OL 2025 077927,Austin year/serial,merged listing fields,"anything you might need during your visit.

Registration Details
OL 2025 077927",False
1336447115846286053,2025-026933 OL,OL 2025 026933,Austin year/serial,merged listing fields,"operty and its surroundings have to offer.

Registration Details
OL 2025 026933",True
1337781807907910640,2025-081098 OL,OL 2025 081098,Austin year/serial,merged listing fields,"ng through Airbnb

Maximum stay: 29 nights

Registration Details
OL 2025 081098",False
13392592,2014-036602 OL,OL 2014 036602,Austin year/serial,merged listing fields,"Guests will access the home with a keypad.

Registration Details
OL 2014 036602",True
1340053481580149790,2019-151119 OL,OL 2019 151119,Austin year/serial,merged listing fields,"your stay. We look forward to hosting you!

Registration Details
OL 2019 151119",False
1340722191649462219,2021-201889 OL,OL 2021 201889,Austin year/serial,merged listing fields,"y be available (please check fees for use)

Registration Details
OL 2021 201889",False
1340929515765262185,2024-159676 OL,OL 2024 159676,Austin year/serial,merged listing fields,"cleaned and disinfected between each guest

Registration Details
OL 2024 159676",True
1343068138985651973,2026-030637 OL,OL 2026 030637,Austin year/serial,merged listing fields," perfect Austin home base while I am away.

Registration Details
OL 2026 030637",True
1343443677141425999,2026-043049 OL,OL 2026 043049,Austin year/serial,merged listing fields,"f the details while you relax and explore!

Registration Details
OL 2026 043049",True
1343579455586251294,2021-201889 OL,OL 2021 201889,Austin year/serial,merged listing fields,"ality, ensuring you’ll feel right at home.

Registration Details
OL 2021 201889",False
1344225095345381077,2024-054312 OL,OL-2024-054312,Austin year/serial,merged listing fields,"use the bug spray provided under the sink.

Registration Details
OL-2024-054312",False
1345630779491494464,2025-007931 OL,OL2025007931,Austin year/serial,merged listing fields,"Late check-outs may incur additional fees.

Registration Details
OL2025007931",True
13480874,2019-232033 OL,OL 2019 232033,Austin year/serial,merged listing fields," to the whole house except for the garage.

Registration Details
OL 2019 232033",True
1348715495533562859,2024-151130 OL,OL 2024 151130,Austin year/serial,merged listing fields," stay  
- Space for 2 cars in the driveway

Registration Details
OL 2024 151130",True
1348908847372260069,2021-156170 OL,Ol 2021 156170,Austin year/serial,merged listing fields,"ther things to note
Be kind and respectful

Registration Details
Ol 2021 156170",True
1349324430674102099,2024-054312 OL,OL-2024-054312,Austin year/serial,merged listing fields,"use the bug spray provided under the sink.

Registration Details
OL-2024-054312",False
1349416535412035972,2024-063446 OL,OL 2024 063446,Austin year/serial,merged listing fields,"be provided 48 hours prior to checking in.

Registration Details
OL 2024 063446",False
1349780,2023-164085 OL,OL 2023 164085,Austin year/serial,merged listing fields," This is two pages and is pretty standard.

Registration Details
OL 2023 164085",True
1350146974270667988,2026-029596 OL,OL2026029596,Austin year/serial,merged listing fields,"Off-street parking - Minutes from Downtown

Registration Details
OL2026029596",True
1350752301029000745,2025-065928 OL,OL 2025 065928,Austin year/serial,merged listing fields,"nding that bugs sometimes happen in Texas!

Registration Details
OL 2025 065928",True
1350774224041898550,2025-065928 OL,OL 2025 065928,Austin year/serial,merged listing fields,"nding that bugs sometimes happen in Texas!

Registration Details
OL 2025 065928",True
1351704352652837659,2024-048520 OL,OL-2024-048520,Austin year/serial,merged listing fields," charm for a memorable stay you'll never want to end!

The space
OL-2024-048520

SLEEPING ARRANGEMENTS
- Bedroom 1: 1 queen bed
- Bedroom 2: 1 queen bed
- Living Ro",True
1351791938143211197,2026-043445 OL,OL 2026 043445,Austin year/serial,merged listing fields,"l.

Thank you very much for understanding.

Registration Details
OL 2026 043445",True
1353644234015684937,2024-048520 OL,OL-2024-048520,Austin year/serial,merged listing fields,"around balcony, and a beautifully decorated interior.

The space
OL-2024-048520

SLEEPING ARRANGEMENTS
- Bedroom 1: 1 king bed
- Bedroom 2: 1 queen bed
- Bedroom 3:",True
1353762809667691453,2025-017224 OL,OL-2025-017224,Austin year/serial,merged listing fields,"f color, making your stay uniquely Austin.

Registration Details
OL-2025-017224",True
1354266190078004240,2025-017116 OL,OL2025017116,Austin year/serial,merged listing fields,"Late check-outs may incur additional fees.

Registration Details
OL2025017116",True
1355260263554048381,2021-201889 OL,OL 2021 201889,Austin year/serial,merged listing fields,"y be available (please check fees for use)

Registration Details
OL 2021 201889",False
1355325876806401309,2025-025719 OL,OL 2025 025719,Austin year/serial,merged listing fields," us in advance if you plan to bring a pet.

Registration Details
OL 2025 025719",True
1355326847514391400,2025-025719 OL,OL 2025 025719,Austin year/serial,merged listing fields," us in advance if you plan to bring a pet.

Registration Details
OL 2025 025719",True
1355327570813652515,2025-025691 OL,OL 2025 025691,Austin year/serial,merged listing fields," us in advance if you plan to bring a pet.

Registration Details
OL 2025 025691",True
1355527994799472408,2026-043561 OL,OL 2026 043561,Austin year/serial,merged listing fields,"l.

Thank you very much for understanding.

Registration Details
OL 2026 043561",True
1356516971896298968,2025-026933 OL,OL 2025 026933,Austin year/serial,merged listing fields,"operty and its surroundings have to offer.

Registration Details
OL 2025 026933",True
1357417936711135399,2025-029090 OL,OL2025029090,Austin year/serial,merged listing fields,"2 pm) and late check-out (before3 pm) $65.

Registration Details
OL2025029090",True
1357507772766820559,2026-043462 OL,OL 2026 043462,Austin year/serial,merged listing fields,"l.

Thank you very much for understanding.

Registration Details
OL 2026 043462",True
1357934737663365982,2025-016943 OL,OL 2025 016943,Austin year/serial,merged listing fields,"ny questions, don’t hesitate to reach out!

Registration Details
OL 2025 016943",True
1358047987452127976,2025-028575 OL,OL 2025 028575,Austin year/serial,merged listing fields,"mmendations, as Austin has a lot to offer!

Registration Details
OL 2025 028575",True
1358682606455032648,2025-011289 OL,OL-2025-011289,Austin year/serial,merged listing fields,"ing  minutes from Austin’s best nightlife!

Registration Details
OL-2025-011289",True
1358976079142508735,2025-035275 OL,OL2025035275,Austin year/serial,merged listing fields,"een bed with shared bathroom
Half Bathroom

Registration Details
OL2025035275",False
1359454596270074487,2023-120139 OL,OL2023120139,Austin year/serial,merged listing fields,"ll visitors must be disclosed and approved

Registration Details
OL2023120139",True
1359630679366955809,2024-156096 OL,OL 2024 156096,Austin year/serial,merged listing fields,"use the bug spray provided under the sink.

Registration Details
OL 2024 156096",True
1360299925560671495,2025-001860 OL,OL 2025 001860,Austin year/serial,merged listing fields," free to message us - we’re happy to help.

Registration Details
OL 2025 001860",True
1360501663098122615,2026-063904 OL,OL-2026-063904,Austin year/serial,merged listing fields,". Edward’s University

Contact us to book!

Registration Details
OL-2026-063904",True
1362365731884365185,2025-025749 OL,OL 2025 025749,Austin year/serial,merged listing fields,"rby if you need anything during your stay.

Registration Details
OL 2025 025749",True
1362416240091266057,2026-030821 OL,OL 2026 030821,Austin year/serial,merged listing fields," the items in my home are not replaceable.

Registration Details
OL 2026 030821",True
1362465611075984071,2026-064640 OL,OL 2026 064640,Austin year/serial,merged listing fields,"privacy while still being close to it all!

Registration Details
OL 2026 064640",True
1362546001777550162,2026-043573 OL,OL 2026 043573,Austin year/serial,merged listing fields,"l.

Thank you very much for understanding.

Registration Details
OL 2026 043573",True
1362983208152872117,2026-093144 OL,Ol-2026-093144,Austin year/serial,merged listing fields," soap
• Laundry detergent (starter supply)

Registration Details
Ol-2026-093144",True
1363080740507498493,2026-059280 OL,OL 2026 059280,Austin year/serial,merged listing fields," fun place to stay while visiting the city

Registration Details
OL 2026 059280",True
13631037,2015-107800 OL,OL-2015107800,Austin year/serial,merged listing fields,"to booking

Ring security camera located outside of the property
OL-2015107800

Guest access
Guest have access to the items supplied in the home. 
Parking space will be",False
13631037,2025-120873 OL,OL 2025 120873,Austin year/serial,merged listing fields,"l the other switch  powers the dishwasher.

Registration Details
OL 2025 120873",True
1363168520145370132,2025-011331 OL,OL-2025-011331,Austin year/serial,merged listing fields,"ing  minutes from Austin’s best nightlife!

Registration Details
OL-2025-011331",True
1364673812165730598,2025-121746 OL,OL 2025 121746,Austin year/serial,merged listing fields,"use the bug spray provided under the sink.

Registration Details
OL 2025 121746",True
1365379118794996230,2022-034325 OL,OL 2022 034325,Austin year/serial,merged listing fields,"additional fee may range from $75 to $175.

Registration Details
OL 2022 034325",True
1365389439689877255,2026-063181 OL,OL 2026 063181,Austin year/serial,merged listing fields,"e assigned carport or on the guest parking

Registration Details
OL 2026 063181",False
1365545394901177897,2025-027111 OL,OL 2025 027111,Austin year/serial,merged listing fields," no smoking or drugs inside the apartment.

Registration Details
OL 2025 027111",True
1365784617982096309,2025-013500 OL,OL 2025 013500,Austin year/serial,merged listing fields,"ect blend of location, comfort, and style.

Registration Details
OL 2025 013500",False
13658208,2018-012001 OL,OL 2018 012001,Austin year/serial,merged listing fields,"the same. There is no TV in the apartment.

Registration Details
OL 2018 012001",True
1365931352996756393,2026-108455 OL,OL 2026 108455,Austin year/serial,merged listing fields,"urtains or shades
-All beds are queen size

Registration Details
OL 2026 108455",True
1366022180768046817,2026-032023 OL,OL 2026 032023,Austin year/serial,merged listing fields,"rea.

Other things to note
No pets allowed

Registration Details
OL 2026 032023",True
1367450039285132528,2025-016684 OL,OL 2025 016684,Austin year/serial,merged listing fields," for couples or groups looking for privacy

Registration Details
OL 2025 016684",True
1367721091034006196,2025-007916 OL,OL 2025 007916,Austin year/serial,merged listing fields," includes home and detached office studio.

Registration Details
OL 2025 007916",True
1367762589254035636,2025-001459 OL,OL 2025 001459,Austin year/serial,merged listing fields,"in advance and is subject to availability.

Registration Details
OL 2025 001459",True
1368117498331369595,2025-004834 OL,OL-2025-004834,Austin year/serial,merged listing fields,"roperty is fully licensed by the City of Austin.  License number OL-2025-004834

Registration Details
OL 2025 004834",True
1368265828773633071,2025-005002 OL,OL 2025 005002,Austin year/serial,merged listing fields,"ment (causing damage): $100 + repair costs

Registration Details
OL 2025 005002",True
1369110255098185506,2026-096824 OL,OL 2026 096824,Austin year/serial,merged listing fields,"l cleaning, a supplementary fee may apply.

Registration Details
OL 2026 096824",True
1369604682256491509,2024-023821 OL,OL 2024 023821,Austin year/serial,merged listing fields,"erience of comfort, style, and indulgence.

Registration Details
OL 2024 023821",True
13698295,2016-094202 OL,OL2016094202,Austin year/serial,merged listing fields,"ouse. This helps keep the home extra safe!

Registration Details
OL2016094202",False
1370018321554516487,2023-037247 OL,OL 2023 037247,Austin year/serial,merged listing fields,"a may not be available, including heating.

Registration Details
OL 2023 037247",False
1370613813407069140,2025-010844 OL,OL 2025 010844,Austin year/serial,merged listing fields,"ontact us directly for a combined booking.

Registration Details
OL 2025 010844",True
1371053319206914762,2025-131040 OL,OL2025131040,Austin year/serial,merged listing fields,"else is yours to relax, unwind, and enjoy.

Registration Details
OL2025131040",True
1371247424401224854,2025-016354 OL,OL 2025 016354,Austin year/serial,merged listing fields," for any occasion: SXSW, ACL, UT Football!

Registration Details
OL 2025 016354",True
1371297333518700085,2026-019407 OL,OL 2026 019407,Austin year/serial,merged listing fields,"will incur a fee $100 additional per hour.

Registration Details
OL 2026 019407",True
1371346725220973177,2025-011140 OL,OL-2025-011140,Austin year/serial,merged listing fields,"
Guest access
Smart key box for key access

Registration Details
OL-2025-011140",True
1371436175635920588,2026-105879 OL,OL 2026 105879,Austin year/serial,merged listing fields,"0 fee, which reflects the fine we receive.

Registration Details
OL 2026 105879",False
1373710259719488182,2026-036172 OL,OL 2026 036172,Austin year/serial,merged listing fields,"reat offers the perfect Austin experience.

Registration Details
OL 2026 036172",True
1374787605271297029,2024-022677 OL,OL 2024 022677,Austin year/serial,merged listing fields,"use the bug spray provided under the sink.

Registration Details
OL 2024 022677",True
1375529533721903853,2026-083252 OL,OL 2026 083252,Austin year/serial,merged listing fields,"e is a $500 fine for any noise violations.

Registration Details
OL 2026 083252",True
1375748366271664534,2025-074818 OL,OL 2025 074818,Austin year/serial,merged listing fields,"es—we give space but are here when needed.

Registration Details
OL 2025 074818",False
1378933209466268011,2024-161931 OL,OL2024161931,Austin year/serial,merged listing fields,"Late check-outs may incur additional fees.

Registration Details
OL2024161931",True
1378999450951864113,2026-057212 OL,OL 2026 057212,Austin year/serial,merged listing fields,"hank you very much for your understanding!

Registration Details
OL 2026 057212",False
1379774059841121415,2026-046248 OL,OL 2026 046248,Austin year/serial,merged listing fields," and comfortable environment for everyone!

Registration Details
OL 2026 046248",True
1379799917517425992,2021-201889 OL,OL 2021 201889,Austin year/serial,merged listing fields,"use the bug spray provided under the sink.

Registration Details
OL 2021 201889",False
1379958520508896402,2025-066388 OL,OL 2025 066388,Austin year/serial,merged listing fields," their reserved off-street parking spaces.

Registration Details
OL 2025 066388",False
1380667734929240685,2021-201889 OL,OL 2021 201889,Austin year/serial,merged listing fields,"report and prosecute all Credit Card Fraud

Registration Details
OL 2021 201889",False
1382103307975662932,2025-010726 OL,OL 2025 010726,Austin year/serial,merged listing fields,"d to provide the best possible experience.

Registration Details
OL 2025 010726",True
1382184793128654254,2025-066388 OL,OL 2025 066388,Austin year/serial,merged listing fields," and furniture cleaning. $500 minimum fee.

Registration Details
OL 2025 066388",False
1382689292548386102,2026-035011 OL,OL 2026 035011,Austin year/serial,merged listing fields,"ertise to people with sensitive allergies.

Registration Details
OL 2026 035011",True
1382816217817290814,2025-035295 OL,OL 2025 035295,Austin year/serial,merged listing fields,"ur stay, we’re always just a message away.

Registration Details
OL 2025 035295",True
1384100964151161813,2023-017553 OL,OL 2023 017553,Austin year/serial,merged listing fields," free to message us - we’re happy to help.

Registration Details
OL 2023 017553",True
13843877,2016-068375 OL,OL 2016 068375,Austin year/serial,merged listing fields,"HT MINIMUM OCTOBER 9–16 (during ACL Fest).

Registration Details
OL 2016 068375",True
1385106070689092213,2026-033066 OL,OL 2026 033066,Austin year/serial,merged listing fields,"ect for a weekend escape or a longer stay.

Registration Details
OL 2026 033066",True
1386207305864398033,2025-021766 OL,OL-2025-021766,Austin year/serial,merged listing fields,"e private fenced patio. Your Lone Star escape awaits!

The space
OL-2025-021766

SLEEPING ARRANGEMENTS
- Bedroom 1: 1 king bed
- Bedroom 2: 1 queen bed
- Bedroom 3: 1 qu",True
1386639082025351579,2025-066388 OL,OL 2025 066388,Austin year/serial,merged listing fields," their reserved off-street parking spaces.

Registration Details
OL 2025 066388",False
13866655,2026-087200 OL,OL 2026 087200,Austin year/serial,merged listing fields," worry about her barking as a noise issue.

Registration Details
OL 2026 087200",True
1387042665743102876,2026-057394 OL,OL 2026 057394,Austin year/serial,merged listing fields,"hank you very much for your understanding!

Registration Details
OL 2026 057394",False
1387080597831723206,2025-128030 OL,OL 2025 128030,Austin year/serial,merged listing fields,"ly access the property with keyless entry.

Registration Details
OL 2025 128030",True
1388265,2013-096301 OL,OL-2013-096301,Austin year/serial,merged listing fields,"broken down into individual night charges.

Registration Details
OL-2013-096301",False
1388355391195015339,2026-107453 OL,OL 2026 107453,Austin year/serial,merged listing fields,"s 3.8 miles 
Texas State Capitol 3.8 miles

Registration Details
OL 2026 107453",True
1388729243486967685,2024-147812 OL,OL 2024 147812,Austin year/serial,merged listing fields,"e will be sent 24 hours prior to check in.

Registration Details
OL 2024 147812",True
1390067983113446981,2025-035301 OL,OL2025035301,Austin year/serial,merged listing fields,"bath essentials. A smart lock makes check-in seamless.

License: OL2025035301

The space
The property is a two-story single-family home with the living room, kitchen, ",True
1390519691115727209,2025-020154 OL,OL-2025-020154,Austin year/serial,merged listing fields," while your lakeside home base delivers the slowdown!

The space
OL-2025-020154

Inside, you'll find a cozy and inviting space featuring a king bed, a jetted tub for u",True
1391300842085730251,2025-035338 OL,OL 2025 035338,Austin year/serial,merged listing fields,"essage us — we're happy to share the code!

Registration Details
OL 2025 035338",True
1392211367604539127,2025-117505 OL,OL 2025 117505,Austin year/serial,merged listing fields,"ase let us know we could prove it for you.

Registration Details
OL 2025 117505",True
1392865649404033827,2024-054312 OL,OL 2024 054312,Austin year/serial,merged listing fields,"ent to you 24 hours prior to your arrival.

Registration Details
OL 2024 054312",False
1393701078511439267,2026-042771 OL,OL 2026 042771,Austin year/serial,merged listing fields,"or guests who value cleanliness and quiet.

Registration Details
OL 2026 042771",True
1394389728884156837,2026-124418 OL,OL2026124418,Austin year/serial,merged listing fields,"and are happy to lend it during your stay.

Registration Details
OL2026124418",True
1394508577968745526,2026-040257 OL,OL 2026 040257,Austin year/serial,merged listing fields,"again is a short drive (5 - 10 mins) away.

Registration Details
OL 2026 040257",True
1395034699306672900,2025-035723 OL,OL2025035723,Austin year/serial,merged listing fields,"ady to Book. We are thrilled to host you!!

Registration Details
OL2025035723",True
1395071215464349378,2025-035698 OL,OL2025035698,Austin year/serial,merged listing fields,"ience. Book now for an unforgettable stay!

Registration Details
OL2025035698",True
1395145420609325913,2025-066410 OL,OL 2025 066410,Austin year/serial,merged listing fields," their reserved off-street parking spaces.

Registration Details
OL 2025 066410",False
1396332260587043602,2025-043447 OL,OL 2025 043447,Austin year/serial,merged listing fields,"to the rest of the home and outdoor areas.

Registration Details
OL 2025 043447",True
1396394027910036929,2025-016845 OL,OL-2025-016845,Austin year/serial,merged listing fields,"the guest for the remainder of their stay.

Registration Details
OL-2025-016845",True
1396812198516440354,2026-036175 OL,OL 2026 036175,Austin year/serial,merged listing fields,"reat offers the perfect Austin experience.

Registration Details
OL 2026 036175",True
1397020386119011689,2025-111783 OL,OL 2025 111783,Austin year/serial,merged listing fields," environment for all guests and residents.

Registration Details
OL 2025 111783",True
1398133215259090214,2025-019576 OL,OL-2025-019576,Austin year/serial,merged listing fields,"e
Pets allowed.  Please call to coordinate

Registration Details
OL-2025-019576",False
1398635,2012-109441 OL,OL-2012-109441,Austin year/serial,merged listing fields," other historic homes in the neighborhood.

Registration Details
OL-2012-109441",True
1398658564375933944,2025-038483 OL,OL 2025 038483,Austin year/serial,merged listing fields,"stin like a local, with comfort and style.

Registration Details
OL 2025 038483",True
1399469681791197874,2024-018495 OL,OL 2024 018495,Austin year/serial,merged listing fields,"ase let us know we could prove it for you.

Registration Details
OL 2024 018495",True
1399693010468741243,2021-201889 OL,OL 2021 201889,Austin year/serial,merged listing fields,"report and prosecute all Credit Card Fraud

Registration Details
OL 2021 201889",False
1400054311282339585,2026-081055 OL,OL 2026 081055,Austin year/serial,merged listing fields,"t inside garage and Master Bedroom Closet.

Registration Details
OL 2026 081055",False
1401535098186772337,2021-201889 OL,OL 2021 201889,Austin year/serial,merged listing fields,"report and prosecute all Credit Card Fraud

Registration Details
OL 2021 201889",False
1401766537746821960,2021-201889 OL,OL 2021 201889,Austin year/serial,merged listing fields,"iet hours are observed from 10 PM to 7 AM.

Registration Details
OL 2021 201889",False
1402340347323547563,2026-071876 OL,OL 2026 071876,Austin year/serial,merged listing fields,"ity fast.

We look forward to hosting you!

Registration Details
OL 2026 071876",True
1403171281168575100,2025-140883 OL,OL 2025 140883,Austin year/serial,merged listing fields,"eep everyone entertained inside the house!

Registration Details
OL 2025 140883",True
1404308333156233943,2026-032108 OL,OL 2026 032108,Austin year/serial,merged listing fields,"ke detectors will go off inside. duh......

Registration Details
OL 2026 032108",True
1404361519334808254,2025-048847 OL,OL-2025-048847,Austin year/serial,merged listing fields,"ball - 15 minute rideshare to the stadium.

Registration Details
OL-2025-048847",True
1404657195072073507,2026-088996 OL,OL 2026 088996,Austin year/serial,merged listing fields,"wn gated backyard separate from the house!

Registration Details
OL 2026 088996",True
1404685950509926884,2026-012267 OL,OL 2026 012267,Austin year/serial,merged listing fields,"ood

The space
3 bedroom 
2 bath 
sleeps 8

Registration Details
OL 2026 012267",True
140474,2014-001250 OL,2014-001250 OL,Austin year/serial,merged listing fields,"accommodate children 5 years old or older.

Registration Details
2014-001250 OL",True
1404800574650531856,2025-030012 OL,OL 2025 030012,Austin year/serial,merged listing fields," and luxurious experience for every guest.

Registration Details
OL 2025 030012",True
1405026738214069929,2025-049045 OL,OL 2025 049045,Austin year/serial,merged listing fields,"operty and its surroundings have to offer.

Registration Details
OL 2025 049045",True
140504,2014-001100 OL,2014-001100 OL,Austin year/serial,merged listing fields,"accommodate children 5 years old or older.

Registration Details
2014-001100 OL",True
1405256626369772283,2026-030274 OL,OL2026030274,Austin year/serial,merged listing fields,"ll be welcomed and treated like family. ♥️

Registration Details
OL2026030274",True
1405274973719930499,2025-097659 OL,OL 2025 097659,Austin year/serial,merged listing fields,"t the space do what it does best: inspire.

Registration Details
OL 2025 097659",False
1405752198726347321,2025-042653 OL,OL-2025-042653,Austin year/serial,merged listing fields,"ut flexible availability for your booking.

Registration Details
OL-2025-042653",True
1405895667514617528,2025-135073 OL,OL 2025 135073,Austin year/serial,merged listing fields,"your patience & we can’t wait to host you!

Registration Details
OL 2025 135073",True
1406836568555849451,2025-052645 OL,OL-2025-052645,Austin year/serial,merged listing fields,"stin getaway – we’d love to host you soon!

Registration Details
OL-2025-052645",True
1408105644433036637,2025-034771 OL,OL 2025 034771,Austin year/serial,merged listing fields,"can’t wait to help make your stay amazing.

Registration Details
OL 2025 034771",False
1408234906345323734,2025-059998 OL,OL 2025 059998,Austin year/serial,merged listing fields," Avenue shopping district (40 minute walk)

Registration Details
OL 2025 059998",False
1408356283862288280,2026-075364 OL,OL 2026 075364,Austin year/serial,merged listing fields,"tute a violation of the reservation terms.

Registration Details
OL 2026 075364",False
1408439694616047682,2026-050562 OL,OL 2026 050562,Austin year/serial,merged listing fields,"s and another for stays of 28 or more days

Registration Details
OL 2026 050562",True
1409295801388249919,2024-063921 OL,OL 2024 063921,Austin year/serial,merged listing fields,"derstanding and helping us conserve water!

Registration Details
OL 2024 063921",False
1410778742911623048,2025-022183 OL,OL 2025 022183,Austin year/serial,merged listing fields,"we embrace the seasons and conserve water!

Registration Details
OL 2025 022183",False
1410928542656723874,2025-059865 OL,OL2025059865,Austin year/serial,merged listing fields,"Late check-outs may incur additional fees.

Registration Details
OL2025059865",False
1411283371394864348,2025-100045 OL,OL 2025 100045,Austin year/serial,merged listing fields,"mill and ensuring you are fit to exercise.

Registration Details
OL 2025 100045",True
1412428521381504229,2020-080949 OL,OL 2020 080949,Austin year/serial,merged listing fields,"ual Front Desk accessed via mobile device.

Registration Details
OL 2020 080949",True
1412428616223943839,2022-027835 OL,OL 2022 027835,Austin year/serial,merged listing fields,"ual Front Desk accessed via mobile device.

Registration Details
OL 2022 027835",True
1412476856522241025,2026-043580 OL,OL 2026 043580,Austin year/serial,merged listing fields,"l.

Thank you very much for understanding.

Registration Details
OL 2026 043580",True
1412969513362588969,2025-084227 OL,OL 2025 084227,Austin year/serial,merged listing fields,"e & Stage

Always available for questions!

Registration Details
OL 2025 084227",False
1414925336463731944,2025-046803 OL,OL 2025 046803,Austin year/serial,merged listing fields," all while still enjoying space and quiet.

Registration Details
OL 2025 046803",True
1415944921369672830,2025-038551 OL,OL 2025 038551,Austin year/serial,merged listing fields," free to message us - we’re happy to help.

Registration Details
OL 2025 038551",True
1415970515740127714,2025-038466 OL,OL-2025-038466,Austin year/serial,merged listing fields,"al is the perfect base for your next Texan adventure!

The space
OL-2025-038466

SLEEPING ARRANGEMENTS
- Bedroom 1: 1 king bed
- Bedroom 2: 1 queen bed
- Bedroom 3:",True
1417694019854341295,2025-016784 OL,OL 2025 016784,Austin year/serial,merged listing fields,"ree on-site covered and lit parking spaces

Registration Details
OL 2025 016784",True
1417777444470809881,2025-016784 OL,OL 2025 016784,Austin year/serial,merged listing fields,"ree on-site covered and lit parking spaces

Registration Details
OL 2025 016784",True
1417789718299303536,2025-016784 OL,OL 2025 016784,Austin year/serial,merged listing fields,"ree on-site covered and lit parking spaces

Registration Details
OL 2025 016784",True
1418251730513307715,2025-102424 OL,OL2025102424,Austin year/serial,merged listing fields,"ave a question? We’re just a message away.

Registration Details
OL2025102424",False
1418319880903051742,2021-201889 OL,OL 2021 201889,Austin year/serial,merged listing fields,"t the whole Austin vibe during their stay.

Registration Details
OL 2021 201889",False
1418502292680043896,2026-075361 OL,OL 2026 075361,Austin year/serial,merged listing fields,"tute a violation of the reservation terms.

Registration Details
OL 2026 075361",False
1418517446341593420,2026-075363 OL,OL 2026 075363,Austin year/serial,merged listing fields,"tute a violation of the reservation terms.

Registration Details
OL 2026 075363",False
1419120768287861027,2025-004200 OL,OL2025004200,Austin year/serial,merged listing fields,"ho respect our peaceful home are always welcome.

License number OL2025004200

The space
Welcome! .We are happy to host you!

The room features:
• Comfortable queen be",True
1419442062274180098,2026-075362 OL,OL 2026 075362,Austin year/serial,merged listing fields,"tute a violation of the reservation terms.

Registration Details
OL 2026 075362",False
1419581763625015622,2025-062934 OL,OL-2025-062934,Austin year/serial,merged listing fields,"morning coffee while watching the sunrise.

Registration Details
OL-2025-062934",False
1420022421348822922,2026-075249 OL,OL 2026 075249,Austin year/serial,merged listing fields,"tute a violation of the reservation terms.

Registration Details
OL 2026 075249",False
1420470837957480055,2022-156833 OL,OL-2022-156833,Austin year/serial,merged listing fields,"ther things to note
Age 18 Booking Minimum

Registration Details
OL-2022-156833",True
1420876907572239543,2025-109574 OL,OL 2025 109574,Austin year/serial,merged listing fields,"your Austin getaway the moment you arrive.

Registration Details
OL 2025 109574",False
1421294157445912641,2024-156141 OL,OL 2024 156141,Austin year/serial,merged listing fields,"k and a trail system in  the neighborhood.

Registration Details
OL 2024 156141",True
1422595065718686673,2025-120806 OL,OL 2025 120806,Austin year/serial,merged listing fields," free to message us - we’re happy to help.

Registration Details
OL 2025 120806",False
1422674066340763872,2025-091093 OL,OL 2025 091093,Austin year/serial,merged listing fields,"versity of Texas campus and medical center

Registration Details
OL 2025 091093",False
1423354298651932319,2023-147958 OL,OL 2023 147958,Austin year/serial,merged listing fields,"xperience at this centrally-located place.

Registration Details
OL 2023 147958",True
1423355675225830071,2026-098497 OL,OL 2026 098497,Austin year/serial,merged listing fields,"bout staying here, feel free to reach out.

Registration Details
OL 2026 098497",True
1424772450143725777,2023-129447 OL,OL2023129447,Austin year/serial,merged listing fields,"ep in accordance with local noise regulations.

-Permit Numbers: OL2023129447 & OL2023129351

Registration Details
OL 2023 129447",True
1424772450143725777,2023-129351 OL,OL2023129351,Austin year/serial,merged listing fields,"e with local noise regulations.

-Permit Numbers: OL2023129447 & OL2023129351

Registration Details
OL 2023 129447",True
1424772623459427861,2024-006479 OL,OL 2024 006479,Austin year/serial,merged listing fields,"n accordance with local noise regulations.

Registration Details
OL 2024 006479",True
1424772699560467285,2023-147065 OL,OL 2023 147065,Austin year/serial,merged listing fields,"n accordance with local noise regulations.

Registration Details
OL 2023 147065",True
1425347875114978346,2023-095891 OL,OL 2023 095891,Austin year/serial,merged listing fields," is a no-weapons no-parties space.
Thanks!

Registration Details
OL 2023 095891",False
1425550693738140955,2025-066388 OL,OL 2025 066388,Austin year/serial,merged listing fields," their reserved off-street parking spaces.

Registration Details
OL 2025 066388",False
1425554688195682209,2025-066388 OL,OL 2025 066388,Austin year/serial,merged listing fields," their reserved off-street parking spaces.

Registration Details
OL 2025 066388",False
1425578025963065975,2025-113801 OL,OL 2025 113801,Austin year/serial,merged listing fields,"r stay. Your Austin adventure starts here!

Registration Details
OL 2025 113801",True
1426064315662693514,2026-068358 OL,OL 2026 068358,Austin year/serial,merged listing fields,"items in drawers and throughout the space.

Registration Details
OL 2026 068358",True
1426288956064957914,2025-092584 OL,OL-2025-092584,Austin year/serial,merged listing fields,"use the bug spray provided under the sink.

Registration Details
OL-2025-092584",False
14281779,2019-175477 OL,OL2019175477,Austin year/serial,merged listing fields,"all make this urban retreat uniquely Austin.

ATX STR License #: OL2019175477

The space
Perfect for those wanting a central yet peaceful perch from which to explore A",False
14281779,2019-175447 OL,OL 2019 175447,Austin year/serial,merged listing fields,"idious fellow!) before each guest arrives.

Registration Details
OL 2019 175447",True
1431453764992223192,2018-120579 OL,OL2018120579,Austin year/serial,merged listing fields,"s
- On-call property manager for any needs
- Fully licensed STR: OL2018120579

Note: External security cameras monitor only the front & back entrances for your safety.",False
1431453764992223192,2026-024078 OL,OL 2026 024078,Austin year/serial,merged listing fields,"n’s best attractions on your own schedule.

Registration Details
OL 2026 024078",True
14317978,2026-041203 OL,OL 2026 041203,Austin year/serial,merged listing fields,"e, fenced-in backyard including patio set.

Registration Details
OL 2026 041203",True
1432063924734086449,2024-015029 OL,OL 2024 015029,Austin year/serial,merged listing fields,"n accordance with local noise regulations.

Registration Details
OL 2024 015029",True
1432064717916694252,2024-015017 OL,OL 2024 015017,Austin year/serial,merged listing fields,"n accordance with local noise regulations.

Registration Details
OL 2024 015017",True
1432066040535689088,2024-015316 OL,OL 2024 015316,Austin year/serial,merged listing fields,"n accordance with local noise regulations.

Registration Details
OL 2024 015316",True
1432066524714589318,2024-015095 OL,OL 2024 015095,Austin year/serial,merged listing fields,"n accordance with local noise regulations.

Registration Details
OL 2024 015095",True
1432067047371444716,2024-003489 OL,OL 2024 003489,Austin year/serial,merged listing fields,"n accordance with local noise regulations.

Registration Details
OL 2024 003489",True
1432068447430160710,2024-003521 OL,OL 2024 003521,Austin year/serial,merged listing fields,"n accordance with local noise regulations.

Registration Details
OL 2024 003521",True
1433022265931810449,2025-052569 OL,OL 2025 052569,Austin year/serial,merged listing fields,"ve. 
I hope you enjoy your stay in Austin!

Registration Details
OL 2025 052569",False
1433387030578101991,2025-081193 OL,OL 2025 081193,Austin year/serial,merged listing fields,"and others)
~14 miles to Tesla Gigafactory

Registration Details
OL 2025 081193",False
1434253263413807084,2025-062694 OL,OL 2025 062694,Austin year/serial,merged listing fields," depending on weather. (Not a heated pool)

Registration Details
OL 2025 062694",False
1434880631411050487,2025-083872 OL,OL 2025 083872,Austin year/serial,merged listing fields,"use the bug spray provided under the sink.

Registration Details
OL 2025 083872",False
1434922804501916126,2024-088948 OL,OL 2024 088948,Austin year/serial,merged listing fields,"place on the first Tuesday of every month.

Registration Details
OL 2024 088948",False
1435460102781753711,2025-117840 OL,OL 2025 117840,Austin year/serial,merged listing fields,"very much. We look forward to hosting you!

Registration Details
OL 2025 117840",True
1436352221742258083,2026-100229 OL,OL 2026 100229,Austin year/serial,merged listing fields,"sed if Austin talks you into one more day.

Registration Details
OL 2026 100229",True
1436575321790419289,2026-065087 OL,OL-2026-065087,Austin year/serial,merged listing fields,"n accordance with applicable privacy laws.

Registration Details
OL-2026-065087",True
1436578778975973513,2026-065110 OL,OL-2026-065110,Austin year/serial,merged listing fields,"in accordance with applicable privacy laws

Registration Details
OL-2026-065110",True
1436580833836465494,2026-065109 OL,OL-2026-065109,Austin year/serial,merged listing fields,"n accordance with applicable privacy laws.

Registration Details
OL-2026-065109",True
1436584584077258890,2026-065111 OL,OL-2026-065111,Austin year/serial,merged listing fields,"n accordance with applicable privacy laws.

Registration Details
OL-2026-065111",True
1436988830726643178,2025-031568 OL,OL2025031568,Austin year/serial,merged listing fields,"party in the spacious outdoor dining area.

Registration Details
OL2025031568",False
1437005833559317141,2026-029713 OL,OL 2026 029713,Austin year/serial,merged listing fields,"everything you need to feel right at home.

Registration Details
OL 2026 029713",True
1437108596110019316,2025-115889 OL,OL-2025-115889,Austin year/serial,merged listing fields,"create a seamless, restorative experience.

Registration Details
OL-2025-115889",True
1437284940669774016,2020-071938 OL,OL2020071938,Austin year/serial,merged listing fields,"his is your launchpad to everything Austin.

Operating License #	OL2020071938

Registration Details
OL 2020 071938",False
1437711428831912974,2025-117842 OL,OL 2025 117842,Austin year/serial,merged listing fields,"very much. We look forward to hosting you!

Registration Details
OL 2025 117842",False
1437857646397547610,2025-117841 OL,OL 2025 117841,Austin year/serial,merged listing fields,"very much. We look forward to hosting you!

Registration Details
OL 2025 117841",False
1437870014159350845,2025-084543 OL,OL 2025 084543,Austin year/serial,merged listing fields," with our grill, in the fully fenced yard.

Registration Details
OL 2025 084543",False
1437921223960160520,2025-117843 OL,OL 2025 117843,Austin year/serial,merged listing fields,"very much. We look forward to hosting you!

Registration Details
OL 2025 117843",False
1437939808822386671,2025-117844 OL,OL 2025 117844,Austin year/serial,merged listing fields,"very much. We look forward to hosting you!

Registration Details
OL 2025 117844",False
1437946123640745917,2025-117845 OL,OL 2025 117845,Austin year/serial,merged listing fields,"very much. We look forward to hosting you!

Registration Details
OL 2025 117845",False
1437966823141952185,2025-117846 OL,OL 2025 117846,Austin year/serial,merged listing fields,"very much. We look forward to hosting you!

Registration Details
OL 2025 117846",False
1437981579648493763,2025-117847 OL,OL 2025 117847,Austin year/serial,merged listing fields,"very much. We look forward to hosting you!

Registration Details
OL 2025 117847",False
1437993949978647587,2025-117848 OL,OL 2025 117848,Austin year/serial,merged listing fields,"very much. We look forward to hosting you!

Registration Details
OL 2025 117848",False
1438016300058257653,2025-117851 OL,OL 2025 117851,Austin year/serial,merged listing fields,"very much. We look forward to hosting you!

Registration Details
OL 2025 117851",False
1439265031689976188,2025-095219 OL,OL 2025 095219,Austin year/serial,merged listing fields,"ible.

Other things to note
Spanish spoken

Registration Details
OL 2025 095219",False
1439850967510984272,2026-030757 OL,OL 2026 030757,Austin year/serial,merged listing fields,"nd has a new organic mattress and pillows.

Registration Details
OL 2026 030757",True
1440774715329120024,2026-033824 OL,OL 2026 033824,Austin year/serial,merged listing fields,"ome personal items will still be in the ho

Registration Details
OL 2026 033824",True
1440928464013648579,2025-052632 OL,OL 2025 052632,Austin year/serial,merged listing fields,"/eastaustinpool or airbnb.com/h/austinpool

Registration Details
OL 2025 052632",True
1441697832189349460,2025-137635 OL,OL 2025 137635,Austin year/serial,merged listing fields,"control. We appreciate your understanding.

Registration Details
OL 2025 137635",True
1442031557731915032,2024-098792 OL,OL 2024 098792,Austin year/serial,merged listing fields,"e access to the entire home and back yard!

Registration Details
OL 2024 098792",True
1442063861886457973,2023-147065 OL,OL 2023 147065,Austin year/serial,merged listing fields,"n accordance with local noise regulations.

Registration Details
OL 2023 147065",True
1442246956970991285,2025-021783 OL,OL2025021783,Austin year/serial,merged listing fields,"tely private for the duration of your stay

Registration Details
OL2025021783",False
1442394301034837047,2026-075365 OL,OL 2026 075365,Austin year/serial,merged listing fields,"tute a violation of the reservation terms.

Registration Details
OL 2026 075365",False
1442737179240987306,2025-090984 OL,OL 2025 090984,Austin year/serial,merged listing fields,"where you can take in the lake from above.

Registration Details
OL 2025 090984",False
1442887197163701872,2026-142856 OL,OL-2026-142856,Austin year/serial,merged listing fields,", or bar hopping, this is the place to be.

Registration Details
OL-2026-142856",False
1443114817776850084,2025-030012 OL,OL 2025 030012,Austin year/serial,merged listing fields," and luxurious experience for every guest.

Registration Details
OL 2025 030012",True
1443532967517812280,2025-060049 OL,OL 2025 060049,Austin year/serial,merged listing fields,"am and I will share our favorites.

Mahalo

Registration Details
OL 2025 060049",True
1443618150779468216,2024-022217 OL,OL 2024 022217,Austin year/serial,merged listing fields,"time hours to complete routine maintenance

Registration Details
OL 2024 022217",True
1444906869467571263,2026-035564 OL,OL 2026 035564,Austin year/serial,merged listing fields,"id prior to each monthly cleaning service.

Registration Details
OL 2026 035564",True
1445651884530001510,2025-017486 OL,OL 2025 017486,Austin year/serial,merged listing fields,"if you need Operating License information.

Registration Details
OL 2025 017486",True
1447961737779538788,2023-007256 OL,OL 2023 007256,Austin year/serial,merged listing fields,"e of $541 will be collected after booking.

Registration Details
OL 2023 007256",True
1448079104942710126,2025-066410 OL,OL 2025 066410,Austin year/serial,merged listing fields," their reserved off-street parking spaces.

Registration Details
OL 2025 066410",False
1448532252490661239,2025-161265 OL,OL 2025 161265,Austin year/serial,merged listing fields,"ts, or damages resulting from hammock use.

Registration Details
OL 2025 161265",True
1448804832335369192,2025-066410 OL,OL 2025 066410,Austin year/serial,merged listing fields," their reserved off-street parking spaces.

Registration Details
OL 2025 066410",False
1450115901286599105,2025-060020 OL,OL 2025 060020,Austin year/serial,merged listing fields,"ng this policy.

2025 License #OL 
.060020

Registration Details
OL 2025 060020",True
1451599624189938840,2025-071710 OL,OL 2025 071710,Austin year/serial,merged listing fields,"in full compliance with local regulations.

Registration Details
OL 2025 071710",False
1452307325395203328,2022-164330 OL,OL 2022 164330,Austin year/serial,merged listing fields,"able, quiet, and perfect for work or play!

Registration Details
OL 2022 164330",False
1452361570488048071,2026-008234 OL,OL 2026 008234,Austin year/serial,merged listing fields,"acknowledge and agree to these conditions.

Registration Details
OL 2026 008234",True
1452981535903415609,2025-075658 OL,OL 2025 075658,Austin year/serial,merged listing fields," included as a Guest Damage Insurance Fee.

Registration Details
OL 2025 075658",False
1453182209951825981,2026-040623 OL,OL2026040623,Austin year/serial,merged listing fields,"y and have use of outside table and grill.

Registration Details
OL2026040623",True
1453575798438693223,2025-162733 OL,OL 2025 162733,Austin year/serial,merged listing fields,"ace.

Other things to note
LGBTQ+ Friendly

Registration Details
OL 2025 162733",True
1455386365566732138,2025-011277 OL,OL2025011277,Austin year/serial,merged listing fields,"our calm retreat in the heart of Austin. 𓅫

Registration Details
OL2025011277",True
1456005861945757985,2025-082579 OL,OL 2025 082579,Austin year/serial,merged listing fields," free to message us - we’re happy to help.

Registration Details
OL 2025 082579",False
1456033950934265167,2025-078355 OL,OL 2025 078355,Austin year/serial,merged listing fields," free to message us - we’re happy to help.

Registration Details
OL 2025 078355",False
1456111729669529106,2025-031937 OL,OL 2025 031937,Austin year/serial,merged listing fields,"ightlife, and downtown—ideal for any stay.

Registration Details
OL 2025 031937",True
1456370478117276300,2025-076033 OL,OL2025076033,Austin year/serial,merged listing fields,"Late check-outs may incur additional fees.

Registration Details
OL2025076033",False
1456497811462266431,2025-019866 OL,OL 2025 019866,Austin year/serial,merged listing fields,"ate check out. Check in 3pm check out 11am

Registration Details
OL 2025 019866",False
1456521978020399512,2025-081676 OL,OL 2025 081676,Austin year/serial,merged listing fields,"imum of four cars at anytime at the house.

Registration Details
OL 2025 081676",False
1457438518292379458,2026-057878 OL,OL 2026 057878,Austin year/serial,merged listing fields,"way. Your perfect Austin stay starts here!

Registration Details
OL 2026 057878",True
1457476535309712310,2025-090763 OL,OL-2025-090763,Austin year/serial,merged listing fields,"lease make sure to remove tape from walls.

Registration Details
OL-2025-090763",False
1458718227295802765,2025-084433 OL,OL 2025 084433,Austin year/serial,merged listing fields," is more than a stay — it’s an experience.

Registration Details
OL 2025 084433",False
1459013796384028109,2025-111943 OL,OL-2025-111943,Austin year/serial,merged listing fields,"tiate cancel in such case to get a refund)

Registration Details
OL-2025-111943",True
1459711727604617024,2025-112002 OL,OL-2025-112002,Austin year/serial,merged listing fields,"tiate cancel in such case to get a refund)

Registration Details
OL-2025-112002",True
1460364790311420172,2025-016132 OL,OL 2025 016132,Austin year/serial,merged listing fields,"equest at an additional cost per cleaning.

Registration Details
OL 2025 016132",False
1461266,2014-007844 OL,2014-007844 OL,Austin year/serial,merged listing fields,"accommodate children 5 years old or older.

Registration Details
2014-007844 OL",True
1462557,2022-130848 OL,OL 2022 130848,Austin year/serial,merged listing fields,"t a safe place for small children to stay.

Registration Details
OL 2022 130848",False
1462674008659951084,2026-125524 OL,OL 2026 125524,Austin year/serial,merged listing fields,"st.  Will coordinate access to the garage.

Registration Details
OL 2026 125524",False
1463037382553139268,2026-060516 OL,OL2026060516,Austin year/serial,merged listing fields," low both inside and outside at all times.

Registration Details
OL2026060516",True
1463268370699526721,2025-042577 OL,OL 2025 042577,Austin year/serial,merged listing fields,"primary closet are reserved for owner use.

Registration Details
OL 2025 042577",True
1464893306721814386,2025-056019 OL,OL 2025 056019,Austin year/serial,merged listing fields," arrival.  You may access the entire unit.

Registration Details
OL 2025 056019",False
1465204375131522175,2026-034109 OL,OL-2026-034109,Austin year/serial,merged listing fields,"upon booking. Quiet hours from 10pm to 6am

Registration Details
OL-2026-034109",True
1465465510247175143,2025-092730 OL,OL 2025 092730,Austin year/serial,merged listing fields,"uitable for guests with mobility concerns.

Registration Details
OL 2025 092730",False
1465939000093226052,2025-092510 OL,OL 2025 092510,Austin year/serial,merged listing fields,"Late check-outs may incur additional fees.

Registration Details
OL 2025 092510",False
1466231304642888320,2025-034701 OL,OL 2025 034701,Austin year/serial,merged listing fields,"ock
• Rooftop patio off the 3rd floor loft

Registration Details
OL 2025 034701",True
1466781244773602318,2022-144651 OL,OL2022144651,Austin year/serial,merged listing fields,"ate requires 6% and the city requires 11%.

Registration Details
OL2022144651",True
1466930726361019379,2025-071732 OL,OL 2025 071732,Austin year/serial,merged listing fields,"note
Happy to answer any questions at all!

Registration Details
OL 2025 071732",False
1467006341501462650,2024-012142 OL,OL 2024 012142,Austin year/serial,merged listing fields,"have plenty of time to prepare it for you!

Registration Details
OL 2024 012142",True
14671731,2016-096568 OL,OL 2016 096568,Austin year/serial,merged listing fields,"t has an integrated adapter for other EVs.

Registration Details
OL 2016 096568",True
1467358891444582611,2025-112638 OL,OL2025112638,Austin year/serial,merged listing fields,"Late check-outs may incur additional fees.

Registration Details
OL2025112638",True
1467424972652974201,2026-091025 OL,OL 2026 091025,Austin year/serial,merged listing fields,"e of $541 will be collected after booking.

Registration Details
OL 2026 091025",True
1467424998137340185,2024-063870 OL,OL 2024 063870,Austin year/serial,merged listing fields,"e of $521 will be collected after booking.

Registration Details
OL 2024 063870",True
1468095291022237920,2025-062588 OL,OL 2025 062588,Austin year/serial,merged listing fields,"ational. Thank you for your understanding!

Registration Details
OL 2025 062588",False
1468336038172678283,2025-002346 OL,OL 2025 002346,Austin year/serial,merged listing fields,"report and prosecute all Credit Card Fraud

Registration Details
OL 2025 002346",True
14697359,2025-117552 OL,OL 2025 117552,Austin year/serial,merged listing fields,"ss check-in/check-out makes it super easy!

Registration Details
OL 2025 117552",True
1470343527908402309,2025-134071 OL,OL 2025 134071,Austin year/serial,merged listing fields,"ors and house rules. NO DISRUPTIVE GUESTS.

Registration Details
OL 2025 134071",True
1470544578911837890,2025-076279 OL,OL 2025 076279,Austin year/serial,merged listing fields,"occasionally notice a bug or small critter

Registration Details
OL 2025 076279",False
1470926628429648515,2025-115471 OL,OL 2025 115471,Austin year/serial,merged listing fields,", it can be rented for an additional cost.

Registration Details
OL 2025 115471",True
1471006579742548379,2025-087687 OL,OL 2025 087687,Austin year/serial,merged listing fields,"mire the pecan trees that canopy the unit.

Registration Details
OL 2025 087687",False
1471173515424028024,2025-076155 OL,OL 2025 076155,Austin year/serial,merged listing fields,"ames, festivals, getaways, and gatherings!

Registration Details
OL 2025 076155",False
1471298245164454775,2023-023759 OL,OL-2023-023759,Austin year/serial,merged listing fields,"me know. 

We look forward to hosting you!

Registration Details
OL-2023-023759",True
1472048709449802819,2025-075545 OL,OL2025075545,Austin year/serial,merged listing fields,"fits 1 car.

Bed size: Full XL (80” x 54”)

Registration Details
OL2025075545",False
1472691124229676985,2025-005506 OL,OL 2025 005506,Austin year/serial,merged listing fields,"equest at an additional cost per cleaning.

Registration Details
OL 2025 005506",True
1472698930974218254,2025-005270 OL,OL 2025 005270,Austin year/serial,merged listing fields,"equest at an additional cost per cleaning.

Registration Details
OL 2025 005270",True
1472701311799323082,2025-005240 OL,OL 2025 005240,Austin year/serial,merged listing fields,"equest at an additional cost per cleaning.

Registration Details
OL 2025 005240",True
1472704190377786362,2025-005287 OL,OL 2025 005287,Austin year/serial,merged listing fields,"equest at an additional cost per cleaning.

Registration Details
OL 2025 005287",True
14741664,2019-222654 OL,OL-2019-222654,Austin year/serial,merged listing fields,"n guest tax and a $125 house cleaning fee.

Registration Details
OL-2019-222654",True
1475354823349581013,2026-095370 OL,OL 2026 095370,Austin year/serial,merged listing fields,"ub and deck are all included in this stay.

Registration Details
OL 2026 095370",True
1475423355224146228,2026-036289 OL,OL 2026 036289,Austin year/serial,merged listing fields,"ts, UT football games, F1, ACL,  and SXSW.

Registration Details
OL 2026 036289",True
1475727368813439468,2025-113105 OL,OL 2025 113105,Austin year/serial,merged listing fields,"tighter during busy weekends or festivals.

Registration Details
OL 2025 113105",True
1476000825377770330,2025-078623 OL,OL2025078623,Austin year/serial,merged listing fields,"ing their own EV charger adapter (Level 2)

Registration Details
OL2025078623",True
1476317812974035210,2026-096712 OL,OL 2026 096712,Austin year/serial,merged listing fields,"h new blinds for an extra sense of comfort

Registration Details
OL 2026 096712",True
1476477559348979798,2025-045087 OL,OL 2025 045087,Austin year/serial,merged listing fields,"ers or couples seeking comfort and design.

Registration Details
OL 2025 045087",True
1477664826282150632,2025-092406 OL,OL2025092406,Austin year/serial,merged listing fields,"/back yard.

Other things to note
City of Austin License Number: OL2025092406

Registration Details
OL 2025 092406",False
1477865834113256886,2025-056213 OL,OL 2025 056213,Austin year/serial,merged listing fields," is necessary and it’s hard to reschedule.

Registration Details
OL 2025 056213",False
14784589,2022-152289 OL,OL2022152289,Austin year/serial,merged listing fields,"otel Occupancy Taxes on a quarterly basis.

Registration Details
OL2022152289",True
1479684481348519347,2025-055521 OL,OL 2025 055521,Austin year/serial,merged listing fields,"t can speak Spanish, Portuguese and German

Registration Details
OL 2025 055521",False
1480082183363505180,2026-051093 OL,OL 2026 051093,Austin year/serial,merged listing fields,"t has everything you need to feel at home.

Registration Details
OL 2026 051093",True
1480809305962513674,2024-054312 OL,OL-2024-054312,Austin year/serial,merged listing fields," your pet, please feel free to reach out 🐾

Registration Details
OL-2024-054312",False
1481175911272516707,2025-076158 OL,OL 2025 076158,Austin year/serial,merged listing fields," hours so our neighbors can rest easy too!

Registration Details
OL 2025 076158",False
1481223437676070719,2026-076657 OL,OL 2026 076657,Austin year/serial,merged listing fields,". Welcome to my humble abode.  Ciao, Adam.

Registration Details
OL 2026 076657",False
1481242500236977624,2025-091287 OL,OL 2025 091287,Austin year/serial,merged listing fields," of this modern retreat!

Things to know

Registration Details
OL 2025 091287",False
1481816680394072742,2025-068591 OL,OL 2025 068591,Austin year/serial,merged listing fields,"pply
• Check‐in 4:00 PM; checkout 10:00 AM

Registration Details
OL 2025 068591",False
1482650485499590089,2026-112610 OL,OL 2026 112610,Austin year/serial,merged listing fields,"e Home if that makes you more comfortable.

Registration Details
OL 2026 112610",True
1482783319868247564,2025-133993 OL,OL 2025 133993,Austin year/serial,merged listing fields,"e love hosting people to my favorite city!

Registration Details
OL 2025 133993",True
1482829299884169198,2025-094893 OL,OL 2025 094893,Austin year/serial,merged listing fields,"ge fenced yard with front and back patios.

Registration Details
OL 2025 094893",False
1483609371603043440,2022-156863 OL,OL 2022 156863,Austin year/serial,merged listing fields,"nt entrance which records video and audio.

Registration Details
OL 2022 156863",True
1483662523821056149,2025-066410 OL,OL 2025 066410,Austin year/serial,merged listing fields,"d to welcoming you to our home!

💛 Laurent

Registration Details
OL 2025 066410",False
1483666678869644301,2025-066410 OL,OL 2025 066410,Austin year/serial,merged listing fields,"d to welcoming you to our home!

💛 Laurent

Registration Details
OL 2025 066410",False
1483670726379061816,2025-066388 OL,OL 2025 066388,Austin year/serial,merged listing fields,"d to welcoming you to our home!

💛 Laurent

Registration Details
OL 2025 066388",False
1483673179778861991,2025-066410 OL,OL 2025 066410,Austin year/serial,merged listing fields,"d to welcoming you to our home!

💛 Laurent

Registration Details
OL 2025 066410",False
1484810213597469785,2026-028582 OL,OL 2026 028582,Austin year/serial,merged listing fields,"s, groups, remote work, and extended stays

Registration Details
OL 2026 028582",True
1484939179932245040,2025-062783 OL,OL2025062783,Austin year/serial,merged listing fields,"nside the garage for easy, private access.

Registration Details
OL2025062783",False
1485176693061775286,2025-139443 OL,OL2025139443,Austin year/serial,merged listing fields,"that entire yard is not completely fenced.

Registration Details
OL2025139443",True
1485558515148187060,2025-053499 OL,OL 2025 053499,Austin year/serial,merged listing fields,"it is refunded within 30 days of checkout.

Registration Details
OL 2025 053499",True
1485663023758128250,2025-068404 OL,OL 2025 068404,Austin year/serial,merged listing fields,"n the driveway, as well as street parking.

Registration Details
OL 2025 068404",False
1486214863246397117,2026-028310 OL,OL 2026 028310,Austin year/serial,merged listing fields,"ement terms are provided prior to booking.

Registration Details
OL 2026 028310",True
1486293912148450046,2025-094223 OL,OL 2025 094223,Austin year/serial,merged listing fields,"Other things to note
Pets are not allowed.

Registration Details
OL 2025 094223",False
1486380619679472393,2025-066410 OL,OL 2025 066410,Austin year/serial,merged listing fields,"d to welcoming you to our home!

💛 Laurent

Registration Details
OL 2025 066410",False
1486483090951217081,2025-113952 OL,OL 2025 113952,Austin year/serial,merged listing fields,"el, concerts, games, and weekend getaways.

Registration Details
OL 2025 113952",True
1486792418423560279,2025-066388 OL,OL 2025 066388,Austin year/serial,merged listing fields,"d to welcoming you to our home!

💛 Laurent

Registration Details
OL 2025 066388",False
1486839219611991899,2025-016907 OL,OL 2025 016907,Austin year/serial,merged listing fields,"derstanding and helping us conserve water!

Registration Details
OL 2025 016907",False
1487036095498278986,2026-032817 OL,OL 2026 032817,Austin year/serial,merged listing fields," recharge.

Guest access
Keypad smart lock

Registration Details
OL 2026 032817",True
1489335290913215632,2026-021995 OL,OL 2026 021995,Austin year/serial,merged listing fields,"ome floats available for guests enjoyment.

Registration Details
OL 2026 021995",True
14900580,2026-081733 OL,OL-2026-081733,Austin year/serial,merged listing fields,"tores are within a 1 mile radius to house.

Registration Details
OL-2026-081733",False
1490394784022997384,2025-097735 OL,OL 2025 097735,Austin year/serial,merged listing fields,"derstanding and helping us conserve water!

Registration Details
OL 2025 097735",False
1490701628151642259,2026-063921 OL,OL-2026-063921,Austin year/serial,merged listing fields,"loyers, coffee shops, and local breweries.

Registration Details
OL-2026-063921",True
1491501270332006790,2025-113803 OL,OL2025113803,Austin year/serial,merged listing fields,"onsible for any damages caused on property

Registration Details
OL2025113803",False
1491601567129641721,2025-066388 OL,OL 2025 066388,Austin year/serial,merged listing fields,"d to welcoming you to our home!

💛 Laurent

Registration Details
OL 2025 066388",False
1492064693115830188,2025-075301 OL,OL 2025 075301,Austin year/serial,merged listing fields,"s and another for stays of 28 or more days

Registration Details
OL 2025 075301",False
1492197137135799614,2025-075301 OL,OL 2025 075301,Austin year/serial,merged listing fields," and another for stays of 28 or more days.

Registration Details
OL 2025 075301",False
1492231773814031288,2025-075301 OL,OL 2025 075301,Austin year/serial,merged listing fields," and another for stays of 28 or more days.

Registration Details
OL 2025 075301",False
14927066,2015-121320 OL,OL 2015 121320,Austin year/serial,merged listing fields,"There is also street parking as available.

Registration Details
OL 2015 121320",True
1493126751560800768,2024-157502 OL,OL2024157502,Austin year/serial,merged listing fields," contact us directly, we’re happy to help!

Registration Details
OL2024157502",True
1493619989121109267,2025-084451 OL,OL 2025 084451,Austin year/serial,merged listing fields," cabinets, etc.) are thoroughly sanitized.

Registration Details
OL 2025 084451",False
1494466387268913420,2024-121999 OL,OL 2024 121999,Austin year/serial,merged listing fields," for luxury, relaxation, and entertaining.

Registration Details
OL 2024 121999",True
1495232478257731915,2026-050201 OL,OL 2026 050201,Austin year/serial,merged listing fields,"here's anything you need during your stay!

Registration Details
OL 2026 050201",True
1495686231109529862,2025-076097 OL,OL2025076097,Austin year/serial,merged listing fields,"tyle, and convenience in a prime location.

Registration Details
OL2025076097",False
1495741546864688354,2025-077834 OL,OL-2025-077834,Austin year/serial,merged listing fields,"vehicle for easier access and convenience.

Registration Details
OL-2025-077834",True
1495986781837280612,2023-039349 OL,OL 2023 039349,Austin year/serial,merged listing fields,"nual review before a booking is confirmed.

Registration Details
OL 2023 039349",True
1495991376214231618,2026-060516 OL,OL2026060516,Austin year/serial,merged listing fields," low both inside and outside at all times.

Registration Details
OL2026060516",True
1496014890122435490,2025-084451 OL,OL 2025 084451,Austin year/serial,merged listing fields," cabinets, etc.) are thoroughly sanitized.

Registration Details
OL 2025 084451",False
1496359763097344334,2026-050371 OL,OL 2026 050371,Austin year/serial,merged listing fields," is off-limits and used for owner storage.

Registration Details
OL 2026 050371",False
1496436716279146684,2025-098990 OL,OL 2025 098990,Austin year/serial,merged listing fields,"he Bouldin Modern nourish you from within.

Registration Details
OL 2025 098990",True
1496443108221221232,2025-098903 OL,OL 2025 098903,Austin year/serial,merged listing fields,"n this listing are exclusive to your stay.

Registration Details
OL 2025 098903",False
1496445543657928326,2025-098990 OL,OL 2025 098990,Austin year/serial,merged listing fields,"n this listing are exclusive to your stay.

Registration Details
OL 2025 098990",True
14969194,2016-126952 OL,OL 2016 126952,Austin year/serial,merged listing fields,"to rent Canoe/Kayak/SUP as a larger group.

Registration Details
OL 2016 126952",True
1498617726537924579,2025-078287 OL,OL 2025 078287,Austin year/serial,merged listing fields,"ith Airbnb policies and legal regulations.

Registration Details
OL 2025 078287",False
1499488702896462490,2026-017241 OL,OL 2026 017241,Austin year/serial,merged listing fields,"ds and two separate temp controls as well.

Registration Details
OL 2026 017241",True
1500012843295795353,2025-102512 OL,OL-2025-102512,Austin year/serial,merged listing fields,"free with us. We can't wait to host you :)

Registration Details
OL-2025-102512",False
1501025426994668586,2026-028516 OL,OL 2026 028516,Austin year/serial,merged listing fields," will have full access to the entire home!

Registration Details
OL 2026 028516",True
1501088295036716095,2025-106847 OL,OL 2025 106847,Austin year/serial,merged listing fields,"very stay here feels effortlessly special.

Registration Details
OL 2025 106847",True
1501109217484409671,2026-025024 OL,OL 2026 025024,Austin year/serial,merged listing fields,"re_id=fc855885-544c-4f14-b505-bfec762f5667

Registration Details
OL 2026 025024",True
1502306166423061959,2026-050483 OL,OL 2026 050483,Austin year/serial,merged listing fields,"able for any questions or recommendations.

Registration Details
OL 2026 050483",True
1502368356399315099,2025-092510 OL,OL 2025 092510,Austin year/serial,merged listing fields,"de only and does not monitor the interior.

Registration Details
OL 2025 092510",False
1502561318258645060,2025-020132 OL,OL 2025 020132,Austin year/serial,merged listing fields," I ask that you please respect that space.

Registration Details
OL 2025 020132",False
1502960253877950217,2025-113013 OL,OL2025113013,Austin year/serial,merged listing fields,"nsure full insurance coverage with Airbnb.

Registration Details
OL2025113013",True
1503015162109898041,2025-113803 OL,OL2025113803,Austin year/serial,merged listing fields,"onsible for any damages caused on property

Registration Details
OL2025113803",False
1503042696386355998,2025-113924 OL,2025-113924 OL,Austin year/serial,merged listing fields,".

Guest access
Entire unit.

Other things to note
STR License: “2025-113924 OL”

Absolutely no pets allowed.

No smoking in or near the condo.

Please note: This condo ",False
1504010839399218765,2025-118777 OL,OL 2025 118777,Austin year/serial,merged listing fields,"ation and access to Austin’s vibrant scene

Registration Details
OL 2025 118777",True
1506058182782743832,2022-177443 OL,OL 2022 177443,Austin year/serial,merged listing fields,"parking and free street parking available.

Registration Details
OL 2022 177443",True
1506618767542440188,2015-096951 OL,OL 2015 096951,Austin year/serial,merged listing fields,". You must 25 or older to book this place.

Registration Details
OL 2015 096951",False
1506733102787039210,2024-126051 OL,OL 2024 126051,Austin year/serial,merged listing fields,"s about our concierge partner, Bach Babes!

Registration Details
OL 2024 126051",True
1507263941655758255,2025-076097 OL,OL2025076097,Austin year/serial,merged listing fields,"tyle, and convenience in a prime location.

Registration Details
OL2025076097",False
1507355326814252643,2025-105611 OL,OL 2025 105611,Austin year/serial,merged listing fields,"n accordance with local noise regulations.

Registration Details
OL 2025 105611",False
1507355834415853621,2025-105629 OL,OL 2025 105629,Austin year/serial,merged listing fields,"n accordance with local noise regulations.

Registration Details
OL 2025 105629",False
1507357175266179418,2025-105538 OL,OL 2025 105538,Austin year/serial,merged listing fields,"n accordance with local noise regulations.

Registration Details
OL 2025 105538",False
1507357402965291415,2025-105559 OL,OL 2025 105559,Austin year/serial,merged listing fields,"n accordance with local noise regulations.

Registration Details
OL 2025 105559",False
1507359155960945949,2025-105611 OL,OL 2025 105611,Austin year/serial,merged listing fields,"n accordance with local noise regulations.

Registration Details
OL 2025 105611",False
1507361949687368401,2025-105611 OL,OL 2025 105611,Austin year/serial,merged listing fields,"n accordance with local noise regulations.

Registration Details
OL 2025 105611",False
1507370083817789303,2025-111079 OL,OL 2025 111079,Austin year/serial,merged listing fields,"age and is not available for guest access.

Registration Details
OL 2025 111079",False
1507609250285147702,2025-107971 OL,OL 2025 107971,Austin year/serial,merged listing fields,"nities.

Guest access
Entire home and yard

Registration Details
OL 2025 107971",False
1508765220481742959,2024-125973 OL,OL 2024 125973,Austin year/serial,merged listing fields,"s about our concierge partner, Bach Babes!

Registration Details
OL 2024 125973",True
1508984122413862605,2025-065489 OL,OL2025065489,Austin year/serial,merged listing fields,"equest? Just send a message — we’re happy to help!

STR License: OL2025065489

Guest access
The entire space is yours to enjoy!

Registration Details
OL 2025 065489",True
1509111840521525342,2025-113888 OL,OL-2025-113888,Austin year/serial,merged listing fields,"e, and plenty of “Keep Austin Weird” charm

Registration Details
OL-2025-113888",False
1510543330054750084,2025-113803 OL,OL2025113803,Austin year/serial,merged listing fields,"onsible for any damages caused on property

Registration Details
OL2025113803",False
1510898203320497614,2025-120791 OL,OL 2025 120791,Austin year/serial,merged listing fields," and restaurants—all within a short drive.

Registration Details
OL 2025 120791",True
1510969409353481429,2025-121007 OL,OL 2025 121007,Austin year/serial,merged listing fields,"meras inside. Please don’t tamper with it.

Registration Details
OL 2025 121007",True
1510971031179710905,2025-142527 OL,OL 2025 142527,Austin year/serial,merged listing fields,"cy and noise limits are strongly enforced.

Registration Details
OL 2025 142527",True
1511037036391900273,2025-077812 OL,2025-077812 OL,Austin year/serial,merged listing fields,"is at 4:00 PM and checkout is at 10:00 AM.

Registration Details
2025-077812 OL",False
1511072831082918814,2025-092406 OL,OL2025092406,Austin year/serial,merged listing fields,"ined listing of 2 STR properties

City of Austin License Number: OL2025092406
OL2026031682

Registration Details
OL 2026 031682",False
1511072831082918814,2026-031682 OL,OL2026031682,Austin year/serial,merged listing fields,"of 2 STR properties

City of Austin License Number: OL2025092406
OL2026031682

Registration Details
OL 2026 031682",True
1511136861356494690,2021-060356 OL,OL2021060356,Austin year/serial,merged listing fields,"ty and well-being are our utmost priority.

Registration Details
OL2021060356",False
1511270658374938888,2026-015127 OL,OL 2026 015127,Austin year/serial,merged listing fields,"your own private retreat during your stay.

Registration Details
OL 2026 015127",True
15113719,2019-031568 OL,OL2019031568,Austin year/serial,merged listing fields," and is located in downstairs living area.

Registration Details
OL2019031568",True
1511815579646068921,2023-116353 OL,OL 2023 116353,Austin year/serial,merged listing fields," is a bathroom on the upper level as well.

Registration Details
OL 2023 116353",True
1511898073841850077,2025-121863 OL,OL 2025 121863,Austin year/serial,merged listing fields,"the swim spa and other wellness amenities.

Registration Details
OL 2025 121863",True
1511910053023298723,2025-120820 OL,OL 2025 120820,Austin year/serial,merged listing fields,"and create unforgettable moments together.

Registration Details
OL 2025 120820",True
1511937882640153901,2021-028662 OL,OL2021028662,Austin year/serial,merged listing fields,"6.  The complex is now operating normally.

Registration Details
OL2021028662",False
1512375533999708091,2026-078452 OL,OL 2026 078452,Austin year/serial,merged listing fields,"ey Falls State Park, Onion Creek Greenbelt

Registration Details
OL 2026 078452",True
1512469533164934543,2026-042357 OL,OL 2026 042357,Austin year/serial,merged listing fields,"hey stay when not out traveling the world.

Registration Details
OL 2026 042357",True
1512680495401585448,2025-137150 OL,OL 2025 137150,Austin year/serial,merged listing fields,"omfort you need for an unforgettable stay.

Registration Details
OL 2025 137150",True
1512686161689137570,2025-114050 OL,OL-2025-114050,Austin year/serial,merged listing fields,"d are always nearby if you need us.  Enjoy

Registration Details
OL-2025-114050",True
1513176556953591072,2025-099040 OL,OL-2025-099040,Austin year/serial,merged listing fields,"ipt, and we'll reimburse you for the cost.

Registration Details
OL-2025-099040",False
1513203786114560886,2025-115542 OL,OL 2025 115542,Austin year/serial,merged listing fields,"e of $841 will be collected after booking.

Registration Details
OL 2025 115542",True
1513290292831155584,2025-094582 OL,OL 2025 094582,Austin year/serial,merged listing fields,"ighbors) happy, fireworks are not allowed.

Registration Details
OL 2025 094582",False
1513711837788332654,2025-117651 OL,OL 2025 117651,Austin year/serial,merged listing fields," free to message us - we’re happy to help.

Registration Details
OL 2025 117651",True
1513755058696919092,2025-115333 OL,OL 2025 115333,Austin year/serial,merged listing fields,"- $125
b.	Winter (Nov 1 – April 30) - $200

Registration Details
OL 2025 115333",True
1514856996102565655,2025-134585 OL,OL 2025 134585,Austin year/serial,merged listing fields,"s to Green/eco right before booking a ride

Registration Details
OL 2025 134585",False
1515235744705447787,2025-120820 OL,OL 2025 120820,Austin year/serial,merged listing fields,"the swim spa and other wellness amenities.

Registration Details
OL 2025 120820",True
1515307052771621137,2026-119125 OL,OL 2026 119125,Austin year/serial,merged listing fields,"r nest to recharge for the next adventure.

Registration Details
OL 2026 119125",True
1515354310066910904,2026-035225 OL,OL 2026 035225,Austin year/serial,merged listing fields,"id prior to each monthly cleaning service.

Registration Details
OL 2026 035225",True
1515552275279521045,2025-020032 OL,OL 2025 020032,Austin year/serial,merged listing fields,"e: No parties are allowed on the property.

Registration Details
OL 2025 020032",True
1516230893504398511,2025-121017 OL,OL 2025 121017,Austin year/serial,merged listing fields,"report and prosecute all Credit Card Fraud

Registration Details
OL 2025 121017",True
1516230933110775847,2025-083864 OL,OL 2025 083864,Austin year/serial,merged listing fields,"allowed in the driveway and on the street.

Registration Details
OL 2025 083864",False
1516344059006265040,2025-121798 OL,OL 2025 121798,Austin year/serial,merged listing fields,"ou more time to relax and enjoy your stay.

Registration Details
OL 2025 121798",True
1516444128161732222,2025-121831 OL,OL 2025 121831,Austin year/serial,merged listing fields,"ou more time to relax and enjoy your stay.

Registration Details
OL 2025 121831",True
1516509370603548960,2025-121818 OL,OL 2025 121818,Austin year/serial,merged listing fields,"ou more time to relax and enjoy your stay.

Registration Details
OL 2025 121818",True
1516758057783463671,2025-105689 OL,OL 2025 105689,Austin year/serial,merged listing fields,"dren under 12 due to the hilltop location.

Registration Details
OL 2025 105689",False
1517560295447244157,2025-130824 OL,OL 2025 130824,Austin year/serial,merged listing fields,"n, especially during certain times of day.

Registration Details
OL 2025 130824",True
1517675836854947695,2026-074241 OL,OL 2026 074241,Austin year/serial,merged listing fields,"le home, front yard and private back yard.

Registration Details
OL 2026 074241",True
1517795285270403310,2026-063885 OL,OL-2026-063885,Austin year/serial,merged listing fields,"st minutes from downtown & South Congress.

Registration Details
OL-2026-063885",True
1518143432495804737,2026-040487 OL,OL 2026 040487,Austin year/serial,merged listing fields," for 2 cars • Prime walkable SOCO location

Registration Details
OL 2026 040487",True
1518880070439010266,2025-113147 OL,OL 2025 113147,Austin year/serial,merged listing fields,"nty of games for adults and kids to enjoy.

Registration Details
OL 2025 113147",True
1519020774736855118,2025-118234 OL,OL2025118234,Austin year/serial,merged listing fields,"Late check-outs may incur additional fees.

Registration Details
OL2025118234",True
1519024408050204579,2025-125682 OL,OL 2025 125682,Austin year/serial,merged listing fields,"0$ will be incurred for failure to comply.

Registration Details
OL 2025 125682",True
1519088416453103564,2025-091889 OL,OL 2025 091889,Austin year/serial,merged listing fields,"farm chatter from our neighbor’s chickens!

Registration Details
OL 2025 091889",False
1519111517049619709,2025-103074 OL,OL2025103074,Austin year/serial,merged listing fields,"n vibes. Light rail and bus access nearby.

Registration Details
OL2025103074",False
15191175,2016-153179 OL,OL 2016 153179,Austin year/serial,merged listing fields,"d. Owners are responsible for any damages.

Registration Details
OL 2016 153179",True
1519202120425761694,2025-120993 OL,OL 2025 120993,Austin year/serial,merged listing fields,"— 9 min drive
– Launderette — 10 min drive

Registration Details
OL 2025 120993",True
1519644401894765023,2026-119575 OL,OL 2026 119575,Austin year/serial,merged listing fields,"your Austin stay seamless and comfortable.

Registration Details
OL 2026 119575",True
15208205,2016-136092 OL,OL 2016 136092,Austin year/serial,merged listing fields,"and details will be sent prior to arrival.

Registration Details
OL 2016 136092",True
1521302306139511078,2026-119021 OL,OL 2026 119021,Austin year/serial,merged listing fields,"e groups comfortably sleeping 8-10 guests.

Registration Details
OL 2026 119021",True
1521941248575236707,2025-094945 OL,OL 2025 094945,Austin year/serial,merged listing fields,"report and prosecute all Credit Card Fraud

Registration Details
OL 2025 094945",False
1522671487317921880,2026-035239 OL,OL 2026 035239,Austin year/serial,merged listing fields,"id prior to each monthly cleaning service.

Registration Details
OL 2026 035239",True
1522789395132418339,2024-128727 OL,OL 2024 128727,Austin year/serial,merged listing fields,"ate chefs, grocery stocking, boat rentals.

Registration Details
OL 2024 128727",True
1523074008000864676,2025-022183 OL,OL 2025 022183,Austin year/serial,merged listing fields,"derstanding and helping us conserve water!

Registration Details
OL 2025 022183",False
1523348241711567929,2025-117141 OL,OL2025117141,Austin year/serial,merged listing fields,"ou will use the lockbox to access the key.

Registration Details
OL2025117141",True
15241699,2018-089049 OL,OL-2018-089049,Austin year/serial,merged listing fields," a government issued photo ID at check-in.

Registration Details
OL-2018-089049",True
1525404443379318132,2026-045977 OL,OL 2026 045977,Austin year/serial,merged listing fields,"use Rules
No pets. No smoking. No parties.

Registration Details
OL 2026 045977",True
1525454125045753558,2026-063469 OL,OL 2026 063469,Austin year/serial,merged listing fields,"termination of your stay without a refund.

Registration Details
OL 2026 063469",True
1525574797128359757,2025-101313 OL,OL 2025 101313,Austin year/serial,merged listing fields,"ient, and close to all the action at COTA.

Registration Details
OL 2025 101313",True
1525796420897329695,2025-048969 OL,OL 2025 048969,Austin year/serial,merged listing fields,"rt, and convenience. Book your stay today!

Registration Details
OL 2025 048969",True
1527086392373960927,2026-063469 OL,OL 2026 063469,Austin year/serial,merged listing fields,"termination of your stay without a refund.

Registration Details
OL 2026 063469",True
1527551890452019621,2026-044049 OL,OL 2026 044049,Austin year/serial,merged listing fields,"comfortable, relaxing, and enjoyable stay.

Registration Details
OL 2026 044049",True
1527685784767076116,2026-043774 OL,OL 2026 043774,Austin year/serial,merged listing fields,"oes not disturb neighbors or other guests.

Registration Details
OL 2026 043774",True
1528275024246035712,2023-129588 OL,OL-2023-129588,Austin year/serial,merged listing fields,"in Texas — including the memories waiting to be made!

The space
OL-2023-129588

SLEEPING ARRANGEMENTS
- Bedroom 1: 1 king bed
- Bedroom 2: 1 queen bed
- Additional",True
1528353132674774609,2025-091801 OL,OL-2025-091801,Austin year/serial,merged listing fields,"e, Emmer & Rye, Gati Ice Cream, and more. Book today!

The space
OL-2025-091801

SLEEPING ARRANGEMENTS
- Bedroom 1: 1 king bed
- Bedroom 2: 1 full bed
- Living Room",False
1528413843831834077,2026-033625 OL,OL 2026 033625,Austin year/serial,merged listing fields,"irs. 
Each apartment has its own entrance.

Registration Details
OL 2026 033625",True
1529115496507490928,2025-011182 OL,OL 2025 011182,Austin year/serial,merged listing fields," Shopping, murals, and trendy restaurants.

Registration Details
OL 2025 011182",True
1529145428040587088,2025-038520 OL,OL-2025-038520,Austin year/serial,merged listing fields,"you’ll love calling this Austin vacation rental home!

The space
OL-2025-038520

SLEEPING ARRANGEMENTS
- Bedroom 1: 1 king bed
- Bedroom 2: 1 bunk bed (twin/full)
-",False
1531390757110283177,2025-131587 OL,OL 2025 131587,Austin year/serial,merged listing fields,"report and prosecute all Credit Card Fraud

Registration Details
OL 2025 131587",True
1531467816137234399,2025-066061 OL,OL 2025 066061,Austin year/serial,merged listing fields,"can’t wait to help make your stay amazing.

Registration Details
OL 2025 066061",False
15315326,2016-136092 OL,OL 2016 136092,Austin year/serial,merged listing fields,"ance. It's a 5-minute drive to 6th Street.

Registration Details
OL 2016 136092",True
1531924438449596059,2025-076176 OL,OL 2025 076176,Austin year/serial,merged listing fields," free to message us - we’re happy to help.

Registration Details
OL 2025 076176",False
1531933361411591379,2025-076176 OL,OL 2025 076176,Austin year/serial,merged listing fields," free to message us - we’re happy to help.

Registration Details
OL 2025 076176",False
1531936472121918208,2025-087834 OL,OL 2025 087834,Austin year/serial,merged listing fields," free to message us - we’re happy to help.

Registration Details
OL 2025 087834",False
1531980664952331073,2025-131892 OL,2025-131892 OL,Austin year/serial,merged listing fields,"is at 4:00 PM and checkout is at 10:00 AM.

Registration Details
2025-131892 OL",True
1531981487371050188,2025-131892 OL,2025-131892 OL,Austin year/serial,merged listing fields,"is at 4:00 PM and checkout is at 10:00 AM.

Registration Details
2025-131892 OL",True
1532014148985231447,2025-158527 OL,OL 2025 158527,Austin year/serial,merged listing fields,"ont of the home.

Pets allowed. Dogs only.

Registration Details
OL 2025 158527",True
1532025468817761999,2026-019728 OL,OL 2026 019728,Austin year/serial,merged listing fields,"report and prosecute all Credit Card Fraud

Registration Details
OL 2026 019728",False
1532101513761076715,2025-156136 OL,OL 2025 156136,Austin year/serial,merged listing fields,"re to make your stay smooth and enjoyable.

Registration Details
OL 2025 156136",True
1532220999636160314,2025-113803 OL,OL2025113803,Austin year/serial,merged listing fields,"onsible for any damages caused on property

Registration Details
OL2025113803",False
1532275332578384676,2025-136333 OL,OL 2025 136333,Austin year/serial,merged listing fields,"s expected. This includes a ring doorbell.

Registration Details
OL 2025 136333",True
1532627659455805197,2025-025792 OL,OL 2025 025792,Austin year/serial,merged listing fields," free to message us - we’re happy to help.

Registration Details
OL 2025 025792",True
1532673174586725247,2024-112743 OL,OL 2024 112743,Austin year/serial,merged listing fields,"e of $541 will be collected after booking.

Registration Details
OL 2024 112743",True
1532798508158202917,2025-151422 OL,OL2025151422,Austin year/serial,merged listing fields,"tion if these guidelines are not followed.

Registration Details
OL2025151422",True
1532844492789341072,2025-113801 OL,OL 2025 113801,Austin year/serial,merged listing fields,"or and location make us special, so enjoy!

Registration Details
OL 2025 113801",True
1536373109593084771,2025-139500 OL,OL2025139500,Austin year/serial,merged listing fields,"Late check-outs may incur additional fees.

Registration Details
OL2025139500",True
1536417999360221557,2026-032828 OL,OL 2026 032828,Austin year/serial,merged listing fields,"ble, and close to all Austin has to offer.

Registration Details
OL 2026 032828",True
1536439049476087331,2025-144776 OL,OL-2025-144776,Austin year/serial,merged listing fields,"alking, or running along the scenic trails

Registration Details
OL-2025-144776",True
1537649966964618005,2025-038884 OL,OL2025038884,Austin year/serial,merged listing fields,"list does not end when it comes to Austin!

Registration Details
OL2025038884",True
1537741321483361419,2025-092441 OL,OL-2025-092441,Austin year/serial,merged listing fields,"ything, making it easy to plan your visit.

Registration Details
OL-2025-092441",False
1538559035963705296,2025-123698 OL,OL2025123698,Austin year/serial,merged listing fields,"way to the best of the Texas Hill Country.

Registration Details
OL2025123698",True
1539227698927561562,2025-143942 OL,OL 2025 143942,Austin year/serial,merged listing fields," Professional cleaning between every stay.

Registration Details
OL 2025 143942",True
15395320,2016-127139 OL,OL 2016 127139,Austin year/serial,merged listing fields,"in may be available for added convenience.

Registration Details
OL 2016 127139",True
1540657810264332829,2026-107874 OL,OL 2026 107874,Austin year/serial,merged listing fields,"ildren. Recommended for adult guests only.

Registration Details
OL 2026 107874",True
154103,2017-037605 OL,OL 2017 037605,Austin year/serial,merged listing fields,"est access
Access via garage door key pad.

Registration Details
OL 2017 037605",True
1542068928392116926,2025-109412 OL,OL 2025 109412,Austin year/serial,merged listing fields,"” TV | Couch Sleeper w/ Full Size Mattress

Registration Details
OL 2025 109412",False
1542072780806959230,2025-161847 OL,OL 2025 161847,Austin year/serial,merged listing fields," 
100% bamboo paper towels and bath tissue

Registration Details
OL 2025 161847",True
1542108411024554182,2022-177424 OL,OL 2022 177424,Austin year/serial,merged listing fields,"cocktail bars and fine dining restaurants.

Registration Details
OL 2022 177424",True
1542217385092419086,2025-111670 OL,OL 2025 111670,Austin year/serial,merged listing fields,"ssible.

Thank you for your understanding!

Registration Details
OL 2025 111670",True
1542726599429194324,2025-137854 OL,OL 2025 137854,Austin year/serial,merged listing fields," per pet and typically allow up to 2 dogs.

Registration Details
OL 2025 137854",True
1542981335348480370,2025-137854 OL,OL 2025 137854,Austin year/serial,merged listing fields," per pet and typically allow up to 2 dogs.

Registration Details
OL 2025 137854",True
1542986532321112823,2025-137854 OL,OL 2025 137854,Austin year/serial,merged listing fields," per pet and typically allow up to 2 dogs.

Registration Details
OL 2025 137854",True
1543086034218432440,2025-129811 OL,OL-2025-129811,Austin year/serial,merged listing fields,"rtant to us.  There are no indoor cameras.

Registration Details
OL-2025-129811",True
1545807326860144642,2025-146174 OL,OL 2025 146174,Austin year/serial,merged listing fields," a 3-minute drive for all your essentials.

Registration Details
OL 2025 146174",True
1545925120859714112,2025-143529 OL,OL 2025 143529,Austin year/serial,merged listing fields,"ondominium the perfect place to call home.

Registration Details
OL 2025 143529",True
1546597807669244125,2025-150254 OL,OL 2025 150254,Austin year/serial,merged listing fields,"y. The pool and park areas are accessible.

Registration Details
OL 2025 150254",True
1546763959815731260,2025-107573 OL,OL2025107573,Austin year/serial,merged listing fields,"and board games! Your family will love it!

Registration Details
OL2025107573",False
1547174106318695045,2017-059584 OL,OL2017059584,Austin year/serial,merged listing fields,"has table chairs facing the private woods.

Registration Details
OL2017059584",True
1547550454470937293,2025-123698 OL,OL2025123698,Austin year/serial,merged listing fields,"way to the best of the Texas Hill Country.

Registration Details
OL2025123698",True
1547566717300939662,2024-063921 OL,OL 2024 063921,Austin year/serial,merged listing fields,"with all the comforts of a modern retreat.

Registration Details
OL 2024 063921",False
1548700810952394895,2025-148183 OL,OL-2025-148183,Austin year/serial,merged listing fields,"een pull out bed and a roll away twin bed.

Registration Details
OL-2025-148183",True
1549320818883648269,2024-045298 OL,OL 2024 045298,Austin year/serial,merged listing fields,"all of the property minus an owners closet

Registration Details
OL 2024 045298",False
1549410440482168903,2025-017023 OL,OL 2025 017023,Austin year/serial,merged listing fields,"ence the best of Austin!

Things to know

Registration Details
OL 2025 017023",True
1550069039475327304,2022-112911 OL,OL 2022 112911,Austin year/serial,merged listing fields,"d their photo ID within our Check-in Form.

Registration Details
OL 2022 112911",False
1550207055389825208,2025-131541 OL,OL 2025 131541,Austin year/serial,merged listing fields,"o the hike and bike trail around the lake.

Registration Details
OL 2025 131541",True
1550249273740037030,2025-151351 OL,OL 2025 151351,Austin year/serial,merged listing fields,"ss to every part of the home and backyard!

Registration Details
OL 2025 151351",True
1550802191082885795,2025-113857 OL,OL-2025-113857,Austin year/serial,merged listing fields,"nd enjoying the offerings of the Eastside.

Registration Details
OL-2025-113857",False
1551534180332553557,2025-098852 OL,OL 2025 098852,Austin year/serial,merged listing fields,"s.

Cameras at entry point, and side yard.

Registration Details
OL 2025 098852",False
1551626117941823054,2025-115635 OL,OL 2025 115635,Austin year/serial,merged listing fields,"oud music outdoors in respect of neighbors

Registration Details
OL 2025 115635",True
1552384837846731312,2026-102367 OL,OL 2026 102367,Austin year/serial,merged listing fields,"eciate your cooperation and understanding!

Registration Details
OL 2026 102367",True
1553958105183558061,2026-047672 OL,OL 2026 047672,Austin year/serial,merged listing fields,"The home is not suitable for pets / events

Registration Details
OL 2026 047672",True
1555107283468892159,2025-163208 OL,OL-2025-163208,Austin year/serial,merged listing fields,"cation—and an experience you won’t forget.

Registration Details
OL-2025-163208",True
15552468,2026-073877 OL,OL 2026 073877,Austin year/serial,merged listing fields,"a small and charming outdoor sitting area.

Registration Details
OL 2026 073877",False
1555523491208888492,2025-134878 OL,OL 2025 134878,Austin year/serial,merged listing fields,"an access the entire property when booked.

Registration Details
OL 2025 134878",True
1555830554035340977,2026-033036 OL,OL 2026 033036,Austin year/serial,merged listing fields,"to use the gated entrance to the property.

Registration Details
OL 2026 033036",True
1556168229806085725,2025-147676 OL,OL-2025-147676,Austin year/serial,merged listing fields,"o parking spaces 
👨🍳 Fully stocked kitchen

Registration Details
OL-2025-147676",True
1557300571705522239,2025-143719 OL,OL 2025 143719,Austin year/serial,merged listing fields,"r deliveries or mailing lost & found items

Registration Details
OL 2025 143719",True
1558977208541678828,2026-077229 OL,OL 2026 077229,Austin year/serial,merged listing fields,"eciate your cooperation and understanding!

Registration Details
OL 2026 077229",True
1559026684575810969,2026-051077 OL,OL 2026 051077,Austin year/serial,merged listing fields,"ect for couples, students, and work trips.

Registration Details
OL 2026 051077",True
1560234687477763511,2025-146038 OL,OL 2025 146038,Austin year/serial,merged listing fields,"r/outdoor spaces and dog-friendly policies

Registration Details
OL 2025 146038",True
1560302452503763754,2026-046919 OL,OL 2026 046919,Austin year/serial,merged listing fields,"t and eco-friendly stay with backup power.

Registration Details
OL 2026 046919",True
1560453553195944043,2025-109482 OL,OL-2025-109482,Austin year/serial,merged listing fields,"t to be. We look forward to hosting you ⭐️

Registration Details
OL-2025-109482",False
1561823491675921449,2026-077229 OL,OL 2026 077229,Austin year/serial,merged listing fields,"eciate your cooperation and understanding!

Registration Details
OL 2026 077229",True
1562128939750605711,2026-074746 OL,OL-2026-074746,Austin year/serial,merged listing fields," UT, Dell Children’s, and Downtown Austin.

Registration Details
OL-2026-074746",True
1562410817562459967,2026-026388 OL,OL 2026 026388,Austin year/serial,merged listing fields," street directly in front of the property.

Registration Details
OL 2026 026388",True
1563062842267512912,2025-075927 OL,OL 2025 075927,Austin year/serial,merged listing fields,"me

Other things to note
Enjoy your stay !

Registration Details
OL 2025 075927",True
15632001,2017-046696 OL,OL 2017 046696,Austin year/serial,merged listing fields," spaces and 3 bedrooms.  The entire house.

Registration Details
OL 2017 046696",True
1563223316807290764,2025-115211 OL,OL-2025-115211,Austin year/serial,merged listing fields,"ight after enjoying the day out in Austin.

Registration Details
OL-2025-115211",True
1563433492874390042,2026-034446 OL,OL 2026 034446,Austin year/serial,merged listing fields," parking restrictions or permits required.

Registration Details
OL 2026 034446",True
1563959425504720270,2025-137861 OL,OL-2025-137861,Austin year/serial,merged listing fields,"is prohibited.

Guest access
Full property

Registration Details
OL-2025-137861",True
1564462251519895665,2026-078260 OL,OL2026078260,Austin year/serial,merged listing fields,"nd relaxation.

Guest access
Entire house.

Registration Details
OL2026078260",True
1564578823921788802,2021-007599 OL,OL 2021 007599,Austin year/serial,merged listing fields,"s (towels, bed sheets, soap, toilet paper)

Registration Details
OL 2021 007599",True
1564701508783652271,2025-137727 OL,OL2025137727,Austin year/serial,merged listing fields," never be shared with delivery personnel.""

Registration Details
OL2025137727",True
1566349075224783760,2026-046754 OL,OL2026046754,Austin year/serial,merged listing fields,"ay.

Other things to note
Short-Term Rental License Certificate:
OL2026046754

Registration Details
OL 2026 046754",True
1566797730913466830,2025-143267 OL,OL 2025 143267,Austin year/serial,merged listing fields,"ms with care and respect during your stay.

Registration Details
OL 2025 143267",True
1567271732033225437,2025-137482 OL,OL2025137482,Austin year/serial,merged listing fields,", Wi-Fi details, appliance info, and more.

Registration Details
OL2025137482",True
1568218006505944740,2025-121167 OL,OL 2025 121167,Austin year/serial,merged listing fields," free to message us - we’re happy to help.

Registration Details
OL 2025 121167",True
1568332191522850683,2025-134751 OL,OL 2025 134751,Austin year/serial,merged listing fields,"rs, with additional street parking nearby.

Registration Details
OL 2025 134751",True
1568343372060457569,2025-121087 OL,OL 2025 121087,Austin year/serial,merged listing fields,"m or so. Our neighbors will appreciate it.

Registration Details
OL 2025 121087",True
1568498991563452283,2026-098834 OL,OL 2026 098834,Austin year/serial,merged listing fields,"share a bit about yourself and your group.

Registration Details
OL 2026 098834",True
1569924666027562809,2025-133788 OL,OL 2025 133788,Austin year/serial,merged listing fields,"report and prosecute all Credit Card Fraud

Registration Details
OL 2025 133788",True
1569954877356579217,2025-133788 OL,OL 2025 133788,Austin year/serial,merged listing fields,"report and prosecute all Credit Card Fraud

Registration Details
OL 2025 133788",True
1570416681276696622,2025-151307 OL,OL 2025 151307,Austin year/serial,merged listing fields,"usive access to the entire house + grounds

Registration Details
OL 2025 151307",True
1570552296319383396,2025-152870 OL,OL 2025 152870,Austin year/serial,merged listing fields,"
Authentic Austin energy, minus the crowds

Registration Details
OL 2025 152870",True
15706510,2026-051456 OL,OL 2026 051456,Austin year/serial,merged listing fields,"can be added to your booking upon request.

Registration Details
OL 2026 051456",True
1571475879387201277,2025-156703 OL,OL-2025-156703,Austin year/serial,merged listing fields,"needed. Partial refund if low maintenance.

Registration Details
OL-2025-156703",True
1573353975079430466,2026-123397 OL,OL 2026 123397,Austin year/serial,merged listing fields,"now if you need anything during your stay!

Registration Details
OL 2026 123397",False
1573576732771022261,2025-151253 OL,OL 2025 151253,Austin year/serial,merged listing fields," Walmart are located within a mile as well

Registration Details
OL 2025 151253",True
1574095480560507754,2026-032108 OL,OL 2026 032108,Austin year/serial,merged listing fields,".
• Indoor smoking
• Cats are not allowed.

Registration Details
OL 2026 032108",True
1574269667339540280,2025-144749 OL,OL 2025 144749,Austin year/serial,merged listing fields,"mart lock that you will use to gain entry.

Registration Details
OL 2025 144749",True
1574847108120867197,2025-133788 OL,OL 2025 133788,Austin year/serial,merged listing fields,"report and prosecute all Credit Card Fraud

Registration Details
OL 2025 133788",True
1574847239760360038,2025-133788 OL,OL 2025 133788,Austin year/serial,merged listing fields,"report and prosecute all Credit Card Fraud

Registration Details
OL 2025 133788",True
1574847371071648587,2025-133788 OL,OL 2025 133788,Austin year/serial,merged listing fields,"report and prosecute all Credit Card Fraud

Registration Details
OL 2025 133788",True
1575939363056615077,2025-120869 OL,OL-2025-120869,Austin year/serial,merged listing fields," nextdoor, should you have a larger group.

Registration Details
OL-2025-120869",True
1576381771895339060,2021-019159 OL,OL 2021 019159,Austin year/serial,merged listing fields,"o WFH or steam content on multiple devices

Registration Details
OL 2021 019159",True
1576390479172552907,2021-019159 OL,OL 2021 019159,Austin year/serial,merged listing fields,"o WFH or steam content on multiple devices

Registration Details
OL 2021 019159",True
1576466299267588534,2021-019159 OL,OL 2021 019159,Austin year/serial,merged listing fields,"offer—all under one fun, comfortable roof.

Registration Details
OL 2021 019159",True
1576979566895243210,2025-120836 OL,OL 2025 120836,Austin year/serial,merged listing fields," includes a Queen sized sectional sleeper.

Registration Details
OL 2025 120836",True
1577342,2025-161669 OL,OL 2025 161669,Austin year/serial,merged listing fields,"rigerator, and our wonderful neighborhood.

Registration Details
OL 2025 161669",True
1577469225223282598,2025-161235 OL,OL 2025 161235,Austin year/serial,merged listing fields,"TV.  Quintessential central Austin living!

Registration Details
OL 2025 161235",True
1578272520395023738,2025-132014 OL,OL 2025 132014,Austin year/serial,merged listing fields,"els as outlined per City/County Ordinance.

Registration Details
OL 2025 132014",True
1578428151226533410,2025-078449 OL,OL 2025 078449,Austin year/serial,merged listing fields," parties or events.

Pets are not allowed.

Registration Details
OL 2025 078449",False
1578504435527152892,2022-138348 OL,OL 2022 138348,Austin year/serial,merged listing fields,"Self check in is available 24 hours a day.

Registration Details
OL 2022 138348",False
1579036265143783703,2025-145751 OL,OL 2025 145751,Austin year/serial,merged listing fields,"d to provide the best possible experience.

Registration Details
OL 2025 145751",True
1579042452184273820,2025-148049 OL,OL-2025-148049,Austin year/serial,merged listing fields,"- Photo ID may be required before check-in

Registration Details
OL-2025-148049",True
1579071239631349038,2026-059153 OL,OL 2026 059153,Austin year/serial,merged listing fields," pullout couch
1 Full XL in the Murphy bed

Registration Details
OL 2026 059153",False
1579079675447811690,2025-109594 OL,OL 2025 109594,Austin year/serial,merged listing fields,"entire property, including house and yard.

Registration Details
OL 2025 109594",False
1579167022448192209,2025-140775 OL,OL 2025 140775,Austin year/serial,merged listing fields,"be respectful of Quiet Hours: 10PM to 8AM.

Registration Details
OL 2025 140775",True
1579405,2026-066227 OL,OL 2026 066227,Austin year/serial,merged listing fields,"o note
STR Licensed by the City of Austin.

Registration Details
OL 2026 066227",True
1579911663294549113,2025-132014 OL,OL 2025 132014,Austin year/serial,merged listing fields,"els as outlined per City/County Ordinance.

Registration Details
OL 2025 132014",True
1579928429374976185,2025-045766 OL,2025-045766 OL,Austin year/serial,merged listing fields,"only
• Check‐in 4:00 PM; checkout 10:00 AM

Registration Details
2025-045766 OL",True
1579932188996409455,2025-159216 OL,OL-2025-159216,Austin year/serial,merged listing fields," is available on nearby side streets only.

Registration Details
OL-2025-159216",True
1580561692411705580,2013-125650 OL,OL 2013 125650,Austin year/serial,merged listing fields,"rooms are separated with complete privacy.

Registration Details
OL 2013 125650",True
1581394145099655023,2025-153218 OL,OL 2025 153218,Austin year/serial,merged listing fields,"e keep in mind this is a shared driveway**

Registration Details
OL 2025 153218",True
1581901253164836602,2025-151243 OL,OL 2025 151243,Austin year/serial,merged listing fields,"nge or refill it at their own convenience.

Registration Details
OL 2025 151243",True
1582155256324238805,2026-101731 OL,OL 2026 101731,Austin year/serial,merged listing fields," and another for stays of 28 or more days.

Registration Details
OL 2026 101731",True
1582207752250373255,2022-186230 OL,OL 2022 186230,Austin year/serial,merged listing fields,", 3) Occupancy limit of 6 unrelated adults

Registration Details
OL 2022 186230",True
1582858109388518385,2025-136294 OL,OL 2025 136294,Austin year/serial,merged listing fields,"report and prosecute all Credit Card Fraud

Registration Details
OL 2025 136294",True
1582867507891740994,2026-019728 OL,OL 2026 019728,Austin year/serial,merged listing fields,"report and prosecute all Credit Card Fraud

Registration Details
OL 2026 019728",False
1582874737019043888,2026-019728 OL,OL 2026 019728,Austin year/serial,merged listing fields,"report and prosecute all Credit Card Fraud

Registration Details
OL 2026 019728",False
1583074583944252214,2025-151868 OL,OL2025151868,Austin year/serial,merged listing fields," relaxation in your own private oasis.

The space
License Number OL2025151868

Desert Chic Meets Coastal Calm | Private Cove Retreat

Welcome to a one-of-a-kind coasta",True
1585011513395606848,2025-134499 OL,OL 2025 134499,Austin year/serial,merged listing fields," day.

The space
3 bathrooms and 1 bedroom

Registration Details
OL 2025 134499",True
1586053808310579546,2025-158693 OL,OL 2025 158693,Austin year/serial,merged listing fields,"cleaned and disinfected between each guest

Registration Details
OL 2025 158693",True
1586388143456691639,2026-002349 OL,OL-2026-002349,Austin year/serial,merged listing fields,"ire pit, and children's outdoor play toys.

Registration Details
OL-2026-002349",True
1586506534370575903,2025-163547 OL,OL 2025 163547,Austin year/serial,merged listing fields,"fect for weekend getaways or longer stays.

Registration Details
OL 2025 163547",True
1586507438303302410,2025-163586 OL,OL2025163586,Austin year/serial,merged listing fields,"eling tucked away in a quiet neighborhood.

Registration Details
OL2025163586",True
1587109512523202586,2026-121362 OL,OL 2026 121362,Austin year/serial,merged listing fields,"ter your pet if they’re visiting with you.

Registration Details
OL 2026 121362",True
1587341737715695717,2026-080768 OL,OL 2026 080768,Austin year/serial,merged listing fields,"nside of the house remains calm and quiet.

Registration Details
OL 2026 080768",True
1588052908866270096,2026-042731 OL,OL 2026 042731,Austin year/serial,merged listing fields,"ure smart lock for easy, flexible arrival.

Registration Details
OL 2026 042731",True
1588112469902845711,2026-034714 OL,OL 2026 034714,Austin year/serial,merged listing fields,"eling nurses, or extended stays in Austin.

Registration Details
OL 2026 034714",True
1588547193861667111,2025-078508 OL,OL 2025 078508,Austin year/serial,merged listing fields,"in house and guest house during your stay.

Registration Details
OL 2025 078508",False
1588547250615787524,2025-078508 OL,OL 2025 078508,Austin year/serial,merged listing fields,"ined with the Main House during your stay.

Registration Details
OL 2025 078508",False
1588547314772753931,2026-041816 OL,OL 2026 041816,Austin year/serial,merged listing fields,"ch_id=8c33371d-74f2-488c-bc6d-dbacbe9ac661

Registration Details
OL 2026 041816",True
1590707179074615621,2026-012388 OL,OL2026012388,Austin year/serial,merged listing fields,"ng if needed before parking on the street.

Registration Details
OL2026012388",True
1590739930710763583,2025-145442 OL,OL 2025 145442,Austin year/serial,merged listing fields,"iet hours: 10:00 PM – 8:00 AM
➤ No smoking

Registration Details
OL 2025 145442",True
1590816081196730579,2025-119775 OL,OL-2025-119775,Austin year/serial,merged listing fields,"sage us about booking both units together.

Registration Details
OL-2025-119775",True
1591451288785337695,2025-119781 OL,OL-2025-119781,Austin year/serial,merged listing fields,"sage us about booking both units together.

Registration Details
OL-2025-119781",True
15916842,2022-072443 OL,OL 2022 072443,Austin year/serial,merged listing fields,"s do not include toiletry / supply refills

Registration Details
OL 2022 072443",False
1592207566110915006,2026-043035 OL,OL 2026 043035,Austin year/serial,merged listing fields,"5.

Other things to note
Availability 24/7

Registration Details
OL 2026 043035",True
1592838024315848988,2026-018675 OL,OL 2026 018675,Austin year/serial,merged listing fields,"ther Amenities 
- Free parking on premises

Registration Details
OL 2026 018675",True
1592934819578487584,2025-034771 OL,OL 2025 034771,Austin year/serial,merged listing fields,"can’t wait to help make your stay amazing.

Registration Details
OL 2025 034771",False
1592997702252248131,2025-155734 OL,OL2025155734,Austin year/serial,merged listing fields,", Wi-Fi details, appliance info, and more.

Registration Details
OL2025155734",True
1593105002062684114,2026-030688 OL,OL 2026 030688,Austin year/serial,merged listing fields," only allowed outdoors. Ashtrays provided.

Registration Details
OL 2026 030688",True
1593451,2013-087624 OL,OL 2013 087624,Austin year/serial,merged listing fields,"vel that lends a new perspective - try it!

Registration Details
OL 2013 087624",True
1593662452161564193,2026-019728 OL,OL 2026 019728,Austin year/serial,merged listing fields,"report and prosecute all Credit Card Fraud

Registration Details
OL 2026 019728",False
1593662620212673060,2026-019728 OL,OL 2026 019728,Austin year/serial,merged listing fields,"report and prosecute all Credit Card Fraud

Registration Details
OL 2026 019728",False
1593832734923907804,2025-156703 OL,OL-2025-156703,Austin year/serial,merged listing fields," person unless you prefer a quick welcome.

Registration Details
OL-2025-156703",True
15942648,2025-121649 OL,OL-2025-121649,Austin year/serial,merged listing fields,"efore discounted stays during this period.

Registration Details
OL-2025-121649",False
1594314091836367993,2026-004283 OL,OL 2026 004283,Austin year/serial,merged listing fields,"rm rental license from the City of Austin.

Registration Details
OL 2026 004283",True
1594325452565717809,2026-019728 OL,OL 2026 019728,Austin year/serial,merged listing fields,"report and prosecute all Credit Card Fraud

Registration Details
OL 2026 019728",False
1594325606336276352,2026-019728 OL,OL 2026 019728,Austin year/serial,merged listing fields,"report and prosecute all Credit Card Fraud

Registration Details
OL 2026 019728",False
1594444987663117434,2026-067571 OL,OL-2026-067571,Austin year/serial,merged listing fields,"ustin. License # OL (PHONE NUMBER HIDDEN).

Registration Details
OL-2026-067571",True
1594631645771609777,2026-037174 OL,OL 2026 037174,Austin year/serial,merged listing fields," to 8am, out of respect for our neighbors.

Registration Details
OL 2026 037174",True
1595094588803537748,2026-019728 OL,OL 2026 019728,Austin year/serial,merged listing fields,"report and prosecute all Credit Card Fraud

Registration Details
OL 2026 019728",False
1595094666598805126,2026-019728 OL,OL 2026 019728,Austin year/serial,merged listing fields,"report and prosecute all Credit Card Fraud

Registration Details
OL 2026 019728",False
1595159274332893038,2025-156703 OL,OL-2025-156703,Austin year/serial,merged listing fields," person unless you prefer a quick welcome.

Registration Details
OL-2025-156703",True
1595171320076332356,2026-019728 OL,OL 2026 019728,Austin year/serial,merged listing fields,"report and prosecute all Credit Card Fraud

Registration Details
OL 2026 019728",False
1595352121574433866,2025-145442 OL,OL 2025 145442,Austin year/serial,merged listing fields,"iet hours: 10:00 PM – 8:00 AM
➤ No smoking

Registration Details
OL 2025 145442",True
1595357580226283970,2025-145471 OL,OL 2025 145471,Austin year/serial,merged listing fields,"iet hours: 10:00 PM – 8:00 AM
➤ No smoking

Registration Details
OL 2025 145471",True
15956612,2015-051246 OL,OL-2015-051246,Austin year/serial,merged listing fields,"u need anything anytime, just let us know.

Registration Details
OL-2015-051246",True
1595774996679110152,2026-019728 OL,OL 2026 019728,Austin year/serial,merged listing fields,"report and prosecute all Credit Card Fraud

Registration Details
OL 2026 019728",False
1595775333383504578,2026-019728 OL,OL 2026 019728,Austin year/serial,merged listing fields,"report and prosecute all Credit Card Fraud

Registration Details
OL 2026 019728",False
1595775796233359991,2026-019728 OL,OL 2026 019728,Austin year/serial,merged listing fields,"report and prosecute all Credit Card Fraud

Registration Details
OL 2026 019728",False
1596499900503943808,2026-019728 OL,OL 2026 019728,Austin year/serial,merged listing fields,"report and prosecute all Credit Card Fraud

Registration Details
OL 2026 019728",False
1596500611059318614,2026-019728 OL,OL 2026 019728,Austin year/serial,merged listing fields,"report and prosecute all Credit Card Fraud

Registration Details
OL 2026 019728",False
1596752329577702149,2026-091202 OL,OL2026091202,Austin year/serial,merged listing fields,"periodic cleaning, maintenance or repairs.

Registration Details
OL2026091202",True
1597375620708493489,2026-019728 OL,OL 2026 019728,Austin year/serial,merged listing fields,"report and prosecute all Credit Card Fraud

Registration Details
OL 2026 019728",False
1597376452831925157,2026-019728 OL,OL 2026 019728,Austin year/serial,merged listing fields,"report and prosecute all Credit Card Fraud

Registration Details
OL 2026 019728",False
1597504740350940092,2025-154070 OL,OL-2025-154070,Austin year/serial,merged listing fields,"utiful Courtyard in the middle of the home

Registration Details
OL-2025-154070",True
1597596176664513853,2026-058648 OL,OL 2026 058648,Austin year/serial,merged listing fields,"est a lot of bottled water and body wipes.

Registration Details
OL 2026 058648",True
1598070268991071584,2026-019728 OL,OL 2026 019728,Austin year/serial,merged listing fields,"report and prosecute all Credit Card Fraud

Registration Details
OL 2026 019728",False
1598070421744846198,2026-019728 OL,OL 2026 019728,Austin year/serial,merged listing fields,"report and prosecute all Credit Card Fraud

Registration Details
OL 2026 019728",False
1598070587413533840,2026-019728 OL,OL 2026 019728,Austin year/serial,merged listing fields,"report and prosecute all Credit Card Fraud

Registration Details
OL 2026 019728",False
1598583691594395888,2026-019728 OL,OL 2026 019728,Austin year/serial,merged listing fields,"report and prosecute all Credit Card Fraud

Registration Details
OL 2026 019728",False
1598599517252387632,2025-145361 OL,OL 2025 145361,Austin year/serial,merged listing fields," couples, families, or business travelers.

Registration Details
OL 2025 145361",True
1598605161157118257,2026-037174 OL,OL 2026 037174,Austin year/serial,merged listing fields,"et parking plus additional street parking.

Registration Details
OL 2026 037174",True
1598934202273477463,2026-086598 OL,OL 2026 086598,Austin year/serial,merged listing fields,"nd convenience in one perfect Austin home.

Registration Details
OL 2026 086598",True
1598953749522814358,2026-031718 OL,OL2026031718,Austin year/serial,merged listing fields,"onvenience, and the best of Austin living.

Registration Details
OL2026031718",True
1599308422847113052,2026-019728 OL,OL 2026 019728,Austin year/serial,merged listing fields,"report and prosecute all Credit Card Fraud

Registration Details
OL 2026 019728",False
1599308463066801746,2026-019728 OL,OL 2026 019728,Austin year/serial,merged listing fields,"report and prosecute all Credit Card Fraud

Registration Details
OL 2026 019728",False
1599479220538827728,2026-074167 OL,OL2026074167,Austin year/serial,merged listing fields," pool access available

No smoking indoors

Registration Details
OL2026074167",True
1599861713970729422,2025-111825 OL,OL 2025 111825,Austin year/serial,merged listing fields,"ssible.

Thank you for your understanding!

Registration Details
OL 2025 111825",True
1600094188097107220,2026-019728 OL,OL 2026 019728,Austin year/serial,merged listing fields,"report and prosecute all Credit Card Fraud

Registration Details
OL 2026 019728",False
1600094258758488611,2026-019728 OL,OL 2026 019728,Austin year/serial,merged listing fields,"report and prosecute all Credit Card Fraud

Registration Details
OL 2026 019728",False
1600136561562623061,2025-131736 OL,OL 2025 131736,Austin year/serial,merged listing fields,"n accordance with local noise regulations.

Registration Details
OL 2025 131736",True
1600757871027481301,2026-019728 OL,OL 2026 019728,Austin year/serial,merged listing fields,"report and prosecute all Credit Card Fraud

Registration Details
OL 2026 019728",False
1600757983410922420,2026-019728 OL,OL 2026 019728,Austin year/serial,merged listing fields,"report and prosecute all Credit Card Fraud

Registration Details
OL 2026 019728",False
1600860760424559721,2015-048552 OL,OL 2015 048552,Austin year/serial,merged listing fields,"king only, and it’s free and unrestricted.

Registration Details
OL 2015 048552",True
1600863309875944013,2026-058135 OL,OL 2026 058135,Austin year/serial,merged listing fields,"termination of your stay without a refund.

Registration Details
OL 2026 058135",True
1601602256943928986,2024-147580 OL,OL 2024 147580,Austin year/serial,merged listing fields," besides two owner closets and the garage.

Registration Details
OL 2024 147580",True
1602298020786842333,2026-019728 OL,OL 2026 019728,Austin year/serial,merged listing fields,"report and prosecute all Credit Card Fraud

Registration Details
OL 2026 019728",False
1602470300679754261,2026-012328 OL,OL2026012328,Austin year/serial,merged listing fields," and the calm is what makes both possible.

Registration Details
OL2026012328",True
1602964090811704165,2025-112692 OL,OL 2025 112692,Austin year/serial,merged listing fields,"Private fenced backyard — great for family

Registration Details
OL 2025 112692",True
1603043944133096671,2026-009782 OL,OL2026009782,Austin year/serial,merged listing fields,"or spaces (patio, backyard, and driveway).

Registration Details
OL2026009782",True
1603965623766408298,2026-123402 OL,OL 2026 123402,Austin year/serial,merged listing fields," right away so we can address it promptly.

Registration Details
OL 2026 123402",False
1604467313461346906,2026-012328 OL,OL2026012328,Austin year/serial,merged listing fields,"esh and clean for everyone who stays here.

Registration Details
OL2026012328",True
1604557514897082339,2014-061094 OL,OL 2014 061094,Austin year/serial,merged listing fields,"------------------------------------------

Registration Details
OL 2014 061094",True
1605241689082503768,2026-009889 OL,OL2026009889,Austin year/serial,merged listing fields,"wise the home is yours to enjoy privately.

Registration Details
OL2026009889",True
1605273577463613668,2025-153612 OL,OL 2025 153612,Austin year/serial,merged listing fields,"imestone landscapes just outside the city.

Registration Details
OL 2025 153612",True
1605923746817229057,2025-156578 OL,OL 2025 156578,Austin year/serial,merged listing fields,"ins to Circuit of The Americas (F1 / COTA)

Registration Details
OL 2025 156578",True
1607379440677531866,2025-159742 OL,OL 2025 159742,Austin year/serial,merged listing fields,"o Cats! Thanks for poking around my house!

Registration Details
OL 2025 159742",True
1607388993592405242,2026-050152 OL,OL 2026 050152,Austin year/serial,merged listing fields,"l.

Thank you very much for understanding.

Registration Details
OL 2026 050152",True
1607460567591084166,2026-050154 OL,OL 2026 050154,Austin year/serial,merged listing fields,"l.

Thank you very much for understanding.

Registration Details
OL 2026 050154",True
1607466848964702666,2026-050135 OL,OL 2026 050135,Austin year/serial,merged listing fields,"l.

Thank you very much for understanding.

Registration Details
OL 2026 050135",True
1607469941307490557,2026-050153 OL,OL 2026 050153,Austin year/serial,merged listing fields,"l.

Thank you very much for understanding.

Registration Details
OL 2026 050153",True
1607471342642865747,2026-050159 OL,OL 2026 050159,Austin year/serial,merged listing fields,"l.

Thank you very much for understanding.

Registration Details
OL 2026 050159",True
1607491880930859891,2026-010581 OL,OL 2026 010581,Austin year/serial,merged listing fields,"things to note
Pet friendly for dogs only.

Registration Details
OL 2026 010581",True
1607588988925133177,2014-061015 OL,OL2014061015,Austin year/serial,merged listing fields,"ll-located stay guests consistently enjoy.

Registration Details
OL2014061015",True
1607592618297531157,2014-061130 OL,OL2014061130,Austin year/serial,merged listing fields,"ll-located stay guests consistently enjoy.

Registration Details
OL2014061130",True
1608156460624129895,2026-050148 OL,OL 2026 050148,Austin year/serial,merged listing fields,"l.

Thank you very much for understanding.

Registration Details
OL 2026 050148",True
1608358133690095633,2026-047106 OL,OL 2026 047106,Austin year/serial,merged listing fields,"ull access to the Oasis during their stay.

Registration Details
OL 2026 047106",True
1608478344587627259,2014-061187 OL,OL-2014-061187,Austin year/serial,merged listing fields,"where that lets you experience more of it.

Registration Details
OL-2014-061187",True
1608478381214962144,2014-061200 OL,OL-2014-061200,Austin year/serial,merged listing fields,"where that lets you experience more of it.

Registration Details
OL-2014-061200",True
1608604791373704556,2014-061169 OL,OL-2014-061169,Austin year/serial,merged listing fields,"ng devices, including the Alertify system.

Registration Details
OL-2014-061169",True
1608714021990215104,2014-061065 OL,ol2014061065,Austin year/serial,merged listing fields,"ere comfort and convenience come standard.

Registration Details
ol2014061065",True
1608994,2014-007843 OL,2014-007843 OL,Austin year/serial,merged listing fields,"accommodate children 5 years old or older.

Registration Details
2014-007843 OL",True
1609041168430000002,2014-061074 OL,OL-2014-061074,Austin year/serial,merged listing fields,"strict in this comfortable, stylish space!

Registration Details
OL-2014-061074",True
1610944809035611966,2026-025388 OL,OL 2026 025388,Austin year/serial,merged listing fields,"ts, coffee shops, shopping, and live music

Registration Details
OL 2026 025388",True
1611057716678469127,2025-163208 OL,OL-2025-163208,Austin year/serial,merged listing fields,"nd an experience you’ll want to return to.

Registration Details
OL-2025-163208",True
1612387744975150213,2025-115559 OL,OL 2025 115559,Austin year/serial,merged listing fields,"h-speed WiFi throughout
•	Pets not allowed

Registration Details
OL 2025 115559",False
1612438,2020-195010 OL,OL 2020 195010,Austin year/serial,merged listing fields," of check-in.

Other things to note
083329

Registration Details
OL 2020 195010",True
1613284213358780465,2022-062682 OL,OL-2022-062682,Austin year/serial,merged listing fields,"use the bug spray provided under the sink.

Registration Details
OL-2022-062682",False
1613353754809861395,2026-016994 OL,OL2026016994,Austin year/serial,merged listing fields,"veryone, and we’re happy to have you here.

Registration Details
OL2026016994",True
1613806270609856608,2025-156431 OL,OL 2025 156431,Austin year/serial,merged listing fields,"amera records the driveway and front door.

Registration Details
OL 2025 156431",True
1613887173335388689,2026-004170 OL,OL-2026-004170,Austin year/serial,merged listing fields,"ime in Austin.
Welcome to Ted & Breakfast.

Registration Details
OL-2026-004170",True
1613979434360030426,2025-046323 OL,OL 2025 046323,Austin year/serial,merged listing fields,"card by the company providing the service.

Registration Details
OL 2025 046323",False
1613984964777516794,2025-046323 OL,OL 2025 046323,Austin year/serial,merged listing fields,"card by the company providing the service.

Registration Details
OL 2025 046323",False
1613987023019302229,2025-046323 OL,OL 2025 046323,Austin year/serial,merged listing fields,"card by the company providing the service.

Registration Details
OL 2025 046323",False
1613988980406857573,2025-046323 OL,OL 2025 046323,Austin year/serial,merged listing fields,"& co-working space
•	on-site support staff

Registration Details
OL 2025 046323",False
1613991727421899007,2025-046323 OL,OL 2025 046323,Austin year/serial,merged listing fields,"card by the company providing the service.

Registration Details
OL 2025 046323",False
1613993725319983133,2025-046323 OL,OL 2025 046323,Austin year/serial,merged listing fields,"& co-working space
•	on-site support staff

Registration Details
OL 2025 046323",False
1613995143795168344,2025-046323 OL,OL 2025 046323,Austin year/serial,merged listing fields,"& co-working space
•	on-site support staff

Registration Details
OL 2025 046323",False
1613996806855924920,2025-046323 OL,OL 2025 046323,Austin year/serial,merged listing fields,"card by the company providing the service.

Registration Details
OL 2025 046323",False
1614047402455051893,2025-016132 OL,OL 2025 016132,Austin year/serial,merged listing fields,"equest at an additional cost per cleaning.

Registration Details
OL 2025 016132",False
1614055468586275857,2025-005499 OL,OL 2025 005499,Austin year/serial,merged listing fields," may be returned to sender or disposed of.

Registration Details
OL 2025 005499",True
1614059404339216560,2025-005499 OL,OL 2025 005499,Austin year/serial,merged listing fields," may be returned to sender or disposed of.

Registration Details
OL 2025 005499",True
1614061719133366605,2025-005499 OL,OL 2025 005499,Austin year/serial,merged listing fields," may be returned to sender or disposed of.

Registration Details
OL 2025 005499",True
1614068443959968010,2025-016132 OL,OL 2025 016132,Austin year/serial,merged listing fields,"equest at an additional cost per cleaning.

Registration Details
OL 2025 016132",False
1614089877516167096,2022-152257 OL,OL2022152257,Austin year/serial,merged listing fields,"he City of Austin as a short term rental.  The license number is OL2022152257.

Registration Details
OL 2022 152257",True
1614269595809731409,2026-030237 OL,OL 2026 030237,Austin year/serial,merged listing fields,"ote work, or a laid-back stay in the city.

Registration Details
OL 2026 030237",True
1614366745133774343,2026-008397 OL,OL 2026 008397,Austin year/serial,merged listing fields,"ows parking for up to three vehicles only.

Registration Details
OL 2026 008397",True
1614546209029614581,2025-046323 OL,OL 2025 046323,Austin year/serial,merged listing fields,"card by the company providing the service.

Registration Details
OL 2025 046323",False
1614557295178849774,2025-046323 OL,OL 2025 046323,Austin year/serial,merged listing fields,"& co-working space
•	on-site support staff

Registration Details
OL 2025 046323",False
1614562476847737013,2025-046323 OL,OL 2025 046323,Austin year/serial,merged listing fields,"& co-working space
•	on-site support staff

Registration Details
OL 2025 046323",False
1614571228475014937,2025-046323 OL,OL 2025 046323,Austin year/serial,merged listing fields,"card by the company providing the service.

Registration Details
OL 2025 046323",False
1614582583859232531,2025-046323 OL,OL 2025 046323,Austin year/serial,merged listing fields,"& co-working space
•	on-site support staff

Registration Details
OL 2025 046323",False
1614585860753139805,2025-046323 OL,OL 2025 046323,Austin year/serial,merged listing fields,"card by the company providing the service.

Registration Details
OL 2025 046323",False
1614609133024411061,2025-046323 OL,OL 2025 046323,Austin year/serial,merged listing fields,"card by the company providing the service.

Registration Details
OL 2025 046323",False
1614615985565325581,2025-046323 OL,OL 2025 046323,Austin year/serial,merged listing fields,"card by the company providing the service.

Registration Details
OL 2025 046323",False
1614618940102080069,2025-046323 OL,OL 2025 046323,Austin year/serial,merged listing fields,"card by the company providing the service.

Registration Details
OL 2025 046323",False
1614654851380477556,2026-051443 OL,OL 2026 051443,Austin year/serial,merged listing fields," free to message us - we’re happy to help.

Registration Details
OL 2026 051443",True
1614662911963781877,2026-051443 OL,OL 2026 051443,Austin year/serial,merged listing fields," free to message us - we’re happy to help.

Registration Details
OL 2026 051443",True
1614664710350664976,2026-020508 OL,OL 2026 020508,Austin year/serial,merged listing fields," free to message us - we’re happy to help.

Registration Details
OL 2026 020508",True
1614768743614086607,2025-016132 OL,OL 2025 016132,Austin year/serial,merged listing fields,"equest at an additional cost per cleaning.

Registration Details
OL 2025 016132",False
1614777759502810171,2025-016132 OL,OL 2025 016132,Austin year/serial,merged listing fields,"equest at an additional cost per cleaning.

Registration Details
OL 2025 016132",False
1615264602271764788,2026-018343 OL,OL 2026 018343,Austin year/serial,merged listing fields,"extra charge helps cover cleaning fees. Ko

Registration Details
OL 2026 018343",True
1615323166064426132,2026-112021 OL,OL 2026 112021,Austin year/serial,merged listing fields,"away - airbnb.com/h/eastsidetreetopgetaway

Registration Details
OL 2026 112021",True
1615340147969667666,2026-032157 OL,OL2026032157,Austin year/serial,merged listing fields,"stem, so only toilet paper may be flushed.

Registration Details
OL2026032157",True
1615443864171245700,2025-046323 OL,OL 2025 046323,Austin year/serial,merged listing fields,"card by the company providing the service.

Registration Details
OL 2025 046323",False
1615448295389181334,2025-046323 OL,OL 2025 046323,Austin year/serial,merged listing fields,"card by the company providing the service.

Registration Details
OL 2025 046323",False
1615451248911981424,2025-046323 OL,OL 2025 046323,Austin year/serial,merged listing fields,"& co-working space
•	on-site support staff

Registration Details
OL 2025 046323",False
1615456100976486284,2025-046323 OL,OL 2025 046323,Austin year/serial,merged listing fields,"card by the company providing the service.

Registration Details
OL 2025 046323",False
1615458655783635854,2025-046323 OL,OL 2025 046323,Austin year/serial,merged listing fields,"card by the company providing the service.

Registration Details
OL 2025 046323",False
1615461049622107002,2025-046323 OL,OL 2025 046323,Austin year/serial,merged listing fields,"card by the company providing the service.

Registration Details
OL 2025 046323",False
1615465030115039953,2025-046323 OL,OL 2025 046323,Austin year/serial,merged listing fields,"& co-working space
•	on-site support staff

Registration Details
OL 2025 046323",False
1615472508272216354,2025-046323 OL,OL 2025 046323,Austin year/serial,merged listing fields,"card by the company providing the service.

Registration Details
OL 2025 046323",False
1615529698184821907,2019-153782 OL,OL 2019 153782,Austin year/serial,merged listing fields,"and should restricted to the parking lots.

Registration Details
OL 2019 153782",True
16157135,2019-191023 OL,OL 2019 191023,Austin year/serial,merged listing fields," where a group of friends can be together!

Registration Details
OL 2019 191023",True
1616215597980914339,2025-111324 OL,OL-2025-111324,Austin year/serial,merged listing fields," assist you or provide guidance as needed.

Registration Details
OL-2025-111324",True
1616237817427788112,2025-111270 OL,OL-2025-111270,Austin year/serial,merged listing fields," assist you or provide guidance as needed.

Registration Details
OL-2025-111270",True
1617489805638300726,2026-094509 OL,OL 2026 094509,Austin year/serial,merged listing fields,"he Union at Easton Park)
7604 Solari Drive

Registration Details
OL 2026 094509",True
1617601989209310332,2026-040667 OL,OL 2026 040667,Austin year/serial,merged listing fields," have deliberately locked you out of it :)

Registration Details
OL 2026 040667",True
1618164643328205585,2026-041365 OL,OL 2026 041365,Austin year/serial,merged listing fields,"pane BBQ grill
- Additional street parking

Registration Details
OL 2026 041365",True
1618930341156554752,2025-163158 OL,OL2025163158,Austin year/serial,merged listing fields,", business stays, UT events, ACL, or SXSW.

Registration Details
OL2025163158",True
1619179210250299398,2026-019728 OL,OL 2026 019728,Austin year/serial,merged listing fields,"urity deposit to be charged after booking.

Registration Details
OL 2026 019728",False
1619209408175909306,2026-019728 OL,OL 2026 019728,Austin year/serial,merged listing fields,"report and prosecute all Credit Card Fraud

Registration Details
OL 2026 019728",False
1619976511606065678,2026-019728 OL,OL 2026 019728,Austin year/serial,merged listing fields,"urity deposit to be charged after booking.

Registration Details
OL 2026 019728",False
1619977240023216651,2026-019728 OL,OL 2026 019728,Austin year/serial,merged listing fields,"report and prosecute all Credit Card Fraud

Registration Details
OL 2026 019728",False
1619977446827755261,2026-019728 OL,OL 2026 019728,Austin year/serial,merged listing fields,"report and prosecute all Credit Card Fraud

Registration Details
OL 2026 019728",False
1619977629567905935,2026-019728 OL,OL 2026 019728,Austin year/serial,merged listing fields,"report and prosecute all Credit Card Fraud

Registration Details
OL 2026 019728",False
1620439878650220780,2025-102916 OL,OL 2025 102916,Austin year/serial,merged listing fields,"uest access
You can use the entire home!!!

Registration Details
OL 2025 102916",False
1620547454655769527,2026-000797 OL,OL 2026 000797,Austin year/serial,merged listing fields,"n right in your backyard during your stay!

Registration Details
OL 2026 000797",True
16207501,2017-039399 OL,OL 2017 039399,Austin year/serial,merged listing fields,"ars in the back. There is plenty of space.

Registration Details
OL 2017 039399",True
1621235209780922656,2026-058135 OL,OL 2026 058135,Austin year/serial,merged listing fields,"termination of your stay without a refund.

Registration Details
OL 2026 058135",True
1622004318603219562,2026-041891 OL,OL 2026 041891,Austin year/serial,merged listing fields," free to message us - we’re happy to help.

Registration Details
OL 2026 041891",True
1623363436457380956,2026-014344 OL,OL 2026 014344,Austin year/serial,merged listing fields,"ve smoker, this listing is not a good fit.

Registration Details
OL 2026 014344",True
1623494154768221912,2026-045468 OL,OL2026045468,Austin year/serial,merged listing fields,"f comfort, style, and unbeatable location.

Registration Details
OL2026045468",True
16236845,2016-129805 OL,OL-2016-129805,Austin year/serial,merged listing fields,"and occupancy is monitored and enforced.**

Registration Details
OL-2016-129805",True
1623930812153641451,2025-153237 OL,OL 2025 153237,Austin year/serial,merged listing fields,"d kids’ room for a true luxury experience.

Registration Details
OL 2025 153237",True
1623966778187355720,2023-161461 OL,OL2023161461,Austin year/serial,merged listing fields,"d. Owners are responsible for any damages.

Registration Details
OL2023161461",True
1624755447693651007,2026-042219 OL,OL 2026 042219,Austin year/serial,merged listing fields,"ls. If tampered with, there will be a fee.

Registration Details
OL 2026 042219",True
1624847457086312323,2025-145509 OL,OL 2025 145509,Austin year/serial,merged listing fields," free to message us - we’re happy to help.

Registration Details
OL 2025 145509",True
1624973917613733277,2026-026074 OL,OL2026026074,Austin year/serial,merged listing fields,"d hospitality, making every stay seamless.

Registration Details
OL2026026074",True
1625362438729567660,2026-019728 OL,OL 2026 019728,Austin year/serial,merged listing fields,"report and prosecute all Credit Card Fraud

Registration Details
OL 2026 019728",False
1625367476065449451,2026-019728 OL,OL 2026 019728,Austin year/serial,merged listing fields,"report and prosecute all Credit Card Fraud

Registration Details
OL 2026 019728",False
1625373108658534892,2026-019728 OL,OL 2026 019728,Austin year/serial,merged listing fields,"report and prosecute all Credit Card Fraud

Registration Details
OL 2026 019728",False
1625373493652960276,2026-019728 OL,OL 2026 019728,Austin year/serial,merged listing fields,"report and prosecute all Credit Card Fraud

Registration Details
OL 2026 019728",False
1625374339368880225,2026-019728 OL,OL 2026 019728,Austin year/serial,merged listing fields,"report and prosecute all Credit Card Fraud

Registration Details
OL 2026 019728",False
1625405792723159243,2026-062694 OL,OL2026062694,Austin year/serial,merged listing fields,"Late check-outs may incur additional fees.

Registration Details
OL2026062694",True
16254209,2013-042007 OL,OL 2013 042007,Austin year/serial,merged listing fields,"f golf courses near by
o 15 min to Airport

Registration Details
OL 2013 042007",False
1625427417508773153,2026-042762 OL,OL-2026-042762,Austin year/serial,merged listing fields,"ate a great experience for all our guests!

Registration Details
OL-2026-042762",True
16255356,2013-037677 OL,OL 2013 037677,Austin year/serial,merged listing fields,"f golf courses near by
o 15 min to Airport

Registration Details
OL 2013 037677",False
1625602420211577758,2026-029419 OL,OL 2026 029419,Austin year/serial,merged listing fields,"dogs allowed with a $100 pet fee per stay.

Registration Details
OL 2026 029419",True
1625869319010659040,2025-134331 OL,OL 2025 134331,Austin year/serial,merged listing fields,"perty are yours to enjoy during your stay.

Registration Details
OL 2025 134331",True
1626860271603565156,2026-027177 OL,OL 2026 027177,Austin year/serial,merged listing fields,"t. Otherwise, street parking is available.

Registration Details
OL 2026 027177",True
1627027039579264434,2024-051183 OL,OL 2024 051183,Austin year/serial,merged listing fields,"s get the comfort of an entire large home!

Registration Details
OL 2024 051183",True
1627114342896834478,2026-015839 OL,OL 2026 015839,Austin year/serial,merged listing fields,"elaxing after a full day exploring Austin.

Registration Details
OL 2026 015839",True
1627725365888416937,2026-082432 OL,OL 2026 082432,Austin year/serial,merged listing fields,"s designed with comfort and charm in mind.

Registration Details
OL 2026 082432",True
1627758927043092934,2025-016132 OL,OL 2025 016132,Austin year/serial,merged listing fields,"equest at an additional cost per cleaning.

Registration Details
OL 2025 016132",False
1627761856251783423,2025-016132 OL,OL 2025 016132,Austin year/serial,merged listing fields,"equest at an additional cost per cleaning.

Registration Details
OL 2025 016132",False
1627763867331356710,2025-016132 OL,OL 2025 016132,Austin year/serial,merged listing fields,"equest at an additional cost per cleaning.

Registration Details
OL 2025 016132",False
1627765792909973497,2025-016132 OL,OL 2025 016132,Austin year/serial,merged listing fields,"equest at an additional cost per cleaning.

Registration Details
OL 2025 016132",False
1627806084943056960,2025-163639 OL,OL-2025-163639,Austin year/serial,merged listing fields," home, including the front and back yards.

Registration Details
OL-2025-163639",True
1628289277343182119,2026-019728 OL,OL 2026 019728,Austin year/serial,merged listing fields,"report and prosecute all Credit Card Fraud

Registration Details
OL 2026 019728",False
1628293135053064386,2026-019728 OL,OL 2026 019728,Austin year/serial,merged listing fields,"report and prosecute all Credit Card Fraud

Registration Details
OL 2026 019728",False
1628293296940479671,2026-019728 OL,OL 2026 019728,Austin year/serial,merged listing fields,"report and prosecute all Credit Card Fraud

Registration Details
OL 2026 019728",False
1628293761834142489,2026-019728 OL,OL 2026 019728,Austin year/serial,merged listing fields,"report and prosecute all Credit Card Fraud

Registration Details
OL 2026 019728",False
1628388187463671262,2025-157741 OL,OL2025157741,Austin year/serial,merged listing fields," love to live — and visitors love to book!

Registration Details
OL2025157741",True
1628538898579214978,2026-044782 OL,OL 2026 044782,Austin year/serial,merged listing fields,"than a luxury or resort-style environment.

Registration Details
OL 2026 044782",True
1629179361444842638,2026-087033 OL,OL 2026 087033,Austin year/serial,merged listing fields,"now if you need anything during your stay!

Registration Details
OL 2026 087033",False
1629229444314200860,2026-028577 OL,OL 2026 028577,Austin year/serial,merged listing fields,"he front or backyard during daytime hours.

Registration Details
OL 2026 028577",True
1629250545336563059,2026-032759 OL,OL 2026 032759,Austin year/serial,merged listing fields,"hile staying close to Austin’s best spots.

Registration Details
OL 2026 032759",True
1629869655093474193,2025-101921 OL,OL 2025 101921,Austin year/serial,merged listing fields,"oking.

STR Permit Number: OL 2025/101/921

Registration Details
OL 2025 101921",False
1630469869972799308,2026-074495 OL,OL2026074495,Austin year/serial,merged listing fields," itself.

Other things to note
City of Austin Operating License: OL2026074495

Registration Details
OL 2026 074495",True
1630675623475410699,2025-000000 OL,ol-2025-000000,Austin year/serial,merged listing fields,"/ compost (paper ok but not soft plastics)

Registration Details
ol-2025-000000",False
1631259658529527516,2026-113864 OL,OL-2026-113864,Austin year/serial,merged listing fields,"ost (paper ok but no soft plastics please)

Registration Details
OL-2026-113864",False
1631680002047970582,2026-062678 OL,OL-2026-062678,Austin year/serial,merged listing fields,"ssible through the alley behind the house.

Registration Details
OL-2026-062678",True
1631975013133544042,2026-026415 OL,OL2026026415,Austin year/serial,merged listing fields,"ess
Guests can use the entire studio unit.

Registration Details
OL2026026415",True
1632117607733582007,2026-026415 OL,OL2026026415,Austin year/serial,merged listing fields,"communicate through the Airbnb Portal/App.

Registration Details
OL2026026415",True
16325486,2026-109971 OL,OL 2026 109971,Austin year/serial,merged listing fields,"oor and one half bath on the ground floor.

Registration Details
OL 2026 109971",False
1632979782786511347,2025-158716 OL,OL-2025-158716,Austin year/serial,merged listing fields,"Other things to note
We have an event fee.

Registration Details
OL-2025-158716",True
1633440845032558229,2026-096912 OL,OL 2026 096912,Austin year/serial,merged listing fields,"s and another for stays of 28 or more days

Registration Details
OL 2026 096912",True
1633495212094159186,2026-095911 OL,OL 2026 095911,Austin year/serial,merged listing fields,"rs in the loft for working from the space.

Registration Details
OL 2026 095911",True
1633597031261011637,2025-147573 OL,OL 2025 147573,Austin year/serial,merged listing fields," after booking.

STR Permit Number: 147573

Registration Details
OL 2025 147573",True
1633609335253502852,2026-032378 OL,OL 2026 032378,Austin year/serial,merged listing fields,"ill have access to this entire upper unit!

Registration Details
OL 2026 032378",True
1633680483820466391,2025-038550 OL,OL2025038550,Austin year/serial,merged listing fields,"sts looking to play and enjoy the outdoors

Registration Details
OL2025038550",False
16338748,2026-053289 OL,OL 2026 053289,Austin year/serial,merged listing fields,"ins locked. But access to everything else.

Registration Details
OL 2026 053289",True
1634307266360820140,2025-121062 OL,OL2025121062,Austin year/serial,merged listing fields,"t, just message us and we'll let you know.

Registration Details
OL2025121062",True
1634310396542942057,2025-016763 OL,OL 2025 016763,Austin year/serial,merged listing fields,"ect to immediate eviction without refund**

Registration Details
OL 2025 016763",True
1634346236084201075,2026-074631 OL,OL 2026 074631,Austin year/serial,merged listing fields,"r late night loud music will be tolerated.

Registration Details
OL 2026 074631",True
1634811602409182650,2025-143817 OL,OL 2025 143817,Austin year/serial,merged listing fields,"p-off and pickup times during school year.

Registration Details
OL 2025 143817",True
1634878866524231695,2025-153757 OL,2025-153757 OL,Austin year/serial,merged listing fields,"is at 4:00 PM and checkout is at 10:00 AM.

Registration Details
2025-153757 OL",True
1634951542427253243,2026-096912 OL,OL 2026 096912,Austin year/serial,merged listing fields,"s and another for stays of 28 or more days

Registration Details
OL 2026 096912",True
1635015125616383350,2026-062535 OL,OL 2026 062535,Austin year/serial,merged listing fields,"kely have guests staying during your stay.

Registration Details
OL 2026 062535",True
1635860826572596534,2026-037162 OL,OL 2026 037162,Austin year/serial,merged listing fields," welcome to use the entire secondary unit.

Registration Details
OL 2026 037162",True
1636372771520311187,2022-167712 OL,OL 2022 167712,Austin year/serial,merged listing fields,"ou have a vehicle, street parking is free.

Registration Details
OL 2022 167712",True
1636600324972013473,2026-041900 OL,OL 2026 041900,Austin year/serial,merged listing fields,"ate driveway with parking for 10 vehicles.

Registration Details
OL 2026 041900",True
1637150036097473463,2025-022183 OL,OL 2025 022183,Austin year/serial,merged listing fields,"derstanding and helping us conserve water!

Registration Details
OL 2025 022183",False
16379302,2016-137737 OL,OL 2016 137737,Austin year/serial,merged listing fields,"nd in the alley driveway behind the house.

Registration Details
OL 2016 137737",True
1638479139722983061,2025-102332 OL,OL 2025 102332,Austin year/serial,merged listing fields,"while giving you space to enjoy your stay.

Registration Details
OL 2025 102332",False
1638702131416039423,2025-159801 OL,OL 2025 159801,Austin year/serial,merged listing fields,"f you have any questions prior to booking!

Registration Details
OL 2025 159801",True
1638730536525946026,2025-163483 OL,OL 2025 163483,Austin year/serial,merged listing fields," both beautiful and effortless to stay in.

Registration Details
OL 2025 163483",True
1638804979394051771,2025-163473 OL,OL 2025 163473,Austin year/serial,merged listing fields," both beautiful and effortless to stay in.

Registration Details
OL 2025 163473",True
1638810800955829272,2025-117795 OL,OL 2025 117795,Austin year/serial,merged listing fields,"hank you very much for your understanding.

Registration Details
OL 2025 117795",True
1639201184310331967,2026-028488 OL,OL 2026 028488,Austin year/serial,merged listing fields,"urity deposit to be charged after booking.

Registration Details
OL 2026 028488",True
1639254361679729180,2026-077658 OL,OL 2026 077658,Austin year/serial,merged listing fields,"use the bug spray provided under the sink.

Registration Details
OL 2026 077658",True
1639607223934927319,2025-117795 OL,OL 2025 117795,Austin year/serial,merged listing fields,"hank you very much for your understanding.

Registration Details
OL 2025 117795",True
1639691887401007533,2025-117795 OL,OL 2025 117795,Austin year/serial,merged listing fields,"hank you very much for your understanding.

Registration Details
OL 2025 117795",True
1639976219612695847,2026-019276 OL,OL-2026-019276,Austin year/serial,merged listing fields,"perty, making arrivals and day trips easy.

Registration Details
OL-2026-019276",True
1639991640035487916,2026-043745 OL,OL 2026 043745,Austin year/serial,merged listing fields," Lyft typically arrive within 3–5 minutes.

Registration Details
OL 2026 043745",True
1640190940591866904,2026-019728 OL,OL 2026 019728,Austin year/serial,merged listing fields,"report and prosecute all Credit Card Fraud

Registration Details
OL 2026 019728",False
1640194258061143938,2026-019728 OL,OL 2026 019728,Austin year/serial,merged listing fields,"report and prosecute all Credit Card Fraud

Registration Details
OL 2026 019728",False
1640194667536525254,2026-019728 OL,OL 2026 019728,Austin year/serial,merged listing fields,"report and prosecute all Credit Card Fraud

Registration Details
OL 2026 019728",False
1640194922167773287,2026-019728 OL,OL 2026 019728,Austin year/serial,merged listing fields,"report and prosecute all Credit Card Fraud

Registration Details
OL 2026 019728",False
1640300914794677538,2026-058421 OL,OL-2026-058421,Austin year/serial,merged listing fields," a neighborhood park with a community pool

Registration Details
OL-2026-058421",True
1640779125121346490,2026-075248 OL,OL 2026 075248,Austin year/serial,merged listing fields," and fire pit are available for guest use.

Registration Details
OL 2026 075248",True
1642130972251993075,2026-055924 OL,OL2026055924,Austin year/serial,merged listing fields,"d the two dedicated parking spots on site.

Registration Details
OL2026055924",True
1642244253091525639,2025-163483 OL,OL 2025 163483,Austin year/serial,merged listing fields,"rm, sunlit character of Austin’s Southwest

Registration Details
OL 2025 163483",True
1642502108012099322,2021-019159 OL,OL 2021 019159,Austin year/serial,merged listing fields,"o WFH or steam content on multiple devices

Registration Details
OL 2021 019159",True
1642738237446521604,2025-082939 OL,OL 2025 082939,Austin year/serial,merged listing fields,"sting. Any questions? We're happy to help.

Registration Details
OL 2025 082939",False
1642755341709549694,2025-082939 OL,OL 2025 082939,Austin year/serial,merged listing fields,"sting. Any questions? We're happy to help.

Registration Details
OL 2025 082939",False
1642790194860985105,2021-201889 OL,OL2021201889,Austin year/serial,merged listing fields,"encing the best of downtown Austin living.

Registration Details
OL2021201889",False
1643780395545742487,2026-094123 OL,OL 2026 094123,Austin year/serial,merged listing fields,"ops, coffee spots and great places to eat.

Registration Details
OL 2026 094123",True
1644623449430214942,2026-036944 OL,OL2026036944,Austin year/serial,merged listing fields,"ure cleaning, as well as ac vent cleaning.

Registration Details
OL2026036944",True
1644922280488348040,2026-008279 OL,OL 2026 008279,Austin year/serial,merged listing fields,"se notify us at least 24 hours in advance.

Registration Details
OL 2026 008279",True
1645776347838589655,2025-140826 OL,OL-2025-140826,Austin year/serial,merged listing fields,"stin
• Perfect for groups and family stays

Registration Details
OL-2025-140826",True
1646451807029981757,2026-017746 OL,OL-2026-017746,Austin year/serial,merged listing fields,"ime in Austin.
Welcome to Ted & Breakfast.

Registration Details
OL-2026-017746",True
1646539968588116911,2026-031198 OL,OL 2026 031198,Austin year/serial,merged listing fields," free to message us - we’re happy to help.

Registration Details
OL 2026 031198",True
1647308132816173785,2026-004170 OL,OL-2026-004170,Austin year/serial,merged listing fields,"ime in Austin.
Welcome to Ted & Breakfast!

Registration Details
OL-2026-004170",True
1647501642227158872,2026-004450 OL,OL 2026 004450,Austin year/serial,merged listing fields,"nearby homes together for larger groups.**

Registration Details
OL 2026 004450",True
1647533345192841047,2026-004450 OL,OL 2026 004450,Austin year/serial,merged listing fields,"nearby homes together for larger groups.**

Registration Details
OL 2026 004450",True
1647997412761714327,2024-032243 OL,OL 2024 032243,Austin year/serial,merged listing fields,"h the neighbors and we WILL hear about it.

Registration Details
OL 2024 032243",True
1648015883376392061,2026-027746 OL,OL 2026 027746,Austin year/serial,merged listing fields,"l. We're here to assist you with our home!

Registration Details
OL 2026 027746",True
1648022809839659811,2026-096913 OL,OL 2026 096913,Austin year/serial,merged listing fields,"ng instructions a day before your arrival.

Registration Details
OL 2026 096913",False
1648120753200283512,2026-104877 OL,OL 2026 104877,Austin year/serial,merged listing fields," right away so we can address it promptly.

Registration Details
OL 2026 104877",False
1648844741968027622,2026-004450 OL,OL 2026 004450,Austin year/serial,merged listing fields,"l nearby homes together for larger groups.

Registration Details
OL 2026 004450",True
1648850962287356665,2026-004450 OL,OL 2026 004450,Austin year/serial,merged listing fields,"t be arranged directly with the skatepark.

Registration Details
OL 2026 004450",True
1648906718494005146,2026-060263 OL,OL 2026 060263,Austin year/serial,merged listing fields,"Ave, just a short walk from your entrance.

Registration Details
OL 2026 060263",True
1649464776920134776,2025-144166 OL,OL 2025 144166,Austin year/serial,merged listing fields,"t be arranged directly with the skatepark.

Registration Details
OL 2025 144166",True
1649476025286613022,2025-151446 OL,OL 2025 151446,Austin year/serial,merged listing fields,"d activities will be sent before check-in!

Registration Details
OL 2025 151446",True
1650025503519604912,2026-026084 OL,OL 2026 026084,Austin year/serial,merged listing fields,"ay that works is if this rule is followed.

Registration Details
OL 2026 026084",True
1651856138912878406,2024-110210 OL,OL 2024 110210,Austin year/serial,merged listing fields,"uests have full access to the entire home.

Registration Details
OL 2024 110210",True
1652215872322082954,2026-083368 OL,OL 2026 083368,Austin year/serial,merged listing fields,"aching around 20 minutes during rush hour.

Registration Details
OL 2026 083368",True
16534724,2017-008580 OL,OL 2017 008580,Austin year/serial,merged listing fields,"roit-style (0.7 miles away - 3 mins drive)

Registration Details
OL 2017 008580",True
1654368393104571361,2026-019728 OL,OL 2026 019728,Austin year/serial,merged listing fields,"report and prosecute all Credit Card Fraud

Registration Details
OL 2026 019728",False
1654368742087854523,2026-019728 OL,OL 2026 019728,Austin year/serial,merged listing fields,"report and prosecute all Credit Card Fraud

Registration Details
OL 2026 019728",False
1654421679351465251,2021-201889 OL,OL2021201889,Austin year/serial,merged listing fields,"s $40 per night paid to the valet company.

Registration Details
OL2021201889",False
1654513752703483662,2025-038445 OL,OL 2025 038445,Austin year/serial,merged listing fields,"ect to immediate eviction without refund**

Registration Details
OL 2025 038445",True
1654673285750006929,2026-043772 OL,OL2026043772,Austin year/serial,merged listing fields,"very much. We look forward to hosting you!

Registration Details
OL2026043772",True
1654756480401463960,2024-063921 OL,OL 2024 063921,Austin year/serial,merged listing fields,"derstanding and helping us conserve water!

Registration Details
OL 2024 063921",False
1654833140013962533,2025-137692 OL,OL 2025 137692,Austin year/serial,merged listing fields,"plans ahead of time and we'll all be good.

Registration Details
OL 2025 137692",True
1654833141762173808,2025-137692 OL,OL 2025 137692,Austin year/serial,merged listing fields,"plans ahead of time and we'll all be good.

Registration Details
OL 2025 137692",True
1654833662353422291,2025-137692 OL,OL 2025 137692,Austin year/serial,merged listing fields,"plans ahead of time and we'll all be good.

Registration Details
OL 2025 137692",True
1655119241934860306,2026-074168 OL,OL2026074168,Austin year/serial,merged listing fields,"ull Bath
- Laundry Closet (washer & dryer)

Registration Details
OL2026074168",True
1655133993918898087,2025-021176 OL,OL2025021176,Austin year/serial,merged listing fields,"ized events, installation and photoshoots.

Registration Details
OL2025021176",False
1655219690903661394,2026-019971 OL,OL2026019971,Austin year/serial,merged listing fields,"d. Owners are responsible for any damages.

Registration Details
OL2026019971",True
1655329029936239948,2026-040319 OL,OL2026040319,Austin year/serial,merged listing fields,"offers. Book your South Austin stay today!

Registration Details
OL2026040319",True
1655445930333312939,2026-041516 OL,OL 2026 041516,Austin year/serial,merged listing fields," property is an acceptance of house rules.

Registration Details
OL 2026 041516",True
1655914841137322736,2026-019728 OL,OL 2026 019728,Austin year/serial,merged listing fields,"report and prosecute all Credit Card Fraud

Registration Details
OL 2026 019728",False
1655915317359261025,2026-019728 OL,OL 2026 019728,Austin year/serial,merged listing fields,"report and prosecute all Credit Card Fraud

Registration Details
OL 2026 019728",False
1656001305775238806,2026-019728 OL,OL 2026 019728,Austin year/serial,merged listing fields,"report and prosecute all Credit Card Fraud

Registration Details
OL 2026 019728",False
1656005400459076359,2026-019728 OL,OL 2026 019728,Austin year/serial,merged listing fields,"report and prosecute all Credit Card Fraud

Registration Details
OL 2026 019728",False
1656033067798449593,2021-201889 OL,OL 2021 201889,Austin year/serial,merged listing fields,"cal attractions for an unforgettable stay.

Registration Details
OL 2021 201889",False
1656114789444881311,2026-053127 OL,OL 2026 053127,Austin year/serial,merged listing fields," property is an acceptance of house rules.

Registration Details
OL 2026 053127",True
1656164668966676042,2025-092386 OL,OL 2025 092386,Austin year/serial,merged listing fields,"Spa can be turned on with message to host.

Registration Details
OL 2025 092386",False
1656571430415530255,2026-032863 OL,OL 2026 032863,Austin year/serial,merged listing fields,"bout bringing a pet to avoid cancellation.

Registration Details
OL 2026 032863",True
1656571686196804178,2026-074544 OL,OL 2026 074544,Austin year/serial,merged listing fields,"bout bringing a pet to avoid cancellation.

Registration Details
OL 2026 074544",True
1656589130966668805,2026-043772 OL,OL2026043772,Austin year/serial,merged listing fields,"very much. We look forward to hosting you!

Registration Details
OL2026043772",True
1656730831851973531,2025-156609 OL,OL 2025 156609,Austin year/serial,merged listing fields,"cess
- No smoking indoors (vapes included)

Registration Details
OL 2025 156609",True
1657322616759374158,2026-071921 OL,OL 2026 071921,Austin year/serial,merged listing fields,"sult in immediate eviction without refund.

Registration Details
OL 2026 071921",True
1658137581243946816,2026-019728 OL,OL 2026 019728,Austin year/serial,merged listing fields,"report and prosecute all Credit Card Fraud

Registration Details
OL 2026 019728",False
1658137640581616838,2026-019728 OL,OL 2026 019728,Austin year/serial,merged listing fields,"report and prosecute all Credit Card Fraud

Registration Details
OL 2026 019728",False
1658138962651260893,2026-019728 OL,OL 2026 019728,Austin year/serial,merged listing fields,"report and prosecute all Credit Card Fraud

Registration Details
OL 2026 019728",False
1658926794654949292,2026-019728 OL,OL 2026 019728,Austin year/serial,merged listing fields,"report and prosecute all Credit Card Fraud

Registration Details
OL 2026 019728",False
1658927270774065938,2026-019728 OL,OL 2026 019728,Austin year/serial,merged listing fields,"report and prosecute all Credit Card Fraud

Registration Details
OL 2026 019728",False
1659009628810385411,2026-071137 OL,OL 2026 071137,Austin year/serial,merged listing fields,"le? We can accommodate up to 15 ! Just ask

Registration Details
OL 2026 071137",True
1659479316176234064,2026-074498 OL,OL 2026 074498,Austin year/serial,merged listing fields,"id prior to each monthly cleaning service.

Registration Details
OL 2026 074498",True
1659492185952558749,2026-074517 OL,OL 2026 074517,Austin year/serial,merged listing fields,"id prior to each monthly cleaning service.

Registration Details
OL 2026 074517",True
1659566138632668009,2026-024968 OL,OL 2026 024968,Austin year/serial,merged listing fields,"le for use. They are stored in the garage.

Registration Details
OL 2026 024968",True
1660111714178928833,2026-286193 OL,OL 2026 286193,Austin year/serial,merged listing fields,"e we provide you with a 5-star experience.

Registration Details
OL 2026 286193",False
1660201596775041492,2026-043772 OL,OL2026043772,Austin year/serial,merged listing fields,"very much. We look forward to hosting you!

Registration Details
OL2026043772",True
1660317303000784356,2026-019728 OL,OL 2026 019728,Austin year/serial,merged listing fields,"report and prosecute all Credit Card Fraud

Registration Details
OL 2026 019728",False
1660323503655102902,2026-019728 OL,OL 2026 019728,Austin year/serial,merged listing fields,"report and prosecute all Credit Card Fraud

Registration Details
OL 2026 019728",False
1660324150265490919,2026-019728 OL,OL 2026 019728,Austin year/serial,merged listing fields,"report and prosecute all Credit Card Fraud

Registration Details
OL 2026 019728",False
1660381004822407119,2026-286192 OL,OL 2026 286192,Austin year/serial,merged listing fields,"t and blinds as well as a bathroom nearby.

Registration Details
OL 2026 286192",False
1660959249797556985,2025-145317 OL,OL 2025 145317,Austin year/serial,merged listing fields,"ay that’s easy to enjoy from day to night.

Registration Details
OL 2025 145317",True
1661674335689396367,2025-151471 OL,OL 2025 151471,Austin year/serial,merged listing fields,"t be present for the duration of the stay.

Registration Details
OL 2025 151471",True
1663115719232744808,2025-125437 OL,OL2025125437,Austin year/serial,merged listing fields,"d. Owners are responsible for any damages.

Registration Details
OL2025125437",True
1663452445539944281,2026-019728 OL,OL 2026 019728,Austin year/serial,merged listing fields,"report and prosecute all Credit Card Fraud

Registration Details
OL 2026 019728",False
1663980266544202012,2023-082143 OL,OL2023082143,Austin year/serial,merged listing fields,"e each other in passing, coming and going!

Registration Details
OL2023082143",False
1664070686838961981,2026-019728 OL,OL 2026 019728,Austin year/serial,merged listing fields,"report and prosecute all Credit Card Fraud

Registration Details
OL 2026 019728",False
1664071048077941250,2025-163530 OL,OL 2025 163530,Austin year/serial,merged listing fields,"urity deposit to be charged after booking.

Registration Details
OL 2025 163530",True
1665308192346549281,2025-113293 OL,OL 2025 113293,Austin year/serial,merged listing fields,"e of $841 will be collected after booking.

Registration Details
OL 2025 113293",True
1665485117964234611,2026-063436 OL,OL 2026 063436,Austin year/serial,merged listing fields,"ed from the house via a sliding barn door.

Registration Details
OL 2026 063436",True
1665627988933651534,2026-103962 OL,OL2026103962,Austin year/serial,merged listing fields,"e immediately within 24 hours of checkout.

Registration Details
OL2026103962",True
1667612855319365753,2026-035046 OL,OL 2026 035046,Austin year/serial,merged listing fields,"st 15 minutes to downtown and the airport.

Registration Details
OL 2026 035046",True
1667682645855560800,2026-065112 OL,OL-2026-065112,Austin year/serial,merged listing fields,"n accordance with applicable privacy laws.

Registration Details
OL-2026-065112",True
1667700593131501281,2026-041940 OL,OL 2026 041940,Austin year/serial,merged listing fields,"V charging are available during your stay.

Registration Details
OL 2026 041940",True
1667749371567349317,2021-201889 OL,OL-2021-201889,Austin year/serial,merged listing fields,"nvenient and comfortable stay in the city.

Registration Details
OL-2021-201889",False
1667751543887553217,2026-024112 OL,OL 2026 024112,Austin year/serial,merged listing fields,"oyable as possible. We'd love to host you.

Registration Details
OL 2026 024112",True
1668231581765378693,2014-061187 OL,OL2014061187,Austin year/serial,merged listing fields," a clean, welcoming space for every guest.

Registration Details
OL2014061187",True
1668379760561442593,2025-066410 OL,OL 2025 066410,Austin year/serial,merged listing fields,"d to welcoming you to our home!

💛 Laurent

Registration Details
OL 2025 066410",False
1668853102068405749,2026-031193 OL,OL 2026 031193,Austin year/serial,merged listing fields,"ly linger by the carport. She is friendly.

Registration Details
OL 2026 031193",True
1668944154028770443,2022-144675 OL,OL 2022 144675,Austin year/serial,merged listing fields,"ote
STR License Approved by City of Austin

Registration Details
OL 2022 144675",False
1669154761806845372,2025-054875 OL,OL 2025 054875,Austin year/serial,merged listing fields,"report and prosecute all Credit Card Fraud

Registration Details
OL 2025 054875",False
1669771672988103987,2026-068922 OL,OL 2026 068922,Austin year/serial,merged listing fields,"and we will match you to a stay that fits.

Registration Details
OL 2026 068922",False
1669846058406009720,2026-075296 OL,OL 2026 075296,Austin year/serial,merged listing fields," and fire pit are available for guest use.

Registration Details
OL 2026 075296",True
1670423998815512086,2026-019728 OL,OL 2026 019728,Austin year/serial,merged listing fields,"report and prosecute all Credit Card Fraud

Registration Details
OL 2026 019728",False
1672515305657261659,2026-041516 OL,OL 2026 041516,Austin year/serial,merged listing fields," property is an acceptance of house rules.

Registration Details
OL 2026 041516",True
1673197282255885574,2025-016907 OL,OL 2025 016907,Austin year/serial,merged listing fields,"derstanding and helping us conserve water!

Registration Details
OL 2025 016907",False
1673298142062768926,2026-105796 OL,OL 2026 105796,Austin year/serial,merged listing fields,"time after 1:00 PM
• Check out by 10:00 AM

Registration Details
OL 2026 105796",True
1673516454602338651,2026-045326 OL,OL 2026 045326,Austin year/serial,merged listing fields," note
Street parking is free if preferred.

Registration Details
OL 2026 045326",True
1673520090131901106,2026-064414 OL,OL 2026 064414,Austin year/serial,merged listing fields,"hank you very much for your understanding.

Registration Details
OL 2026 064414",True
1673636511405640387,2025-115725 OL,2025-115725 OL,Austin year/serial,merged listing fields,"nd jet ski parking also available at dock.

Registration Details
2025-115725 OL",True
1674006791093157558,2025-148220 OL,2025-148220 OL,Austin year/serial,merged listing fields,"me is 4:00 PM. Check-out time is 10:00 AM.

Registration Details
2025-148220 OL",True
1674156712189446813,2018-075682 OL,OL 2018 075682,Austin year/serial,merged listing fields," property 2 houses away. Ask for the link!

Registration Details
OL 2018 075682",True
1674165954956801104,2025-134471 OL,OL 2025 134471,Austin year/serial,merged listing fields,"d. Owners are responsible for any damages.

Registration Details
OL 2025 134471",True
1675052722444229274,2016-106754 OL,OL 2016 106754,Austin year/serial,merged listing fields,"e airport
* Close to Lady Bird Lake Trail.

Registration Details
OL 2016 106754",True
1676030901541851232,2026-019728 OL,OL 2026 019728,Austin year/serial,merged listing fields,"report and prosecute all Credit Card Fraud

Registration Details
OL 2026 019728",False
1676201900846597799,2025-131946 OL,OL 2025 131946,Austin year/serial,merged listing fields,"llowed. Please be respectful of neighbors.

Registration Details
OL 2025 131946",True
1676931292159563866,2021-201889 OL,OL2021201889,Austin year/serial,merged listing fields,"encing the best of downtown Austin living.

Registration Details
OL2021201889",False
1677722863200551846,2025-147472 OL,2025-147472 OL,Austin year/serial,merged listing fields,"nsitive to noise this place isn't for YOU.

Registration Details
2025-147472 OL",True
1678482546810195201,2026-091704 OL,OL 2026 091704,Austin year/serial,merged listing fields,".

Guest access
Easy entry via door codes.

Registration Details
OL 2026 091704",True
1678535396951175034,2026-045514 OL,OL 2026 045514,Austin year/serial,merged listing fields,"rules and maintaining a quiet environment.

Registration Details
OL 2026 045514",True
1678647534385545248,2026-080910 OL,OL 2026 080910,Austin year/serial,merged listing fields,"guesthouse in the back for Airbnb rentals.

Registration Details
OL 2026 080910",True
1679126703200373044,2026-078093 OL,OL 2026 078093,Austin year/serial,merged listing fields,"hank you very much for your understanding!

Registration Details
OL 2026 078093",False
1679256655884890323,2026-019728 OL,OL 2026 019728,Austin year/serial,merged listing fields,"report and prosecute all Credit Card Fraud

Registration Details
OL 2026 019728",False
1680639469965468750,2025-011097 OL,OL 2025 011097,Austin year/serial,merged listing fields," free to message us - we’re happy to help.

Registration Details
OL 2025 011097",True
1680642460106110724,2026-084926 OL,OL-2026-084926,Austin year/serial,merged listing fields,"Other things to note
Pets are not allowed.

Registration Details
OL-2026-084926",True
1680647525389972426,2025-011097 OL,OL 2025 011097,Austin year/serial,merged listing fields," free to message us - we’re happy to help.

Registration Details
OL 2025 011097",True
1680650218306124670,2025-010970 OL,OL 2025 010970,Austin year/serial,merged listing fields," free to message us - we’re happy to help.

Registration Details
OL 2025 010970",True
1681072,2014-008394 OL,OL2014008394,Austin year/serial,merged listing fields,"e
This is a non-smoking and pet free home.

Registration Details
OL2014008394",True
1681289572513098117,2026-042412 OL,OL 2026 042412,Austin year/serial,merged listing fields,"Please respect the neighbors and property.

Registration Details
OL 2026 042412",True
1681296277532238891,2026-118281 OL,OL 2026 118281,Austin year/serial,merged listing fields,"tes right at your scheduled check-in time.

Registration Details
OL 2026 118281",False
1681362100039348828,2026-024988 OL,OL 2026 024988,Austin year/serial,merged listing fields,"use the bug spray provided under the sink.

Registration Details
OL 2026 024988",True
1681479773376953408,2026-019728 OL,OL 2026 019728,Austin year/serial,merged listing fields,"report and prosecute all Credit Card Fraud

Registration Details
OL 2026 019728",False
1681479856686166830,2026-019728 OL,OL 2026 019728,Austin year/serial,merged listing fields,"report and prosecute all Credit Card Fraud

Registration Details
OL 2026 019728",False
16827775,2012-103446 OL,OL 2012 103446,Austin year/serial,merged listing fields,"these is dedicated to the guest apartment.

Registration Details
OL 2012 103446",True
1682997272332128750,2026-036962 OL,OL 2026 036962,Austin year/serial,merged listing fields,"ighbors) happy, fireworks are not allowed.

Registration Details
OL 2026 036962",True
16831133,2021-100215 OL,OL 2021 100215,Austin year/serial,merged listing fields,"te). This is included in the rate you pay.

Registration Details
OL 2021 100215",True
1683574,2014-029203 OL,2014-029203 OL,Austin year/serial,merged listing fields,". Total of 5 people includes any children.

Registration Details
2014-029203 OL",True
1683744698460781467,2023-028911 OL,OL 2023 028911,Austin year/serial,merged listing fields,"nter and UT football stadium (30 min walk)

Registration Details
OL 2023 028911",True
1684229775018178449,2026-077785 OL,OL 2026 077785,Austin year/serial,merged listing fields,"l.

Thank you very much for understanding.

Registration Details
OL 2026 077785",True
16842314,2016-145682 OL,OL 2016 145682,Austin year/serial,merged listing fields,"h is fenced separately from Frank's Place.

Registration Details
OL 2016 145682",True
1684240161789589976,2026-077784 OL,OL 2026 077784,Austin year/serial,merged listing fields,"l.

Thank you very much for understanding.

Registration Details
OL 2026 077784",True
1684243759135835940,2026-077786 OL,OL 2026 077786,Austin year/serial,merged listing fields,"l.

Thank you very much for understanding.

Registration Details
OL 2026 077786",True
16846660,2015-127991 OL,OL2015127991,Austin year/serial,merged listing fields,"eet parking.

Guest access
Entire property

Registration Details
OL2015127991",True
1685045634921304260,2026-058991 OL,OL 2026 058991,Austin year/serial,merged listing fields,"ighbors) happy, fireworks are not allowed.

Registration Details
OL 2026 058991",True
1686676289872233648,2021-105535 OL,OL 2021 105535,Austin year/serial,merged listing fields," and make Pink Longhorn part of the story.

Registration Details
OL 2021 105535",True
1688567181418548240,2026-045553 OL,ol2026045553,Austin year/serial,merged listing fields,"ort is available 24/7 through Airbnb chat.

Registration Details
ol2026045553",True
1689851024850624033,2026-018877 OL,OL 2026 018877,Austin year/serial,merged listing fields,"d. Owners are responsible for any damages.

Registration Details
OL 2026 018877",True
1689945866853738853,2021-201889 OL,OL 2021 201889,Austin year/serial,merged listing fields,"y be available (please check fees for use)

Registration Details
OL 2021 201889",False
1690760048869752293,2025-131325 OL,OL 2025 131325,Austin year/serial,merged listing fields,"se notify us at least 24 hours in advance.

Registration Details
OL 2025 131325",True
1691395358518065944,2026-036167 OL,OL 2026 036167,Austin year/serial,merged listing fields,"hidden according to Airbnb content policy]

Registration Details
OL 2026 036167",True
1692037752099859534,2025-011102 OL,OL 2025 011102,Austin year/serial,merged listing fields," free to message us - we’re happy to help.

Registration Details
OL 2025 011102",True
1692042078155237974,2025-011102 OL,OL 2025 011102,Austin year/serial,merged listing fields," free to message us - we’re happy to help.

Registration Details
OL 2025 011102",True
1692044037880414697,2025-011120 OL,OL 2025 011120,Austin year/serial,merged listing fields," free to message us - we’re happy to help.

Registration Details
OL 2025 011120",True
1692272190296960406,2026-074586 OL,OL 2026 074586,Austin year/serial,merged listing fields,"id prior to each monthly cleaning service.

Registration Details
OL 2026 074586",True
1692426949168622366,2026-072622 OL,License Number:2026072622,Austin year/serial,merged listing fields,"y while still being available if anything is needed.

Austin STR License Number:2026072622

Guest access
The entire house is yours to enjoy! 

We have a key pad on the door so you ",True
1693624295448861204,2026-043772 OL,OL2026043772,Austin year/serial,merged listing fields,"very much. We look forward to hosting you!

Registration Details
OL2026043772",True
1693681460778627311,2026-043772 OL,OL2026043772,Austin year/serial,merged listing fields,"very much. We look forward to hosting you!

Registration Details
OL2026043772",True
1693933825226089709,2025-016907 OL,OL 2025 016907,Austin year/serial,merged listing fields,"derstanding and helping us conserve water!

Registration Details
OL 2025 016907",False
1695201691681473972,2026-286192 OL,OL 2026 286192,Austin year/serial,merged listing fields,"who don't mind a more open sleeping space.

Registration Details
OL 2026 286192",False
1695243414574519659,2026-109754 OL,OL 2026 109754,Austin year/serial,merged listing fields,"ocated in a lock box on top of the stairs.

Registration Details
OL 2026 109754",True
1695605526637426094,2014-082980 OL,OL#2014-082980,Austin year/serial,merged listing fields,"Things to Know
Free WiFi and cable
Dog friendly
Central AC

OL#2014-082980 OL",True
1698853860880248670,2026-070349 OL,OL-2026-070349,Austin year/serial,merged listing fields," exterior, entrance, pool area, lower yard

Registration Details
OL-2026-070349",True
1699119263638156786,2024-063921 OL,OL 2024 063921,Austin year/serial,merged listing fields,"derstanding and helping us conserve water!

Registration Details
OL 2024 063921",False
1699252328806054469,2024-063921 OL,OL 2024 063921,Austin year/serial,merged listing fields,"derstanding and helping us conserve water!

Registration Details
OL 2024 063921",False
1700108021251604884,2025-133905 OL,OL 2025 133905,Austin year/serial,merged listing fields,"d. Owners are responsible for any damages.

Registration Details
OL 2025 133905",True
1700108021760276108,2025-133905 OL,OL 2025 133905,Austin year/serial,merged listing fields,"d. Owners are responsible for any damages.

Registration Details
OL 2025 133905",True
1700132298313748139,2026-090407 OL,OL 2026 090407,Austin year/serial,merged listing fields,"available for guest use during their stay.

Registration Details
OL 2026 090407",False
1700706078016681031,2026-098785 OL,OL 2026 098785,Austin year/serial,merged listing fields,"odate pets for a flat fee of $100 per pet.

Registration Details
OL 2026 098785",True
1700985674686601126,2026-099945 OL,OL 2026 099945,Austin year/serial,merged listing fields,"k. Please supervise children at all times.

Registration Details
OL 2026 099945",True
1701005043414491387,2026-019728 OL,OL 2026 019728,Austin year/serial,merged listing fields,"report and prosecute all Credit Card Fraud

Registration Details
OL 2026 019728",False
1701654630464053860,2026-114235 OL,OL 2026 114235,Austin year/serial,merged listing fields," for considering booking with us!! 

-Ally

Registration Details
OL 2026 114235",True
1701663199501216881,2026-020413 OL,OL 2026 020413,Austin year/serial,merged listing fields," free to message us - we’re happy to help.

Registration Details
OL 2026 020413",True
1701691310646956563,2026-074579 OL,OL 2026 074579,Austin year/serial,merged listing fields,"id prior to each monthly cleaning service.

Registration Details
OL 2026 074579",True
1701691839794767015,2026-083373 OL,OL 2026 083373,Austin year/serial,merged listing fields,"id prior to each monthly cleaning service.

Registration Details
OL 2026 083373",False
1702607552603655642,2024-063921 OL,OL 2024 063921,Austin year/serial,merged listing fields,"derstanding and helping us conserve water!

Registration Details
OL 2024 063921",False
17029970,2025-113190 OL,OL 2025 113190,Austin year/serial,merged listing fields,"ou enjoy your stay and feel right at home!

Registration Details
OL 2025 113190",True
17031093,2017-005163 OL,OL 2017 005163,Austin year/serial,merged listing fields,"just a short 10 minute walk from the home.

Registration Details
OL 2017 005163",False
1704452615554844556,2026-087068 OL,OL 2026 087068,Austin year/serial,merged listing fields,"ome. Parties and events are not permitted.

Registration Details
OL 2026 087068",True
1705278914883204029,2026-099945 OL,OL 2026 099945,Austin year/serial,merged listing fields,"ts can use the full property and amenities

Registration Details
OL 2026 099945",True
1705888034357620489,2026-014475 OL,OL2026014475,Austin year/serial,merged listing fields,"times around the pool, hot tub, sauna, and cold plunge

License#
OL2026014475",True
1706694472712276306,2026-002070 OL,OL 2026 002070,Austin year/serial,merged listing fields,"central air conditioning for your comfort.

Registration Details
OL 2026 002070",True
1707190816871746506,2026-020218 OL,OL 2026 020218,Austin year/serial,merged listing fields,"r and dryer are shared between both units.

Registration Details
OL 2026 020218",True
1709560643472155870,2026-019728 OL,OL 2026 019728,Austin year/serial,merged listing fields,"report and prosecute all Credit Card Fraud

Registration Details
OL 2026 019728",False
1709591419769355530,2026-019728 OL,OL 2026 019728,Austin year/serial,merged listing fields,"report and prosecute all Credit Card Fraud

Registration Details
OL 2026 019728",False
1710435415731763387,2025-977246 OL,OL 2025 977246,Austin year/serial,merged listing fields,"ers wanting a short commute after landing.

Registration Details
OL 2025 977246",False
1711051311190663060,2026-025468 OL,OL 2026 025468,Austin year/serial,merged listing fields," free to message us - we’re happy to help.

Registration Details
OL 2026 025468",True
1711268633624523301,2026-116125 OL,OL 2026 116125,Austin year/serial,merged listing fields,"ys seeking the ultimate Austin experience.

Registration Details
OL 2026 116125",False
1711955290733578171,2022-140753 OL,OL 2022 140753,Austin year/serial,merged listing fields,"d to provide the best possible experience.

Registration Details
OL 2022 140753",False
1711966895449690372,2026-083367 OL,OL 2026 083367,Austin year/serial,merged listing fields,"id prior to each monthly cleaning service.

Registration Details
OL 2026 083367",False
1712732438713327679,2026-017621 OL,OL 2026 017621,Austin year/serial,merged listing fields,"stin retreat offers the perfect solution .

Registration Details
OL 2026 017621",True
1713186120099955402,2023-122189 OL,OL 2023 122189,Austin year/serial,merged listing fields,"will result in an extra $500 cleaning fee.

Registration Details
OL 2023 122189",True
1713920803376471020,2026-065392 OL,2026-065392 OL,Austin year/serial,merged listing fields,"and modern comfort in the heart of Austin.

Registration Details
2026-065392 OL",True
1715296410367316310,2026-063508 OL,OL-2026-063508,Austin year/serial,merged listing fields,"e. Secure your dates and settle into the city rhythm!

The space
OL-2026-063508

INDOOR LIVING
- Smart TV
- 2 dining tables
- Washer & dryer, iron & board
- Hair d",True
1715515821793986593,2026-019728 OL,OL 2026 019728,Austin year/serial,merged listing fields,"report and prosecute all Credit Card Fraud

Registration Details
OL 2026 019728",False
1715516411861307679,2026-019728 OL,OL 2026 019728,Austin year/serial,merged listing fields,"report and prosecute all Credit Card Fraud

Registration Details
OL 2026 019728",False
1716208547445000174,2026-036616 OL,OL 2026 036616,Austin year/serial,merged listing fields,"report and prosecute all Credit Card Fraud

Registration Details
OL 2026 036616",True
1716222769995205468,2026-019728 OL,OL 2026 019728,Austin year/serial,merged listing fields,"report and prosecute all Credit Card Fraud

Registration Details
OL 2026 019728",False
1716223885118131733,2026-019728 OL,OL 2026 019728,Austin year/serial,merged listing fields,"report and prosecute all Credit Card Fraud

Registration Details
OL 2026 019728",False
17173166,2024-060504 OL,OL 2024 060504,Austin year/serial,merged listing fields,"lawn maintenance can be performed quickly.

Registration Details
OL 2024 060504",False
1717498430595674024,2025-161344 OL,OL 2025 161344,Austin year/serial,merged listing fields,"
Pack and Play
Stroller
Changing table PAD

Registration Details
OL 2025 161344",True
1718159252166343257,2024-147912 OL,OL2024-147912,Austin year/serial,merged listing fields,"ep. The backyard is where mornings start and evenings end.

STR: OL2024-147912

The space
The house is set up for four people to live comfortably — not just sleep.

Two",True
1718235018346774633,2026-022197 OL,OL 2026 022197,Austin year/serial,merged listing fields," free to message us - we’re happy to help.

Registration Details
OL 2026 022197",True
1718370054400610345,2026-043772 OL,OL2026043772,Austin year/serial,merged listing fields,"very much. We look forward to hosting you!

Registration Details
OL2026043772",True
1719923358523568540,2026-064381 OL,OL 2026 064381,Austin year/serial,merged listing fields,"ake care of the exterior cleaning for you.

Registration Details
OL 2026 064381",True
1720508954268692320,2026-072987 OL,OL 2026 072987,Austin year/serial,merged listing fields,"stin’s best attractions just minutes away.

Registration Details
OL 2026 072987",True
1721762439694967382,2026-036786 OL,2026-036786 OL,Austin year/serial,merged listing fields,"cial use/filming: $750 + $250/hr + damages

Registration Details
2026-036786 OL",True
1723343874136619141,2026-077144 OL,OL 2026 077144,Austin year/serial,merged listing fields,"ys 
✔ Corporate retreats & team gatherings

Registration Details
OL 2026 077144",True
1724698879750574286,2026-103596 OL,OL 2026 103596,Austin year/serial,merged listing fields,"-in; professionally cleaned between stays.

Registration Details
OL 2026 103596",True
17263419,2017-074072 OL,OL 2017 074072,Austin year/serial,merged listing fields,"tside in order to try to not disturb them.

Registration Details
OL 2017 074072",False
1727016764051996700,2026-019728 OL,OL 2026 019728,Austin year/serial,merged listing fields,"report and prosecute all Credit Card Fraud

Registration Details
OL 2026 019728",False
1727061755071339339,2026-118469 OL,OL 2026 118469,Austin year/serial,merged listing fields," dedicated area for movement and wellness.

Registration Details
OL 2026 118469",True
1727640129311745565,2026-027753 OL,OL 2026 027753,Austin year/serial,merged listing fields," free to message us - we’re happy to help.

Registration Details
OL 2026 027753",True
1729139588261199995,2026-036910 OL,OL 2026 036910,Austin year/serial,merged listing fields,"omfort, style, and an unbeatable location.

Registration Details
OL 2026 036910",True
1729820601817752997,2016-118619 OL,OL 2016 118619,Austin year/serial,merged listing fields,"that there is no washer/dryer in the unit.

Registration Details
OL 2016 118619",True
1730539558638085528,2024-147973 OL,OL2024147973,Austin year/serial,merged listing fields,n Number: This property is registered under Registration Number: OL2024147973.,True
1730563797832117090,2024-113093 OL,OL 2024 113093,Austin year/serial,merged listing fields,"arture and leave the home reasonably tidy.

Registration Details
OL 2024 113093",True
1734324464952603690,2026-044003 OL,OL 2026 044003,Austin year/serial,merged listing fields,"ll within easy reach.
Registration Details

Registration Details
OL 2026 044003",True
1734857043935204460,2016-152974 OL,2016-152974 OL,Austin year/serial,merged listing fields,"for monthly stays — message us to arrange.

Registration Details
2016-152974 OL",True
1735013782689822129,2024-147853 OL,OL2024147853,Austin year/serial,merged listing fields,"Free parking is included with your stay.
   
STR License Number: OL2024147853.",True
1735111367515639343,2026-019728 OL,OL 2026 019728,Austin year/serial,merged listing fields,"report and prosecute all Credit Card Fraud

Registration Details
OL 2026 019728",False
1735490526484000993,2026-000000 OL,2026-000000 OL,Austin year/serial,merged listing fields,"rt policy). Ideal home base for SXSW 2027.

Registration Details
2026-000000 OL",False
1735664676541020300,2026-019728 OL,OL 2026 019728,Austin year/serial,merged listing fields,"report and prosecute all Credit Card Fraud

Registration Details
OL 2026 019728",False
1735667590175130084,2026-019728 OL,OL 2026 019728,Austin year/serial,merged listing fields,"report and prosecute all Credit Card Fraud

Registration Details
OL 2026 019728",False
1735669796611766709,2026-019728 OL,OL 2026 019728,Austin year/serial,merged listing fields,"report and prosecute all Credit Card Fraud

Registration Details
OL 2026 019728",False
17358165,2026-003818 OL,OL 2026 003818,Austin year/serial,merged listing fields,"ustin has plenty of amazing venues nearby!

Registration Details
OL 2026 003818",True
1735825160419032713,2026-019728 OL,OL 2026 019728,Austin year/serial,merged listing fields,"report and prosecute all Credit Card Fraud

Registration Details
OL 2026 019728",False
17365159,2018-026660 OL,OL 2018 026660,Austin year/serial,merged listing fields," Cleaners receive living wages.
• We care.

Registration Details
OL 2018 026660",True
1736543173666292892,2026-029465 OL,2026-029465 OL,Austin year/serial,merged listing fields," never be shared with delivery personnel.""

Registration Details
2026-029465 OL",True
1737139,2014-005061 OL,OL 2014 005061,Austin year/serial,merged listing fields,"ch is displayed on the   wall in the hall.

Registration Details
OL 2014 005061",True
1737834619982707663,2022-041061 OL,OL 2022 041061,Austin year/serial,merged listing fields,"ighbors) happy, fireworks are not allowed.

Registration Details
OL 2022 041061",True
17387404,2018-009859 OL,OL2018009859,Austin year/serial,merged listing fields," we're eager to share our love for Austin!

Registration Details
OL2018009859",True
1740134212202380342,2025-025839 OL,OL 2025 025839,Austin year/serial,merged listing fields,"etti / Glitter
From $75 - Lost Item Return

Registration Details
OL 2025 025839",True
1741535527062739524,2026-098315 OL,OL-2026-098315,Austin year/serial,merged listing fields," a feast for dinner — there's something for everyone!

The space
OL-2026-098315

SEVEN COMMUNITY AMENITIES
- Game room
- Fitness center
- Rooftop deck w/ infinity p",False
17421057,2021-125300 OL,OL 2021 125300,Austin year/serial,merged listing fields,"allowed to bring firearms to the property)

Registration Details
OL 2021 125300",False
1742982895952562875,2026-101697 OL,OL2026101697,Austin year/serial,merged listing fields,", as the driveway belongs to our neighbor.

Registration Details
OL2026101697",True
1743191654107699141,2026-105644 OL,OL 2026 105644,Austin year/serial,merged listing fields,"Professionally cleaned between every stay.

Registration Details
OL 2026 105644",True
1744381423651037372,2026-086714 OL,OL 2026 086714,Austin year/serial,merged listing fields," keep outdoor noise to a reasonable level.

Registration Details
OL 2026 086714",True
17446923,2017-024269 OL,OL 2017 024269,Austin year/serial,merged listing fields," current vaccinations and flea prevention.

Registration Details
OL 2017 024269",True
1747404099054846691,2026-055331 OL,OL 2026 055331,Austin year/serial,merged listing fields,"oking.

STR Permit Number: OL 2026/055/331

Registration Details
OL 2026 055331",True
174828,2013-021788 OL,OL-2013-021788,Austin year/serial,merged listing fields," Sorry no cats due to allerigies of owner.

Registration Details
OL-2013-021788",True
1749608736295639138,2026-019728 OL,OL 2026 019728,Austin year/serial,merged listing fields,"report and prosecute all Credit Card Fraud

Registration Details
OL 2026 019728",False
1750053371251599183,2026-105551 OL,OL 2026 105551,Austin year/serial,merged listing fields,"et parking right outside on Newfield Lane.

Registration Details
OL 2026 105551",True
1750282881286260882,2026-019728 OL,OL 2026 019728,Austin year/serial,merged listing fields,"report and prosecute all Credit Card Fraud

Registration Details
OL 2026 019728",False
1750320989365894710,2026-019728 OL,OL 2026 019728,Austin year/serial,merged listing fields,"report and prosecute all Credit Card Fraud

Registration Details
OL 2026 019728",False
1750321673545277901,2026-019728 OL,OL 2026 019728,Austin year/serial,merged listing fields,"report and prosecute all Credit Card Fraud

Registration Details
OL 2026 019728",False
1750325155461483647,2026-019728 OL,OL 2026 019728,Austin year/serial,merged listing fields,"report and prosecute all Credit Card Fraud

Registration Details
OL 2026 019728",False
1750331002065297076,2026-019728 OL,OL 2026 019728,Austin year/serial,merged listing fields,"report and prosecute all Credit Card Fraud

Registration Details
OL 2026 019728",False
17506283,2024-084219 OL,OL 2024 084219,Austin year/serial,merged listing fields,"sonable, but there are no close neighbors.

Registration Details
OL 2024 084219",False
1751503818355340810,2026-121211 OL,OL2026121211,Austin year/serial,merged listing fields," make you feel at home—only more elevated.

Registration Details
OL2026121211",True
1751695621751993154,2026-019728 OL,OL 2026 019728,Austin year/serial,merged listing fields,"report and prosecute all Credit Card Fraud

Registration Details
OL 2026 019728",False
1751712953607587321,2026-019728 OL,OL 2026 019728,Austin year/serial,merged listing fields,"report and prosecute all Credit Card Fraud

Registration Details
OL 2026 019728",False
1751713774915849685,2026-019728 OL,OL 2026 019728,Austin year/serial,merged listing fields,"report and prosecute all Credit Card Fraud

Registration Details
OL 2026 019728",False
1751714682007168388,2026-019728 OL,OL 2026 019728,Austin year/serial,merged listing fields,"report and prosecute all Credit Card Fraud

Registration Details
OL 2026 019728",False
1752368018435549668,2026-019728 OL,OL 2026 019728,Austin year/serial,merged listing fields,"report and prosecute all Credit Card Fraud

Registration Details
OL 2026 019728",False
1752374943267621396,2026-019728 OL,OL 2026 019728,Austin year/serial,merged listing fields,"report and prosecute all Credit Card Fraud

Registration Details
OL 2026 019728",False
17545365,2015-040123 OL,OL2015040123,Austin year/serial,merged listing fields," by the City of Austin and State of Texas.

Registration Details
OL2015040123",True
1754581551815730088,2026-019728 OL,OL 2026 019728,Austin year/serial,merged listing fields,"report and prosecute all Credit Card Fraud

Registration Details
OL 2026 019728",False
1754585402933495608,2026-019728 OL,OL 2026 019728,Austin year/serial,merged listing fields,"report and prosecute all Credit Card Fraud

Registration Details
OL 2026 019728",False
1754587382192603393,2026-019728 OL,OL 2026 019728,Austin year/serial,merged listing fields,"report and prosecute all Credit Card Fraud

Registration Details
OL 2026 019728",False
1755134005763650681,2025-148463 OL,OL 2025 148463,Austin year/serial,merged listing fields," removal from the property without refund.

Registration Details
OL 2025 148463",True
1755284778375864519,2026-019728 OL,OL 2026 019728,Austin year/serial,merged listing fields,"report and prosecute all Credit Card Fraud

Registration Details
OL 2026 019728",False
1755289470394850088,2026-019728 OL,OL 2026 019728,Austin year/serial,merged listing fields,"report and prosecute all Credit Card Fraud

Registration Details
OL 2026 019728",False
1755291790992968444,2026-019728 OL,OL 2026 019728,Austin year/serial,merged listing fields,"report and prosecute all Credit Card Fraud

Registration Details
OL 2026 019728",False
1755295072928735432,2026-019728 OL,OL 2026 019728,Austin year/serial,merged listing fields,"report and prosecute all Credit Card Fraud

Registration Details
OL 2026 019728",False
1755344403879600028,2026-019728 OL,OL 2026 019728,Austin year/serial,merged listing fields,"report and prosecute all Credit Card Fraud

Registration Details
OL 2026 019728",False
1755409833428792503,2026-119740 OL,OL 2026 119740,Austin year/serial,merged listing fields,"r neighborhood with care during your stay.

Registration Details
OL 2026 119740",True
1756088500183798590,2026-019728 OL,OL 2026 019728,Austin year/serial,merged listing fields,"report and prosecute all Credit Card Fraud

Registration Details
OL 2026 019728",False
1756090160376859088,2026-019728 OL,OL 2026 019728,Austin year/serial,merged listing fields,"report and prosecute all Credit Card Fraud

Registration Details
OL 2026 019728",False
1756092816776403785,2026-019728 OL,OL 2026 019728,Austin year/serial,merged listing fields,"report and prosecute all Credit Card Fraud

Registration Details
OL 2026 019728",False
1756754921976930485,2026-019728 OL,OL 2026 019728,Austin year/serial,merged listing fields,"report and prosecute all Credit Card Fraud

Registration Details
OL 2026 019728",False
1756757469090150261,2026-019728 OL,OL 2026 019728,Austin year/serial,merged listing fields,"report and prosecute all Credit Card Fraud

Registration Details
OL 2026 019728",False
1756758532811688040,2026-019728 OL,OL 2026 019728,Austin year/serial,merged listing fields,"report and prosecute all Credit Card Fraud

Registration Details
OL 2026 019728",False
1758804126658615826,2026-125081 OL,OL 2026 125081,Austin year/serial,merged listing fields," free to message us - we’re happy to help.

Registration Details
OL 2026 125081",False
17592822,2026-003828 OL,OL 2026 003828,Austin year/serial,merged listing fields," PM. 
Pets are welcomed with pre-approval.

Registration Details
OL 2026 003828",True
1759749782409587682,2026-019728 OL,OL 2026 019728,Austin year/serial,merged listing fields,"report and prosecute all Credit Card Fraud

Registration Details
OL 2026 019728",False
1759751948652641259,2026-019728 OL,OL 2026 019728,Austin year/serial,merged listing fields,"report and prosecute all Credit Card Fraud

Registration Details
OL 2026 019728",False
1759754671735818671,2026-019728 OL,OL 2026 019728,Austin year/serial,merged listing fields,"report and prosecute all Credit Card Fraud

Registration Details
OL 2026 019728",False
1760485412271306641,2026-019728 OL,OL 2026 019728,Austin year/serial,merged listing fields,"report and prosecute all Credit Card Fraud

Registration Details
OL 2026 019728",False
1760486573840974127,2026-019728 OL,OL 2026 019728,Austin year/serial,merged listing fields,"report and prosecute all Credit Card Fraud

Registration Details
OL 2026 019728",False
1760489016472263471,2026-019728 OL,OL 2026 019728,Austin year/serial,merged listing fields,"report and prosecute all Credit Card Fraud

Registration Details
OL 2026 019728",False
1760916135538230596,2022-055030 OL,OL 2022 055030,Austin year/serial,merged listing fields,"during, or after delivery to the property.

Registration Details
OL 2022 055030",True
1761090454832906666,2026-019728 OL,OL 2026 019728,Austin year/serial,merged listing fields,"report and prosecute all Credit Card Fraud

Registration Details
OL 2026 019728",False
1761107930216030475,2026-019728 OL,OL 2026 019728,Austin year/serial,merged listing fields,"report and prosecute all Credit Card Fraud

Registration Details
OL 2026 019728",False
1761110104109010413,2026-019728 OL,OL 2026 019728,Austin year/serial,merged listing fields,"report and prosecute all Credit Card Fraud

Registration Details
OL 2026 019728",False
1761112006800789525,2026-019728 OL,OL 2026 019728,Austin year/serial,merged listing fields,"report and prosecute all Credit Card Fraud

Registration Details
OL 2026 019728",False
1761119896931810122,2026-019728 OL,OL 2026 019728,Austin year/serial,merged listing fields,"report and prosecute all Credit Card Fraud

Registration Details
OL 2026 019728",False
1761121193563855971,2026-019728 OL,OL 2026 019728,Austin year/serial,merged listing fields,"report and prosecute all Credit Card Fraud

Registration Details
OL 2026 019728",False
1761122292793670556,2026-019728 OL,OL 2026 019728,Austin year/serial,merged listing fields,"report and prosecute all Credit Card Fraud

Registration Details
OL 2026 019728",False
1761126506871647390,2026-019728 OL,OL 2026 019728,Austin year/serial,merged listing fields,"report and prosecute all Credit Card Fraud

Registration Details
OL 2026 019728",False
1761131201793075194,2026-019728 OL,OL 2026 019728,Austin year/serial,merged listing fields,"report and prosecute all Credit Card Fraud

Registration Details
OL 2026 019728",False
1762482746802664942,2026-019728 OL,OL 2026 019728,Austin year/serial,merged listing fields,"report and prosecute all Credit Card Fraud

Registration Details
OL 2026 019728",False
1762484449759461224,2026-019728 OL,OL 2026 019728,Austin year/serial,merged listing fields,"report and prosecute all Credit Card Fraud

Registration Details
OL 2026 019728",False
1764588514951347381,2025-129248 OL,OL 2025 129248,Austin year/serial,merged listing fields,"fter booking.

STR Permit: OL 2025/129/248

Registration Details
OL 2025 129248",True
1766100986810846595,2026-054636 OL,ol 2026 054636,Austin year/serial,merged listing fields," federal laws and please respect the home.

Registration Details
ol 2026 054636",True
1766181732866703843,2026-113833 OL,OL 2026 113833,Austin year/serial,merged listing fields,"amage or costs not covered by the program.

Registration Details
OL 2026 113833",False
1766954386727435751,2026-019728 OL,OL 2026 019728,Austin year/serial,merged listing fields,"report and prosecute all Credit Card Fraud

Registration Details
OL 2026 019728",False
1766955540918023966,2026-019728 OL,OL 2026 019728,Austin year/serial,merged listing fields,"report and prosecute all Credit Card Fraud

Registration Details
OL 2026 019728",False
1766963491850282086,2026-019728 OL,OL 2026 019728,Austin year/serial,merged listing fields,"report and prosecute all Credit Card Fraud

Registration Details
OL 2026 019728",False
1766984902994493206,2026-105796 OL,OL 2026 105796,Austin year/serial,merged listing fields,"h the city’s best spots just minutes away.

Registration Details
OL 2026 105796",True
1769069342051397544,2026-110374 OL,OL 2026 110374,Austin year/serial,merged listing fields,"nd Austin-Bergstrom International Airport.

Registration Details
OL 2026 110374",True
1774018976614163933,2026-052127 OL,OL-2026-052127,Austin year/serial,merged listing fields," steps away, and the city's best is minutes beyond that.

Permit OL-2026-052127

The space
The Sundown is a freshly renovated 1-bedroom, 1-bathroom home spanning about 5",True
1779998418949364767,2021-163924 OL,OL 2021 163924,Austin year/serial,merged listing fields,"urity deposit to be charged after booking.

Registration Details
OL 2021 163924",True
17895385,2021-125300 OL,OL 2021 125300,Austin year/serial,merged listing fields,"allowed to bring firearms to the property)

Registration Details
OL 2021 125300",False
18172832,2026-042196 OL,OL 2026 042196,Austin year/serial,merged listing fields,"e of $521 will be collected after booking.

Registration Details
OL 2026 042196",True
18255361,2023-116936 OL,OL 2023 116936,Austin year/serial,merged listing fields,"so checking in and out should be a breeze!

Registration Details
OL 2023 116936",True
18270230,2025-071695 OL,OL 2025 071695,Austin year/serial,merged listing fields," already for work and fun. Hope you enjoy.

Registration Details
OL 2025 071695",False
18431719,2022-060787 OL,OL 2022 060787,Austin year/serial,merged listing fields," between guests to do a thorough cleaning.

Registration Details
OL 2022 060787",True
18504283,2017-017508 OL,OL 2017 017508,Austin year/serial,merged listing fields,"e Protection Insurance fee of $501 applies

Registration Details
OL 2017 017508",True
1850914,2016-026270 OL,OL 2016 026270,Austin year/serial,merged listing fields,"ere's no excuse not to have fun in Austin.

Registration Details
OL 2016 026270",True
18522797,2026-120644 OL,OL 2026 120644,Austin year/serial,merged listing fields," lights, wide variety of albums and books.

Registration Details
OL 2026 120644",False
18684918,2021-147212 OL,OL 2021 147212,Austin year/serial,merged listing fields,"g apps (Uber, Lyft, and zTrip/Yellow Cab).

Registration Details
OL 2021 147212",False
1875121,2014-018138 OL,OL 2014 018138,Austin year/serial,merged listing fields," Convention Center, a 20-minute walk away.

Registration Details
OL 2014 018138",True
1880094,2017-046599 OL,OL 2017 046599,Austin year/serial,merged listing fields,"ng weekends, holidays, and special events.

Registration Details
OL 2017 046599",True
18834915,2019-205731 OL,OL 2019 205731,Austin year/serial,merged listing fields,"ta and can also provide toys upon request.

Registration Details
OL 2019 205731",True
18895377,2023-063566 OL,OL 2023 063566,Austin year/serial,merged listing fields,"ustin Q2 Soccer Stadium, home of Austin FC

Registration Details
OL 2023 063566",False
1892933,2015-053683 OL,OL 2015 053683,Austin year/serial,merged listing fields,"__________________ / Date _____
    OWNER:

Registration Details
OL 2015 053683",True
19086489,2023-028284 OL,OL 2023 028284,Austin year/serial,merged listing fields,"ng and marijuana or related paraphernalia.

Registration Details
OL 2023 028284",True
19243254,2023-116936 OL,OL 2023 116936,Austin year/serial,merged listing fields,"s, this might not be the best fit for you.

Registration Details
OL 2023 116936",True
19271012,2026-040726 OL,OL 2026 040726,Austin year/serial,merged listing fields,"ch guest to access the secured front door.

Registration Details
OL 2026 040726",True
19295842,2019-173144 OL,OL 2019 173144,Austin year/serial,merged listing fields,"emailed to you a few days before your stay

Registration Details
OL 2019 173144",False
19297733,2017-089081 OL,OL 2017 089081,Austin year/serial,merged listing fields," in the evening, especially late at night!

Registration Details
OL 2017 089081",False
1935282,2015-107135 OL,OL 2015 107135,Austin year/serial,merged listing fields,"Term Rental ordinances. Lic#2015-107135 OL

Registration Details
OL 2015 107135",False
19695459,2025-117173 OL,OL 2025 117173,Austin year/serial,merged listing fields,"e is very friendly and one, not so much. 😆

Registration Details
OL 2025 117173",False
19712479,2016-153179 OL,OL 2016 153179,Austin year/serial,merged listing fields,"ery close by within easy walking distance.

Registration Details
OL 2016 153179",True
19766891,2026-069049 OL,OL 2026 069049,Austin year/serial,merged listing fields,"
COA Code Department STR License Compliant

Registration Details
OL 2026 069049",True
19840017,2013-124603 OL,OL 2013 124603,Austin year/serial,merged listing fields,"h Wednesday! Please inquire if interested.

Registration Details
OL 2013 124603",False
19962072,2023-117627 OL,OL 2023 117627,Austin year/serial,merged listing fields,"e Protection Insurance fee of $501 applies

Registration Details
OL 2023 117627",False
19994783,2018-087815 OL,OL 2018 087815,Austin year/serial,merged listing fields,"avoid any late, loud, outdoor voices, etc.

Registration Details
OL 2018 087815",True
20122299,2017-104481 OL,OL 2017 104481,Austin year/serial,merged listing fields,"y permitted, legal short-term rental unit.

Registration Details
OL 2017 104481",True
202187,2018-004534 OL,OL 2018 004534,Austin year/serial,merged listing fields,"on top of the bookshelf next to the couch.

Registration Details
OL 2018 004534",True
20351755,2025-071649 OL,OL 2025 071649,Austin year/serial,merged listing fields,"pecially when it is very dry/hot or rainy.

Registration Details
OL 2025 071649",False
20396222,2025-072838 OL,OL 2025 072838,Austin year/serial,merged listing fields,"est access
Entire home minus a few closets

Registration Details
OL 2025 072838",True
2048537,2013-124573 OL,OL 2013 124573,Austin year/serial,merged listing fields,"val. Posted rates include local hotel tax.

Registration Details
OL 2013 124573",True
207054,2026-072586 OL,OL 2026 072586,Austin year/serial,merged listing fields,"ehand and we will accommodate as possible.

Registration Details
OL 2026 072586",True
20786738,2026-017241 OL,OL-2026-017241,Austin year/serial,merged listing fields,"ut together through thrift store salvage).

Registration Details
OL-2026-017241",True
20794343,2022-170472 OL,OL 2022 170472,Austin year/serial,merged listing fields,"ike Trail 

- 2 miles to UT- Austin campus

Registration Details
OL 2022 170472",True
20801999,2017-137682 OL,OL-2017-137682,Austin year/serial,merged listing fields,"st let us know your preference in advance.

Registration Details
OL-2017-137682",True
20826811,2016-040355 OL,OL 2016 040355,Austin year/serial,merged listing fields,"lf out of trouble, but you're on your own!

Registration Details
OL 2016 040355",True
20829166,2022-054845 OL,OL 2022 054845,Austin year/serial,merged listing fields,"oat ramps and other close in destinations.

Registration Details
OL 2022 054845",True
20882883,2022-153544 OL,OL-2022-153544,Austin year/serial,merged listing fields,"ble upon check in. Fenced in area for dogs

Registration Details
OL-2022-153544",True
20886470,2022-102774 OL,OL 2022 102774,Austin year/serial,merged listing fields,"rain from late, loud, outdoor voices, etc.

Registration Details
OL 2022 102774",False
208897,2026-077900 OL,OL 2026 077900,Austin year/serial,merged listing fields,"reenery & flowers visible out the windows.

Registration Details
OL 2026 077900",True
20929723,2017-131472 OL,OL 2017 131472,Austin year/serial,merged listing fields,"nes, damages or lost/ missing house items.

Registration Details
OL 2017 131472",True
20932887,2026-017507 OL,OL 2026 017507,Austin year/serial,merged listing fields,"commended by the Airbnb COVID-19 protocol.

Registration Details
OL 2026 017507",True
20956567,2022-170286 OL,OL 2022 170286,Austin year/serial,merged listing fields," and 7:00 AM. NO parties/large gatherings.

Registration Details
OL 2022 170286",True
20994703,2026-004462 OL,OL 2026 004462,Austin year/serial,merged listing fields,"25 IS ALLOWED TO RENT THIS HOME, sorry....

Registration Details
OL 2026 004462",True
21026388,2024-030535 OL,OL 2024 030535,Austin year/serial,merged listing fields," — 10 min drive
– Justine's — 10 min drive

Registration Details
OL 2024 030535",True
21111228,2025-162268 OL,OL 2025 162268,Austin year/serial,merged listing fields,"y recs or info! Just shoot us a message :)

Registration Details
OL 2025 162268",True
21128602,2023-032989 OL,OL 2023 032989,Austin year/serial,merged listing fields,"d trucks,  and Pins Mechanical all nearby!

Registration Details
OL 2023 032989",True
21153296,2022-150836 OL,OL 2022 150836,Austin year/serial,merged listing fields,"cate in advance if you have a pet. Thanks!

Registration Details
OL 2022 150836",True
21154279,2026-083380 OL,OL 2026 083380,Austin year/serial,merged listing fields,"te
P.S. All bedrooms are located upstairs.

Registration Details
OL 2026 083380",False
21218304,2026-063717 OL,OL 2026 063717,Austin year/serial,merged listing fields,"om, backyard, kitchen and service bathroom

Registration Details
OL 2026 063717",True
21231281,2019-191023 OL,OL 2019 191023,Austin year/serial,merged listing fields," the purpose of financing a venue project.

Registration Details
OL 2019 191023",True
2124726,2025-019447 OL,OL 2025 019447,Austin year/serial,merged listing fields," separate and you will have total privacy!

Registration Details
OL 2025 019447",True
21274494,2019-131371 OL,OL-2019-131371,Austin year/serial,merged listing fields,"nute to get hot water but there is plenty.

Registration Details
OL-2019-131371",False
21295435,2023-049908 OL,OL 2023 049908,Austin year/serial,merged listing fields," so please treat it as you would your own.

Registration Details
OL 2023 049908",True
2174970,2025-117035 OL,OL 2025 117035,Austin year/serial,merged listing fields,"ay and some free on street parking nearby.

Registration Details
OL 2025 117035",False
21963671,2016-032510 OL,OL 2016 032510,Austin year/serial,merged listing fields,"rt and convenience are our top priorities.

Registration Details
OL 2016 032510",True
2198635,2017-073838 OL,OL 2017 073838,Austin year/serial,merged listing fields,"includes taxes paid to the City of Austin.

Registration Details
OL 2017 073838",False
22181357,2025-011170 OL,OL2025011170,Austin year/serial,merged listing fields,"to play in).  Lott pocket park on Curve ST

Registration Details
OL2025011170",True
2223634,2012-100853 OL,OL 2012 100853,Austin year/serial,merged listing fields,"o 3 nights + $10 for each additional night

Registration Details
OL 2012 100853",True
22241805,2018-021968 OL,OL 2018 021968,Austin year/serial,merged listing fields,"ack yard.

City of Austin short term rental operating license #: OL 2018 021968

There is an attached unit with a shared wall that the owner lives in.  The owner does no",False
22408939,2025-019447 OL,OL 2025 019447,Austin year/serial,merged listing fields,"rt within a 5 minute walk of the property.

Registration Details
OL 2025 019447",True
22668715,2014-111067 OL,OL-2014-111067,Austin year/serial,merged listing fields,"ch is a shared space with other residents.

Registration Details
OL-2014-111067",False
22687071,2025-043078 OL,OL2025043078,Austin year/serial,merged listing fields,"at you will not have to share the yard. :)

Registration Details
OL2025043078",True
22842952,2021-138757 OL,OL 2021 138757,Austin year/serial,merged listing fields,"for works, please ask the host for detail.

Registration Details
OL 2021 138757",True
2284306,2026-024152 OL,OL 2026 024152,Austin year/serial,merged listing fields,"90 five-star reviews from previous guests.

Registration Details
OL 2026 024152",True
22843720,2017-126183 OL,OL 2017 126183,Austin year/serial,merged listing fields,"3 cars and parking on street side as well.

Registration Details
OL 2017 126183",True
22869183,2022-032921 OL,OL 2022 032921,Austin year/serial,merged listing fields," property you'll be staying in since 2004.

Registration Details
OL 2022 032921",True
23006316,2018-179357 OL,OL2018179357,Austin year/serial,merged listing fields,"

This is a licensed Austin short term rental, operating license OL2018179357.",True
23019627,2018-069900 OL,OL 2018 069900,Austin year/serial,merged listing fields,"meters inside the space. That'd be creepy.

Registration Details
OL 2018 069900",True
23059459,2018-009510 OL,OL 2018 009510,Austin year/serial,merged listing fields,"he apartment on (Website hidden by Airbnb)

Registration Details
OL 2018 009510",True
23091683,2019-171756 OL,OL 2019 171756,Austin year/serial,merged listing fields,"Universal plug for international travelers

Registration Details
OL 2019 171756",False
23139922,2026-056803 OL,OL 2026 056803,Austin year/serial,merged listing fields,"he generations before me.  It's a rare gem

Registration Details
OL 2026 056803",True
23256690,2024-148028 OL,OL2024148028,Austin year/serial,merged listing fields," and returning them following collection.)

Registration Details
OL2024148028",True
23257141,2026-031571 OL,OL 2026 031571,Austin year/serial,merged listing fields,"e is always plenty of free street parking.

Registration Details
OL 2026 031571",True
23257468,2022-033802 OL,OL 2022 033802,Austin year/serial,merged listing fields,"ess, and a spotless home for your retreat!

Registration Details
OL 2022 033802",True
2336368,2017-084204 OL,OL2017084204,Austin year/serial,merged listing fields,"e watch your step and enjoy their company!

Registration Details
OL2017084204",False
23374656,2018-011985 OL,OL2018011985,Austin year/serial,merged listing fields," may apply if excessive pet hair is found.

Registration Details
OL2018011985",False
23375683,2018-056055 OL,OL 2018 056055,Austin year/serial,merged listing fields,"oustic is in the guest house for your use.

Registration Details
OL 2018 056055",True
233930,2014-001268 OL,2014-001268 OL,Austin year/serial,merged listing fields,"accommodate children 5 years old or older.

Registration Details
2014-001268 OL",True
23394896,2023-139754 OL,OL2023139754,Austin year/serial,merged listing fields,"ailable for those who know how to operate.

Registration Details
OL2023139754",True
23449881,2018-086057 OL,OL 2018 086057,Austin year/serial,merged listing fields," the purpose of financing a venue project.

Registration Details
OL 2018 086057",True
23452161,2018-056320 OL,OL-2018-056320,Austin year/serial,merged listing fields,"our street as well as young professionals.

Registration Details
OL-2018-056320",True
23496157,2026-067608 OL,OL 2026 067608,Austin year/serial,merged listing fields," guest safety and expedited communication.

Registration Details
OL 2026 067608",True
23527962,2023-051055 OL,OL 2023 051055,Austin year/serial,merged listing fields,"y of Austin Operating License #2023 051055

Registration Details
OL 2023 051055",True
23529911,2018-086057 OL,OL 2018 086057,Austin year/serial,merged listing fields," the rate that will fund the culture arts.

Registration Details
OL 2018 086057",True
23529922,2018-086057 OL,OL 2018 086057,Austin year/serial,merged listing fields," the purpose of financing a venue project.

Registration Details
OL 2018 086057",True
2357311,2020-012727 OL,OL 2020 012727,Austin year/serial,merged listing fields,"es.  We will be happy to accommodate them.

Registration Details
OL 2020 012727",True
23609897,2018-022076 OL,OL 2018 022076,Austin year/serial,merged listing fields,"will be assessed and charged accordingly**

Registration Details
OL 2018 022076",True
23644254,2025-019447 OL,OL 2025 019447,Austin year/serial,merged listing fields," separate and you will have total privacy!

Registration Details
OL 2025 019447",True
23860926,2021-192396 OL,OL 2021 192396,Austin year/serial,merged listing fields,"tal is gorgeous and very worth a drive by!

Registration Details
OL 2021 192396",True
238657,2012-102519 OL,OL-2012-102519,Austin year/serial,merged listing fields,"the size, number and duration of the stay.

Registration Details
OL-2012-102519",True
23881196,2026-118974 OL,OL 2026 118974,Austin year/serial,merged listing fields,"y awaits – plan your visit, reserve today!

Registration Details
OL 2026 118974",True
23995750,2019-039169 OL,ol 2019 039169,Austin year/serial,merged listing fields," will be charged manually through the App.

Registration Details
ol 2019 039169",True
2406891,2016-046974 OL,OL2016046974,Austin year/serial,merged listing fields,"th keypad entry, and check-out is by 11am.

Registration Details
OL2016046974",False
24240282,2022-078969 OL,OL2022078969,Austin year/serial,merged listing fields,"agrees to heed all annotations & warnings.

Registration Details
OL2022078969",True
24655175,2018-102151 OL,OL-2018-102151,Austin year/serial,merged listing fields,"ccess to downtown and all SXSW activities.

Registration Details
OL-2018-102151",False
2467367,2025-102961 OL,OL 2025 102961,Austin year/serial,merged listing fields,"y. Be mindful and respectful of neighbors.

Registration Details
OL 2025 102961",False
24735383,2026-032815 OL,OL 2026 032815,Austin year/serial,merged listing fields,"e compliant and pay the hospitality taxes.

Registration Details
OL 2026 032815",True
248515,2014-122215 OL,OL 2014 122215,Austin year/serial,merged listing fields,"ve access to the whole house and backyard.

Registration Details
OL 2014 122215",True
24854477,2016-152974 OL,2016-152974 OL,Austin year/serial,merged listing fields,"for monthly stays — message us to arrange.

Registration Details
2016-152974 OL",True
24870358,2024-138837 OL,OL 2024 138837,Austin year/serial,merged listing fields," located in the room. We don’t have cable.

Registration Details
OL 2024 138837",True
2500385,2025-060104 OL,OL 2025 060104,Austin year/serial,merged listing fields,"tte — 7 min drive
– Bufalina — 9 min drive

Registration Details
OL 2025 060104",False
2521003,2013-069016 OL,OL 2013 069016,Austin year/serial,merged listing fields,"ts you are bringing with you when booking.

Registration Details
OL 2013 069016",False
25344755,2018-085736 OL,OL 2018 085736,Austin year/serial,merged listing fields,"ilable. We may be able to accommodate you!

Registration Details
OL 2018 085736",True
254232,2026-088823 OL,OL 2026 088823,Austin year/serial,merged listing fields,"s, and changing and washing of all linens.

Registration Details
OL 2026 088823",True
25627777,2020-167386 OL,OL 2020 167386,Austin year/serial,merged listing fields,"d to provide the best possible experience.

Registration Details
OL 2020 167386",False
25840498,2018-061431 OL,OL2018 061431,Austin year/serial,merged listing fields,"to note--
Fully licensed and registered with the City of Austin! OL2018 061431 
The home is a duplex and you will have access to unit B.

You could book the other side ",False
25840498,2023-040792 OL,OL-2023-040792,Austin year/serial,merged listing fields,"-7am as the neighbors have small children.

Registration Details
OL-2023-040792",True
26007796,2022-027993 OL,OL 2022 027993,Austin year/serial,merged listing fields,"boats to the dock at their own discretion.

Registration Details
OL 2022 027993",True
26075986,2020-043639 OL,OL2020043639,Austin year/serial,merged listing fields,"perience everything downtown has to offer.

Registration Details
OL2020043639",False
26138249,2026-033037 OL,OL 2026 033037,Austin year/serial,merged listing fields,"d to provide the best possible experience.

Registration Details
OL 2026 033037",True
26150600,2016-148737 OL,OL-2016 148737,Austin year/serial,merged listing fields,"s guests.

This AirBNB is being operated under Austin STR permit OL-2016 148737

Registration Details
OL 2016 148737",True
26293461,2016-126952 OL,OL 2016 126952,Austin year/serial,merged listing fields,"e. Just let me know if you want to use it!

Registration Details
OL 2016 126952",True
26336484,2022-136771 OL,OL 2022 136771,Austin year/serial,merged listing fields,"the end of your stay 
Pls. conserve energy

Registration Details
OL 2022 136771",False
26495184,2021-130603 OL,OL 2021 130603,Austin year/serial,merged listing fields,"et.

Other things to note
STR-1#2021130603

Registration Details
OL 2021 130603",True
26564312,2026-025264 OL,Ol2026025264,Austin year/serial,merged listing fields," (try a hip local barfly for best results)

Registration Details
Ol2026025264",True
26643434,2026-032478 OL,OL 2026 032478,Austin year/serial,merged listing fields,"re walls, and have totally separate yards.

Registration Details
OL 2026 032478",True
26655796,2022-061022 OL,OL 2022 061022,Austin year/serial,merged listing fields,"moking in the house, please.

$150 per pet

Registration Details
OL 2022 061022",False
26661054,2016-126952 OL,OL 2016 126952,Austin year/serial,merged listing fields,"to rent Canoe/Kayak/SUP as a larger group.

Registration Details
OL 2016 126952",True
26718562,2019-036368 OL,OL 2019 036368,Austin year/serial,merged listing fields,"g spaces are available for guests to enjoy

Registration Details
OL 2019 036368",False
26816767,2022-055055 OL,OL2022055055,Austin year/serial,merged listing fields,"lability. Most days we are pretty flexible

Registration Details
OL2022055055",False
26894880,2018-137705 OL,OL 2018 137705,Austin year/serial,merged listing fields," Live TV.

The unit does not have a stove.

Registration Details
OL 2018 137705",False
271052,2026-040297 OL,OL 2026 040297,Austin year/serial,merged listing fields,"ve any questions, feel free to contact me!

Registration Details
OL 2026 040297",True
27303213,2025-146125 OL,OL 2025 146125,Austin year/serial,merged listing fields," Cava, LaMadeline etc. just to name a few.

Registration Details
OL 2025 146125",True
27486300,2018-184130 OL,OL 2018 184130,Austin year/serial,merged listing fields,"e are no cameras anywhere inside the home.

Registration Details
OL 2018 184130",True
27487781,2020-194678 OL,OL 2020 194678,Austin year/serial,merged listing fields,"pt cash app.  Please stay out of car port.

Registration Details
OL 2020 194678",True
27524298,2022-162605 OL,OL 2022 162605,Austin year/serial,merged listing fields," yet, there is little need for car rental.

Registration Details
OL 2022 162605",True
27554103,2018-207669 OL,OL 2018 207669,Austin year/serial,merged listing fields,"o ask before 3pm the day before check out.

Registration Details
OL 2018 207669",True
27636411,2019-009924 OL,OL-2019-009924,Austin year/serial,merged listing fields,"our needs. We look forward to hosting you!

Registration Details
OL-2019-009924",True
27673991,2019-184318 OL,OL 2019 184318,Austin year/serial,merged listing fields,"ocument for the use of exercise equipment.

Registration Details
OL 2019 184318",False
27729695,2025-038435 OL,ol2025038435,Austin year/serial,merged listing fields,"d 100yrds away.  Max limit of people is 4.

Registration Details
ol2025038435",True
27730184,2019-179229 OL,OL 2019 179229,Austin year/serial,merged listing fields,"u need anything anytime, just let us know.

Registration Details
OL 2019 179229",False
27775728,2024-063490 OL,OL 2024 063490,Austin year/serial,merged listing fields,"ooftop deck with comfortable patio seating

Registration Details
OL 2024 063490",False
27892604,2018-026732 OL,OL 2018 026732,Austin year/serial,merged listing fields,"oth your privacy and also our/your safety.

Registration Details
OL 2018 026732",True
27913304,2021-161135 OL,OL 2021 161135,Austin year/serial,merged listing fields,"immediate termination of your reservation.

Registration Details
OL 2021 161135",True
27933897,2024-005114 OL,OL-2024-005114,Austin year/serial,merged listing fields,"good vibes only. Welcome to East Austin! 💛

Registration Details
OL-2024-005114",True
27957811,2025-054197 OL,OL 2025 054197,Austin year/serial,merged listing fields,"te and would love the opportunity to help!

Registration Details
OL 2025 054197",True
27979704,2025-054197 OL,OL 2025 054197,Austin year/serial,merged listing fields," 3) Occupancy limit of 6 unrelated adults.

Registration Details
OL 2025 054197",True
28053221,2022-056765 OL,OL2022056765,Austin year/serial,merged listing fields,"se listed in your reservation are allowed.

Registration Details
OL2022056765",False
28081355,2018-170493 OL,OL-2018-170493,Austin year/serial,merged listing fields,"y Bird Lake Trail, or check out Austin's music scene!

The space
OL-2018-170493 

SLEEPING ARRANGEMENTS
- Bedroom: 1 king bed 
- Living Room: 1 queen sleeper sofa 
",True
28096662,2025-054197 OL,OL 2025 054197,Austin year/serial,merged listing fields," 3) Occupancy limit of 6 unrelated adults.

Registration Details
OL 2025 054197",True
281182,2021-004472 OL,OL 2021 004472,Austin year/serial,merged listing fields,"at Location for SXSW

Guest access
Key pad

Registration Details
OL 2021 004472",True
28163068,2022-149587 OL,OL 2022 149587,Austin year/serial,merged listing fields,"h any additional questions you might have.

Registration Details
OL 2022 149587",False
28253567,2026-063717 OL,OL 2026 063717,Austin year/serial,merged listing fields,"is open to socializing or keep it private.

Registration Details
OL 2026 063717",True
28366970,2021-162416 OL,OL 2021 162416,Austin year/serial,merged listing fields,"d with all new quality comfortable pieces.

Registration Details
OL 2021 162416",True
28379054,2026-036432 OL,OL 2026 036432,Austin year/serial,merged listing fields,", but we would like to clean them up ASAP)

Registration Details
OL 2026 036432",True
28408030,2020-182085 OL,OL 2020 182085,Austin year/serial,merged listing fields,"d by our guests with the provided key fob.

Registration Details
OL 2020 182085",True
28443182,2020-011019 OL,OL 2020 011019,Austin year/serial,merged listing fields," that we are required to pay. 

Thank you.

Registration Details
OL 2020 011019",True
28458297,2018-161460 OL,OL 2018 161460,Austin year/serial,merged listing fields,"City of Austin to host Short Term Rentals.

Registration Details
OL 2018 161460",False
28491861,2025-133889 OL,OL-2025-133889,Austin year/serial,merged listing fields,"anitizing thoroughly between each visitor!

Registration Details
OL-2025-133889",True
28640193,2026-091930 OL,OL 2026 091930,Austin year/serial,merged listing fields,"y respecting your privacy inside the home.

Registration Details
OL 2026 091930",True
28699103,2025-136102 OL,OL 2025 136102,Austin year/serial,merged listing fields,"r things to note
3rd floor is not included

Registration Details
OL 2025 136102",False
28796943,2026-077229 OL,OL 2026 077229,Austin year/serial,merged listing fields,"eciate your cooperation and understanding!

Registration Details
OL 2026 077229",True
28909212,2018-122062 OL,OL2018122062,Austin year/serial,merged listing fields,"ired state and city hotel occupancy taxes.

Registration Details
OL2018122062",False
29058712,2026-083077 OL,OL 2026 083077,Austin year/serial,merged listing fields,"this listing you're agreeing to the above.

Registration Details
OL 2026 083077",True
29079904,2026-083077 OL,OL 2026 083077,Austin year/serial,merged listing fields,"this listing you're agreeing to the above.

Registration Details
OL 2026 083077",True
29303326,2025-163208 OL,OL-2025-163208,Austin year/serial,merged listing fields,"k with you to accommodate the best we can!

Registration Details
OL-2025-163208",True
29659880,2026-077229 OL,OL 2026 077229,Austin year/serial,merged listing fields,"eciate your cooperation and understanding!

Registration Details
OL 2026 077229",True
29736245,2026-077229 OL,OL 2026 077229,Austin year/serial,merged listing fields,"eciate your cooperation and understanding!

Registration Details
OL 2026 077229",True
29762127,2022-032921 OL,OL 2022 032921,Austin year/serial,merged listing fields,"w they are all well fed and taken care of!

Registration Details
OL 2022 032921",True
2984602,2014-007839 OL,OL 2014 007839,Austin year/serial,merged listing fields,"edures posted on the wall when you arrive.

Registration Details
OL 2014 007839",True
29877523,2022-105941 OL,OL 2022 105941,Austin year/serial,merged listing fields,"
Other things to note
Minimum 2 night stay

Registration Details
OL 2022 105941",False
2989481,2013-004296 OL,OL 2013 004296,Austin year/serial,merged listing fields,", we will add the fee as a change request.

Registration Details
OL 2013 004296",False
29919160,2023-039298 OL,OL 2023 039298,Austin year/serial,merged listing fields,"r by phone to assist you during your stay.

Registration Details
OL 2023 039298",True
2992224,2014-128254 OL,OL 2014 128254,Austin year/serial,merged listing fields,"

Other things to note
City of Austin Short Term Rental license #OL 2014 128254.  Price includes 15% State and City hotel tax.

Registration Details
OL-2014-128254",True
2994424,2012-119771 OL,OL 2012 119771,Austin year/serial,merged listing fields," to SXSW bookings. 

City License #119960.

Registration Details
OL 2012 119771",False
29986605,2022-097511 OL,OL 2022 097511,Austin year/serial,merged listing fields,"V with free Netflix and a Nintendo Switch.

Registration Details
OL 2022 097511",False
30287319,2019-134944 OL,OL 2019 134944,Austin year/serial,merged listing fields,"e included in the total fee when you book.

Registration Details
OL 2019 134944",True
3032156,2013-124632 OL,OL 2013 124632,Austin year/serial,merged listing fields,"t is a house and guests have total access.

Registration Details
OL 2013 124632",True
3041605,2026-068651 OL,OL 2026 068651,Austin year/serial,merged listing fields," and festivals such as SXSW, ACL, F1, etc.

Registration Details
OL 2026 068651",True
30540254,2023-007296 OL,OL 2023 007296,Austin year/serial,merged listing fields,"ere is separate access via a private gate.

Registration Details
OL 2023 007296",True
30577487,2021-192416 OL,OL 2021 192416,Austin year/serial,merged listing fields,"10% city tax that is payable upon arrival.

Registration Details
OL 2021 192416",True
30590667,2020-062543 OL,OL 2020 062543,Austin year/serial,merged listing fields," the back porch and down the steps! Enjoy!

Registration Details
OL 2020 062543",True
31005465,2022-069584 OL,OL 2022 069584,Austin year/serial,merged listing fields,"you need that will make your stay awesome.

Registration Details
OL 2022 069584",True
31145312,2014-036602 OL,OL 2014 036602,Austin year/serial,merged listing fields,"ent keypad so no keys to worry about here!

Registration Details
OL 2014 036602",True
31232379,2026-098886 OL,OL 2026 098886,Austin year/serial,merged listing fields," feel like home!

Guest access
entire home

Registration Details
OL 2026 098886",True
3124593,2022-004446 OL,OL2022004446,Austin year/serial,merged listing fields," parking passes to park at the front door.

Registration Details
OL2022004446",True
31270775,2026-019868 OL,OL2026019868,Austin year/serial,merged listing fields,"uiet time after 10 pm. No parties allowed.

Registration Details
OL2026019868",True
31337958,2023-150363 OL,OL 2023 150363,Austin year/serial,merged listing fields,"day - Thursday rentals one week at a time.

Registration Details
OL 2023 150363",True
31382915,2026-034964 OL,OL 2026 034964,Austin year/serial,merged listing fields,"se as well as the patio and outdoor table.

Registration Details
OL 2026 034964",True
31609555,2019-080872 OL,OL 2019 080872,Austin year/serial,merged listing fields,"shed patio, balcony with skyscraper views)

Registration Details
OL 2019 080872",True
31668518,2018-050710 OL,OL-2018-050710,Austin year/serial,merged listing fields," a tranquil atmosphere for all our guests.

Registration Details
OL-2018-050710",True
31903670,2022-069544 OL,OL 2022 069544,Austin year/serial,merged listing fields,"ss but of Austin being in a humid climate.

Registration Details
OL 2022 069544",False
31928824,2021-021178 OL,OL 2021 021178,Austin year/serial,merged listing fields,"y issues, I will be happy to resolve them!

Registration Details
OL 2021 021178",False
319894,2022-093038 OL,OL 2022 093038,Austin year/serial,merged listing fields,"to the entire home. Our home is your home.

Registration Details
OL 2022 093038",False
32106693,2019-023612 OL,OL 2019 023612,Austin year/serial,merged listing fields,"r charging stations in the parking garage.

Registration Details
OL 2019 023612",True
321069,2013-125650 OL,OL 2013 125650,Austin year/serial,merged listing fields,"ests have access to entire house and yard.

Registration Details
OL 2013 125650",True
32125293,2018-092661 OL,OL-2018-092661,Austin year/serial,merged listing fields,"is separated by a curtain not a full door.

Registration Details
OL-2018-092661",False
3214547,2013-043878 OL,OL 2013 043878,Austin year/serial,merged listing fields,"be granted.   Normal check in time is 4:00

Registration Details
OL 2013 043878",True
3230604,2022-162740 OL,Ol-2022-162740,Austin year/serial,merged listing fields,"ou have positive feedback on your profile.

Registration Details
Ol-2022-162740",True
32502524,2013-125650 OL,OL 2013 125650,Austin year/serial,merged listing fields,"pon arrival (in addition to nightly rate).

Registration Details
OL 2013 125650",True
325889,2017-131287 OL,OL 2017 131287,Austin year/serial,merged listing fields,"ped yard, a great view of downtown Austin.

Registration Details
OL 2017 131287",False
32615462,2019-204886 OL,OL 2019 204886,Austin year/serial,merged listing fields,"usband and I do need access to the garage.

Registration Details
OL 2019 204886",False
32635384,2022-097511 OL,OL 2022 097511,Austin year/serial,merged listing fields,"V with free Netflix and a Nintendo Switch.

Registration Details
OL 2022 097511",False
32642588,2022-113354 OL,OL 2022 113354,Austin year/serial,merged listing fields," prevent unwanted light filtering through.

Registration Details
OL 2022 113354",False
32891450,2020-007491 OL,OL 2020 007491,Austin year/serial,merged listing fields,"d hygiene protocol due to the Coronavirus.

Registration Details
OL 2020 007491",True
32901053,2022-144535 OL,OL 2022 144535,Austin year/serial,merged listing fields,"e remains allergen-free for future guests.

Registration Details
OL 2022 144535",True
329306,2019-178481 OL,OL 2019 178481,Austin year/serial,merged listing fields,"h a City of Austin STR License # OL 015229

Registration Details
OL 2019 178481",False
33043270,2026-081253 OL,OL 2026 081253,Austin year/serial,merged listing fields,"need to make an informed booking decision.

Registration Details
OL 2026 081253",True
333442,2018-113227 OL,OL 2018 113227,Austin year/serial,merged listing fields," neighborhood to explore, relax and enjoy.

Registration Details
OL 2018 113227",False
333815,2026-059442 OL,OL 2026 059442,Austin year/serial,merged listing fields,"street parking might be the easier choice.

Registration Details
OL 2026 059442",True
3349126,2021-073920 OL,OL2021073920,Austin year/serial,merged listing fields," unregistered guests
Quiet hours: 10pm–7am

Registration Details
OL2021073920",False
3386939,2019-178508 OL,OL 2019 178508,Austin year/serial,merged listing fields,"iet, creative, fun, family friendly folks.

Registration Details
OL 2019 178508",False
34143842,2022-107598 OL,OL 2022 107598,Austin year/serial,merged listing fields,"et us know if there is anything they need.

Registration Details
OL 2022 107598",False
341596,2021-137800 OL,OL 2021 137800,Austin year/serial,merged listing fields,"lternative rock, folk music, and jam band.

Registration Details
OL 2021 137800",True
3424259,2019-178481 OL,OL 2019 178481,Austin year/serial,merged listing fields,"h a City of Austin STR License # OL 015229

Registration Details
OL 2019 178481",False
34343420,2019-173140 OL,OL2019173140,Austin year/serial,merged listing fields,"emailed to you a few days before your stay

Registration Details
OL2019173140",False
343462,2016-017403 OL,OL 2016 017403,Austin year/serial,merged listing fields,"r some of our favorite places around town.

Registration Details
OL 2016 017403",True
34368002,2026-141627 OL,OL 2026 141627,Austin year/serial,merged listing fields," love to share our great city with guests.

Registration Details
OL 2026 141627",False
345473,2018-004645 OL,OL 2018 004645,Austin year/serial,merged listing fields,"-car driveway for safe off street parking.

Registration Details
OL 2018 004645",True
345536,2019-060177 OL,OL 2019 060177,Austin year/serial,merged listing fields,"1.
My hotel license number is V00000913537

Registration Details
OL 2019 060177",False
34684047,2020-011900 OL,OL 2020 011900,Austin year/serial,merged listing fields,"etting in an out of the car will be tight.

Registration Details
OL 2020 011900",True
34742229,2026-042819 OL,OL 2026 042819,Austin year/serial,merged listing fields,"tal is gorgeous and very worth a drive by!

Registration Details
OL 2026 042819",True
3475010,2014-007838 OL,OL 2014 007838,Austin year/serial,merged listing fields,"edures posted on the wall when you arrive.

Registration Details
OL 2014 007838",True
34751101,2017-001496 OL,OL 2017 001496,Austin year/serial,merged listing fields,"te this home has quiet hours from 10pm-7am

Registration Details
OL 2017 001496",True
347654,2018-004608 OL,OL 2018 004608,Austin year/serial,merged listing fields," too loud for them, so all should be fine!

Registration Details
OL 2018 004608",True
3478000,2014-007841 OL,OL 2014 007841,Austin year/serial,merged listing fields,"ly discounts don't apply to SXSW bookings.

Registration Details
OL 2014 007841",True
349447,2025-007748 OL,OL 2025 007748,Austin year/serial,merged listing fields,"tte — 7 min drive
– Bufalina — 9 min drive

Registration Details
OL 2025 007748",True
3539968,2025-032781 OL,OL-2025-032781,Austin year/serial,merged listing fields,"dditional sleeper sofa (Morabo from IKEA).

Registration Details
OL-2025-032781",True
354263,2019-060177 OL,OL 2019 060177,Austin year/serial,merged listing fields,"t.
My hotel license number is
V00000913537

Registration Details
OL 2019 060177",False
3543410,2026-073851 OL,OL 2026 073851,Austin year/serial,merged listing fields,"ass of wine with guests from time to time.

Registration Details
OL 2026 073851",True
35616280,2022-141282 OL,OL 2022 141282,Austin year/serial,merged listing fields,"here are no other cameras on the property.

Registration Details
OL 2022 141282",True
35689647,2019-053938 OL,OL 2019 053938,Austin year/serial,merged listing fields,"is space will not be available for guests.

Registration Details
OL 2019 053938",True
357529,2022-062895 OL,OL 2022 062895,Austin year/serial,merged listing fields,"mum during ACL (October) and SXSW (March).

Registration Details
OL 2022 062895",True
35798331,2025-024469 OL,OL 2025 024469,Austin year/serial,merged listing fields,"comfort and mobility needs before booking.

Registration Details
OL 2025 024469",True
35801269,2026-031438 OL,OL2026031438,Austin year/serial,merged listing fields,"ome leads to apartment with easy stairs t.

Registration Details
OL2026031438",True
35833887,2018-179357 OL,OL-2018-179357,Austin year/serial,merged listing fields,"d total walkability to the city’s best.

Licensed Austin rental: OL-2018-179357

The space
Come stay at our sunlit home in one of Austin's most convenient neighborhoods.",True
35937190,2019-153010 OL,OL 2019 153010,Austin year/serial,merged listing fields,"and babysitting available at extra charge.

Registration Details
OL 2019 153010",False
36072039,2025-156051 OL,OL 2025 156051,Austin year/serial,merged listing fields,"re also available with a personal account.

Registration Details
OL 2025 156051",True
36268563,2019-231901 OL,OL #2019 231901,Austin year/serial,merged listing fields,"iles to Crestview Train Station 

Licensed by the City of Austin OL #2019 231901

Other things to note
ADDITIONAL INFORMATION
Please note this home has quiet hours from 1",False
363944,2016-017987 OL,OL 2016 017987,Austin year/serial,merged listing fields,"rom owners or property managers required .

Registration Details
OL 2016 017987",True
364269,2016-017987 OL,OL 2016 017987,Austin year/serial,merged listing fields,"s an active ring door bell security camera

Registration Details
OL 2016 017987",True
36560058,2018-020908 OL,OL-2018-020908,Austin year/serial,merged listing fields,"m décor and floor plans may vary slightly.

Registration Details
OL-2018-020908",True
36560092,2018-021928 OL,OL 2018 021928,Austin year/serial,merged listing fields,"m décor and floor plans may vary slightly.

Registration Details
OL 2018 021928",True
36560124,2018-021940 OL,OL 2018 021940,Austin year/serial,merged listing fields,"m décor and floor plans may vary slightly.

Registration Details
OL 2018 021940",True
36700041,2025-074803 OL,2025-074803 OL,Austin year/serial,merged listing fields,"ty as they may be crossing or in the road.

Registration Details
2025-074803 OL",False
36807370,2024-083130 OL,OL 2024 083130,Austin year/serial,merged listing fields,"e Protection Insurance fee of $501 applies

Registration Details
OL 2024 083130",False
36868497,2024-125396 OL,OL 2024 125396,Austin year/serial,merged listing fields,"ors and house rules. NO DISRUPTIVE GUESTS.

Registration Details
OL 2024 125396",True
36880518,2018-212900 OL,OL 2018 212900,Austin year/serial,merged listing fields,"ors and house rules. NO DISRUPTIVE GUESTS.

Registration Details
OL 2018 212900",True
37052599,2026-017392 OL,OL 2026 017392,Austin year/serial,merged listing fields,"ine asado experience during your stay. 🔥🇦🇷

Registration Details
OL 2026 017392",True
37125884,2019-134944 OL,OL 2019 134944,Austin year/serial,merged listing fields,"as tax of 6% collected directly by AirBnB.

Registration Details
OL 2019 134944",True
37255345,2019-021856 OL,OL 2019 021856,Austin year/serial,merged listing fields,"ajor events like ACL, SXSW, and Formula 1.

Registration Details
OL 2019 021856",True
3757576,2021-177080 OL,OL 2021 177080,Austin year/serial,merged listing fields," neighborhood dog park, only a block away.

Registration Details
OL 2021 177080",True
37595264,2023-051177 OL,OL 2023 051177,Austin year/serial,merged listing fields,"ith firepit and grill. Recently renovated.

Registration Details
OL 2023 051177",True
37686296,2026-032877 OL,OL 2026 032877,Austin year/serial,merged listing fields,"for a fully refundable deposit at booking.

Registration Details
OL 2026 032877",False
37809135,2024-129838 OL,OL-2024-129838,Austin year/serial,merged listing fields,"ss to...everywhere.
You can’t beat Zilker!

Registration Details
OL-2024-129838",True
3801572,2014-106669 OL,OL2014106669,Austin year/serial,merged listing fields,"pe 1 License # shown on confirmation page.

Registration Details
OL2014106669",True
38023680,2024-125361 OL,OL 2024 125361,Austin year/serial,merged listing fields," respectfully ask that you look elsewhere.

Registration Details
OL 2024 125361",True
38055707,2020-007555 OL,OL-2020-007555,Austin year/serial,merged listing fields,"there is also on-street parking available.

Registration Details
OL-2020-007555",True
38098824,2024-015095 OL,OL 2024 015095,Austin year/serial,merged listing fields,"n accordance with local noise regulations.

Registration Details
OL 2024 015095",True
38151123,2026-004520 OL,OL 2026 004520,Austin year/serial,merged listing fields,"e of $541 will be collected after booking.

Registration Details
OL 2026 004520",True
38251338,2019-193724 OL,OL 2019 193724,Austin year/serial,merged listing fields,"n instant pot as well.

Other things to note
Operator's license: OL 2019 193724

Please note that dogs have been in the home, so if you or someone in your group has dog ",False
38429825,2019-163368 OL,OL2019163368,Austin year/serial,merged listing fields,"s legally licensed with the City of Austin. My License number is OL2019163368. The ""Community Fee"" tacked on to your total cost is actually the ""Hotel and Occupancy Ta",False
38431967,2025-021685 OL,OL 2025 021685,Austin year/serial,merged listing fields,"Term Rental Operating License #2025 021685

Registration Details
OL 2025 021685",True
38482667,2019-182616 OL,OL 2019 182616,Austin year/serial,merged listing fields,"w and may not be suitable for tall guests.

Registration Details
OL 2019 182616",False
38596517,2026-081020 OL,OL 2026 081020,Austin year/serial,merged listing fields,"ree driveway and street parking available.

Registration Details
OL 2026 081020",True
38726831,2026-191450 OL,OL 2026 191450,Austin year/serial,merged listing fields,"nal security deposit for your reservation.

Registration Details
OL 2026 191450",False
38802145,2026-077229 OL,OL 2026 077229,Austin year/serial,merged listing fields,"eciate your cooperation and understanding!

Registration Details
OL 2026 077229",True
38802306,2026-077229 OL,OL 2026 077229,Austin year/serial,merged listing fields,"eciate your cooperation and understanding!

Registration Details
OL 2026 077229",True
38804959,2026-077229 OL,OL 2026 077229,Austin year/serial,merged listing fields,"eciate your cooperation and understanding!

Registration Details
OL 2026 077229",True
38818528,2019-193755 OL,OL 2019 193755,Austin year/serial,merged listing fields,"he #3 bus will take you straight downtown.

Registration Details
OL 2019 193755",True
38841031,2026-041206 OL,OL2026041206,Austin year/serial,merged listing fields,", Wi-Fi details, appliance info, and more.

Registration Details
OL2026041206",True
39029522,2026-043156 OL,OL-2026-043156,Austin year/serial,merged listing fields,"
All the property and community amenities.

Registration Details
OL-2026-043156",True
39053687,2024-153115 OL,OL 2024 153115,Austin year/serial,merged listing fields," to Austin-Bergstrom International Airport

Registration Details
OL 2024 153115",True
39155115,2019-182323 OL,OL 2019 182323,Austin year/serial,merged listing fields,"as well as all major ride share companies.

Registration Details
OL 2019 182323",True
39174984,2025-139375 OL,OL 2025 139375,Austin year/serial,merged listing fields,"o a 7-minute walk from a city golf course.

Registration Details
OL 2025 139375",True
39277633,2018-020917 OL,OL 2018 020917,Austin year/serial,merged listing fields,"e notate that requests are not guaranteed.

Registration Details
OL 2018 020917",True
39363087,2018-021026 OL,OL 2018 021026,Austin year/serial,merged listing fields,"e notate that requests are not guaranteed.

Registration Details
OL 2018 021026",True
39389030,2016-020702 OL,OL 2016 020702,Austin year/serial,merged listing fields,"stivals, and all that Austin has to offer!

Registration Details
OL 2016 020702",True
39528087,2023-011040 OL,OL 2023 011040,Austin year/serial,merged listing fields,"olutely no pets allowed. No garage access.

Registration Details
OL 2023 011040",True
3959242,2018-052710 OL,OL 2018 052710,Austin year/serial,merged listing fields,"ocery stores also within walking distance.

Registration Details
OL 2018 052710",True
39678647,2025-015557 OL,OL-2025-015557,Austin year/serial,merged listing fields,"ense of cleaning service every other week.

Registration Details
OL-2025-015557",False
39702506,2026-071588 OL,OL 2026 071588,Austin year/serial,merged listing fields,"rt is best when you can set your firmness.

Registration Details
OL 2026 071588",True
39867825,2022-050463 OL,OL 2022 050463,Austin year/serial,merged listing fields," to a rental agreement at time of booking.

Registration Details
OL 2022 050463",True
40038482,2026-120287 OL,OL 2026 120287,Austin year/serial,merged listing fields,"wn and just minutes from Dell and Samsung.

Registration Details
OL 2026 120287",True
40039365,2019-182364 OL,OL 2019 182364,Austin year/serial,merged listing fields,"d to provide the best possible experience.

Registration Details
OL 2019 182364",True
40093183,2020-026496 OL,OL#2020026496,Austin year/serial,merged listing fields,"irbnb's stated refund policy.

City of Austin Operating License: OL#2020026496

Registration Details
OL 2020 026496",True
40110806,2025-013137 OL,OL2025013137,Austin year/serial,merged listing fields,"he kitchen offering natural light all day.

Registration Details
OL2025013137",True
4013309,2014-110878 OL,OL 2014 110878,Austin year/serial,merged listing fields,"th a door which provides complete privacy.

Registration Details
OL 2014 110878",True
40173703,2026-062529 OL,OL2026062529,Austin year/serial,merged listing fields,"0pm - 7am - City of Austin Noise Ordinance

Registration Details
OL2026062529",True
4030864,2026-038676 OL,OL 2026 038676,Austin year/serial,merged listing fields,"s as well for reviews and additional info.

Registration Details
OL 2026 038676",True
4050950,2024-030513 OL,OL 2024 030513,Austin year/serial,merged listing fields," — 10 min drive
– Justine's — 10 min drive

Registration Details
OL 2024 030513",True
4054044,2018-007931 OL,OL 2018 007931,Austin year/serial,merged listing fields,"ess Internet.
Smart TV in the living room.

Registration Details
OL 2018 007931",True
406911,2014-007821 OL,OL-2014-007821,Austin year/serial,merged listing fields," collected when your reservation is made.

STR COA registration: OL-2014-007821

Guest access
Our guests enter through a shared screened porch and have their own keyless",True
40755013,2019-230820 OL,OL 2019 230820,Austin year/serial,merged listing fields,"ccess the room directly from the driveway.

Registration Details
OL 2019 230820",True
40761922,2026-068204 OL,OL 2026 068204,Austin year/serial,merged listing fields," will have all of the information as well.

Registration Details
OL 2026 068204",True
4076557,2025-005592 OL,OL 2025 005592,Austin year/serial,merged listing fields,"n Hospital. Fenced in front and backyards.

Registration Details
OL 2025 005592",True
40944891,2018-021928 OL,OL 2018 021928,Austin year/serial,merged listing fields,"e notate that requests are not guaranteed.

Registration Details
OL 2018 021928",True
41064875,2029-170231 OL,OL 2029 170231,Austin year/serial,merged listing fields,"City ordinance, no loud noise after 10pm..

Registration Details
OL 2029 170231",False
4121676,2023-161069 OL,OL 2023 161069,Austin year/serial,merged listing fields,"in? If you want to rent them both you can!

Registration Details
OL 2023 161069",True
41242072,2019-232535 OL,2019-232535 OL,Austin year/serial,merged listing fields,"ng on the property including e-cigarettes.

Registration Details
2019-232535 OL",True
41332040,2026-077229 OL,OL 2026 077229,Austin year/serial,merged listing fields,"eciate your cooperation and understanding!

Registration Details
OL 2026 077229",True
41434469,2019-226044 OL,OL-2019-226044,Austin year/serial,merged listing fields,"ity. There are no cameras inside the home.

Registration Details
OL-2019-226044",True
41460272,2026-077229 OL,OL 2026 077229,Austin year/serial,merged listing fields,"eciate your cooperation and understanding!

Registration Details
OL 2026 077229",True
41460275,2026-077229 OL,OL 2026 077229,Austin year/serial,merged listing fields,"eciate your cooperation and understanding!

Registration Details
OL 2026 077229",True
41460276,2026-077229 OL,OL 2026 077229,Austin year/serial,merged listing fields,"eciate your cooperation and understanding!

Registration Details
OL 2026 077229",True
41511557,2020-024710 OL,OL 2020 024710,Austin year/serial,merged listing fields,"ervation being terminated with no refunds.

Registration Details
OL 2020 024710",True
41593101,2019-021856 OL,OL 2019 021856,Austin year/serial,merged listing fields,"d mid-century Austin character throughout.

Registration Details
OL 2019 021856",True
4163685,2016-073132 OL,OL 2016 073132,Austin year/serial,merged listing fields,"ng Netflix, Prime Video, YouTube, and HBO.

Registration Details
OL 2016 073132",False
4171708,2017-034571 OL,OL 2017 034571,Austin year/serial,merged listing fields,"R Operating License: (PHONE NUMBER HIDDEN)

Registration Details
OL 2017 034571",True
4174180,2014-073922 OL,OL 2014 073922,Austin year/serial,merged listing fields,"are disconcerted when they come across it.

Registration Details
OL 2014 073922",False
41801106,2022-056076 OL,OL2022056076,Austin year/serial,merged listing fields,"iveway, to monitor access to the property.

Registration Details
OL2022056076",True
4184049,2016-023662 OL,OL 2016 023662,Austin year/serial,merged listing fields,"g in a huge rush when it comes to driving.

Registration Details
OL 2016 023662",True
41873306,2024-167723 OL,OL 2024 167723,Austin year/serial,merged listing fields,"e 21 years or older to book this property.

Registration Details
OL 2024 167723",True
41905528,2019-172419 OL,OL #2019 172419,Austin year/serial,merged listing fields,"excursions
• More under “Add-on services” below
- City of Austin OL #2019 172419

Guest access
The entire home.

Other things to note
Our Guest Rental Agreement must be s",False
41935943,2019-220503 OL,OL 2019 220503,Austin year/serial,merged listing fields,"ntire property via electronic keypad locks

Registration Details
OL 2019 220503",True
41983088,2020-053367 OL,OL2020053367,Austin year/serial,merged listing fields,"washer and dryer, and a private lit patio.

Registration Details
OL2020053367",False
4202378,2016-107885 OL,OL 2016 107885,Austin year/serial,merged listing fields," to note
4 Night Minimum stay during SXSW.

Registration Details
OL 2016 107885",False
42074207,2020-042223 OL,OL 2020 042223,Austin year/serial,merged listing fields,"k in the more level side of the driveway).

Registration Details
OL 2020 042223",True
42199972,2020-025572 OL,OL 2020 025572,Austin year/serial,merged listing fields,"e of $521 will be collected after booking.

Registration Details
OL 2020 025572",True
42200892,2020-006635 OL,OL2020006635,Austin year/serial,merged listing fields,"emailed to you a few days before your stay

Registration Details
OL2020006635",True
42365628,2002-038048 OL,OL 2002 038048,Austin year/serial,merged listing fields,"h detergent should you need to do laundry.

Registration Details
OL 2002 038048",False
42379791,2020-008080 OL,OL-2020-008080,Austin year/serial,merged listing fields," available. 

Pool is heated upon request.

Registration Details
OL-2020-008080",True
42385034,2022-131578 OL,OL 2022 131578,Austin year/serial,merged listing fields,"he entire house + all of the patio spaces!

Registration Details
OL 2022 131578",False
42390679,2026-034031 OL,OL 2026 034031,Austin year/serial,merged listing fields,"you need anything at all during your stay.

Registration Details
OL 2026 034031",True
42544174,2022-047350 OL,OL 2022 047350,Austin year/serial,merged listing fields,"anual override will allow temp adjustment.

Registration Details
OL 2022 047350",True
42584265,2020-018318 OL,OL 2020 018318,Austin year/serial,merged listing fields,"e Protection Insurance fee of $501 applies

Registration Details
OL 2020 018318",False
42648985,2025-048567 OL,OL2025048567,Austin year/serial,merged listing fields," access with private entry/space to enjoy.

Registration Details
OL2025048567",False
42662716,2020-027196 OL,OL 2020 027196,Austin year/serial,merged listing fields,"ed to be approved by host prior to booking

Registration Details
OL 2020 027196",True
42793871,2026-109142 OL,OL2026109142,Austin year/serial,merged listing fields,"tered with Austin-Travis County as a short term rental: 
permit #OL2026109142

Guest access
The casita offers private, easy self check-in with an electronic keypad ent",True
42866299,2025-019912 OL,OL2025019912,Austin year/serial,merged listing fields,"stained in the loft or on the loft stairs.

Registration Details
OL2025019912",True
43156280,2013-130156 OL,OL 2013 130156,Austin year/serial,merged listing fields,"again.  For sure things will be different!

Registration Details
OL 2013 130156",True
43238009,2022-170191 OL,OL 2022 170191,Austin year/serial,merged listing fields,"the Releasees, and I fully agree to do so.

Registration Details
OL 2022 170191",True
43347086,2013-043874 OL,OL 2013 043874,Austin year/serial,merged listing fields,"be granted.   Normal check in time is 4:00

Registration Details
OL 2013 043874",True
43374509,2020-019328 OL,OL 2020 019328,Austin year/serial,merged listing fields,"e sincerely appreciate your understanding.

Registration Details
OL 2020 019328",True
43421770,2026-069792 OL,OL 2026 069792,Austin year/serial,merged listing fields,"ity of Austin that we are required to pay.

Registration Details
OL 2026 069792",True
43489864,2023-123977 OL,OL 2023 123977,Austin year/serial,merged listing fields,"d to provide the best possible experience.

Registration Details
OL 2023 123977",True
43843895,2021-074593 OL,OL 2021 074593,Austin year/serial,merged listing fields,"equest at an additional cost per cleaning.

Registration Details
OL 2021 074593",True
43858970,2026-016967 OL,OL2026016967,Austin year/serial,merged listing fields,"e is not suitable for children or infants.

Registration Details
OL2026016967",True
43897219,2022-058451 OL,OL 2022 058451,Austin year/serial,merged listing fields," with all the basics for a long term stay.

Registration Details
OL 2022 058451",True
43912689,2021-205155 OL,OL 2021 205155,Austin year/serial,merged listing fields,"own. Carport and street parking available.

Registration Details
OL 2021 205155",False
44087479,2019-134957 OL,OL-2019-134957,Austin year/serial,merged listing fields,"de additional sound absorption.

City of Austin License Number : OL-2019-134957, maximum six persons occupancy as permitted by City of Austin Code Chapter 25-2, 25-12, 2",False
44249811,2023-040208 OL,OL 2023 040208,Austin year/serial,merged listing fields,"lease reach out if you’d like this option.

Registration Details
OL 2023 040208",True
44280139,2024-101514 OL,OL 2024 101514,Austin year/serial,merged listing fields,"ere we can improve the overall experience.

Registration Details
OL 2024 101514",True
44334709,2020-194125 OL,OL 2020 194125,Austin year/serial,merged listing fields,"background noise during your stay at Kasa.

Registration Details
OL 2020 194125",True
44334720,2020-081625 OL,OL 2020 081625,Austin year/serial,merged listing fields,"e free earplugs to help with your comfort.

Registration Details
OL 2020 081625",False
44334728,2019-233002 OL,OL 2019 233002,Austin year/serial,merged listing fields,"e free earplugs to help with your comfort.

Registration Details
OL 2019 233002",True
44354441,2024-150789 OL,OL 2024 150789,Austin year/serial,merged listing fields,"ors and house rules. NO DISRUPTIVE GUESTS.

Registration Details
OL 2024 150789",True
44416489,2019-043060 OL,OL 2019 043060,Austin year/serial,merged listing fields,"y be mechanically unlocked from your side.

Registration Details
OL 2019 043060",True
4441722,2018-004608 OL,OL 2018 004608,Austin year/serial,merged listing fields,"ard or on porch soaking in some Texas sun!

Registration Details
OL 2018 004608",True
44419747,2026-035258 OL,OL 2026 035258,Austin year/serial,merged listing fields,"t or the freezing cold like everyone else.

Registration Details
OL 2026 035258",True
44519908,2026-041037 OL,OL 2026 041037,Austin year/serial,merged listing fields,"t to us to plan your next visit to Austin!

Registration Details
OL 2026 041037",True
44677991,2018-061431 OL,OL2018 061431,Austin year/serial,merged listing fields,"to note--
Fully licensed and registered with the City of Austin! OL2018 061431

Other things to note
There are security cameras. 2 pointed at back parking pad, one poin",False
44677991,2023-040792 OL,OL-2023-040792,Austin year/serial,merged listing fields,"-7am as the neighbors have small children.

Registration Details
OL-2023-040792",True
45103482,2016-129805 OL,OL-2016-129805,Austin year/serial,merged listing fields,"and occupancy is monitored and enforced.**

Registration Details
OL-2016-129805",True
45117080,2021-159785 OL,OL 2021 159785,Austin year/serial,merged listing fields,"ng us support this beautiful and fun city!

Registration Details
OL 2021 159785",True
45118552,2018-021940 OL,OL 2018 021940,Austin year/serial,merged listing fields,"e notate that requests are not guaranteed.

Registration Details
OL 2018 021940",True
45221683,2026-084727 OL,OL2026084727,Austin year/serial,merged listing fields,"a fire pit, and plenty of places to relax.

Registration Details
OL2026084727",False
45431197,2023-097254 OL,OL 2023 097254,Austin year/serial,merged listing fields,"y additional safety or cleaning guidelines

Registration Details
OL 2023 097254",False
45432352,2022-008233 OL,OL2022-008233,Austin year/serial,merged listing fields,"ing than wonder after.

City of Austin Operating License number: OL2022-008233

Registration Details
OL 2022 008233",True
45468117,2026-035449 OL,OL 2026 035449,Austin year/serial,merged listing fields,"t or the freezing cold like everyone else.

Registration Details
OL 2026 035449",True
45511551,2026-039956 OL,OL-2026-039956,Austin year/serial,merged listing fields,"rning is permitted before lighting a fire.

Registration Details
OL-2026-039956",True
45525221,2026-034977 OL,OL 2026 034977,Austin year/serial,merged listing fields,"g you need to cook a wonderful tasty meal!

Registration Details
OL 2026 034977",True
45533428,2020-166308 OL,OL2020166308,Austin year/serial,merged listing fields,"n can be found inside the bedroom armoire.

Registration Details
OL2020166308",True
45696200,2021-026998 OL,OL 2021 026998,Austin year/serial,merged listing fields,"ound sounds) in every corner of the house.

Registration Details
OL 2021 026998",True
45749604,2021-125145 OL,OL-2021-125145,Austin year/serial,merged listing fields,".  Back yard is available for you as well.

Registration Details
OL-2021-125145",False
45831240,2025-022375 OL,OL 2025 022375,Austin year/serial,merged listing fields,"fee and will need to be booked in advance.

Registration Details
OL 2025 022375",False
46103871,2013-021273 OL,OL 2013 021273,Austin year/serial,merged listing fields,"mailbox customers — call ahead to confirm.

Registration Details
OL 2013 021273",True
46181205,2026-055023 OL,OL 2026 055023,Austin year/serial,merged listing fields,"sed due to the lack of full accessibility.

Registration Details
OL 2026 055023",True
46219932,2021-056261 OL,OL 2021 056261,Austin year/serial,merged listing fields,"e than 1 pet and pets for long term stays.

Registration Details
OL 2021 056261",True
46255897,2021-021178 OL,OL 2021 021178,Austin year/serial,merged listing fields,"nt to make sure our place fits your needs.

Registration Details
OL 2021 021178",False
46398957,2020-157142 OL,OL 2020 157142,Austin year/serial,merged listing fields,"ntire property via electronic keypad locks

Registration Details
OL 2020 157142",False
46427250,2022-046912 OL,OL 2022 046912,Austin year/serial,merged listing fields,"cks to make your stay even more enjoyable.

Registration Details
OL 2022 046912",False
4645766,2014-007840 OL,OL 2014 007840,Austin year/serial,merged listing fields,"edures posted on the wall when you arrive.

Registration Details
OL 2014 007840",True
46485666,2021-074811 OL,OL 2021 074811,Austin year/serial,merged listing fields,"equest at an additional cost per cleaning.

Registration Details
OL 2021 074811",True
46529406,2026-033204 OL,OL 2026 033204,Austin year/serial,merged listing fields," you to check-in and out on your schedule.

Registration Details
OL 2026 033204",True
46876625,2022-064678 OL,OL 2022 064678,Austin year/serial,merged listing fields,"ore your luggage inside the carport garage

Registration Details
OL 2022 064678",False
46919733,2020-170026 OL,OL-2020-170026,Austin year/serial,merged listing fields,"y food truck. Your vibrant Texas getaway starts here!

The space
OL-2020-170026

SLEEPING ARRANGEMENTS
- Bedroom 1: King Bed
- Bedroom 2: King Bed

INDOOR LIVING
",True
46951327,2020-124256 OL,OL-2020-124256,Austin year/serial,merged listing fields,"s an STR. My license type is STR Type 1 and my license Number is OL-2020-124256. I report and pay all appropriate taxes. Not suitable for infants, children, or guests un",False
47074377,2021-026344 OL,OL 2021 026344,Austin year/serial,merged listing fields,"
Please be respectful of the neighborhood.

Registration Details
OL 2021 026344",True
47216803,2026-059975 OL,OL 2026 059975,Austin year/serial,merged listing fields," workouts) 
- Jump rope + cardio equipment

Registration Details
OL 2026 059975",True
47292123,2021-026998 OL,OL 2021 026998,Austin year/serial,merged listing fields,"
Please be respectful of the neighborhood.

Registration Details
OL 2021 026998",True
47446861,2021-201889 OL,OL 2021 201889,Austin year/serial,merged listing fields,"ithheld if serious property damage incurs.

Registration Details
OL 2021 201889",False
47509227,2019-021856 OL,OL 2019 021856,Austin year/serial,merged listing fields," environment for everyone on the property.

Registration Details
OL 2019 021856",True
47596836,2023-113172 OL,OL 2023 113172,Austin year/serial,merged listing fields,"ose to the Austin Lady Bird Lake boardwalk

Registration Details
OL 2023 113172",True
47721386,2024-099400 OL,OL 2024 099400,Austin year/serial,merged listing fields,"ut Option for 1 PM; must confirm with host

Registration Details
OL 2024 099400",False
4774398,2017-009321 OL,OL 2017 009321,Austin year/serial,merged listing fields,"ne tiled room- change the input to HDMI 2.

Registration Details
OL 2017 009321",False
47797555,2026-087470 OL,OL-2026-087470,Austin year/serial,merged listing fields,"s with friends.

Guest access
Keypad Entry

Registration Details
OL-2026-087470",False
47861753,2021-012208 OL,OL 2021 012208,Austin year/serial,merged listing fields,"y violation. Air quality sensors installed

Registration Details
OL 2021 012208",False
47869382,2024-030326 OL,OL2024030326,Austin year/serial,merged listing fields," check-in with a keypad makes arrival seamless.

Fully Licensed: OL2024030326

Accommodations & Sleeping Layout

This spacious home comfortably sleeps up to 12 guests:",True
47870705,2021-036735 OL,OL 2021 036735,Austin year/serial,merged listing fields,"info in the house manual without exception

Registration Details
OL 2021 036735",True
4795682,2014-070332 OL,OL2014070332,Austin year/serial,merged listing fields,"teenagers, but not recommended for adults.

Registration Details
OL2014070332",False
47965881,2026-067450 OL,OL-2026-067450,Austin year/serial,merged listing fields,"riveway, in front of the cedar wood fence.

Registration Details
OL-2026-067450",True
48015234,2025-071649 OL,OL 2025 071649,Austin year/serial,merged listing fields,"pecially when it is very dry/hot or rainy.

Registration Details
OL 2025 071649",False
48039141,2026-044746 OL,OL 2026 044746,Austin year/serial,merged listing fields,"during their stay.

Other things to note
-

Registration Details
OL 2026 044746",True
48044613,2026-055352 OL,OL 2026 055352,Austin year/serial,merged listing fields,"ay further out, please send us an inquiry!

Registration Details
OL 2026 055352",True
48058950,2023-014114 OL,OL 2023 014114,Austin year/serial,merged listing fields,"atio furniture!

Guest access
Entire house

Registration Details
OL 2023 014114",True
48103874,2026-046173 OL,OL 2026 046173,Austin year/serial,merged listing fields," time and using the Hosts designated team.

Registration Details
OL 2026 046173",True
48134625,2019-165648 OL,OL 2019 165648,Austin year/serial,merged listing fields,"eating area with table overlooking garden.

Registration Details
OL 2019 165648",False
48145872,2026-031556 OL,OL 2026 031556,Austin year/serial,merged listing fields,"and floorplan from what is shown in photos

Registration Details
OL 2026 031556",True
48145875,2026-032194 OL,OL 2026 032194,Austin year/serial,merged listing fields,"and floorplan from what is shown in photos

Registration Details
OL 2026 032194",True
48343709,2026-022545 OL,OL 2026 022545,Austin year/serial,merged listing fields," free to message us - we’re happy to help.

Registration Details
OL 2026 022545",True
48452991,2021-004287 OL,OL2021004287,Austin year/serial,merged listing fields," must be house trained and not aggressive.

Registration Details
OL2021004287",True
48483409,2021-073026 OL,OL-2021 073026,Austin year/serial,merged listing fields,", front porch.

Other things to note
City of Austin STR License: OL-2021 073026

Registration Details
OL 2026 079538",False
48483409,2026-079538 OL,OL 2026 079538,Austin year/serial,merged listing fields,"City of Austin STR License: OL-2021 073026

Registration Details
OL 2026 079538",True
48548399,2021-019080 OL,OL 2021 019080,Austin year/serial,merged listing fields," parking area (large enough for two cars).

Registration Details
OL 2021 019080",True
48672873,2021-074652 OL,OL 2021 074652,Austin year/serial,merged listing fields,"equest at an additional cost per cleaning.

Registration Details
OL 2021 074652",False
48715048,2026-008374 OL,OL 2026 008374,Austin year/serial,merged listing fields,"ess to the front entrance and front porch.

Registration Details
OL 2026 008374",True
48735683,2024-003489 OL,OL 2024 003489,Austin year/serial,merged listing fields,"n accordance with local noise regulations.

Registration Details
OL 2024 003489",True
4874855,2023-154767 OL,OL 2023 154767,Austin year/serial,merged listing fields,"
Guests are welcome to the entire property

Registration Details
OL 2023 154767",True
48803540,2025-108653 OL,ol2025108653,Austin year/serial,merged listing fields,"efore arrival)

Smoking not allowed inside

Registration Details
ol2025108653",False
48804870,2026-029000 OL,OL 2026 029000,Austin year/serial,merged listing fields,"y so you can check in at your convenience.

Registration Details
OL 2026 029000",True
48848897,2026-045407 OL,OL 2026 045407,Austin year/serial,merged listing fields,"ing on premise (first come, first served).

Registration Details
OL 2026 045407",True
48850243,2019-032545 OL,OL 2019 032545,Austin year/serial,merged listing fields,"background noise during your stay at Kasa.

Registration Details
OL 2019 032545",True
48883595,2026-033430 OL,OL2026033430,Austin year/serial,merged listing fields,"mmunity laundry large front load, no fees.

Registration Details
OL2026033430",True
48933584,2020-169352 OL,OL 2020 169352,Austin year/serial,merged listing fields,"background noise during your stay at Kasa.

Registration Details
OL 2020 169352",False
48955585,2024-001456 OL,OL 2024 001456,Austin year/serial,merged listing fields,"do whether you prefer to explore or relax!

Registration Details
OL 2024 001456",True
49226854,2025-013112 OL,OL 2025 013112,Austin year/serial,merged listing fields,"s, so please be aware of this possibility!

Registration Details
OL 2025 013112",False
49249637,2023-113203 OL,OL 2023 113203,Austin year/serial,merged listing fields,"17% occupancy tax is applied to your stay.

Registration Details
OL 2023 113203",True
49289174,2021-118975 OL,OL 2021 118975,Austin year/serial,merged listing fields,"o laundry during the  hours of 10pm - 8am.

Registration Details
OL 2021 118975",False
49294082,2021-106913 OL,OL 2021 106913,Austin year/serial,merged listing fields," as well as a small private outdoor porch.

Registration Details
OL 2021 106913",False
4931574,2015-026515 OL,OL 2015 026515,Austin year/serial,merged listing fields,"ervation being terminated with no refunds.

Registration Details
OL 2015 026515",True
49343948,2021-074563 OL,OL 2021 074563,Austin year/serial,merged listing fields,"equest at an additional cost per cleaning.

Registration Details
OL 2021 074563",True
49384908,2025-010419 OL,OL 2025 010419,Austin year/serial,merged listing fields,"rge weekly cleaning to enjoy a clean stay.

Registration Details
OL 2025 010419",False
4941458,2017-059384 OL,OL2017059384,Austin year/serial,merged listing fields,"etails on finding and entering the house..

Registration Details
OL2017059384",False
49441315,2013-004296 OL,OL 2013 004296,Austin year/serial,merged listing fields,"ontactless check-in with keyless deadbolt.

Registration Details
OL 2013 004296",False
49467014,2023-006007 OL,OL 2023 006007,Austin year/serial,merged listing fields,"express permission. No animals. Thank you!

Registration Details
OL 2023 006007",True
49467964,2026-021496 OL,OL 2026 021496,Austin year/serial,merged listing fields,"line, outdoor living room and a gas grill.

Registration Details
OL 2026 021496",True
49532236,2026-033141 OL,OL2026033141,Austin year/serial,merged listing fields," check out so that I don't walk in on you!

Registration Details
OL2026033141",True
49667304,2021-122466 OL,OL 2021 122466,Austin year/serial,merged listing fields,"stay which is not an industry standard. We

Registration Details
OL 2021 122466",False
49776582,2026-031575 OL,OL 2026 031575,Austin year/serial,merged listing fields," We hope you love Austin as much as we do!

Registration Details
OL 2026 031575",True
49834514,2023-164041 OL,OL2023164041,Austin year/serial,merged listing fields,"ept on a leash in the backyard. Thank you!

Registration Details
OL2023164041",True
49836965,2019-022427 OL,OL 2019 022427,Austin year/serial,merged listing fields,"re extinguisher is under the kitchen sink.

Registration Details
OL 2019 022427",True
49858444,2026-077229 OL,OL 2026 077229,Austin year/serial,merged listing fields,"eciate your cooperation and understanding!

Registration Details
OL 2026 077229",True
49966427,2021-069332 OL,OL 2021 069332,Austin year/serial,merged listing fields,"st experience and enjoy your stay with us!

Registration Details
OL 2021 069332",True
50009541,2021-053915 OL,OL2021053915,Austin year/serial,merged listing fields,"ys a phone call away if you need anything.

Registration Details
OL2021053915",True
50065125,2026-083413 OL,OL 2026 083413,Austin year/serial,merged listing fields,"uests and/or deliveries at the front door.

Registration Details
OL 2026 083413",False
50112377,2022-144675 OL,OL 2022 144675,Austin year/serial,merged listing fields,"ote
STR License Approved by City of Austin

Registration Details
OL 2022 144675",False
50175699,2026-030117 OL,OL 2026 030117,Austin year/serial,merged listing fields,"ts can park anywhere there is a free spot.

Registration Details
OL 2026 030117",True
501861,2018-001211 OL,OL 2018 001211,Austin year/serial,merged listing fields,"aning for one guest or $50 for two guests.

Registration Details
OL 2018 001211",True
5020354,2013-090609 OL,OL 2013 090609,Austin year/serial,merged listing fields,"is both in the driveway and on the street.

Registration Details
OL 2013 090609",False
50217271,2021-164021 OL,OL 2021 164021,Austin year/serial,merged listing fields,"and see other listings we have. Thank you!

Registration Details
OL 2021 164021",True
50217447,2021-106556 OL,OL 2021 106556,Austin year/serial,merged listing fields," parking within the same block no problem.

Registration Details
OL 2021 106556",False
50228438,2022-136172 OL,OL 2022 136172,Austin year/serial,merged listing fields,"emailed to you a few days before your stay

Registration Details
OL 2022 136172",True
50289390,2023-010906 OL,OL 2023 010906,Austin year/serial,merged listing fields,"vation so the accurate price is reflected.

Registration Details
OL 2023 010906",True
50304844,2025-062217 OL,OL 2025 062217,Austin year/serial,merged listing fields,"r space with dining for 6 and large grill.

Registration Details
OL 2025 062217",True
5031470,2015-030640 OL,OL 2015 030640,Austin year/serial,merged listing fields,"es.  Billed via the AIRBNB payment system.

Registration Details
OL 2015 030640",True
50330155,2024-057701 OL,OL 2024 057701,Austin year/serial,merged listing fields,"e of $521 will be collected after booking.

Registration Details
OL 2024 057701",True
50345615,2021-054699 OL,OL 2021 054699,Austin year/serial,merged listing fields,"be used as a dining table or work station.

Registration Details
OL 2021 054699",True
50381279,2023-010211 OL,OL 2023 010211,Austin year/serial,merged listing fields,"ans, another property may be a better fit.

Registration Details
OL 2023 010211",False
50417387,2026-084797 OL,OL 2026 084797,Austin year/serial,merged listing fields," Austin's vibrant culture and convenience.

Registration Details
OL 2026 084797",False
5048523,2022-020349 OL,OL 2022 020349,Austin year/serial,merged listing fields,"with sound system and many more amenities!

Registration Details
OL 2022 020349",True
5050692,2022-057515 OL,OL 2022 057515,Austin year/serial,merged listing fields,"nces in your inquiry and we will consider.

Registration Details
OL 2022 057515",True
50508306,2025-116971 OL,OL2025116971,Austin year/serial,merged listing fields,"n at all times so that pathway is visible.

Registration Details
OL2025116971",False
50594793,2021-192340 OL,OL 2021 192340,Austin year/serial,merged listing fields,"kettle,  cutting board, knife, and dishes.

Registration Details
OL 2021 192340",True
50623833,2021-086329 OL,OL-2021-086329,Austin year/serial,merged listing fields,"reciate your compliance and understanding.

Registration Details
OL-2021-086329",False
50656542,2021-062405 OL,OL 2021 062405,Austin year/serial,merged listing fields,"d their photo ID within our Check-in Form.

Registration Details
OL 2021 062405",False
50681021,2025-120924 OL,OL-2025-120924,Austin year/serial,merged listing fields,"I will happily leave positive feedback if you respect my condo.

OL-2025-120924

Registration Details
OL 2025 120924",True
50734385,2023-019497 OL,OL 2023 019497,Austin year/serial,merged listing fields,"ck-out: 11:00 AM
Self-check-in with keypad

Registration Details
OL 2023 019497",True
50747840,2022-150367 OL,OL 2022 150367,Austin year/serial,merged listing fields,"ors and house rules. NO DISRUPTIVE GUESTS.

Registration Details
OL 2022 150367",False
50748723,2022-170229 OL,OL 2022 170229,Austin year/serial,merged listing fields,"o bring through the main house and stairs.

Registration Details
OL 2022 170229",True
50772497,2026-063333 OL,OL 2026 063333,Austin year/serial,merged listing fields,"king ONLY.

Lmk if you have any questions!

Registration Details
OL 2026 063333",True
5085831,2019-241987 OL,OL2019241987,Austin year/serial,merged listing fields,"ls.  

City of Austin Short Term Rental (STR) Operating License #OL2019241987.

The space
This close-to-downtown cozy home is a great spot for relaxing as a family, ce",False
50901766,2025-016859 OL,OL 2025 016859,Austin year/serial,merged listing fields,"rty.

Other things to note
License #001763

Registration Details
OL 2025 016859",True
50919775,2025-042332 OL,OL2025042332,Austin year/serial,merged listing fields," as the neighborhood continues to improve!

Registration Details
OL2025042332",True
5094445,2026-067450 OL,OL-2026-067450,Austin year/serial,merged listing fields,"riveway in front of the black garage door.

Registration Details
OL-2026-067450",True
50980104,2026-033192 OL,OL 2026 033192,Austin year/serial,merged listing fields,"st ask guests to be mindful of dirty paws)

Registration Details
OL 2026 033192",True
50999830,2026-069346 OL,OL 2026 069346,Austin year/serial,merged listing fields,"ores nearby promise even more
convenience.

Registration Details
OL 2026 069346",True
51071630,2022-040349 OL,OL 2022 040349,Austin year/serial,merged listing fields,"et parking is available for free close by.

Registration Details
OL 2022 040349",True
511604181967026882,2026-094640 OL,OL 2026 094640,Austin year/serial,merged listing fields,"eciate your cooperation and understanding!

Registration Details
OL 2026 094640",True
511624634102616537,2026-094640 OL,OL 2026 094640,Austin year/serial,merged listing fields,"eciate your cooperation and understanding!

Registration Details
OL 2026 094640",True
51244044,2025-104852 OL,OL-2025-104852,Austin year/serial,merged listing fields,"imeless wardrobe pieces and quality denim.

Registration Details
OL-2025-104852",False
5126932,2015-040123 OL,OL2015040123,Austin year/serial,merged listing fields," by the City of Austin and State of Texas.

Registration Details
OL2015040123",True
51285826,2022-066399 OL,OL 2022 066399,Austin year/serial,merged listing fields,"eyless entry and personalized wifi network

Registration Details
OL 2022 066399",False
51328879,2025-090876 OL,OL 2025 090876,Austin year/serial,merged listing fields,"er night are subject to a security deposit

Registration Details
OL 2025 090876",False
51350104,2026-040643 OL,OL 2026 040643,Austin year/serial,merged listing fields,"ment - is yours to enjoy during your stay.

Registration Details
OL 2026 040643",True
51353363,2019-222598 OL,OL 2019 222598,Austin year/serial,merged listing fields,"ide assurance for a worry-free experience.

Registration Details
OL 2019 222598",True
51353589,2021-037473 OL,OL 2021 037473,Austin year/serial,merged listing fields,"ide assurance for a worry-free experience.

Registration Details
OL 2021 037473",True
5144584,2024-059882 OL,OL 2024 059882,Austin year/serial,merged listing fields,", but unfortunately, they are NOT allowed.

Registration Details
OL 2024 059882",False
51494035,2026-123637 OL,OL 2026 123637,Austin year/serial,merged listing fields,"undry basket if you need to use the dryer.

Registration Details
OL 2026 123637",True
51509201,2021-103983 OL,OL2021103983,Austin year/serial,merged listing fields,"ing at Target and Whole Foods a mile away.

Registration Details
OL2021103983",True
51527840,2023-030522 OL,OL 2023 030522,Austin year/serial,merged listing fields,"the weather because of all the rain lately

Registration Details
OL 2023 030522",True
51535094,2021-169781 OL,OL 2021 169781,Austin year/serial,merged listing fields,"s information being provided upon arrival.

Registration Details
OL 2021 169781",True
51566519,2026-034936 OL,OL 2026 034936,Austin year/serial,merged listing fields,"t or the freezing cold like everyone else.

Registration Details
OL 2026 034936",True
51566526,2026-035051 OL,OL 2026 035051,Austin year/serial,merged listing fields,"t or the freezing cold like everyone else.

Registration Details
OL 2026 035051",True
51690679,2021-006134 OL,OL2021 006134,Austin year/serial,merged listing fields,"ls on check-in day.  

City of Austin Short Term Rental Permit # OL2021 006134

Registration Details
OL2021006134",True
51691647,2016-096568 OL,OL 2016 096568,Austin year/serial,merged listing fields,"
The space
Private backyard with koi pond.

Registration Details
OL 2016 096568",True
517430,2012-102245 OL,OL-2012-102245,Austin year/serial,merged listing fields," displayed in the binder in the apartment.

Registration Details
OL-2012-102245",True
51800623,2026-104013 OL,OL 2026 104013,Austin year/serial,merged listing fields,"pit, we can provide firewood upon request.

Registration Details
OL 2026 104013",True
5185181,2015-038207 OL,OL 2015 038207,Austin year/serial,merged listing fields,"d at 10PM following local Noise Ordinance.

Registration Details
OL 2015 038207",True
51859129,2018-013807 OL,OL 2018 013807,Austin year/serial,merged listing fields,"rs name and billed separately each month).

Registration Details
OL 2018 013807",True
51866436,2021-156170 OL,OL2021156170,Austin year/serial,merged listing fields," clothes and shoes. 

Our registered operation license number is OL2021156170 in Austin city.  We, as hosts, also pay Austin city hotel tax for short-term stays, 28 ni",True
518712657525454784,2026-020092 OL,OL 2026 020092,Austin year/serial,merged listing fields," burgers and a sneaky good chopped salad).

Registration Details
OL 2026 020092",True
51883631,2023-010796 OL,OL 2023 010796,Austin year/serial,merged listing fields,"onal $40 fee if uncleaned feces are found.

Registration Details
OL 2023 010796",True
51884516,2024-138628 OL,OL 2024 138628,Austin year/serial,merged listing fields,"for monthly stays — message us to arrange.

Registration Details
OL 2024 138628",True
51964254,2025-067289 OL,OL2025067289,Austin year/serial,merged listing fields,"Trendy! 3 miles to Downtown!
Registration Details
OL2025067289",False
51984722,2021-142276 OL,OL 2021 142276,Austin year/serial,merged listing fields,"resh and comfortable throughout your stay.

Registration Details
OL 2021 142276",False
51990565,2026-028570 OL,OL 2026 028570,Austin year/serial,merged listing fields,"ining experiences and exciting activities!

Registration Details
OL 2026 028570",True
52049989,2025-121258 OL,OL2025121258,Austin year/serial,merged listing fields," COTA, 10 minute drive to downtown Austin.

Registration Details
OL2025121258",False
52063337,2024-108982 OL,OL 2024 108982,Austin year/serial,merged listing fields,"a unique view of the campus and of Austin.

Registration Details
OL 2024 108982",False
52069836,2026-102300 OL,OL 2026 102300,Austin year/serial,merged listing fields," available. All parking is free, no meter.

Registration Details
OL 2026 102300",True
52105347,2022-033664 OL,OL-2022-033664,Austin year/serial,merged listing fields,"l so we can schedule cleaners accordingly.

Registration Details
OL-2022-033664",True
52128681,2026-118002 OL,OL 2026 118002,Austin year/serial,merged listing fields,"miles
Circuit of the Americas - 13.3 miles

Registration Details
OL 2026 118002",True
52187041,2026-092711 OL,OL 2026 092711,Austin year/serial,merged listing fields,"oking is allowed inside the guest house***

Registration Details
OL 2026 092711",True
52190541,2026-056805 OL,OL 2026 056805,Austin year/serial,merged listing fields,"emory foam king beds are very comfortable.

Registration Details
OL 2026 056805",True
52202486,2025-115788 OL,OL2025115788,Austin year/serial,merged listing fields,"tch is on the right wall next to the sink.

Registration Details
OL2025115788",True
5235691,2025-071896 OL,OL 2025 071896,Austin year/serial,merged listing fields,"from late March until Halloween each year.

Registration Details
OL 2025 071896",False
52363437,2025-101973 OL,OL 2025 101973,Austin year/serial,merged listing fields,"make Mozart Haus your home away from home!

Registration Details
OL 2025 101973",False
52363862,2021-120771 OL,OL 2021 120771,Austin year/serial,merged listing fields,"

No parties or events. 

No pets allowed.

Registration Details
OL 2021 120771",False
52411621,2026-088722 OL,OL 2026 088722,Austin year/serial,merged listing fields,"ntire property via electronic keypad locks

Registration Details
OL 2026 088722",True
52420013,2021-143197 OL,OL2021143197,Austin year/serial,merged listing fields,"Garage is not available for parking

Licensed Short Term Rental:
OL2021143197

Registration Details
OL 2021 143197",False
52427370,2022-147036 OL,OL2022147036,Austin year/serial,merged listing fields,"Vargas Road, about 50 feet from the house.

Registration Details
OL2022147036",True
52427472,2021-166193 OL,OL 2021 166193,Austin year/serial,merged listing fields,"way if you need any supplies or groceries.

Registration Details
OL 2021 166193",True
52474599,2022-073564 OL,OL2022073564,Austin year/serial,merged listing fields,"chi, Loro, Eberly, Odd Duck, & more!).

This is a legal Airbnb (#OL2022073564).

The space
Welcome to my home! Newly built in 2021, this home offers modern amenities c",False
52474599,2025-039468 OL,OL 2025 039468,Austin year/serial,merged listing fields,"k out all the beautiful homes and puppies!

Registration Details
OL 2025 039468",True
52488764,2021-145499 OL,OL 2021 145499,Austin year/serial,merged listing fields,"e UPSTAIRS unit, and voila! You'll be set.

Registration Details
OL 2021 145499",True
52491022,2026-041520 OL,OL2026041520,Austin year/serial,merged listing fields,"this peaceful and centrally-located place.

Registration Details
OL2026041520",True
52495941,2023-020682 OL,OL 2023 020682,Austin year/serial,merged listing fields,"la EV charger is not working for your car.

Registration Details
OL 2023 020682",False
52496647,2025-152709 OL,OL 2025 152709,Austin year/serial,merged listing fields,"t or the freezing cold like everyone else.

Registration Details
OL 2025 152709",True
52510855,2017-125312 OL,OL 2017 125312,Austin year/serial,merged listing fields," away.

Nothing quite like this in Austin.

Registration Details
OL 2017 125312",True
525231,2015-154177 OL,OL2015154177,Austin year/serial,merged listing fields," of $50.  Approval is required in advance.

Registration Details
OL2015154177",True
52579295,2025-108653 OL,ol2025108653,Austin year/serial,merged listing fields,"o find autonomous ride options like Waymo.

Registration Details
ol2025108653",False
5262010,2013-102179 OL,OL 2013 102179,Austin year/serial,merged listing fields," content and does not include basic cable.

Registration Details
OL 2013 102179",False
52672610,2022-163811 OL,OL 2022 163811,Austin year/serial,merged listing fields,"n 3pm and check-out is no later than 10am.

Registration Details
OL 2022 163811",True
52733380,2026-061751 OL,OL 2026 061751,Austin year/serial,merged listing fields,"ease respect the quiet of the neighborhood

Registration Details
OL 2026 061751",True
52773926,2021-164191 OL,OL 2021 164191,Austin year/serial,merged listing fields,"he agreed upon length of your reservation.

Registration Details
OL 2021 164191",True
5277988,2023-032948 OL,OL-2023-032948,Austin year/serial,merged listing fields,"er, and baby crib are available, just ask!

Registration Details
OL-2023-032948",True
52810489,2021-060356 OL,OL2021060356,Austin year/serial,merged listing fields,"ase review all house rules before booking.

Registration Details
OL2021060356",False
52815547,2022-094725 OL,OL 2022 094725,Austin year/serial,merged listing fields," 50° in minutes for year-round relaxation.

Registration Details
OL 2022 094725",False
52860627,2026-069910 OL,OL 2026 069910,Austin year/serial,merged listing fields," prone to a bit of noise on a windy night.

Registration Details
OL 2026 069910",True
52895921,2021-143515 OL,OL 2021 143515,Austin year/serial,merged listing fields,"h the help of a trained interior designer.

Registration Details
OL 2021 143515",False
52938474,2025-019866 OL,OL 2025 019866,Austin year/serial,merged listing fields,"to visit, day or night.
• Guests under 18.

Registration Details
OL 2025 019866",False
52946685,2022-028431 OL,OL 2022 028431,Austin year/serial,merged listing fields,"laced in the primary bedroom for your use.

Registration Details
OL 2022 028431",True
53005932,2022-093298 OL,OL2022093298,Austin year/serial,merged listing fields,"t Austin bars and restaurants. 8 mins to the airport. 

License# OL2022093298

The space
Hello! This is my private home and it's filled with amazing details for an inc",False
53005932,2026-021695 OL,OL 2026 021695,Austin year/serial,merged listing fields," place I hope you love it as much as I do!

Registration Details
OL 2026 021695",True
53032370,2023-158999 OL,OL-2023-158999,Austin year/serial,merged listing fields,"ebook)
• Easy self-check-in available 24/7

Registration Details
OL-2023-158999",True
53061430,2026-032924 OL,OL 2026 032924,Austin year/serial,merged listing fields," if we need it for a weekend camping trip!

Registration Details
OL 2026 032924",True
53080356,2026-028504 OL,OL 2026 028504,Austin year/serial,merged listing fields,"yard facing a forest surrounded by bamboo.

Registration Details
OL 2026 028504",True
53272394,2021-167200 OL,OL 2021 167200,Austin year/serial,merged listing fields,"e access to the garage to store your bags.

Registration Details
OL 2021 167200",True
53289823,2017-125304 OL,OL 2017 125304,Austin year/serial,merged listing fields,"rbnb under Gay Friendly Modern Guest House

Registration Details
OL 2017 125304",True
53413902,2021-118196 OL,OL 2021 118196,Austin year/serial,merged listing fields,"emailed to you a few days before your stay

Registration Details
OL 2021 118196",False
53483536,2026-032411 OL,OL2026032411,Austin year/serial,merged listing fields,"ny house. Self check-in with a smart lock.

Registration Details
OL2026032411",True
53572305,2026-033346 OL,OL 2026 033346,Austin year/serial,merged listing fields," dedicated workspace with ergnomoic chair.

Registration Details
OL 2026 033346",True
53623820,2022-033793 OL,OL 2022 033793,Austin year/serial,merged listing fields,"io Serenidad: 1 King Bed & 1 BA Near SoCo""

Registration Details
OL 2022 033793",True
53631833,2025-156675 OL,2025-156675 OL,Austin year/serial,merged listing fields,"report and prosecute all Credit Card Fraud

Registration Details
2025-156675 OL",False
536949468165152227,2026-060446 OL,OL2026060446,Austin year/serial,merged listing fields,"ing as this project is beyond our control.

Registration Details
OL2026060446",True
53718874,2021-156170 OL,Ol2021156170,Austin year/serial,merged listing fields,"ive, joyful, and peaceful Fengshui energy.

Registration Details
Ol2021156170",True
5372361,2026-030204 OL,OL 2026 030204,Austin year/serial,merged listing fields,"ailable for use.

Guest access
Entire home

Registration Details
OL 2026 030204",True
53742391,2022-140590 OL,OL 2022 140590,Austin year/serial,merged listing fields,"se porch when guests are occupying Airbnb.

Registration Details
OL 2022 140590",False
53749371,2026-058791 OL,OL 2026 058791,Austin year/serial,merged listing fields,"tal is gorgeous and very worth a drive by!

Registration Details
OL 2026 058791",True
53754713,2021-201889 OL,OL2021201889,Austin year/serial,merged listing fields,"o building and HOA rules during their stay

Registration Details
OL2021201889",False
53850752,2025-021819 OL,OL 2025 021819,Austin year/serial,merged listing fields,"ool with concrete floors and powerful a/c.

Registration Details
OL 2025 021819",True
538563188407617103,2022-088785 OL,OL 2022 088785,Austin year/serial,merged listing fields,"s and beautiful for you and future guests!

Registration Details
OL 2022 088785",False
53861695,2022-056303 OL,OL 2022 056303,Austin year/serial,merged listing fields,"town Austin. House has (2) 55"" Smart TV's.

Registration Details
OL 2022 056303",True
53862194,2022-073180 OL,OL 2022 073180,Austin year/serial,merged listing fields,"e available upon request for longer stays.

Registration Details
OL 2022 073180",False
53882166,2026-058791 OL,OL 2026 058791,Austin year/serial,merged listing fields,"cos and DesNudo coffee - don't miss that:)

Registration Details
OL 2026 058791",True
53948340,2026-106507 OL,OL 2026 106507,Austin year/serial,merged listing fields,"k to make your stay better is appreciated!

Registration Details
OL 2026 106507",True
53949884,2026-040211 OL,OL 2026 040211,Austin year/serial,merged listing fields,"lace creating a seamless work environment.

Registration Details
OL 2026 040211",True
5396676,2019-214267 OL,OL2019214267,Austin year/serial,merged listing fields,"emailed to you a few days before your stay

Registration Details
OL2019214267",True
539953714472217448,2026-094640 OL,OL 2026 094640,Austin year/serial,merged listing fields,"eciate your cooperation and understanding!

Registration Details
OL 2026 094640",True
54021221,2022-164380 OL,OL 2022 164380,Austin year/serial,merged listing fields,"ess the casita via a short paved driveway.

Registration Details
OL 2022 164380",True
54059199,2021-144713 OL,OL 2021 144713,Austin year/serial,merged listing fields,"ors and house rules. NO DISRUPTIVE GUESTS.

Registration Details
OL 2021 144713",True
54078960,2025-035309 OL,OL2025035309,Austin year/serial,merged listing fields," the address and any helpful instructions.

Registration Details
OL2025035309",True
54140645,2026-078095 OL,OL2026078095,Austin year/serial,merged listing fields,"ook now and experience the best of Austin!

Registration Details
OL2026078095",True
54148001,2026-030057 OL,OL 2026 030057,Austin year/serial,merged listing fields,"’d like it warmer than usual in your room.

Registration Details
OL 2026 030057",True
54163355,2018-011985 OL,OL2018011985,Austin year/serial,merged listing fields," may apply if excessive pet hair is found.

Registration Details
OL2018011985",False
5420782,2019-015026 OL,OL 2019 015026,Austin year/serial,merged listing fields,"The perfect spot to explore the best of Austin.         License #OL 2019 015026

The space
We use the room for a home theater, (pull down  screen and projector) music pr",True
54245940,2022-054423 OL,OL 2022 054423,Austin year/serial,merged listing fields,"ckout late, you will be charged a $50 fee.

Registration Details
OL 2022 054423",True
54246345,2022-018795 OL,OL 2022 018795,Austin year/serial,merged listing fields,"abled combat veteran owned small business!

Registration Details
OL 2022 018795",True
54304624,2023-083534 OL,OL 2023 083534,Austin year/serial,merged listing fields,"2 bedroom, 2 bathroom with walk in showers

Registration Details
OL 2023 083534",False
54315567,2025-016897 OL,OL 2025 016897,Austin year/serial,merged listing fields," not allowed due to the owners' allergies.

Registration Details
OL 2025 016897",True
5434918,2014-007837 OL,OL 2014 007837,Austin year/serial,merged listing fields,"edures posted on the wall when you arrive.

Registration Details
OL 2014 007837",True
54376743,2023-139078 OL,OL 2023 139078,Austin year/serial,merged listing fields," of $500 per pet will be due upon arrival.

Registration Details
OL 2023 139078",True
54377948,2022-077506 OL,OL 2022 077506,Austin year/serial,merged listing fields,"ty and host privacy. Please be respectful.

Registration Details
OL 2022 077506",False
5445354,2022-170217 OL,OL 2022 170217,Austin year/serial,merged listing fields,"hould guests be staying in the main house.

Registration Details
OL 2022 170217",True
5456,2014-028089 OL,OL 2014 028089,Austin year/serial,merged listing fields,"use of stove or oven. 

Upstairs apartment

Registration Details
OL 2014 028089",True
545682315450858340,2022-071398 OL,OL2022071398,Austin year/serial,merged listing fields,"emailed to you a few days before your stay

Registration Details
OL2022071398",False
5457288,2015-021515 OL,OL 2015 021515,Austin year/serial,merged listing fields,"e;
Portable crib
Children's toys and books

Registration Details
OL 2015 021515",True
5466113,2025-045488 OL,OL 2025 045488,Austin year/serial,merged listing fields,"ntion Center are a 5-10 minute drive away.

Registration Details
OL 2025 045488",False
547097178829506733,2026-094640 OL,OL 2026 094640,Austin year/serial,merged listing fields,"eciate your cooperation and understanding!

Registration Details
OL 2026 094640",True
5476443,2015-038229 OL,OL 2015 038229,Austin year/serial,merged listing fields,"ens.  The laundry is available on request.

Registration Details
OL 2015 038229",True
547849558554536285,2026-008689 OL,OL 2026 008689,Austin year/serial,merged listing fields,". Hot tub heater is owner controlled only.

Registration Details
OL 2026 008689",True
547868867101550720,2025-041801 OL,OL 2025 041801,Austin year/serial,merged listing fields,"ise between the hours of 10:30pm and 7am.”

Registration Details
OL 2025 041801",True
547878270470501768,2026-057246 OL,OL 2026 057246,Austin year/serial,merged listing fields,"lockable with deadbolts from either side).

Registration Details
OL 2026 057246",True
548037365038454396,2024-055029 OL,OL 2024 055029,Austin year/serial,merged listing fields,"ly and New Year Eve Austin City Fireworks.

Registration Details
OL 2024 055029",True
550196384126979720,2024-090854 OL,OL 2024 090854,Austin year/serial,merged listing fields,"security deposit if these rules are broken

Registration Details
OL 2024 090854",False
550825415826120113,2022-141697 OL,OL 2022 141697,Austin year/serial,merged listing fields," people.  Weekday discounts are available.

Registration Details
OL 2022 141697",False
552053656571123737,2025-107657 OL,OL-2025-107657,Austin year/serial,merged listing fields," company — all the things that make Austin memorable!

The space
OL-2025-107657

SLEEPING ARRANGEMENTS
- Bedroom 1: 1 king bed
- Bedroom 2: 1 full bed
- Bedroom 3: ",True
552079972521813409,2026-060568 OL,OL 2026 060568,Austin year/serial,merged listing fields,"cated outside the house at the front door.

Registration Details
OL 2026 060568",True
5521345,2017-115693 OL,OL2017115693,Austin year/serial,merged listing fields,"he door whenever leaving and when at home.

Registration Details
OL2017115693",False
552376159418807451,2024-091107 OL,OL-2024-091107,Austin year/serial,merged listing fields,"ill, Fire Pit, and fully equipped kitchen!

Registration Details
OL-2024-091107",False
5524588,2026-075309 OL,OL 2026 075309,Austin year/serial,merged listing fields,"ll court, hot tub, and golf practice area.

Registration Details
OL 2026 075309",True
5530513,2013-004696 OL,OL2013004696,Austin year/serial,merged listing fields,"ts at the dock.
- Prices include all fees.

Registration Details
OL2013004696",False
5539034,2015-008040 OL,OL 2015 008040,Austin year/serial,merged listing fields,"ed by the City of Austin. (New ordinance).

Registration Details
OL 2015 008040",True
555126953396788129,2019-036716 OL,OL2019036716,Austin year/serial,merged listing fields,"n landmark.  

We are licensed with the city of Austin. License: OL2019036716

We adhere to the CDCs cleaning guidelines and all booking platform recommendations. Also",True
556423488737948891,2025-007460 OL,OL 2025 007460,Austin year/serial,merged listing fields,"ghting install, and new furniture install.

Registration Details
OL 2025 007460",True
5580439,2026-041859 OL,OL 2026 041859,Austin year/serial,merged listing fields,"rking for 3 cars...rare in Central Austin.

Registration Details
OL 2026 041859",True
558150099491731300,2022-057009 OL,OL 2022 057009,Austin year/serial,merged listing fields,"Contact about discounts for longer stays**

Registration Details
OL 2022 057009",True
559374939109203581,2022-130220 OL,OL 2022 130220,Austin year/serial,merged listing fields," closet where we keep all of our supplies.

Registration Details
OL 2022 130220",False
559969967036751658,2022-032032 OL,OL2022032032,Austin year/serial,merged listing fields,"truction or downed wifi be turned back on.

Registration Details
OL2022032032",True
560012040579030222,2022-059703 OL,OL2022059703,Austin year/serial,merged listing fields,"e moved in 5 years ago, everything is new.

Registration Details
OL2022059703",True
560094,2024-002301 OL,OL 2024 002301,Austin year/serial,merged listing fields," in 2015 and excited to share with others.

Registration Details
OL 2024 002301",True
560693870400925524,2026-062644 OL,OL 2026 062644,Austin year/serial,merged listing fields," property if additional parking is needed.

Registration Details
OL 2026 062644",False
561423768556878143,2022-130220 OL,OL 2022 130220,Austin year/serial,merged listing fields,"ed and the hot tub that is not in service.

Registration Details
OL 2022 130220",False
563689847509432876,2026-035292 OL,OL 2026 035292,Austin year/serial,merged listing fields,"id prior to each monthly cleaning service.

Registration Details
OL 2026 035292",True
564015109958627939,2021-201889 OL,OL 2021 201889,Austin year/serial,merged listing fields,"w unless you have a service animal, sorry!

Registration Details
OL 2021 201889",False
567436042380780757,2026-077229 OL,OL 2026 077229,Austin year/serial,merged listing fields,"eciate your cooperation and understanding!

Registration Details
OL 2026 077229",True
567988923107689881,2022-054423 OL,OL 2022 054423,Austin year/serial,merged listing fields,"ckout late, you will be charged a $50 fee.

Registration Details
OL 2022 054423",True
568027183733895517,2022-054423 OL,OL 2022 054423,Austin year/serial,merged listing fields,"ckout late, you will be charged a $50 fee.

Registration Details
OL 2022 054423",True
568040654951424634,2023-125352 OL,OL 2023 125352,Austin year/serial,merged listing fields," a few steps or a short scooter ride away!

Registration Details
OL 2023 125352",True
568054967583337207,2022-031595 OL,OL 2022 031595,Austin year/serial,merged listing fields,"leaning fee may apply for in-unit smoking.

Registration Details
OL 2022 031595",True
568728721545785898,2026-037778 OL,OL 2026 037778,Austin year/serial,merged listing fields,"ay and the street parking is free as well.

Registration Details
OL 2026 037778",True
569719607810920606,2021-201889 OL,OL 2021 201889,Austin year/serial,merged listing fields,"ed spaces. No parties or events permitted.

Registration Details
OL 2021 201889",False
571677283584468521,2022-063028 OL,OL 2022 063028,Austin year/serial,merged listing fields,"ge use is not allowed for vehicle parking.

Registration Details
OL 2022 063028",False
57187,2012-104075 OL,OL 2012 104075,Austin year/serial,merged listing fields,"Austin operating License number:
OL 104075

Registration Details
OL 2012 104075",True
572568774301640267,2022-054423 OL,OL 2022 054423,Austin year/serial,merged listing fields,"ckout late, you will be charged a $50 fee.

Registration Details
OL 2022 054423",True
572614674285446917,2022-054423 OL,OL 2022 054423,Austin year/serial,merged listing fields,"ckout late, you will be charged a $50 fee.

Registration Details
OL 2022 054423",True
573422272223652695,2026-069354 OL,OL 2026 069354,Austin year/serial,merged listing fields," self check-in — no awkward key exchanges.

Registration Details
OL 2026 069354",True
573804127603280541,2021-201889 OL,OL-2021-201889,Austin year/serial,merged listing fields,"charge.
- May have highway noise at night.

Registration Details
OL-2021-201889",False
574877801457049936,2021-201889 OL,2021-201889 OL,Austin year/serial,merged listing fields,"ork space
Living space: Queen sleeper-sofa

Registration Details
2021-201889 OL",False
574879619614432279,2021-201889 OL,2021-201889 OL,Austin year/serial,merged listing fields,"top lounge, pool, coffee bar and amenities

Registration Details
2021-201889 OL",False
574879839235909701,2021-201889 OL,2021-201889 OL,Austin year/serial,merged listing fields,"ng fees may apply if you choose to cancel.

Registration Details
2021-201889 OL",False
574880028402069396,2021-201889 OL,2021-201889 OL,Austin year/serial,merged listing fields,". The garage has a clearance of 84 inches.

Registration Details
2021-201889 OL",False
575337086081365497,2026-045444 OL,OL 2026 045444,Austin year/serial,merged listing fields,"ind of dogs you plan on bringing. No cats!

Registration Details
OL 2026 045444",True
576735237364701899,2022-095380 OL,OL 2022 095380,Austin year/serial,merged listing fields,"5 per cleaning is to be paid by the guest.

Registration Details
OL 2022 095380",False
5768833,2013-032121 OL,OL 2013 032121,Austin year/serial,merged listing fields,"ot for rent for short or long term rental.

Registration Details
OL 2013 032121",True
578115945551215417,2024-091203 OL,OL-2024-091203,Austin year/serial,merged listing fields,"ill be able to self check in upon arrival.

Registration Details
OL-2024-091203",False
578368814171067477,2022-020349 OL,OL 2022 020349,Austin year/serial,merged listing fields,"hat I ensure the water quality is all set.

Registration Details
OL 2022 020349",True
578368900622015337,2022-020349 OL,OL 2022 020349,Austin year/serial,merged listing fields,"sure the water quality is all set for you.

Registration Details
OL 2022 020349",True
578554486204139321,2026-019780 OL,OL-2026-019780,Austin year/serial,merged listing fields,"3 prior stays with good reviews on Airbnb.

Registration Details
OL-2026-019780",True
578938713543014724,2021-199374 OL,OL 2021 199374,Austin year/serial,merged listing fields,"perty without permission without a refund.

Registration Details
OL 2021 199374",True
579162635759037472,2025-008211 OL,OL 2025 008211,Austin year/serial,merged listing fields,"— 9 min drive
– Launderette — 10 min drive

Registration Details
OL 2025 008211",True
579180367165080022,2025-104646 OL,OL 2025 104646,Austin year/serial,merged listing fields,"s will be sent 24 hours prior to check in.

Registration Details
OL 2025 104646",False
579221605983755540,2022-072897 OL,OL 2022 072897,Austin year/serial,merged listing fields,"se and front and back yards are all yours!

Registration Details
OL 2022 072897",True
5794015,2022-162145 OL,OL 2022 162145,Austin year/serial,merged listing fields,"ces are raised, pls inquire before booking

Registration Details
OL 2022 162145",True
579641379819657196,2022-131004 OL,OL 2022 131004,Austin year/serial,merged listing fields,"emailed to you a few days before your stay

Registration Details
OL 2022 131004",False
579641757268102374,2022-131004 OL,OL 2022 131004,Austin year/serial,merged listing fields,"emailed to you a few days before your stay

Registration Details
OL 2022 131004",False
580665499608194230,2021-201889 OL,OL-2021-201889,Austin year/serial,merged listing fields,"ays.

Garage has a clearance of 84 inches.

Registration Details
OL-2021-201889",False
5813732,2015-107800 OL,OL 2015 107800,Austin year/serial,merged listing fields,"osal the other is to power the dishwasher.

Registration Details
OL 2015 107800",False
5819674,2013-110445 OL,OL-2013-110445,Austin year/serial,merged listing fields,"the size, number and duration of the stay.

Registration Details
OL-2013-110445",True
582509808843714820,2022-054423 OL,OL 2022 054423,Austin year/serial,merged listing fields,"ckout late, you will be charged a $50 fee.

Registration Details
OL 2022 054423",True
582678080873363663,2021-201889 OL,2021-201889 OL,Austin year/serial,merged listing fields,". The garage has a clearance of 84 inches.

Registration Details
2021-201889 OL",False
583315975764316599,2022-056189 OL,OL 2022 056189,Austin year/serial,merged listing fields," house up to 3 weeks prior to checking in.

Registration Details
OL 2022 056189",True
584265839224077325,2021-201889 OL,OL2021201889,Austin year/serial,merged listing fields,". The garage has a clearance of 84 inches.

Registration Details
OL2021201889",False
586742464097210250,2021-201889 OL,OL-2021-201889,Austin year/serial,merged listing fields,"d charging stations (on-site fee required)

Registration Details
OL-2021-201889",False
588182935563100073,2025-008271 OL,OL-2025-008271,Austin year/serial,merged listing fields,"o you can make it back home stress free :)

Registration Details
OL-2025-008271",False
589783803789211014,2026-079471 OL,OL 2026 079471,Austin year/serial,merged listing fields,"es stay it's been perfect for their needs.

Registration Details
OL 2026 079471",True
589849560944438855,2024-051255 OL,OL2024051255,Austin year/serial,merged listing fields,"to get pet hair out of linens and couches.

Registration Details
OL2024051255",False
592250778925785108,2022-020349 OL,OL 2022 020349,Austin year/serial,merged listing fields," hotels because this is a personal home :)

Registration Details
OL 2022 020349",True
592265060291319011,2026-034954 OL,OL 2026 034954,Austin year/serial,merged listing fields," entry code will be sent for self check-in

Registration Details
OL 2026 034954",True
5928709,2025-032862 OL,OL 2025 032862,Austin year/serial,merged listing fields,"gate after you arrive an depart. Thank you

Registration Details
OL 2025 032862",True
592889633303958567,2026-056390 OL,OL 2026 056390,Austin year/serial,merged listing fields,"ts will have access to the entire property

Registration Details
OL 2026 056390",True
593487166096778724,2021-201889 OL,OL 2021 201889,Austin year/serial,merged listing fields,"so have televisions and separate kitchens.

Registration Details
OL 2021 201889",False
593550574200288749,2022-028736 OL,OL 2022 028736,Austin year/serial,merged listing fields,"nd all amenities - property is not shared.

Registration Details
OL 2022 028736",True
594183793174890578,2024-014955 OL,OL 2024 014955,Austin year/serial,merged listing fields,"n accordance with local noise regulations.

Registration Details
OL 2024 014955",True
5992071,2020-006192 OL,OL 2020 006192,Austin year/serial,merged listing fields,"he street directly in front of hour house.

Registration Details
OL 2020 006192",True
599833734656337815,2022-029228 OL,OL 2022 029228,Austin year/serial,merged listing fields,"red.

Other things to note
No pets please.

Registration Details
OL 2022 029228",True
600236122314099407,2022-039436 OL,OL 2022 039436,Austin year/serial,merged listing fields,"a walk-in cooler for their craft beer etc.

Registration Details
OL 2022 039436",False
602027045320551153,2026-051453 OL,OL 2026 051453,Austin year/serial,merged listing fields,"l free to ask questions for clarification.

Registration Details
OL 2026 051453",True
602308061270088547,2026-031954 OL,OL 2026 031954,Austin year/serial,merged listing fields," hART of Texas.

Guest access
Entire house

Registration Details
OL 2026 031954",True
603059524317802880,2018-185155 OL,OL 2018 185155,Austin year/serial,merged listing fields,"re not allowed - due to owner's allergies.

Registration Details
OL 2018 185155",True
604453574177348833,2022-072903 OL,OL 2022 072903,Austin year/serial,merged listing fields,"s out and is about the size of a twin bed.

Registration Details
OL 2022 072903",True
604613792795053730,2022-031119 OL,OL 2022 031119,Austin year/serial,merged listing fields,"e of $521 will be collected after booking.

Registration Details
OL 2022 031119",True
607229034700124611,2022-130248 OL,OL 2022 130248,Austin year/serial,merged listing fields,"te
5️⃣ ⭐ guests are always welcome
🙂🩷 🏠 🏡

Registration Details
OL 2022 130248",True
607789673878508156,2021-145499 OL,OL 2021 145499,Austin year/serial,merged listing fields,"espect the space; I'll handle the trash :)

Registration Details
OL 2021 145499",True
609257463171472520,2021-201889 OL,OL 2021 201889,Austin year/serial,merged listing fields,"e this home has quiet hours from 10pm-7am.

Registration Details
OL 2021 201889",False
610167842435211680,2025-013500 OL,OL 2025 013500,Austin year/serial,merged listing fields,"we embrace the seasons and conserve water!

Registration Details
OL 2025 013500",False
610830274629233687,2026-042632 OL,OL 2026 042632,Austin year/serial,merged listing fields,"- 22 mins
Austin Gilgronis Rugby - 22 mins

Registration Details
OL 2026 042632",True
6120864,2015-053324 OL,OL 2015 053324,Austin year/serial,merged listing fields," ""Guest Access Code"" to unlock front door.

Registration Details
OL 2015 053324",True
612544810821964105,2026-030375 OL,OL 2026 030375,Austin year/serial,merged listing fields," at the time of booking in the airbnb app.

Registration Details
OL 2026 030375",True
614524060699457358,2022-054423 OL,OL 2022 054423,Austin year/serial,merged listing fields,"ckout late, you will be charged a $50 fee.

Registration Details
OL 2022 054423",True
615031912891206492,2025-132669 OL,OL 2025 132669,Austin year/serial,merged listing fields,"— 9 min drive
– Launderette — 10 min drive

Registration Details
OL 2025 132669",True
618694558525094846,2021-201889 OL,OL 2021 201889,Austin year/serial,merged listing fields,"n description/pictures are not guaranteed.

Registration Details
OL 2021 201889",False
618915729889432360,2022-056720 OL,OL2022056720,Austin year/serial,merged listing fields,"or parking available**

Independent access to casita available.

OL2022056720

The space
Thank you for considering our cozy casita as your accommodation choice. 
Our l",True
619473611227486956,2022-054423 OL,OL 2022 054423,Austin year/serial,merged listing fields,"ckout late, you will be charged a $50 fee.

Registration Details
OL 2022 054423",True
619747498219309559,2025-148345 OL,OL 2025 148345,Austin year/serial,merged listing fields,"tside only to tend to the pool and hottub.

Registration Details
OL 2025 148345",True
622315870502676035,2026-005491 OL,OL 2026 005491,Austin year/serial,merged listing fields,"in's most popular spots for 1 to 3 guests!

Registration Details
OL 2026 005491",True
622344380681254537,2026-005491 OL,OL 2026 005491,Austin year/serial,merged listing fields,"space for guests to come visit, yoga, etc.

Registration Details
OL 2026 005491",True
622710737832242824,2022-151450 OL,OL 2022 151450,Austin year/serial,merged listing fields,"e garage door and near the front entrance.

Registration Details
OL 2022 151450",True
622824343092652976,2026-070263 OL,OL 2026 070263,Austin year/serial,merged listing fields,"one's, a PackNPlay is available on request

Registration Details
OL 2026 070263",True
624755848281049532,2013-016147 OL,OL 2013 016147,Austin year/serial,merged listing fields," may apply if excessive pet hair is found.

Registration Details
OL 2013 016147",True
625406268548772413,2013-016151 OL,OL 2013 016151,Austin year/serial,merged listing fields," may apply if excessive pet hair is found.

Registration Details
OL 2013 016151",True
625406280546403016,2013-016135 OL,OL 2013 016135,Austin year/serial,merged listing fields," may apply if excessive pet hair is found.

Registration Details
OL 2013 016135",True
625406296966975760,2012-102506 OL,OL 2012 102506,Austin year/serial,merged listing fields," may apply if excessive pet hair is found.

Registration Details
OL 2012 102506",True
625406354284644514,2012-102502 OL,OL 2012 102502,Austin year/serial,merged listing fields," may apply if excessive pet hair is found.

Registration Details
OL 2012 102502",True
625406386099419975,2013-001763 OL,OL 2013 001763,Austin year/serial,merged listing fields," may apply if excessive pet hair is found.

Registration Details
OL 2013 001763",True
625406395380414893,2013-001757 OL,OL 2013 001757,Austin year/serial,merged listing fields," may apply if excessive pet hair is found.

Registration Details
OL 2013 001757",True
625406455184181127,2013-016139 OL,OL 2013 016139,Austin year/serial,merged listing fields," may apply if excessive pet hair is found.

Registration Details
OL 2013 016139",True
626143042203717921,2026-059277 OL,OL 2026 059277,Austin year/serial,merged listing fields,"Street parking is first come, first serve.

Registration Details
OL 2026 059277",True
627658938698243818,2021-201889 OL,OL 2021 201889,Austin year/serial,merged listing fields,"lly managed and professionally maintained.

Registration Details
OL 2021 201889",False
628141286891454400,2022-071480 OL,OL 2022 071480,Austin year/serial,merged listing fields,"ut will be emailed to guests upon booking.

Registration Details
OL 2022 071480",True
628965783867033680,2022-143024 OL,OL 2022 143024,Austin year/serial,merged listing fields,"
COA Code Department STR License Compliant

Registration Details
OL 2022 143024",True
6291810,2015-100600 OL,OL2015100600,Austin year/serial,merged listing fields,"ion — only 10 minutes from downtown Austin

Registration Details
OL2015100600",False
629447119230352322,2023-014323 OL,OL 2023 014323,Austin year/serial,merged listing fields," a separate rental agreement upon booking.

Registration Details
OL 2023 014323",False
631035761593321688,2022-072430 OL,OL-2022-072430,Austin year/serial,merged listing fields,"afety of any other guests staying with us.

Registration Details
OL-2022-072430",False
631729635563219418,2017-112766 OL,OL 2017 112766,Austin year/serial,merged listing fields,"in through the reservation messaging flow.

Registration Details
OL 2017 112766",True
632659,2019-041141 OL,OL 2019 041141,Austin year/serial,merged listing fields,"n the corner though). Please see pictures.

Registration Details
OL 2019 041141",True
632826575062379610,2026-035081 OL,OL 2026 035081,Austin year/serial,merged listing fields,"t or the freezing cold like everyone else.

Registration Details
OL 2026 035081",True
633510605487945130,2022-056189 OL,OL 2022 056189,Austin year/serial,merged listing fields,"6 guests at the property during your stay.

Registration Details
OL 2022 056189",True
633980020747723868,2021-201889 OL,OL 2021 201889,Austin year/serial,merged listing fields,"ditional $40 per night or $20 for the day.

Registration Details
OL 2021 201889",False
633986697893536257,2021-201889 OL,OL 2021 201889,Austin year/serial,merged listing fields,"s, your deposit will land to your account.

Registration Details
OL 2021 201889",False
634049333817158711,2021-201889 OL,OL 2021 201889,Austin year/serial,merged listing fields,"y be available (please check fees for use)

Registration Details
OL 2021 201889",False
634768217847813866,2025-129206 OL,OL 2025 129206,Austin year/serial,merged listing fields,"old season, but will be open again in May!

Registration Details
OL 2025 129206",True
634825185868494516,2022-093980 OL,OL 2022 093980,Austin year/serial,merged listing fields,"mail or packages may be delivered to house

Registration Details
OL 2022 093980",False
635652177342182239,2021-201889 OL,OL2021201889,Austin year/serial,merged listing fields,"d charging stations (on-site fee required)

Registration Details
OL2021201889",False
636059583371333001,2023-038702 OL,OL2023038702,Austin year/serial,merged listing fields,"Bird lake for morning runs or afternoon paddles!

STR License #: OL2023038702

The space
This is a brand new construction. The house can comfortably fit a family or a ",True
636971600472005039,2023-124111 OL,OL 2023 124111,Austin year/serial,merged listing fields,"partment again for people to enjoy Austin.

Registration Details
OL 2023 124111",True
637579572642890021,2026-005511 OL,OL 2026 005511,Austin year/serial,merged listing fields," closest neighborhoods to downtown Austin.

Registration Details
OL 2026 005511",True
6391710,2016-118543 OL,OL 2016 118543,Austin year/serial,merged listing fields,"ustin STR license: OL(PHONE NUMBER HIDDEN)

Registration Details
OL 2016 118543",False
640481068977001685,2024-138628 OL,OL 2024 138628,Austin year/serial,merged listing fields,"for monthly stays — message us to arrange.

Registration Details
OL 2024 138628",True
640481102795921391,2024-138628 OL,OL 2024 138628,Austin year/serial,merged listing fields,"for monthly stays — message us to arrange.

Registration Details
OL 2024 138628",True
640482071159479792,2025-104486 OL,OL2025104486,Austin year/serial,merged listing fields,"ny disruption to your stay.

Other things to note
STR License #: OL2025104486",False
642668480716461373,2026-032891 OL,OL-2026-032891,Austin year/serial,merged listing fields,"W&D
Modern furnished studio in Easton Park SE Austin.

The space
OL-2026-032891

Experience it all from this modern furnished studio.

Full kitchen, stocked with the",True
642763279007300879,2021-204220 OL,OL 2021 204220,Austin year/serial,merged listing fields," will be provided the day before check-in.

Registration Details
OL 2021 204220",True
6448,2026-099078 OL,OL 2026 099078,Austin year/serial,merged listing fields,"ge downstairs that you're welcome to use).

Registration Details
OL 2026 099078",True
645138440833925820,2026-027500 OL,OL 2026 027500,Austin year/serial,merged listing fields,"r self check in the day upon your arrival.

Registration Details
OL 2026 027500",True
646285532012585512,2026-008797 OL,OL 2026 008797,Austin year/serial,merged listing fields,"stin Bergstrom Airport is 20 minute drive.

Registration Details
OL 2026 008797",True
646513564724932244,2015-051504 OL,OL 2015 051504,Austin year/serial,merged listing fields," note
City of Austin License# V00000931573

Registration Details
OL 2015 051504",False
648763414809946168,2025-131550 OL,OL 2025 131550,Austin year/serial,merged listing fields,"The whole home. Self check in with keypad.

Registration Details
OL 2025 131550",True
6490112,2026-031597 OL,OL 2026 031597,Austin year/serial,merged listing fields,"ain house are available for guests to use.

Registration Details
OL 2026 031597",True
649977065073864157,2026-036329 OL,OL 2026 036329,Austin year/serial,merged listing fields," space
Just one mile from downtown Austin!

Registration Details
OL 2026 036329",True
650635293502406464,2025-021807 OL,OL 2025 021807,Austin year/serial,merged listing fields,"ss
Guests have full access to the property

Registration Details
OL 2025 021807",True
650778158748537922,2026-017203 OL,OL2026017203,Austin year/serial,merged listing fields," at corporate rental open avail Mar- Oct 1

Registration Details
OL2026017203",True
651502963166653385,2022-110407 OL,OL2022110407,Austin year/serial,merged listing fields,"s to note
License Number : OL: 2022:110407

Registration Details
OL2022110407",False
651700670021395366,2026-088404 OL,OL 2026 088404,Austin year/serial,merged listing fields,"es
Coffee/tea machine 
Bathroom essentials

Registration Details
OL 2026 088404",True
651744501615925032,2026-057147 OL,OL 2026 057147,Austin year/serial,merged listing fields,"me security with built in-home monitoring.

Registration Details
OL 2026 057147",True
652200769592366305,2022-121408 OL,OL2022121408,Austin year/serial,merged listing fields,"enities can be requested through the host.

Registration Details
OL2022121408",False
653558195144942000,2022-088865 OL,OL 2022 088865,Austin year/serial,merged listing fields," the effort of making it look even better!

Registration Details
OL 2022 088865",False
653715313991045421,2026-045873 OL,OL 2026 045873,Austin year/serial,merged listing fields," time and using the Hosts designated team.

Registration Details
OL 2026 045873",True
654268745353325717,2024-063549 OL,OL 2024 063549,Austin year/serial,merged listing fields,"couple, please say bye bye and clean them.

Registration Details
OL 2024 063549",False
654921515683503342,2021-201889 OL,OL 2021 201889,Austin year/serial,merged listing fields,"y be available (please check fees for use)

Registration Details
OL 2021 201889",False
6570493,2019-179229 OL,OL-2019-179229,Austin year/serial,merged listing fields,"u need anything anytime, just let us know.

Registration Details
OL-2019-179229",False
657105663812804872,2023-124165 OL,OL 2023 124165,Austin year/serial,merged listing fields," with a smart lock for easy self check-in.

Registration Details
OL 2023 124165",True
657158457671658537,2022-072430 OL,OL-2022-072430,Austin year/serial,merged listing fields,"afety of any other guests staying with us.

Registration Details
OL-2022-072430",False
657281194383671469,2026-041225 OL,OL2026041225,Austin year/serial,merged listing fields,"emailed to you a few days before your stay

Registration Details
OL2026041225",True
657281413623440550,2022-058447 OL,OL 2022 058447,Austin year/serial,merged listing fields,"emailed to you a few days before your stay

Registration Details
OL 2022 058447",True
657831654984448914,2022-113585 OL,OL 2022 113585,Austin year/serial,merged listing fields,"iful, mature oak tree-lined neighborhoods.

Registration Details
OL 2022 113585",False
657873824599504532,2021-201889 OL,OL-2021-201889,Austin year/serial,merged listing fields,"s bridge during certain times of the year!

Registration Details
OL-2021-201889",False
657939740597605315,2026-005511 OL,OL 2026 005511,Austin year/serial,merged listing fields,"ou can!

We allow pets for a $100 pet fee.

Registration Details
OL 2026 005511",True
658044039163152452,2024-122154 OL,OL 2024 122154,Austin year/serial,merged listing fields,"ted and we'll see if we can work with you!

Registration Details
OL 2024 122154",True
658655321800187354,2022-094148 OL,OL 2022 094148,Austin year/serial,merged listing fields," Airbnb guests staying in the 2nd bedroom.

Registration Details
OL 2022 094148",True
659367445769741589,2026-037928 OL,OL2026037928,Austin year/serial,merged listing fields,"r refund for any other accommodation fare.

Registration Details
OL2026037928",True
660299192192226419,2022-077396 OL,OL 2022 077396,Austin year/serial,merged listing fields,"en't for you, this may not be a great fit.

Registration Details
OL 2022 077396",False
660394898842034834,2025-026590 OL,OL 2025 026590,Austin year/serial,merged listing fields,"ughout your stay and cannot be turned off.

Registration Details
OL 2025 026590",False
660425,2013-030048 OL,OL 2013 030048,Austin year/serial,merged listing fields,"sting or booking this facility. Thank you!

Registration Details
OL 2013 030048",False
662290499098107767,2026-064381 OL,OL 2026 064381,Austin year/serial,merged listing fields,"ake care of the exterior cleaning for you.

Registration Details
OL 2026 064381",True
662456402159128099,2026-030375 OL,OL 2026 030375,Austin year/serial,merged listing fields,"ck-in is available through the smart lock.

Registration Details
OL 2026 030375",True
662806851002070384,2026-028932 OL,OL 2026 028932,Austin year/serial,merged listing fields," out to a queen bed. Full kitchen and bath

Registration Details
OL 2026 028932",True
663910187987815591,2025-060032 OL,OL 2025 060032,Austin year/serial,merged listing fields,"during, or after delivery to the property.

Registration Details
OL 2025 060032",True
664526135895070213,2026-013936 OL,OL 2026 013936,Austin year/serial,merged listing fields,"with stairs if that is an concern for you.

Registration Details
OL 2026 013936",True
665223839800248550,2021-201889 OL,OL2021201889,Austin year/serial,merged listing fields,"top lounge, pool, coffee bar and amenities

Registration Details
OL2021201889",False
666699517994601134,2023-024539 OL,OL 2023 024539,Austin year/serial,merged listing fields,"parking at back of house. Bring your lock.

Registration Details
OL 2023 024539",True
666766649011814830,2021-201889 OL,OL2021201889,Austin year/serial,merged listing fields,". The garage has a clearance of 84 inches.

Registration Details
OL2021201889",False
666767252602206584,2021-201889 OL,OL2021201889,Austin year/serial,merged listing fields,". The garage has a clearance of 84 inches.

Registration Details
OL2021201889",False
666773179522659179,2021-201889 OL,OL2021201889,Austin year/serial,merged listing fields,". The garage has a clearance of 84 inches.

Registration Details
OL2021201889",False
667259209025247008,2025-060032 OL,OL 2025 060032,Austin year/serial,merged listing fields,"during, or after delivery to the property.

Registration Details
OL 2025 060032",True
667392566657282959,2026-030437 OL,OL 2026 030437,Austin year/serial,merged listing fields,"uring your visit.  Feel free to say hello!

Registration Details
OL 2026 030437",True
668301,2012-108179 OL,OL 2012 108179,Austin year/serial,merged listing fields,"personal sundries for any forgotten items.

Registration Details
OL 2012 108179",True
668801282388403782,2026-079256 OL,OL 2026 079256,Austin year/serial,merged listing fields,"vides space to decompress in the evenings.

Registration Details
OL 2026 079256",False
668917612278026760,2024-091107 OL,ol2024091107,Austin year/serial,merged listing fields,"tire dock is available for your enjoyment.

Registration Details
ol2024091107",False
668917685173860356,2021-125145 OL,OL-2021-125145,Austin year/serial,merged listing fields," patio & grill.  Fast WiFi & Tesla charger

Registration Details
OL-2021-125145",False
670269626970273520,2021-201889 OL,2021-201889 OL,Austin year/serial,merged listing fields,"top lounge, pool, coffee bar and amenities

Registration Details
2021-201889 OL",False
670341538947144448,2017-047349 OL,OL 2017 047349,Austin year/serial,merged listing fields,"ping pong table are all yours exclusively.

Registration Details
OL 2017 047349",True
670854971385141546,2021-201889 OL,2021-201889 OL,Austin year/serial,merged listing fields,". The garage has a clearance of 84 inches.

Registration Details
2021-201889 OL",False
671503466425042541,2026-025404 OL,OL2026025404,Austin year/serial,merged listing fields,"ing your dogs out or keep them on a leash.

Registration Details
OL2026025404",True
671631637889803198,2024-099451 OL,OL2024099451,Austin year/serial,merged listing fields,"emailed to you a few days before your stay

Registration Details
OL2024099451",False
672235101392422265,2025-115655 OL,OL2025115655,Austin year/serial,merged listing fields,"s cap, overages may be charged separately.

Registration Details
OL2025115655",True
673422360986289651,2023-015437 OL,OL 2023 015437,Austin year/serial,merged listing fields,"ore. 

The kitchen is also fully equipped.

Registration Details
OL 2023 015437",True
673744977258146730,2026-057194 OL,OL 2026 057194,Austin year/serial,merged listing fields,"t or the freezing cold like everyone else.

Registration Details
OL 2026 057194",True
676151535126808367,2026-079690 OL,2026-079690 OL,Austin year/serial,merged listing fields,"n-sized air mattress available by request.

Registration Details
2026-079690 OL",True
676269911335222947,2026-109049 OL,OL 2026 109049,Austin year/serial,merged listing fields,"ave any questions, feel free to reach out!

Registration Details
OL 2026 109049",True
676606350527797830,2022-055019 OL,OL 2022 055019,Austin year/serial,merged listing fields,"emailed to you a few days before your stay

Registration Details
OL 2022 055019",False
677067988333141153,2021-178023 OL,OL 2021 178023,Austin year/serial,merged listing fields,"u will not have any issue with murky water

Registration Details
OL 2021 178023",True
677683976297380524,2026-068762 OL,OL 2026 068762,Austin year/serial,merged listing fields,"! Some of the best in Austin and walkable!

Registration Details
OL 2026 068762",True
679730103121285523,2026-058717 OL,OL 2026 058717,Austin year/serial,merged listing fields,"an request the 75.00 pet fee.  Thank you!!

Registration Details
OL 2026 058717",True
680463568919503933,2025-049003 OL,OL 2025 049003,Austin year/serial,merged listing fields,"help locate and find to support your stay.

Registration Details
OL 2025 049003",True
681669897441064107,2022-073607 OL,OL2022073607,Austin year/serial,merged listing fields,"ate in the evening to grab the trash cart.

Registration Details
OL2022073607",False
683348735204074091,2025-084298 OL,OL2025084298,Austin year/serial,merged listing fields,"ce only 10 mins from UT or 15 to downtown.

Registration Details
OL2025084298",False
684029416180534659,2025-107519 OL,OL 2025 107519,Austin year/serial,merged listing fields,"ater to your specific accessibility needs.

Registration Details
OL 2025 107519",False
684978819010951933,2022-094174 OL,OL2022094174,Austin year/serial,merged listing fields,"hen 
Air conditioning and heating
Pet allowed

OPERATING LICENSE OL2022094174

The space
Single family home with a good sized back yard and private parking.

Other thi",False
684985868335330488,2026-068105 OL,OL 2026 068105,Austin year/serial,merged listing fields,"lease take this into account when booking.

Registration Details
OL 2026 068105",True
685361,2014-066032 OL,OL 2014 066032,Austin year/serial,merged listing fields,"bars, golf courses, spas, and Lake Austin.

Registration Details
OL 2014 066032",True
6854195,2015-006069 OL,OL 2015 006069,Austin year/serial,merged listing fields,"here are two single twin beds in the loft.

Registration Details
OL 2015 006069",True
685526072540174911,2026-069343 OL,OL 2026 069343,Austin year/serial,merged listing fields,"own
-18 minutes to Circuit of the Americas

Registration Details
OL 2026 069343",True
688351801287212728,2022-094148 OL,OL 2022 094148,Austin year/serial,merged listing fields," Airbnb guests staying in the 2nd bedroom.

Registration Details
OL 2022 094148",True
688943139938134008,2026-068105 OL,OL 2026 068105,Austin year/serial,merged listing fields,"Please take this into account when booking

Registration Details
OL 2026 068105",True
689189292021695610,2022-095302 OL,OL2022095302,Austin year/serial,merged listing fields,"ble for children as it is not child-proof.

Registration Details
OL2022095302",False
689312320078562162,2026-068223 OL,OL 2026 068223,Austin year/serial,merged listing fields,"n one guest in our home at any given time.

Registration Details
OL 2026 068223",True
689314994665010209,2026-068223 OL,OL 2026 068223,Austin year/serial,merged listing fields,"n one guest in our home at any given time.

Registration Details
OL 2026 068223",True
689693841311315929,2026-100614 OL,OL 2026 100614,Austin year/serial,merged listing fields,"s provided the evening before your arrival

Registration Details
OL 2026 100614",True
689816935936640625,2026-100051 OL,OL-2026-100051,Austin year/serial,merged listing fields," Please note this is one unit of a duplex.

Registration Details
OL-2026-100051",True
689828220112367064,2022-073438 OL,OL 2022 073438,Austin year/serial,merged listing fields,"ntire property via electronic keypad locks

Registration Details
OL 2022 073438",True
689919830239899978,2026-057192 OL,OL 2026 057192,Austin year/serial,merged listing fields,"t or the freezing cold like everyone else.

Registration Details
OL 2026 057192",True
689919992222562774,2026-057197 OL,OL 2026 057197,Austin year/serial,merged listing fields,"ements will be the guest’s responsibility.

Registration Details
OL 2026 057197",True
689920220826297863,2026-057196 OL,OL 2026 057196,Austin year/serial,merged listing fields,"t or the freezing cold like everyone else.

Registration Details
OL 2026 057196",True
689920352245020300,2026-057193 OL,OL 2026 057193,Austin year/serial,merged listing fields,"ements will be the guest’s responsibility.

Registration Details
OL 2026 057193",True
689920458757734943,2026-057198 OL,OL 2026 057198,Austin year/serial,merged listing fields,"ements will be the guest’s responsibility.

Registration Details
OL 2026 057198",True
690524858599178439,2026-100346 OL,2026-100346 OL,Austin year/serial,merged listing fields,"n-sized air mattress available by request.

Registration Details
2026-100346 OL",True
691168067874566680,2022-136632 OL,OL2022136632,Austin year/serial,merged listing fields,"rations and set up. 

Austin Short Term Rental Permit License #: OL2022136632

Guest access
Guests have access to the entire home including the laundry in garage, back",True
692658578062368728,2026-057192 OL,OL 2026 057192,Austin year/serial,merged listing fields,"ements will be the guest’s responsibility.

Registration Details
OL 2026 057192",True
692658822280888412,2026-057350 OL,OL 2026 057350,Austin year/serial,merged listing fields,"ements will be the guest’s responsibility.

Registration Details
OL 2026 057350",True
692658983140544006,2026-057347 OL,OL 2026 057347,Austin year/serial,merged listing fields,"id prior to each monthly cleaning service.

Registration Details
OL 2026 057347",True
692659030254892495,2026-057349 OL,OL 2026 057349,Austin year/serial,merged listing fields,"ements will be the guest's responsibility.

Registration Details
OL 2026 057349",True
69303,2014-015391 OL,OL 2014 015391,Austin year/serial,merged listing fields,"ortation is about one mile from the space.

Registration Details
OL 2014 015391",True
693657091813378358,2026-037815 OL,OL 2026 037815,Austin year/serial,merged listing fields,"ermission will be broken up and dispersed.

Registration Details
OL 2026 037815",True
694348422804597519,2025-071931 OL,OL2025071931,Austin year/serial,merged listing fields,"all group of friends & business travelers!

Registration Details
OL2025071931",False
694863616335903234,2025-066127 OL,OL 2025 066127,Austin year/serial,merged listing fields,"nding that bugs sometimes happen in Texas!

Registration Details
OL 2025 066127",True
694881145522678758,2025-066127 OL,OL 2025 066127,Austin year/serial,merged listing fields,"nding that bugs sometimes happen in Texas!

Registration Details
OL 2025 066127",True
694892127643984481,2025-066127 OL,OL 2025 066127,Austin year/serial,merged listing fields,"nding that bugs sometimes happen in Texas!

Registration Details
OL 2025 066127",True
694900304866990374,2025-066127 OL,OL 2025 066127,Austin year/serial,merged listing fields,"nding that bugs sometimes happen in Texas!

Registration Details
OL 2025 066127",True
695152861907597193,2026-100051 OL,OL-2026-100051,Austin year/serial,merged listing fields," Please note this is one unit of a duplex.

Registration Details
OL-2026-100051",True
695204849118819699,2024-080059 OL,OL 2024 080059,Austin year/serial,merged listing fields,"onal $40 fee if uncleaned feces are found.

Registration Details
OL 2024 080059",True
695718136075127698,2023-007423 OL,OL 2023 007423,Austin year/serial,merged listing fields,"sses thrive. You’re Keeping Austin Weird ☺

Registration Details
OL 2023 007423",True
697938463413337843,2022-108453 OL,OL2022108453,Austin year/serial,merged listing fields,"epit to gather around on Adirondack chairs

Registration Details
OL2022108453",False
698427646147468466,2025-037005 OL,OL 2025 037005,Austin year/serial,merged listing fields,"the premises which remains indoors mostly.

Registration Details
OL 2025 037005",True
698506328992863202,2026-107318 OL,OL 2026 107318,Austin year/serial,merged listing fields,"e can see if we can accommodate your stay.

Registration Details
OL 2026 107318",True
699018,2012-125763 OL,OL 2012 125763,Austin year/serial,merged listing fields,"ble.

I look forward to hosting your stay!

Registration Details
OL 2012 125763",True
700664232250803590,2021-201889 OL,OL2021201889,Austin year/serial,merged listing fields,"makes meeting fellow tourist fun and easy!

Registration Details
OL2021201889",False
700669261299122407,2021-201889 OL,OL2021201889,Austin year/serial,merged listing fields,"akes meeting fellow tourists fun and easy!

Registration Details
OL2021201889",False
700832676565657641,2026-051456 OL,OL 2026 051456,Austin year/serial,merged listing fields,"u with a $50 discount on our cleaning fee.

Registration Details
OL 2026 051456",True
701542931876725578,2026-154882 OL,OL 2026 154882,Austin year/serial,merged listing fields,"ut if you need anything during your visit.

Registration Details
OL 2026 154882",False
702825,2014-013684 OL,OL 2014 013684,Austin year/serial,merged listing fields,"2 blow up beds if folks want to spread out

Registration Details
OL 2014 013684",True
704161034007614517,2026-118994 OL,OL 2026 118994,Austin year/serial,merged listing fields,"lease take this into account when booking.

Registration Details
OL 2026 118994",True
705009572588341529,2020-186401 OL,OL2020186401,Austin year/serial,merged listing fields,"emailed to you a few days before your stay

Registration Details
OL2020186401",True
705059831671530154,2021-201889 OL,OL 2021 201889,Austin year/serial,merged listing fields,"y be available (please check fees for use)

Registration Details
OL 2021 201889",False
705119924937930276,2026-110367 OL,OL2026110367,Austin year/serial,merged listing fields," dedicated off street parking spaces, in unit washer and dryer.

OL2026110367

The space
Quiet, designer 1/1 ground floor condo in a 4 unit single story building. My u",False
705271312639959751,2022-093750 OL,OL 2022 093750,Austin year/serial,merged listing fields,"ing, or rough play.
>No parties or events.

Registration Details
OL 2022 093750",False
705858,2018-209307 OL,OL 2018 209307,Austin year/serial,merged listing fields,"ly.   There is no parking in the driveway.

Registration Details
OL 2018 209307",True
706618025734854269,2021-201889 OL,OL 2021 201889,Austin year/serial,merged listing fields,"y be available (please check fees for use)

Registration Details
OL 2021 201889",False
707290099217846098,2026-032011 OL,OL 2026 032011,Austin year/serial,merged listing fields,"and floorplan from what is shown in photos

Registration Details
OL 2026 032011",True
707378412501643862,2022-153966 OL,OL 2022 153966,Austin year/serial,merged listing fields,"arrival. By default, the water stays cold.

Registration Details
OL 2022 153966",True
708125072028598751,2026-035075 OL,OL 2026 035075,Austin year/serial,merged listing fields,"gates are only open-able through this app.

Registration Details
OL 2026 035075",True
708633038110930209,2026-096569 OL,OL 2026 096569,Austin year/serial,merged listing fields,"uests with positive reviews at the moment.

Registration Details
OL 2026 096569",True
708815216592672796,2026-068105 OL,OL 2026 068105,Austin year/serial,merged listing fields,"c baskets and camping chairs for your use.

Registration Details
OL 2026 068105",True
7094484,2017-110763 OL,OL 2017 110763,Austin year/serial,merged listing fields,"atio and backyard with patio and fire pit.

Registration Details
OL 2017 110763",False
710130069860901089,2024-110060 OL,OL2024110060,Austin year/serial,merged listing fields," more enjoyable.

Guest access
Keypad use.

Registration Details
OL2024110060",True
710801451771701296,2026-068238 OL,OL 2026 068238,Austin year/serial,merged listing fields,"port and 15 minutes from ACL and Downtown.

Registration Details
OL 2026 068238",True
711792080094035777,2026-034940 OL,OL 2026 034940,Austin year/serial,merged listing fields,"ntire property except 1 closet and garage.

Registration Details
OL 2026 034940",True
712925978166013097,2022-130992 OL,OL2022130992,Austin year/serial,merged listing fields,"emailed to you a few days before your stay

Registration Details
OL2022130992",False
7146530,2013-000595 OL,OL-2013-000595,Austin year/serial,merged listing fields,"the size, number and duration of the stay.

Registration Details
OL-2013-000595",True
715275271831179969,2023-163848 OL,OL2023163848,Austin year/serial,merged listing fields,"s stunning home is sure to exceed your expectations.

Permit No. OL2023163848",False
717347430393111785,2026-058728 OL,OL 2026 058728,Austin year/serial,merged listing fields,"es are not allowed under any circumstance.

Registration Details
OL 2026 058728",True
718663143331235299,2026-058674 OL,OL 2026 058674,Austin year/serial,merged listing fields,"ving room & master bedroom) & a microwave!

Registration Details
OL 2026 058674",True
719483448723448002,2021-164165 OL,OL 2021 164165,Austin year/serial,merged listing fields,"d dryer on site. Dogs welcome. No smoking.

Registration Details
OL 2021 164165",True
719725527662713851,2023-110704 OL,OL 2023 110704,Austin year/serial,merged listing fields," OR EXTRA CLEANING CAUSED BY THEIR ANIMAL.

Registration Details
OL 2023 110704",True
720315,2018-066656 OL,OL 2018 066656,Austin year/serial,merged listing fields,"h or headphones, or an affixed GPS system.

Registration Details
OL 2018 066656",True
721021062297480761,2022-059364 OL,OL 2022 059364,Austin year/serial,merged listing fields,"emailed to you a few days before your stay

Registration Details
OL 2022 059364",True
722550168983647209,2025-021874 OL,OL 2025 021874,Austin year/serial,merged listing fields," the 2nd floor, only accessible by stairs.

Registration Details
OL 2025 021874",True
725281801425916703,2026-057348 OL,OL 2026 057348,Austin year/serial,merged listing fields,"ements will be the guest’s responsibility.

Registration Details
OL 2026 057348",True
725383495804501189,2021-201889 OL,OL 2021 201889,Austin year/serial,merged listing fields,"y be available (please check fees for use)

Registration Details
OL 2021 201889",False
726964744773857413,2023-026554 OL,OL 2023 026554,Austin year/serial,merged listing fields,"ads up and I will adapt to fit your needs!

Registration Details
OL 2023 026554",True
727938592710802551,2022-066326 OL,OL 2022 066326,Austin year/serial,merged listing fields,"n and don't mind some lively surroundings.

Registration Details
OL 2022 066326",True
72833,2023-011104 OL,OL 2023 011104,Austin year/serial,merged listing fields,"om floor, turn everything off, and bounce!

Registration Details
OL 2023 011104",True
728398566714687271,2022-167409 OL,OL2022167409,Austin year/serial,merged listing fields,"- Peter Pan Mini-Golf
- Alamo Drafthouse

STR Operating License #OL2022167409

Guest access
Guests will have access to the entire condo.  There are TWO reserved parkin",True
728696009878942980,2026-068105 OL,OL 2026 068105,Austin year/serial,merged listing fields,"ackyard has ample space and a cowboy pool.

Registration Details
OL 2026 068105",True
729731582935841883,2026-090196 OL,OL 2026 090196,Austin year/serial,merged listing fields,"s to note
Exterior doorbell camera in use.

Registration Details
OL 2026 090196",False
730196221845706622,2026-045585 OL,OL 2026 045585,Austin year/serial,merged listing fields,"y skyline, and a fully stocked coffee bar.

Registration Details
OL 2026 045585",True
730497935614176314,2025-161782 OL,OL 2025 161782,Austin year/serial,merged listing fields,"onger. Please message me for more details.

Registration Details
OL 2025 161782",True
731072315992112148,2021-201889 OL,2021-201889 OL,Austin year/serial,merged listing fields,". The garage has a clearance of 84 inches.

Registration Details
2021-201889 OL",False
731356393972901977,2023-062051 OL,OL-2023-062051,Austin year/serial,merged listing fields," additional heating subject to $75 charge.

Registration Details
OL-2023-062051",False
732738613793695812,2026-037753 OL,OL 2026 037753,Austin year/serial,merged listing fields,"artlock code given to them for their stay.

Registration Details
OL 2026 037753",True
7330232,2023-003693 OL,OL2023003693,Austin year/serial,merged listing fields,"er driveway and close the gate behind you.

Registration Details
OL2023003693",True
733203,2018-212919 OL,OL 2018 212919,Austin year/serial,merged listing fields," entire property, exploring is encouraged.

Registration Details
OL 2018 212919",True
733327402364384767,2023-012704 OL,OL 2023 012704,Austin year/serial,merged listing fields,"he visitors will not be staying overnight.

Registration Details
OL 2023 012704",True
7345104,2014-100433 OL,2014-100433 OL,Austin year/serial,merged listing fields,"king: 2 spaces available; driveway parking

Registration Details
2014-100433 OL",False
735522039347101675,2026-103980 OL,OL 2026 103980,Austin year/serial,merged listing fields,"se respect the neighbors and neighborhood.

Registration Details
OL 2026 103980",True
736130249497717205,2023-090804 OL,OL 2023 090804,Austin year/serial,merged listing fields,"ngs to note
Google gigabit fiber internet.

Registration Details
OL 2023 090804",False
736258287650808627,2023-150703 OL,OL 2023 150703,Austin year/serial,merged listing fields,"n accordance with local noise regulations.

Registration Details
OL 2023 150703",True
736359053592247696,2026-106532 OL,OL 2026 106532,Austin year/serial,merged listing fields,"set. The washer and dryer are in the unit.

Registration Details
OL 2026 106532",True
736395987657040523,2022-151711 OL,OL 2022 151711,Austin year/serial,merged listing fields,"tel Sales Tax for the City of Austin = 11%

Registration Details
OL 2022 151711",True
737721101684686309,2022-140034 OL,OL 2022 140034,Austin year/serial,merged listing fields,"s more once your reservation is confirmed!

Registration Details
OL 2022 140034",False
737751304523378827,2022-164449 OL,OL 2022 164449,Austin year/serial,merged listing fields,"
Sheets are cotton but are not 100% cotton

Registration Details
OL 2022 164449",False
738360534302471359,2026-101522 OL,OL 2026 101522,Austin year/serial,merged listing fields,"to note
Pool access is only for residents.

Registration Details
OL 2026 101522",True
739067217532838763,2022-166416 OL,OL 2022 166416,Austin year/serial,merged listing fields,"PLUS USPS/UPS shipping fee (with receipt).

Registration Details
OL 2022 166416",False
739176497887021645,2023-131628 OL,OL 2023 131628,Austin year/serial,merged listing fields,"oining bathroom.

Guest access
Entire home

Registration Details
OL 2023 131628",True
740669488627890537,2022-166416 OL,OL 2022 166416,Austin year/serial,merged listing fields,"PLUS USPS/UPS shipping fee (with receipt).

Registration Details
OL 2022 166416",False
740711574819727002,2026-041288 OL,OL 2026 041288,Austin year/serial,merged listing fields,"low if you decide to bring a third person.

Registration Details
OL 2026 041288",True
740811462980206915,2026-983332 OL,OL 2026 983332,Austin year/serial,merged listing fields,"ing, full kitchen and outdoor porch/patio.

Registration Details
OL 2026 983332",False
741158298794872147,2023-081234 OL,OL 2023 081234,Austin year/serial,merged listing fields,"e of $541 will be collected after booking.

Registration Details
OL 2023 081234",True
741169999606882267,2023-113422 OL,OL 2023 113422,Austin year/serial,merged listing fields,"Guest access
The whole house and backyard.

Registration Details
OL 2023 113422",True
742556526163459338,2025-082226 OL,OL 2025 082226,Austin year/serial,merged listing fields,"hts we require a standard lease agreement.

Registration Details
OL 2025 082226",True
7431430,2018-018553 OL,OL 2018 018553,Austin year/serial,merged listing fields,"bug spray and light the citronella sticks.

Registration Details
OL 2018 018553",True
7435259,2019-179229 OL,OL-2019-179229,Austin year/serial,merged listing fields,"u need anything anytime, just let us know.

Registration Details
OL-2019-179229",False
744841235451740492,2026-100346 OL,OL 2026 100346,Austin year/serial,merged listing fields,"ls, and live music. 5 minutes to downtown.

Registration Details
OL 2026 100346",True
746317,2012-103436 OL,OL 2012 103436,Austin year/serial,merged listing fields,"est prior to arrival. 
48 hours preferred.

Registration Details
OL 2012 103436",True
747007991449261753,2023-080663 OL,OL 2023 080663,Austin year/serial,merged listing fields,"agement, we can not guarantee this amenity

Registration Details
OL 2023 080663",False
747109959260512523,2023-031391 OL,OL-2023-031391,Austin year/serial,merged listing fields,"is home has everything you need for a wonderful stay!

The space
OL-2023-031391 | Pet Friendly w/ Fee | Fiber Internet | Ping Pong Table | Stainless Steel Appliances | F",True
747499,2016-020698 OL,OL 2016 020698,Austin year/serial,merged listing fields,"o laundry in my studio at an arranged time

Registration Details
OL 2016 020698",True
747781474986080559,2022-130011 OL,OL2022130011,Austin year/serial,merged listing fields,"o make it more enjoyable.

You will love it here!

City License #OL2022130011

Registration Details
OL 2022 130011",False
747804017927884505,2025-066417 OL,OL 2025 066417,Austin year/serial,merged listing fields,"emailed to you a few days before your stay

Registration Details
OL 2025 066417",False
747856506076140865,2022-177048 OL,OL 2022 177048,Austin year/serial,merged listing fields," only take a shower (which is plenty hot.)

Registration Details
OL 2022 177048",True
752441225497214182,2025-139379 OL,OL 2025 139379,Austin year/serial,merged listing fields,"ngs in the bedrooms and main living space.

Registration Details
OL 2025 139379",True
752923961975429089,2022-039570 OL,OL 2022 039570,Austin year/serial,merged listing fields,"nted price for weekly and monthly rentals*

Registration Details
OL 2022 039570",False
753612028980825918,2026-057351 OL,OL 2026 057351,Austin year/serial,merged listing fields,"ements will be the guest's responsibility.

Registration Details
OL 2026 057351",True
755836260647616627,2023-006119 OL,OL 2023 006119,Austin year/serial,merged listing fields,"he wooded alleyway behind the front house.

Registration Details
OL 2023 006119",True
760164711888006151,2025-027571 OL,OL 2025 027571,Austin year/serial,merged listing fields," 3 balconies to yourself during your stay.

Registration Details
OL 2025 027571",False
760754080209904802,2024-101149 OL,OL#2024101149,Austin year/serial,merged listing fields,"heat, closet. Note: space is accessed by a spiral staircase.
STR OL#2024101149

The space
The Chic Eastside Guest Suite is cozy and bright and at a uniquely Austin home",False
760931159719626494,2025-150692 OL,OL 2025 150692,Austin year/serial,merged listing fields,"joy the tranquility of city/country space.

Registration Details
OL 2025 150692",False
763761118677816549,2026-044900 OL,OL 2026 044900,Austin year/serial,merged listing fields,"ngs to note
Steep ramp to park on property

Registration Details
OL 2026 044900",True
76501,2024-068880 OL,OL2024068880,Austin year/serial,merged listing fields,"ce-in-itself. 
City of Austin licensed Type I Short Term Rental  OL2024068880

The space
This is the upstairs apartment in Central Austin in our 1930's duplex home. We",False
7690676,2026-056210 OL,OL 2026 056210,Austin year/serial,merged listing fields,".
-- I don't have pets. 
-- Hablo español.

Registration Details
OL 2026 056210",True
770305266831730882,2025-131771 OL,OL 2025 131771,Austin year/serial,merged listing fields,"n accordance with local noise regulations.

Registration Details
OL 2025 131771",True
770319526599372515,2021-201889 OL,OL 2021 201889,Austin year/serial,merged listing fields,"s, your deposit will land to your account.

Registration Details
OL 2021 201889",False
770519004154544469,2023-113172 OL,OL 2023 113172,Austin year/serial,merged listing fields,"17% occupancy tax is applied to your stay.

Registration Details
OL 2023 113172",True
772642624449841123,2025-138995 OL,OL 2025 138995,Austin year/serial,merged listing fields," be considerate of others on the property.

Registration Details
OL 2025 138995",True
776153134129479283,2026-012300 OL,OL 2026 012300,Austin year/serial,merged listing fields,"ou will be given a code prior to check in.

Registration Details
OL 2026 012300",True
778370358360742174,2026-095117 OL,OL 2026 095117,Austin year/serial,merged listing fields,"downtown, the airport, and south congress!

Registration Details
OL 2026 095117",True
778413890134446613,2022-094148 OL,OL 2022 094148,Austin year/serial,merged listing fields," Airbnb guests staying in the 2nd bedroom.

Registration Details
OL 2022 094148",True
7797703,2021-192416 OL,OL 2021 192416,Austin year/serial,merged listing fields,"10% city tax that is payable upon arrival.

Registration Details
OL 2021 192416",True
780442962654145969,2023-139214 OL,OL2023139214,Austin year/serial,merged listing fields," of $500 per pet will be due upon arrival.

Registration Details
OL2023139214",False
780491586087938153,2023-163709 OL,OL 2023 163709,Austin year/serial,merged listing fields," of $500 per pet will be due upon arrival.

Registration Details
OL 2023 163709",False
782618190378917805,2026-058500 OL,OL 2026 058500,Austin year/serial,merged listing fields,"xt thru the AirBnb app & make the request.

Registration Details
OL 2026 058500",True
785963,2024-039562 OL,OL 2024 039562,Austin year/serial,merged listing fields,"ont yard, patio grill, house and driveway.

Registration Details
OL 2024 039562",False
787207356441022568,2023-044681 OL,OL 2023 044681,Austin year/serial,merged listing fields,"arties, automatic charges will be applied.

Registration Details
OL 2023 044681",True
7872804,2015-008040 OL,OL 2015 008040,Austin year/serial,merged listing fields," affordable. Lots on Cesar Chavez St. too.

Registration Details
OL 2015 008040",True
789925889015027116,2022-152257 OL,OL2022152257,Austin year/serial,merged listing fields,"he City of Austin as a short term rental.  The license number is OL2022152257.

Registration Details
OL 2022 152257",True
790113773553304028,2024-032182 OL,OL 2024 032182,Austin year/serial,merged listing fields,"afety. The cameras record audio and video.

Registration Details
OL 2024 032182",True
792666223809702115,2024-014902 OL,OL 2024 014902,Austin year/serial,merged listing fields,"n accordance with local noise regulations.

Registration Details
OL 2024 014902",True
792763468582479423,2022-066326 OL,OL 2022 066326,Austin year/serial,merged listing fields,"de and WiFi info provided on check-in day.

Registration Details
OL 2022 066326",True
793497844685387085,2022-186764 OL,OL2022 186764,Austin year/serial,merged listing fields,"te there is not a separate pool and hot tub.

Austin STR License OL2022 186764

Registration Details
OL 2022 186764",True
795133663610783386,2023-027611 OL,OL 2023 027611,Austin year/serial,merged listing fields,"fiber internet
Washer / Dryer / Dishwasher

Registration Details
OL 2023 027611",True
797381123926824262,2026-036477 OL,OL 2026 036477,Austin year/serial,merged listing fields,"t or the freezing cold like everyone else.

Registration Details
OL 2026 036477",True
797381216506597981,2026-036513 OL,OL 2026 036513,Austin year/serial,merged listing fields,"t or the freezing cold like everyone else.

Registration Details
OL 2026 036513",True
798712999815143920,2023-058275 OL,OL 2023 058275,Austin year/serial,merged listing fields,"report and prosecute all Credit Card Fraud

Registration Details
OL 2023 058275",True
800622169890243077,2023-017621 OL,OL 2023 017621,Austin year/serial,merged listing fields,"y of Austin Operating License #2023 017621

Registration Details
OL 2023 017621",True
800823392156256269,2022-132835 OL,2022-132835 OL,Austin year/serial,merged listing fields,"begins at 4:00 PM. Checkout is at 10:00 AM

Registration Details
2022-132835 OL",False
801521,2021-177080 OL,OL 2021 177080,Austin year/serial,merged listing fields,"note
The bathroom is in the loft upstairs.

Registration Details
OL 2021 177080",True
802974670004104080,2021-201889 OL,OL 2021 201889,Austin year/serial,merged listing fields,"y be available (please check fees for use)

Registration Details
OL 2021 201889",False
8032556,2015-105346 OL,OL 2015 105346,Austin year/serial,merged listing fields,"ded to main entry door that faces 44th St.

Registration Details
OL 2015 105346",False
805804750165070338,2023-021770 OL,OL2023021770,Austin year/serial,merged listing fields,"h detergent should you need to do laundry.

Registration Details
OL2023021770",True
805900214881885114,2022-055030 OL,OL 2022 055030,Austin year/serial,merged listing fields,"during, or after delivery to the property.

Registration Details
OL 2022 055030",True
806812390374821556,2026-051456 OL,OL 2026 051456,Austin year/serial,merged listing fields,"ured are private for you and your company.

Registration Details
OL 2026 051456",True
807060623127359731,2026-051455 OL,OL2026051455,Austin year/serial,merged listing fields,"ay want to keep this in mind when booking.

Registration Details
OL2026051455",True
807327331025039638,2026-068643 OL,OL 2026 068643,Austin year/serial,merged listing fields,"s. This must be paid before your check-in.

Registration Details
OL 2026 068643",True
809332771622960915,2023-005585 OL,OL2023005585,Austin year/serial,merged listing fields,"utside at after 10pm.

City of Austin Short Term Rental Permit # OL2023005585

Registration Details
OL2023005585",True
809425473813549519,2026-033560 OL,OL2026033560,Austin year/serial,merged listing fields,"in Austin, there are better suited places.

Registration Details
OL2026033560",False
809521118643862790,2026-037055 OL,OL 2026 037055,Austin year/serial,merged listing fields,"f you have a special request. 

Thank you!

Registration Details
OL 2026 037055",True
811066389849846508,2023-049850 OL,OL2023049850,Austin year/serial,merged listing fields,"

STREET PARKING only. Carport reserved for homeowner.

License #OL2023049850

Guest access
Full access to garden casita and outdoor space; Separate entrance.

Street ",True
813655266751533814,2026-067571 OL,OL-2026-067571,Austin year/serial,merged listing fields,"ustin. License # OL (PHONE NUMBER HIDDEN).

Registration Details
OL-2026-067571",True
813709,2014-007845 OL,2014-007845 OL,Austin year/serial,merged listing fields," might need to be aware of before renting.

Registration Details
2014-007845 OL",True
814411907416492291,2023-037212 OL,OL-2023-037212,Austin year/serial,merged listing fields,"he host with any questions before booking.

Registration Details
OL-2023-037212",True
814908,2026-005522 OL,OL 2026 005522,Austin year/serial,merged listing fields,"ng you need for an amazing stay in Austin!

Registration Details
OL 2026 005522",True
815413398248300256,2023-053926 OL,OL 2023 053926,Austin year/serial,merged listing fields,"ty cameras on the front door and backyard.

Registration Details
OL 2023 053926",False
816013391378010444,2023-040235 OL,OL 2023 040235,Austin year/serial,merged listing fields,"termination of your stay without a refund.

Registration Details
OL 2023 040235",True
817474786391131276,2026-123656 OL,OL 2026 123656,Austin year/serial,merged listing fields,"undry basket if you need to use the dryer.

Registration Details
OL 2026 123656",True
8185376,2015-107140 OL,OL 2015 107140,Austin year/serial,merged listing fields," families with children.  No one under 21.

Registration Details
OL 2015 107140",True
820424657056989439,2026-111346 OL,OL 2026 111346,Austin year/serial,merged listing fields,"rtable and convenient East Austin retreat!

Registration Details
OL 2026 111346",False
821165685570743915,2023-040235 OL,OL 2023 040235,Austin year/serial,merged listing fields,"termination of your stay without a refund.

Registration Details
OL 2023 040235",True
821229539924168211,2021-132133 OL,OL2021132133,Austin year/serial,merged listing fields,"property to enable a quick and easy check-in process.

License:  OL2021132133

Registration Details
OL 2021 132133",False
822468235246078364,2025-045077 OL,OL 2025 045077,Austin year/serial,merged listing fields,"ely to preserve the integrity of the home.

Registration Details
OL 2025 045077",False
8235178,2013-000588 OL,OL-2013-000588,Austin year/serial,merged listing fields," to help guide you in the right direction.

Registration Details
OL-2013-000588",True
824002564235077756,2023-109961 OL,OL 2023 109961,Austin year/serial,merged listing fields,"rage) unless permitted for special reasons

Registration Details
OL 2023 109961",True
824009210646157612,2021-198814 OL,OL 2021 198814,Austin year/serial,merged listing fields," is 4:00 PM and checkout time is 10:00 AM.

Registration Details
OL 2021 198814",True
824627470406583305,2023-013288 OL,OL 2023 013288,Austin year/serial,merged listing fields,"e of and fed.

-No smoking on premises!!!!

Registration Details
OL 2023 013288",True
8253159,2018-052077 OL,OL 2018 052077,Austin year/serial,merged listing fields,"ests.
Max two guests.
Strict Cancellation.

Registration Details
OL 2018 052077",True
826042776906841495,2021-021178 OL,OL 2021 021178,Austin year/serial,merged listing fields,"o drive up slowly to load and unload bags.

Registration Details
OL 2021 021178",False
826255249337202951,2023-032885 OL,2023-032885 OL,Austin year/serial,merged listing fields,"just as welcome and comfortable as you do.

Registration Details
2023-032885 OL",True
826710579333781494,2025-160019 OL,OL 2025 160019,Austin year/serial,merged listing fields,"er people beyond the outside common areas.

Registration Details
OL 2025 160019",True
826932514793908124,2023-061824 OL,OL 2023 061824,Austin year/serial,merged listing fields,"r treating the home with care and respect.

Registration Details
OL 2023 061824",False
8272629,2026-027391 OL,OL 2026 027391,Austin year/serial,merged listing fields," ($25/night) to cover additional cleaning.

Registration Details
OL 2026 027391",True
828978207521498098,2021-201889 OL,OL 2021 201889,Austin year/serial,merged listing fields,"

Pets are not allowed at this property.

Registration Details
OL 2021 201889",False
8294952,2015-127991 OL,OL2015127991,Austin year/serial,merged listing fields,"ially between the hours of 11 PM and 7 AM.

Registration Details
OL2015127991",True
829931674175101222,2023-018014 OL,OL 2023 018014,Austin year/serial,merged listing fields,"emailed to you a few days before your stay

Registration Details
OL 2023 018014",True
830212417586995595,2014-111041 OL,2014-111041 OL,Austin year/serial,merged listing fields," select this wonderful home for your stay!

Registration Details
2014-111041 OL",True
831055275070095410,2026-041946 OL,OL 2026 041946,Austin year/serial,merged listing fields," tandem parking. Plenty of street parking.

Registration Details
OL 2026 041946",True
831116198672037822,2020-012182 OL,OL 2020 012182,Austin year/serial,merged listing fields,"lease contact for pricing regarding events

Registration Details
OL 2020 012182",False
831414501926494776,2026-106957 OL,OL 2026 106957,Austin year/serial,merged listing fields,"nterior stairs that lead up to the rental.

Registration Details
OL 2026 106957",False
831912382153063808,2023-045969 OL,OL 2023 045969,Austin year/serial,merged listing fields," and stairs that lead up to the apartment.

Registration Details
OL 2023 045969",False
832150614641137573,2026-032330 OL,OL 2026 032330,Austin year/serial,merged listing fields,"d not sharing anything with another home).

Registration Details
OL 2026 032330",True
832947581715260474,2025-141747 OL,OL-2025-141747,Austin year/serial,merged listing fields," weekdays. I like to keep the house clean.

Registration Details
OL-2025-141747",True
834223604243960752,2023-138731 OL,OL 2023 138731,Austin year/serial,merged listing fields,"o please make sure to accurately disclose.

Registration Details
OL 2023 138731",True
834298751195524301,2023-049040 OL,OL 2023 049040,Austin year/serial,merged listing fields," rental is licensed by the City of Austin.

Registration Details
OL 2023 049040",True
836232460321169232,2025-065818 OL,OL 2025 065818,Austin year/serial,merged listing fields,"orners/edges on furniture and glass edges.

Registration Details
OL 2025 065818",False
83643,2017-036412 OL,OL-2017-036412,Austin year/serial,merged listing fields," no need for the expense of bottled water.

Registration Details
OL-2017-036412",True
836894631497264233,2024-123210 OL,OL 2024 123210,Austin year/serial,merged listing fields,"s will incur an additional charge of $300.

Registration Details
OL 2024 123210",True
8370503,2026-070855 OL,OL 2026 070855,Austin year/serial,merged listing fields," to the entire house and private backyard.

Registration Details
OL 2026 070855",True
838494433565867956,2023-005585 OL,OL2023005585,Austin year/serial,merged listing fields,"tub is always free.  

City of Austin Short Term Rental Permit # OL2023005585

Registration Details
OL2023005585",True
838689074676818894,2026-105286 OL,OL 2026 105286,Austin year/serial,merged listing fields,"onal $40 fee if uncleaned feces are found.

Registration Details
OL 2026 105286",True
839054124040353444,2021-006134 OL,OL2021 006134,Austin year/serial,merged listing fields,"ks for understanding.

City of Austin Short Term Rental Permit # OL2021 006134

Registration Details
OL2021006134",True
839216289072236653,2026-125050 OL,OL2026125050,Austin year/serial,merged listing fields," to grocery, restaurants and liquor stores

Registration Details
OL2026125050",False
840108453613788196,2026-044599 OL,OL 2026 044599,Austin year/serial,merged listing fields,"r to your arrival. Check out time is 11am.

Registration Details
OL 2026 044599",True
840108714130464185,2026-044599 OL,OL 2026 044599,Austin year/serial,merged listing fields,"ing you need to enjoy your time in Austin.

Registration Details
OL 2026 044599",True
840485580314483662,2022-055030 OL,OL 2022 055030,Austin year/serial,merged listing fields,"during, or after delivery to the property.

Registration Details
OL 2022 055030",True
840486327946394769,2023-025773 OL,OL #2023-025773,Austin year/serial,merged listing fields,"the City of Austin and State of Texas, Short-term Rental License OL #2023-025773

Registration Details
OL 2023 025773",True
840805853522884653,2022-055030 OL,OL 2022 055030,Austin year/serial,merged listing fields,"during, or after delivery to the property.

Registration Details
OL 2022 055030",True
841365795889774589,2024-138578 OL,2024-138578 OL,Austin year/serial,merged listing fields,"n-sized air mattress available by request.

Registration Details
2024-138578 OL",False
841571611432939501,2024-060416 OL,OL 2024 060416,Austin year/serial,merged listing fields,"st experience and enjoy your stay with us!

Registration Details
OL 2024 060416",False
8423582,2025-042560 OL,OL 2025 042560,Austin year/serial,merged listing fields," of Austin STR License: OL 2025 and 042560

Registration Details
OL 2025 042560",True
842716380572687295,2026-004317 OL,OL 2026 004317,Austin year/serial,merged listing fields,"tspots.

Other things to note
$150 per pet

Registration Details
OL 2026 004317",True
842773545357954239,2026-035098 OL,OL 2026 035098,Austin year/serial,merged listing fields,"t or the freezing cold like everyone else.

Registration Details
OL 2026 035098",True
842773720597962189,2026-035033 OL,OL 2026 035033,Austin year/serial,merged listing fields,"t or the freezing cold like everyone else.

Registration Details
OL 2026 035033",True
842773864137813738,2026-035042 OL,OL 2026 035042,Austin year/serial,merged listing fields,"t or the freezing cold like everyone else.

Registration Details
OL 2026 035042",True
842832610180856120,2026-083077 OL,OL 2026 083077,Austin year/serial,merged listing fields,"this listing you're agreeing to the above.

Registration Details
OL 2026 083077",True
842851543741179815,2024-112743 OL,OL 2024 112743,Austin year/serial,merged listing fields,"e of $541 will be collected after booking.

Registration Details
OL 2024 112743",True
843293229198469651,2026-099497 OL,OL 2026 099497,Austin year/serial,merged listing fields,"n-sized air mattress available by request.

Registration Details
OL 2026 099497",True
843642956485887048,2022-166416 OL,OL 2022 166416,Austin year/serial,merged listing fields,"PLUS USPS/UPS shipping fee (with receipt).

Registration Details
OL 2022 166416",False
8438090,2015-130826 OL,OL 2015 130826,Austin year/serial,merged listing fields,"ered with the City, so you know I'm legit.

Registration Details
OL 2015 130826",True
844287763394520471,2023-036185 OL,OL2023036185,Austin year/serial,merged listing fields,"emailed to you a few days before your stay

Registration Details
OL2023036185",True
844914193960027293,2023-020479 OL,OL 2023 020479,Austin year/serial,merged listing fields,"e of $541 will be collected after booking.

Registration Details
OL 2023 020479",True
845177281006950196,2022-055030 OL,OL 2022 055030,Austin year/serial,merged listing fields,"during, or after delivery to the property.

Registration Details
OL 2022 055030",True
845197417889042554,2022-055030 OL,OL 2022 055030,Austin year/serial,merged listing fields,"during, or after delivery to the property.

Registration Details
OL 2022 055030",True
847892441229588847,2026-083380 OL,OL 2026 083380,Austin year/serial,merged listing fields," send in a complaint to the HOA or AirBnb.

Registration Details
OL 2026 083380",False
8480556,2014-111067 OL,OL-2014-111067,Austin year/serial,merged listing fields,"ustin. License # OL (PHONE NUMBER HIDDEN).

Registration Details
OL-2014-111067",False
848091710225573476,2023-145743 OL,OL 2023 145743,Austin year/serial,merged listing fields,"K IN FRONT OF ANY OF THE NEIGHBORS HOUSES.

Registration Details
OL 2023 145743",False
848799216664910378,2025-014185 OL,OL 2025 014185,Austin year/serial,merged listing fields,"ory townhouse, with all bedrooms upstairs.

Registration Details
OL 2025 014185",False
849966356070604953,2024-055029 OL,OL 2024 055029,Austin year/serial,merged listing fields," with many rideshare, and scooter options.

Registration Details
OL 2024 055029",True
850234814306816507,2023-014640 OL,OL2023014640,Austin year/serial,merged listing fields,"PM, checkout before 11 AM
• 2 Pets allowed

Registration Details
OL2023014640",True
851489401454714475,2026-103923 OL,OL 2026 103923,Austin year/serial,merged listing fields,"se respect the neighbors and neighborhood.

Registration Details
OL 2026 103923",True
852163990505629235,2023-052439 OL,OL2023052439,Austin year/serial,merged listing fields," many fabulous restaurants and activities!

Registration Details
OL2023052439",True
853084842779149733,2025-134807 OL,OL 2025 134807,Austin year/serial,merged listing fields,"nge or refill it at their own convenience.

Registration Details
OL 2025 134807",True
8531225,2023-010231 OL,ol2023010231,Austin year/serial,merged listing fields," things to note
10 minutes to get downtown

Registration Details
ol2023010231",True
856428098347590510,2023-032660 OL,OL 2023 032660,Austin year/serial,merged listing fields," and live music venues in Downtown Austin.

Registration Details
OL 2023 032660",True
8567050,2023-010231 OL,OL 2023 010231,Austin year/serial,merged listing fields,"to U.T. shuttle and austin city bus stops.

Registration Details
OL 2023 010231",True
857306135724187635,2026-063396 OL,OL 2026 063396,Austin year/serial,merged listing fields,"on date if staying for an extended period.

Registration Details
OL 2026 063396",True
857895687050303274,2016-152974 OL,2016-152974 OL,Austin year/serial,merged listing fields,"for monthly stays — message us to arrange.

Registration Details
2016-152974 OL",True
858637867168746631,2023-010401 OL,OL 2023 010401,Austin year/serial,merged listing fields,"ther room direct access to the facilities.

Registration Details
OL 2023 010401",True
859165572556396940,2024-138628 OL,OL 2024 138628,Austin year/serial,merged listing fields,"for monthly stays — message us to arrange.

Registration Details
OL 2024 138628",True
859216633846254878,2024-138628 OL,OL 2024 138628,Austin year/serial,merged listing fields,"for monthly stays — message us to arrange.

Registration Details
OL 2024 138628",True
859463597569315339,2025-082541 OL,OL 2025 082541,Austin year/serial,merged listing fields,"ity). Message us and we'll get you sorted!

Registration Details
OL 2025 082541",False
859952031812812619,2021-204717 OL,OL2021204717,Austin year/serial,merged listing fields,"ct—this is a private residence, not a hotel.

Operating License: OL2021204717

Pool towels are provided. TVs offer streaming only; cable and satellite service are not ",True
860138863116299478,2023-064655 OL,OL 2023 064655,Austin year/serial,merged listing fields,"pon request.  Pet manual will be provided.

Registration Details
OL 2023 064655",False
861043931901707546,2026-038628 OL,OL 2026 038628,Austin year/serial,merged listing fields,"u need anything specific during your stay.

Registration Details
OL 2026 038628",True
861484240066775185,2023-113172 OL,OL 2023 113172,Austin year/serial,merged listing fields,"making it the ideal place for remote work.

Registration Details
OL 2023 113172",True
861748382551055399,2023-045723 OL,OL 2023 045723,Austin year/serial,merged listing fields," large wooded private lot close to Austin.

Registration Details
OL 2023 045723",True
861751093955175775,2021-201889 OL,OL 2021 201889,Austin year/serial,merged listing fields,"y be available (please check fees for use)

Registration Details
OL 2021 201889",False
861841995115380430,2026-057521 OL,OL 2026 057521,Austin year/serial,merged listing fields,"s part of what makes this bungalow unique.

Registration Details
OL 2026 057521",True
863769694473516328,2026-078111 OL,OL 2026 078111,Austin year/serial,merged listing fields,"& yard is reserved for your exclusive use.

Registration Details
OL 2026 078111",True
865344034656618510,2025-158676 OL,OL 2025 158676,Austin year/serial,merged listing fields,"ts. Please see house rules regarding pets.

Registration Details
OL 2025 158676",True
865385067735720030,2025-092600 OL,OL 2025 092600,Austin year/serial,merged listing fields,"the house rules for our rules around pets.

Registration Details
OL 2025 092600",False
8666980,2026-045963 OL,OL 2026 045963,Austin year/serial,merged listing fields,"Pls no vaping or making inside the casita.

Registration Details
OL 2026 045963",True
867285036056943855,2025-005499 OL,OL 2025 005499,Austin year/serial,merged listing fields,"ce is just 1 block away. 3 minutes walking

Registration Details
OL 2025 005499",True
867452086315647848,2026-044954 OL,OL 2026 044954,Austin year/serial,merged listing fields,"lowed if it were our own kids at the pool.

Registration Details
OL 2026 044954",True
868630470918063876,2022-069531 OL,OL 2022 069531,Austin year/serial,merged listing fields,".

Non guests are not allowed at the pool.

Registration Details
OL 2022 069531",True
869147481912942422,2026-041259 OL,OL 2026 041259,Austin year/serial,merged listing fields,"ts and we will see how we can accommodate.

Registration Details
OL 2026 041259",True
869477113588940916,2021-201889 OL,OL 2021 201889,Austin year/serial,merged listing fields,", yoga lounge, and private Peloton studios

Registration Details
OL 2021 201889",False
870290900551469456,2026-005491 OL,OL 2026 005491,Austin year/serial,merged listing fields,"ote
We hope you enjoy your stay in Austin!

Registration Details
OL 2026 005491",True
873991879205407217,2021-007604 OL,OL 2021 007604,Austin year/serial,merged listing fields,"musicians, artists and related businesses.

Registration Details
OL 2021 007604",False
874038627364388309,2020-123993 OL,OL 2020 123993,Austin year/serial,merged listing fields,"g it a memorable and enjoyable experience!

Registration Details
OL 2020 123993",True
874172056663233580,2021-201889 OL,OL 2021 201889,Austin year/serial,merged listing fields,"ed ID verification.

No parties or events.

Registration Details
OL 2021 201889",False
876215470671846919,2025-117840 OL,OL 2025 117840,Austin year/serial,merged listing fields,"hank you very much for your understanding.

Registration Details
OL 2025 117840",True
877632000094753223,2025-105330 OL,OL 2025 105330,Austin year/serial,merged listing fields,"as doorknobs, cabinets, and light switches

Registration Details
OL 2025 105330",False
878498998200234423,2023-063482 OL,OL 2023 063482,Austin year/serial,merged listing fields,"roperty.

Please no shoes inside the house

Registration Details
OL 2023 063482",True
878924750403373870,2021-072054 OL,OL-2021-072054,Austin year/serial,merged listing fields,"use the bug spray provided under the sink.

Registration Details
OL-2021-072054",True
878982935488911339,2023-061643 OL,OL2023061643,Austin year/serial,merged listing fields,"ur Nightly Rate includes the Airbnb Service Fees. 

STR License #OL2023061643

The space
You enter to an open living/dining/kitchen space with a wall of windows leadin",True
879754766022298029,2025-067992 OL,OL 2025 067992,Austin year/serial,merged listing fields,"s more once your reservation is confirmed!

Registration Details
OL 2025 067992",False
879770624530949892,2025-052798 OL,OL 2025 052798,Austin year/serial,merged listing fields,"s more once your reservation is confirmed!

Registration Details
OL 2025 052798",False
879774083309078454,2025-052798 OL,OL 2025 052798,Austin year/serial,merged listing fields,"s more once your reservation is confirmed!

Registration Details
OL 2025 052798",False
880630678586529198,2023-028505 OL,OL 2023 028505,Austin year/serial,merged listing fields,"we converted to a small room for children.

Registration Details
OL 2023 028505",True
881285171992499319,2026-099255 OL,OL 2026 099255,Austin year/serial,merged listing fields,"ment available to ensure fun for everyone.

Registration Details
OL 2026 099255",True
881378472170088915,2022-067047 OL,OL 2022 067047,Austin year/serial,merged listing fields,"k of house.
Thank you in advance.  Melissa

Registration Details
OL 2022 067047",True
882453204830579060,2023-035596 OL,OL2023035596,Austin year/serial,merged listing fields,"ile making new lifelong memories.

City of Austin Permit Number: OL2023035596

Guest access
Guests have full, private access to the property once rented. Front entranc",False
883341430832707838,2025-032133 OL,OL 2025 032133,Austin year/serial,merged listing fields," to note
This is a no pet home. Thank you.

Registration Details
OL 2025 032133",True
883393628922567060,2025-022380 OL,OL 2025 022380,Austin year/serial,merged listing fields,"applicable fee will be charged separately.

Registration Details
OL 2025 022380",False
883802,2019-178481 OL,OL 2019 178481,Austin year/serial,merged listing fields,"h a City of Austin STR License # OL 015229

Registration Details
OL 2019 178481",False
883926422471552052,2026-040945 OL,OL 2026 040945,Austin year/serial,merged listing fields,"actice throwing your best disc golf shots!

Registration Details
OL 2026 040945",True
883970,2015-057739 OL,OL-2015-057739,Austin year/serial,merged listing fields,"l 1, 2025:  City of Austin Hotel Tax = 11%

Registration Details
OL-2015-057739",True
884028416652584579,2023-013230 OL,OL 2023 013230,Austin year/serial,merged listing fields,"e reach out so we can schedule in advance.

Registration Details
OL 2023 013230",True
884750654112406795,2025-066152 OL,OL 2025 066152,Austin year/serial,merged listing fields,"nding that bugs sometimes happen in Texas!

Registration Details
OL 2025 066152",True
884790236976637392,2025-066152 OL,OL 2025 066152,Austin year/serial,merged listing fields,"nding that bugs sometimes happen in Texas!

Registration Details
OL 2025 066152",True
884846307012755143,2025-066152 OL,OL 2025 066152,Austin year/serial,merged listing fields,"nding that bugs sometimes happen in Texas!

Registration Details
OL 2025 066152",True
885821673462028741,2024-106720 OL,OL 2024 106720,Austin year/serial,merged listing fields,"ou for your understanding and cooperation.

Registration Details
OL 2024 106720",True
886293571693795002,2026-043752 OL,OL 2026 043752,Austin year/serial,merged listing fields,"uests may see or hear us in the back yard.

Registration Details
OL 2026 043752",True
8866139,2024-133372 OL,OL 2024 133372,Austin year/serial,merged listing fields,"Agreement can be found in the House Rules.

Registration Details
OL 2024 133372",True
887127935465298928,2024-024988 OL,OL 2024 024988,Austin year/serial,merged listing fields,"r will immediately cancel the reservation.

Registration Details
OL 2024 024988",True
887136921023671686,2024-024988 OL,OL 2024 024988,Austin year/serial,merged listing fields,"r will immediately cancel the reservation.

Registration Details
OL 2024 024988",True
887141011699508963,2024-024988 OL,OL 2024 024988,Austin year/serial,merged listing fields,"s will incur an additional charge of $300.

Registration Details
OL 2024 024988",True
887623092820907979,2025-151400 OL,OL 2025 151400,Austin year/serial,merged listing fields,"locked.

Other things to note
$150 per pet

Registration Details
OL 2025 151400",True
888676788500053420,2021-201889 OL,OL 2021 201889,Austin year/serial,merged listing fields,"Friday, May 16th due to necessary repairs.

Registration Details
OL 2021 201889",False
889361287718354467,2023-041276 OL,OL 2023 041276,Austin year/serial,merged listing fields,"need for a comfortable and enjoyable stay.

Registration Details
OL 2023 041276",False
889823843746577265,2021-005450 OL,2021-005450 OL,Austin year/serial,merged listing fields," is 4:00 PM and checkout time is 10:00 AM.

Registration Details
2021-005450 OL",False
889831767371295908,2021-005450 OL,2021-005450 OL,Austin year/serial,merged listing fields,"0:00 AM; early/late options not guaranteed

Registration Details
2021-005450 OL",False
889836517853642716,2021-005450 OL,2021-005450 OL,Austin year/serial,merged listing fields," is 4:00 PM and checkout time is 10:00 AM.

Registration Details
2021-005450 OL",False
889838074137427349,2021-005450 OL,2021-005450 OL,Austin year/serial,merged listing fields," is 4:00 PM and checkout time is 10:00 AM.

Registration Details
2021-005450 OL",False
889838945551906618,2021-005450 OL,2021-005450 OL,Austin year/serial,merged listing fields," is 4:00 PM and checkout time is 10:00 AM.

Registration Details
2021-005450 OL",False
889840172523367752,2021-005450 OL,2021-005450 OL,Austin year/serial,merged listing fields," is 4:00 PM and checkout time is 10:00 AM.

Registration Details
2021-005450 OL",False
889841572585748905,2021-005450 OL,2021-005450 OL,Austin year/serial,merged listing fields," is 4:00 PM and checkout time is 10:00 AM.

Registration Details
2021-005450 OL",False
889842672719878715,2021-005450 OL,2021-005450 OL,Austin year/serial,merged listing fields," is 4:00 PM and checkout time is 10:00 AM.

Registration Details
2021-005450 OL",False
889847960393918046,2023-100654 OL,OL 2023 100654,Austin year/serial,merged listing fields,"oor: we will take care of everything else!

Registration Details
OL 2023 100654",False
892275662289742522,2025-029789 OL,OL 2025 029789,Austin year/serial,merged listing fields,"es to downtown Austin/South Congress area.

Registration Details
OL 2025 029789",True
892324925583826002,2026-030173 OL,OL 2026 030173,Austin year/serial,merged listing fields," kitchen / living room and backyard patio.

Registration Details
OL 2026 030173",True
892325433086903738,2025-111874 OL,OL-2025-111874,Austin year/serial,merged listing fields,"ermission will be broken up and dispersed.

Registration Details
OL-2025-111874",False
8926402,2018-130010 OL,OL-2018-130010,Austin year/serial,merged listing fields,"ntasy and art books, 7 streaming services.

Registration Details
OL-2018-130010",True
893077143476783208,2025-029761 OL,OL 2025 029761,Austin year/serial,merged listing fields,"es to downtown Austin/South Congress area.

Registration Details
OL 2025 029761",True
895682396928370349,2026-033684 OL,OL 2026 033684,Austin year/serial,merged listing fields," and comfortable atmosphere for your stay.

Registration Details
OL 2026 033684",True
896457078841033405,2026-119597 OL,OL 2026 119597,Austin year/serial,merged listing fields,"joy that perfect temperature all day long.

Registration Details
OL 2026 119597",True
897337157213588308,2026-100378 OL,OL 2026 100378,Austin year/serial,merged listing fields,", but there is no one living on site 24/7.

Registration Details
OL 2026 100378",True
897847033999253671,2023-086064 OL,OL 2023 086064,Austin year/serial,merged listing fields,"om (55”) and bedroom (43”).  300+MB Wi-Fi.

Registration Details
OL 2023 086064",False
8986977,2016-002094 OL,OL2016002094,Austin year/serial,merged listing fields,"t. I keep wipes in the room for guest use.

Registration Details
OL2016002094",True
899176450030962781,2022-170217 OL,OL 2022 170217,Austin year/serial,merged listing fields,"ions or need assistance during your visit.

Registration Details
OL 2022 170217",True
901384966564355316,2023-069339 OL,OL 2023 069339,Austin year/serial,merged listing fields,"refinement_paths%5B%5D=/guidebooks/6780629

Registration Details
OL 2023 069339",False
903469734984199715,2025-112762 OL,2025-112762 OL,Austin year/serial,merged listing fields,"n-sized air mattress available by request.

Registration Details
2025-112762 OL",True
903573921194199823,2023-063387 OL,OL 2023 063387,Austin year/serial,merged listing fields,"ne in your group has severe dog allergies.

Registration Details
OL 2023 063387",False
904459296502037066,2026-090966 OL,OL 2026 090966,Austin year/serial,merged listing fields," Theater
6 minutes to Austin Custom Winery

Registration Details
OL 2026 090966",True
907139134365722051,2023-033005 OL,OL 2023 033005,Austin year/serial,merged listing fields,"raffic noise in the morning and afternoon.

Registration Details
OL 2023 033005",True
907325193796955083,2026-009451 OL,OL 2026 009451,Austin year/serial,merged listing fields," free to message us - we’re happy to help.

Registration Details
OL 2026 009451",True
907558987028234034,2023-120849 OL,OL2023120849,Austin year/serial,merged listing fields,"it up to 3-4 max vehicles per reservation.

Registration Details
OL2023120849",False
907953569449143361,2021-005450 OL,2021-005450 OL,Austin year/serial,merged listing fields,"0:00 AM. Early/late options not guaranteed

Registration Details
2021-005450 OL",False
907957919962151833,2021-005450 OL,2021-005450 OL,Austin year/serial,merged listing fields,"n than a standard shower
• No pets allowed

Registration Details
2021-005450 OL",False
908772901916066255,2023-039091 OL,OL-2023-039091,Austin year/serial,merged listing fields,"
Guest access
includes the entire property

Registration Details
OL-2023-039091",True
908974324394877285,2023-033005 OL,OL 2023 033005,Austin year/serial,merged listing fields,"raffic noise in the morning and afternoon.

Registration Details
OL 2023 033005",True
909023082555332917,2023-080702 OL,OL 2023 080702,Austin year/serial,merged listing fields,"me is the perfect base for your adventure.

Registration Details
OL 2023 080702",False
909464016694444028,2026-099765 OL,OL 2026 099765,Austin year/serial,merged listing fields,"g a relaxing yet lively Austin experience.

Registration Details
OL 2026 099765",True
910073232842604297,2025-017116 OL,OL2025017116,Austin year/serial,merged listing fields,"emailed to you a few days before your stay

Registration Details
OL2025017116",True
910798358925021746,2023-058359 OL,OL 2023 058359,Austin year/serial,merged listing fields,"s more once your reservation is confirmed!

Registration Details
OL 2023 058359",True
910805544936414910,2026-109041 OL,OL 2026 109041,Austin year/serial,merged listing fields,"ou will be able to access the entire house

Registration Details
OL 2026 109041",True
9113180,2015-127994 OL,OL2015127994,Austin year/serial,merged listing fields,"rty and each home is a free-standing home.

Registration Details
OL2015127994",True
911727892958684405,2023-051625 OL,OL 2023 051625,Austin year/serial,merged listing fields,"to the Kasita or common areas of the Nest.

Registration Details
OL 2023 051625",True
911899670641124334,2026-050200 OL,OL 2026 050200,Austin year/serial,merged listing fields,"here's anything you need during your stay!

Registration Details
OL 2026 050200",True
911908328118815356,2026-050192 OL,OL 2026 050192,Austin year/serial,merged listing fields,"here's anything you need during your stay!

Registration Details
OL 2026 050192",True
911913725309961295,2026-050174 OL,OL 2026 050174,Austin year/serial,merged listing fields,"here's anything you need during your stay!

Registration Details
OL 2026 050174",True
912158436359608796,2021-106556 OL,OL 2021 106556,Austin year/serial,merged listing fields,"e ahead of time or plan to bring your own.

Registration Details
OL 2021 106556",False
912229130286757242,2023-061546 OL,OL 2023 061546,Austin year/serial,merged listing fields,"ntire condo unit as well as the back yard!

Registration Details
OL 2023 061546",False
912390824709429707,2023-078527 OL,OL 2023 078527,Austin year/serial,merged listing fields,"r cooking and a full outdoor seating area.

Registration Details
OL 2023 078527",True
912421644932986908,2023-078698 OL,OL 2023 078698,Austin year/serial,merged listing fields," fully fenced yard for safety and privacy.

Registration Details
OL 2023 078698",False
912472106939073461,2026-075204 OL,OL 2026 075204,Austin year/serial,merged listing fields," have their own private separate entrance.

Registration Details
OL 2026 075204",True
912881220845867915,2023-009947 OL,OL 2023 009947,Austin year/serial,merged listing fields,"rning coffee.... supplies will be on hand!

Registration Details
OL 2023 009947",True
913045670974791485,2026-113361 OL,OL 2026 113361,Austin year/serial,merged listing fields," heated year round with no additional fee.

Registration Details
OL 2026 113361",True
913955118542961914,2026-022665 OL,OL 2026 022665,Austin year/serial,merged listing fields,"to the entirety of the home and back yard.

Registration Details
OL 2026 022665",True
914644782282268217,2023-033395 OL,OL-2023-033395,Austin year/serial,merged listing fields,"ebook)
• Easy self-check-in available 24/7

Registration Details
OL-2023-033395",True
914773207916816087,2023-077817 OL,OL2023077817,Austin year/serial,merged listing fields,"emailed to you a few days before your stay

Registration Details
OL2023077817",False
915091230393878619,2023-103251 OL,OL-2023-103251,Austin year/serial,merged listing fields,"rs to the second floor only (no elevator).

Registration Details
OL-2023-103251",True
915275072049552161,2025-157372 OL,OL 2025 157372,Austin year/serial,merged listing fields,"Not sure why; there is only one full bath.

Registration Details
OL 2025 157372",True
9157222,2026-059476 OL,OL 2026 059476,Austin year/serial,merged listing fields,"o note
STR Licensed by the City of Austin.

Registration Details
OL 2026 059476",True
916019219926076146,2026-068105 OL,OL 2026 068105,Austin year/serial,merged listing fields,"ote
Parking is available for two vehicles.

Registration Details
OL 2026 068105",True
917408976977542029,2026-109629 OL,OL 2026 109629,Austin year/serial,merged listing fields,"s, parks, and pools for just $1.25 a ride!

Registration Details
OL 2026 109629",True
9182645,2022-112309 OL,2022-112309 OL,Austin year/serial,merged listing fields,"ties. No smoking anywhere on the premises.

Registration Details
2022-112309 OL",False
918274230145158068,2025-078389 OL,OL 2025 078389,Austin year/serial,merged listing fields,").  Lovely yard with firepit for your use!

Registration Details
OL 2025 078389",False
919072195873658752,2026-045854 OL,OL 2026 045854,Austin year/serial,merged listing fields,"

Guest access
Smart lock with unique code

Registration Details
OL 2026 045854",True
920267763216260859,2023-059888 OL,OL 2023 059888,Austin year/serial,merged listing fields,"s odd since it is not part of the complex.

Registration Details
OL 2023 059888",False
920303088613976474,2023-158267 OL,OL 2023 158267,Austin year/serial,merged listing fields,"ing we request you let us know in advance.

Registration Details
OL 2023 158267",True
920386301471124900,2023-065502 OL,OL2023065502,Austin year/serial,merged listing fields,"emailed to you a few days before your stay

Registration Details
OL2023065502",True
920473904952326168,2024-014955 OL,OL 2024 014955,Austin year/serial,merged listing fields,"n accordance with local noise regulations.

Registration Details
OL 2024 014955",True
920849262163364775,2021-106556 OL,OL 2021 106556,Austin year/serial,merged listing fields,"e ahead of time or plan to bring your own.

Registration Details
OL 2021 106556",False
920910010921944265,2026-031682 OL,OL2026031682,Austin year/serial,merged listing fields,"o Airport(AUS)
30 min to COTA/F1

City of Austin License Number: OL2026031682

Registration Details
OL 2026 031682",True
921075460388882910,2023-158267 OL,OL 2023 158267,Austin year/serial,merged listing fields,"ing we request you let us know in advance.

Registration Details
OL 2023 158267",True
921978188580415809,2026-058135 OL,OL 2026 058135,Austin year/serial,merged listing fields,"termination of your stay without a refund.

Registration Details
OL 2026 058135",True
922419141539122125,2026-029753 OL,OL 2026 029753,Austin year/serial,merged listing fields,", and plenty of additional street parking.

Registration Details
OL 2026 029753",True
922435792129950355,2025-159348 OL,OL2025159348,Austin year/serial,merged listing fields," Dell, Samsung, Amazon, Domain, and Apple.

Registration Details
OL2025159348",True
922531638511440153,2023-058359 OL,OL 2023 058359,Austin year/serial,merged listing fields,"s more once your reservation is confirmed!

Registration Details
OL 2023 058359",True
922540031379464565,2023-036930 OL,OL 2023 036930,Austin year/serial,merged listing fields,"s more once your reservation is confirmed!

Registration Details
OL 2023 036930",True
923233006059120566,2022-170217 OL,OL 2022 170217,Austin year/serial,merged listing fields,"But everything else is completely private!

Registration Details
OL 2022 170217",True
923265042339136215,2026-092444 OL,OL 2026 092444,Austin year/serial,merged listing fields,"Just something to consider before booking.

Registration Details
OL 2026 092444",True
923744644322963438,2026-032411 OL,OL2026032411,Austin year/serial,merged listing fields,"family of 5! Pack and play available for use!

Rental License #: OL2026032411

The space
|King bedroom|

King bed with memory foam mattress (mattress is classified som",True
926333430920180750,2023-078738 OL,OL-2023-078738,Austin year/serial,merged listing fields,"r fire pit hangs, yard games or your pets!

Registration Details
OL-2023-078738",False
929056006339989028,2023-068953 OL,OL 2023 068953,Austin year/serial,merged listing fields,"ighbors) happy, fireworks are not allowed.

Registration Details
OL 2023 068953",True
9294854,2025-025771 OL,OL 2025 025771,Austin year/serial,merged listing fields,"house rules before booking. ♥️  Thank you!

Registration Details
OL 2025 025771",True
932231,2026-088823 OL,OL 2026 088823,Austin year/serial,merged listing fields,"s, and changing and washing of all linens.

Registration Details
OL 2026 088823",True
932533594015694629,2026-064587 OL,OL 2026 064587,Austin year/serial,merged listing fields,"beloved wild animals. Please respect them.

Registration Details
OL 2026 064587",True
932737697004781000,2026-036979 OL,OL 2026 036979,Austin year/serial,merged listing fields,"riveway parking is specifically requested.

Registration Details
OL 2026 036979",True
933494526806232436,2026-109098 OL,OL 2026 109098,Austin year/serial,merged listing fields,"laundry (washer/dryer) access in the unit.

Registration Details
OL 2026 109098",True
933938454811929678,2026-096824 OL,OL 2026 096824,Austin year/serial,merged listing fields,"l cleaning, a supplementary fee may apply.

Registration Details
OL 2026 096824",True
935410309079293746,2023-129447 OL,OL-2023-129447,Austin year/serial,merged listing fields,"ep in accordance with local noise regulations. 
-Permit Numbers: OL-2023-129447 & OL-2023-129351

Registration Details
OL 2023 129447",True
935410309079293746,2023-129351 OL,OL-2023-129351,Austin year/serial,merged listing fields,"with local noise regulations. 
-Permit Numbers: OL-2023-129447 & OL-2023-129351

Registration Details
OL 2023 129447",True
935505612040052675,2023-084285 OL,OL 2023 084285,Austin year/serial,merged listing fields,"ennis courts, and an outdoor seating area.

Registration Details
OL 2023 084285",True
937279156922082387,2022-109034 OL,OL-2022-109034,Austin year/serial,merged listing fields," prevent entry into that part of the yard.

Registration Details
OL-2022-109034",False
938491338628503968,2026-030691 OL,OL 2026 030691,Austin year/serial,merged listing fields,"hank you very much for your understanding.

Registration Details
OL 2026 030691",True
944997442801467792,2024-069921 OL,OL 2024 069921,Austin year/serial,merged listing fields,"RE UNLESS YOU BRING YOUR OWN PET BLANKET!!

Registration Details
OL 2024 069921",True
9471596,2023-164041 OL,OL2023164041,Austin year/serial,merged listing fields,", parking in the neighborhood is abundant.

Registration Details
OL2023164041",True
947917333022430377,2026-056589 OL,OL 2026 056589,Austin year/serial,merged listing fields,"nother house, but it has its own driveway.

Registration Details
OL 2026 056589",True
947945247165173388,2026-057195 OL,OL 2026 057195,Austin year/serial,merged listing fields,"ements will be the guest’s responsibility.

Registration Details
OL 2026 057195",True
948100349598297355,2023-049117 OL,OL 2023 049117,Austin year/serial,merged listing fields,"ce of what makes Austin truly exceptional.

Registration Details
OL 2023 049117",False
948110367013568677,2023-049117 OL,OL 2023 049117,Austin year/serial,merged listing fields,"ce of what makes Austin truly exceptional.

Registration Details
OL 2023 049117",False
948116820220969536,2023-049117 OL,OL 2023 049117,Austin year/serial,merged listing fields,"ce of what makes Austin truly exceptional.

Registration Details
OL 2023 049117",False
948784858454864250,2026-067021 OL,OL 2026 067021,Austin year/serial,merged listing fields,"are disconcerted when they come across it.

Registration Details
OL 2026 067021",True
9491998,2022-138645 OL,OL-2022-138645,Austin year/serial,merged listing fields,"ng is free and plentiful around the house.

Registration Details
OL-2022-138645",True
950698238128190216,2026-033600 OL,OL2026033600,Austin year/serial,merged listing fields,"tchen & bedroom

Guest access
entire place

Registration Details
OL2026033600",False
951639085484720168,2023-048531 OL,OL 2023 048531,Austin year/serial,merged listing fields,"t. 

Licensed Austin STR: OL ""2023 048531""

Registration Details
OL 2023 048531",True
951718097261923757,2026-030274 OL,OL2026030274,Austin year/serial,merged listing fields,"well

Other things to note
No pets allowed

Registration Details
OL2026030274",True
952139812670773518,2026-062934 OL,OL 2026 062934,Austin year/serial,merged listing fields,"ighbors) happy, fireworks are not allowed.

Registration Details
OL 2026 062934",True
952207404339593790,2026-008234 OL,OL 2026 008234,Austin year/serial,merged listing fields," proximity to all the shops & restaurants!

Registration Details
OL 2026 008234",True
953151281148022785,2026-045583 OL,OL 2026 045583,Austin year/serial,merged listing fields,"as you experience the best of East Austin.

Registration Details
OL 2026 045583",True
953197178536311679,2026-064137 OL,OL-2026-064137,Austin year/serial,merged listing fields,"e house, Garage, Backyard and Laundry room

Registration Details
OL-2026-064137",True
953843790329551804,2025-047505 OL,OL-2025-047505,Austin year/serial,merged listing fields,are fully licensed by the City of Austin. Our license number is: OL-2025-047505,False
954116,2014-015228 OL,OL 2014 015228,Austin year/serial,merged listing fields,"ey're a burden, I can keep them locked in.

Registration Details
OL 2014 015228",True
954323894674447673,2025-046535 OL,OL 2025 046535,Austin year/serial,merged listing fields,"sis, and Austin’s famous live music scene.

Registration Details
OL 2025 046535",False
954398309066666442,2023-130788 OL,OL 2023 130788,Austin year/serial,merged listing fields,"erviced weekly. Gardner comes once a week.

Registration Details
OL 2023 130788",True
955016309930550005,2018-060289 OL,2018-060289 OL,Austin year/serial,merged listing fields,"is at 4:00 PM and checkout is at 10:00 AM.

Registration Details
2018-060289 OL",True
955612,2026-094713 OL,OL 2026 094713,Austin year/serial,merged listing fields,"some fun with friends, family, colleagues.

Registration Details
OL 2026 094713",True
957463050069566313,2026-038530 OL,OL 2026 038530,Austin year/serial,merged listing fields,"rld! Relax - have fun and enjoy your stay!

Registration Details
OL 2026 038530",True
957984671526230346,2021-201889 OL,OL 2021 201889,Austin year/serial,merged listing fields,"y be available (please check fees for use)

Registration Details
OL 2021 201889",False
958463106237551765,2024-060416 OL,OL 2024 060416,Austin year/serial,merged listing fields,"st experience and enjoy your stay with us!

Registration Details
OL 2024 060416",False
958651068436909067,2024-099054 OL,OL 2024 099054,Austin year/serial,merged listing fields,"as doorknobs, cabinets, and light switches

Registration Details
OL 2024 099054",False
958680236374407322,2024-133372 OL,OL 2024 133372,Austin year/serial,merged listing fields,"trip insurance, which we always recommend!

Registration Details
OL 2024 133372",True
960315,2026-083654 OL,OL 2026 083654,Austin year/serial,merged listing fields,"e that home and safety rules are followed.

Registration Details
OL 2026 083654",True
960864265762672844,2023-113515 OL,OL 2023 113515,Austin year/serial,merged listing fields,"rash bags, and cleaning supplies provided.

Registration Details
OL 2023 113515",True
962200498139760784,2026-098497 OL,OL 2026 098497,Austin year/serial,merged listing fields,"bout staying here, feel free to reach out.

Registration Details
OL 2026 098497",True
962420161785449470,2024-021294 OL,OL 2024 021294,Austin year/serial,merged listing fields,"be used for a child to sleep on the floor.

Registration Details
OL 2024 021294",True
963128867674676699,2025-129811 OL,OL-2025-129811,Austin year/serial,merged listing fields,"rtant to us.  There are no indoor cameras.

Registration Details
OL-2025-129811",True
963685965673959202,2025-013500 OL,OL 2025 013500,Austin year/serial,merged listing fields,"we embrace the seasons and conserve water!

Registration Details
OL 2025 013500",False
963725862626373596,2026-077600 OL,OL 2026 077600,Austin year/serial,merged listing fields,"scooter, or bus ride from downtown Austin.

Registration Details
OL 2026 077600",True
963767269992853852,2026-115238 OL,OL-2026-115238,Austin year/serial,merged listing fields,"ion may be confirmed.

25 and up age limit

Registration Details
OL-2026-115238",False
966231642881386465,2024-001589 OL,OL 2024 001589,Austin year/serial,merged listing fields,"et parking and backyard parking available.

Registration Details
OL 2024 001589",True
967451,2026-036273 OL,OL 2026 036273,Austin year/serial,merged listing fields,"We'll work something out! See you soon!
-M

Registration Details
OL 2026 036273",True
968074140247140360,2023-071105 OL,OL 2023 071105,Austin year/serial,merged listing fields,"alk, Uber, Scooter....everything is close!

Registration Details
OL 2023 071105",False
968077804190861888,2024-138628 OL,OL 2024 138628,Austin year/serial,merged listing fields,"for monthly stays — message us to arrange.

Registration Details
OL 2024 138628",True
968954719185770874,2023-098772 OL,OL 2023 098772,Austin year/serial,merged listing fields,"king is available right next to the house.

Registration Details
OL 2023 098772",False
969040275703008216,2023-147354 OL,OL 2023 147354,Austin year/serial,merged listing fields,"s information being provided upon arrival.

Registration Details
OL 2023 147354",True
970969410138394673,2025-137597 OL,OL 2025 137597,Austin year/serial,merged listing fields,"pital, Moody Center and the State Capitol.

Registration Details
OL 2025 137597",True
972659930381772029,2026-093928 OL,OL 2026 093928,Austin year/serial,merged listing fields,"wntown Austin and Circuit of the Americas.

Registration Details
OL 2026 093928",True
973130833043282544,2024-044695 OL,OL-2024-044695,Austin year/serial,merged listing fields,"ining experiences and exciting activities!

Registration Details
OL-2024-044695",True
973998173910148644,2023-104853 OL,OL 2023 104853,Austin year/serial,merged listing fields,"ed the 4th-night discount to reflect that.

Registration Details
OL 2023 104853",False
974712064299290750,2024-012008 OL,ol2024012008,Austin year/serial,merged listing fields," & ""sauna"" liability waiver after booking.

Registration Details
ol2024012008",True
975372427607545640,2021-201889 OL,OL 2021 201889,Austin year/serial,merged listing fields,"y be available (please check fees for use)

Registration Details
OL 2021 201889",False
975405816363594973,2021-201889 OL,OL 2021 201889,Austin year/serial,merged listing fields,"y be available (please check fees for use)

Registration Details
OL 2021 201889",False
976793150149296479,2026-107444 OL,OL 2026 107444,Austin year/serial,merged listing fields,"ts and clubs from five-stars to dive bars.

Registration Details
OL 2026 107444",False
977479875902580121,2024-006219 OL,OL 2024 006219,Austin year/serial,merged listing fields," cherish the tranquility our space offers.

Registration Details
OL 2024 006219",True
978362603986870331,2025-029434 OL,OL 2025 029434,Austin year/serial,merged listing fields,"city so take advantage and enjoy the town!

Registration Details
OL 2025 029434",True
978631457017700299,2023-030469 OL,OL2023030469,Austin year/serial,merged listing fields,"l of it! 

Excellent monthly discounts available.

STR License:

OL2023030469

The space
This bright, modern, vaulted ceiling standalone unit is located behind the mai",False
978930895260393610,2024-049937 OL,OL 2024 049937,Austin year/serial,merged listing fields,"neighborhood's many parks and green spaces

Registration Details
OL 2024 049937",False
979688191395461758,2023-108343 OL,2023-108343 OL,Austin year/serial,merged listing fields,"is at 4:00 PM and checkout is at 10:00 AM.

Registration Details
2023-108343 OL",False
979719076617249675,2026-033465 OL,OL 2026 033465,Austin year/serial,merged listing fields,"ccess
Guests have full access to the house

Registration Details
OL 2026 033465",False
980415271840043569,2023-109504 OL,OL 2023 109504,Austin year/serial,merged listing fields,"closets where we keep all of our supplies.

Registration Details
OL 2023 109504",False
980532615727187377,2025-131356 OL,OL-2025-131356,Austin year/serial,merged listing fields,"to refill the tank at a local gas station.

Registration Details
OL-2025-131356",True
980657878645009154,2026-009468 OL,OL 2026 009468,Austin year/serial,merged listing fields,"y, including a yard and two parking spaces

Registration Details
OL 2026 009468",True
981954021205999698,2026-110612 OL,OL 2026 110612,Austin year/serial,merged listing fields,"th access to nearby parks and attractions!

Registration Details
OL 2026 110612",True
983312288692859737,2023-066454 OL,OL2023066454,Austin year/serial,merged listing fields,"yours!

The space
Austin Short-Term Rental Operating License No. OL2023066454 | Free WiFi | 2,120 Sq Ft

Bedroom 1: King Bed | Bedroom 2: Queen Bed | Bedroom 3: 2 Tw",False
985601491006853872,2023-149926 OL,OL 2023 149926,Austin year/serial,merged listing fields,"n-sized air mattress available by request.

Registration Details
OL 2023 149926",True
985622686294102528,2023-149926 OL,OL 2023 149926,Austin year/serial,merged listing fields," sure not to block any neighbor driveways!

Registration Details
OL 2023 149926",True
986241124566632822,2023-115340 OL,OL-2023-115340,Austin year/serial,merged listing fields," may feel a little tight in the loft area.

Registration Details
OL-2023-115340",False
987343562347586766,2023-163372 OL,OL 2023 163372,Austin year/serial,merged listing fields,"provide a discount for a longer term stay.

Registration Details
OL 2023 163372",True
987786132063085995,2025-104475 OL,OL-2025-104475,Austin year/serial,merged listing fields," Type: Austin Short Term Rental Type 1-Secondary
License Number: OL-2025-104475
Expires: September 09, 2026

Guest access
The building is completely separate from the ma",False
989237651915751533,2024-051298 OL,OL 2024 051298,Austin year/serial,merged listing fields,"w for a truly memorable Austin experience!

Registration Details
OL 2024 051298",False
990073134905344925,2026-057114 OL,OL 2026 057114,Austin year/serial,merged listing fields,"

Guest access
Please read the house rules

Registration Details
OL 2026 057114",True
990742038930621825,2023-150672 OL,OL 2023 150672,Austin year/serial,merged listing fields,"n accordance with local noise regulations.

Registration Details
OL 2023 150672",True
991573792511414993,2023-110280 OL,OL2023110280,Austin year/serial,merged listing fields,"emailed to you a few days before your stay

Registration Details
OL2023110280",True
992173643865437233,2021-158867 OL,OL 2021 158867,Austin year/serial,merged listing fields,"first level directly below the condo unit.

Registration Details
OL 2021 158867",True
992966983003134079,2024-032083 OL,OL 2024 032083,Austin year/serial,merged listing fields," sheets and comforter for the living room.

Registration Details
OL 2024 032083",True
993342744707989252,2023-006064 OL,OL 2023 006064,Austin year/serial,merged listing fields,"ure to make your vacation one to remember!

Registration Details
OL 2023 006064",True
993416218097523188,2023-151633 OL,OL2023151633,Austin year/serial,merged listing fields,"minutes
Circuit of the Americas 15 minutes

Registration Details
OL2023151633",False
993809850738514021,2026-068204 OL,OL 2026 068204,Austin year/serial,merged listing fields," to note
The other unit is also an Airbnb!

Registration Details
OL 2026 068204",True
994241515802648086,2022-178181 OL,OL 2022 178181,Austin year/serial,merged listing fields,"t repellent to have a more enjoyable stay.

Registration details
OL 2022 178181",True
994348917690919438,2022-131027 OL,OL 2022 131027,Austin year/serial,merged listing fields,"ort-term visitors and long-term residents!

Registration details
OL 2022 131027",False
994447057638081965,2025-098221 OL,OL 2025 098221,Austin year/serial,merged listing fields," free to message us - we’re happy to help.

Registration details
OL 2025 098221",False
995420455374117916,2016-152974 OL,2016-152974 OL,Austin year/serial,merged listing fields,"for monthly stays — message us to arrange.

Registration details
2016-152974 OL",True
995795884978025524,2026-059962 OL,OL 2026 059962,Austin year/serial,merged listing fields,"ow in advance if you would like it heated.

Registration details
OL 2026 059962",True
995910614985570914,2025-062641 OL,OL 2025 062641,Austin year/serial,merged listing fields,"very Friday morning
✅Monthly extermination

Registration details
OL 2025 062641",False
995911787722057725,2025-150211 OL,OL-2025-150211,Austin year/serial,merged listing fields,"p!

Thanks so much for your understanding!

Registration details
OL-2025-150211",True
996393536838536733,2023-128122 OL,OL 2023 128122,Austin year/serial,merged listing fields,"emailed to you a few days before your stay

Registration details
OL 2023 128122",True
996395004619026607,2023-000000 OL,OL 2023 000000,Austin year/serial,merged listing fields,"s more once your reservation is confirmed!

Registration details
OL 2023 000000",False
996395801467959027,2026-082459 OL,OL 2026 082459,Austin year/serial,merged listing fields,"er baby/ child necessities please inquire.

Registration details
OL 2026 082459",True
996487458603823581,2026-005511 OL,OL 2026 005511,Austin year/serial,merged listing fields,"ou can!

We allow pets for a $100 pet fee.

Registration details
OL 2026 005511",True
996491305554745187,2025-068020 OL,OL 2025 068020,Austin year/serial,merged listing fields,"s more once your reservation is confirmed!

Registration details
OL 2025 068020",False
997054758518821023,2025-150211 OL,OL-2025-150211,Austin year/serial,merged listing fields,"h.  Our personal favorite is Space Cowboy.

Registration Details
OL-2025-150211",True
997137462069243150,2021-201889 OL,OL 2021 201889,Austin year/serial,merged listing fields,"y be available (please check fees for use)

Registration Details
OL 2021 201889",False
997702231675817542,2026-119719 OL,OL 2026 119719,Austin year/serial,merged listing fields,"Eye on Netflix)
Iki Thai Street Food Truck

Registration Details
OL 2026 119719",True
997952249845239058,2023-116212 OL,OL 2023 116212,Austin year/serial,merged listing fields,"and fun!

Cheers to your next trip to ATX!

Registration Details
OL 2023 116212",True
998336760553447228,2026-067021 OL,OL 2026 067021,Austin year/serial,merged listing fields,"mentary snacks

Guest access
Keyless entry

Registration Details
OL 2026 067021",True
999354402375452238,2024-135234 OL,OL 2024 135234,Austin year/serial,merged listing fields," where the host reserved for private uses.

Registration Details
OL 2024 135234",True
999392976175079147,2023-063229 OL,OL2023063229,Austin year/serial,merged listing fields,"ar the front entrance and in the backyard.

Registration Details
OL2023063229",True
999569794375813770,2024-081055 OL,OL 2024 081055,Austin year/serial,merged listing fields,"e let me know if you have any questions :)

Registration Details
OL 2024 081055",True
