CASE_NUMBER,STR_TYPE,PROP_ADDRESS,PROP_CITY,PROP_STATE,PROP_ZIP,COUNCIL_DISTRICT,block_id,mapped,map_basis
2024-030570 OL,Short Term Rental Type 1,BLOCK OF 800 W ELIZABETH ST,AUSTIN,TX,78704,9,800 | 899 | W ELIZABETH ST,True,
2019-215546 OL,Short Term Rental Type 3,BLOCK OF 300 E 4TH ST,AUSTIN,TX,78701,9,300 | 399 | E 4TH ST,True,official street range corridor
2025-158145 OL,Short Term Rental Type 3,BLOCK OF 100 RAINEY ST,AUSTIN,TX,78701,9,100 | 199 | RAINEY ST,True,official street range corridor
2026-030131 OL,Short Term Rental Type 1,BLOCK OF 5300 WELLINGTON DR,AUSTIN,TX,78723,4,5300 | 5399 | WELLINGTON DR,True,
2025-019792 OL,Short Term Rental Type 1-Secondary,BLOCK OF 1600 PENNSYLVANIA AVE,AUSTIN,TX,78702,1,1600 | 1699 | PENNSYLVANIA AVE,True,
2015-107694 OL,Short Term Rental Type 1,BLOCK OF 2100 OXFORD AVE,AUSTIN,TX,78704,5,2100 | 2199 | OXFORD AVE,True,
2026-006166 OL,Short Term Rental Type 1,BLOCK OF 4900 CREEKLINE DR,AUSTIN,TX,78745,3,4900 | 4999 | CREEKLINE DR,True,
2023-005585 OL,Short Term Rental Type 1,BLOCK OF 5100 GREENHEART DR,AUSTIN,TX,78745,3,5100 | 5199 | GREENHEART DR,True,
2018-085736 OL,Short Term Rental Type 1-Secondary,BLOCK OF 900 E 37TH ST,AUSTIN,TX,78705,9,900 | 999 | E 37TH ST,True,official street range corridor
2026-040368 OL,Short Term Rental Type 1,BLOCK OF 1100 MAP CIR,AUSTIN,TX,78721,3,1100 | 1199 | MAP CIR,True,
2022-034325 OL,Short Term Rental Type 1,BLOCK OF 2600 FRANCISCO ST,AUSTIN,TX,78702,3,2600 | 2699 | FRANCISCO ST,True,
2025-111199 OL,Short Term Rental Type 2 Residential,BLOCK OF 12000 D K RANCH RD,AUSTIN,TX,78759,10,12000 | 12099 | D K RANCH RD,False,
2025-153757 OL,Short Term Rental Type 2 Residential,BLOCK OF 4300 AIRPORT BLVD,AUSTIN,TX,78722,9,4300 | 4399 | AIRPORT BLVD,True,
2025-011140 OL,Short Term Rental Type 2 Residential,BLOCK OF 1600 HETHER ST,AUSTIN,TX,78704,5,1600 | 1699 | HETHER ST,True,
2018-024058 OL,Short Term Rental Type 3,BLOCK OF 500 W 8TH ST,AUSTIN,TX,78701,9,500 | 599 | W 8TH ST,True,official street range corridor
2026-044900 OL,Short Term Rental Type 2 Residential,BLOCK OF 1300 LUNA ST,AUSTIN,TX,78721,1,1300 | 1399 | LUNA ST,True,
2023-039091 OL,Short Term Rental Type 1,BLOCK OF 2900 WEBBERVILLE RD,AUSTIN,TX,78702,1,2900 | 2999 | WEBBERVILLE RD,True,
2026-043570 OL,Short Term Rental Type 3,BLOCK OF 500 CONGRESS AVE,AUSTIN,TX,78701,9,500 | 599 | CONGRESS AVE,True,
2025-117392 OL,Short Term Rental Type 1,BLOCK OF 4900 CANA CV,AUSTIN,TX,78749,8,4900 | 4999 | CANA CV,True,
2023-163372 OL,Short Term Rental Type 2 Residential,BLOCK OF 1900 E 8TH ST,AUSTIN,TX,78702,1,1900 | 1999 | E 8TH ST,True,official street range corridor
2026-030757 OL,Short Term Rental Type 1,BLOCK OF 1800 CRESTHAVEN DR,AUSTIN,TX,78704,5,1800 | 1899 | CRESTHAVEN DR,True,
2026-099765 OL,Short Term Rental Type 2 Residential,BLOCK OF 1300 HARRIET CT,AUSTIN,TX,78756,7,1300 | 1399 | HARRIET CT,True,
2026-025468 OL,Short Term Rental Type 2 Residential,BLOCK OF 3400 CLARKSBURG DR,AUSTIN,TX,78745,5,3400 | 3499 | CLARKSBURG DR,True,
2025-131265 OL,Short Term Rental Type 2 Residential,BLOCK OF 2100 THORNTON RD,AUSTIN,TX,78704,5,2100 | 2199 | THORNTON RD,True,
2026-021995 OL,Short Term Rental Type 2 Residential,BLOCK OF 12000 SELMA HUGHES PARK RD,AUSTIN,TX,78732,10,12000 | 12099 | SELMA HUGHES PARK RD,True,
2026-027753 OL,Short Term Rental Type 2 Residential,BLOCK OF 900 TILLERY ST,AUSTIN,TX,78702,3,900 | 999 | TILLERY ST,True,
2026-051077 OL,Short Term Rental Type 3,BLOCK OF 4600 AVENUE A,AUSTIN,TX,78751,9,4600 | 4699 | AVE A,True,
2022-031595 OL,Short Term Rental Type 1,BLOCK OF 1900 LARCHMONT DR,AUSTIN,TX,78704,5,1900 | 1999 | LARCHMONT DR,True,
2025-111670 OL,Short Term Rental Type 3,BLOCK OF 3100 SCOFIELD RIDGE PKWY,AUSTIN,TX,78727,7,3100 | 3199 | SCOFIELD RIDGE PKWY,True,
2015-021515 OL,Short Term Rental Type 1-Secondary,BLOCK OF 1800 ULLRICH AVE,AUSTIN,TX,78756,7,1800 | 1899 | ULLRICH AVE,True,
2025-156017 OL,Short Term Rental Type 3,BLOCK OF 100 RAINEY ST,AUSTIN,TX,78701,9,100 | 199 | RAINEY ST,True,official street range corridor
2025-157900 OL,Short Term Rental Type 3,BLOCK OF 100 RAINEY ST,AUSTIN,TX,78701,9,100 | 199 | RAINEY ST,True,official street range corridor
2025-007460 OL,Short Term Rental Type 1,BLOCK OF 1100 E RIVERSIDE DR,AUSTIN,TX,78704,9,1100 | 1199 | E RIVERSIDE DR,True,
2026-031765 OL,Short Term Rental Type 2 Residential,BLOCK OF 7500 REDRICK DR,AUSTIN,TX,78747,2,7500 | 7599 | REDRICK DR,True,
2025-162150 OL,Short Term Rental Type 2 Residential,BLOCK OF 2300 ALTA VISTA AVE,AUSTIN,TX,78704,9,2300 | 2399 | ALTA VISTA AVE,True,
2025-106747 OL,Short Term Rental Type 2 Residential,BLOCK OF 3800 WILSON ST,AUSTIN,TX,78704,3,3800 | 3899 | WILSON ST,True,
2012-102168 OL,Short Term Rental Type 2 Residential,BLOCK OF 700 KEASBEY ST,AUSTIN,TX,78751,9,700 | 799 | KEASBEY ST,True,
2021-037473 OL,Short Term Rental Type 3,BLOCK OF 1700 E MARTIN LUTHER KING JR BLVD,AUSTIN,TX,78702,1,1700 | 1799 | E MARTIN LUTHER KING JR BLVD,True,official street range corridor
2026-020651 OL,Short Term Rental Type 2 Residential,BLOCK OF 1800 BOWERTON DR,AUSTIN,TX,78754,1,1800 | 1899 | BOWERTON DR,True,
2026-098785 OL,Short Term Rental Type 2 Residential,BLOCK OF 2200 E 18TH ST,AUSTIN,TX,78702,1,2200 | 2299 | E 18TH ST,True,official street range corridor
2021-138757 OL,Short Term Rental Type 1,BLOCK OF 2600 CENTURY PARK BLVD,AUSTIN,TX,78727,7,2600 | 2699 | CENTURY PARK BLVD,True,
2026-028516 OL,Short Term Rental Type 2 Residential,BLOCK OF 6800 ALLEYTON DR,AUSTIN,TX,78725,3,6800 | 6899 | ALLEYTON DR,True,
2026-035046 OL,Short Term Rental Type 2 Residential,BLOCK OF 7200 MARCELL ST,AUSTIN,TX,78752,4,7200 | 7299 | MARCELL ST,True,
2013-106224 OL,Short Term Rental Type 2 Residential,BLOCK OF 1100 SPEARSON LN,AUSTIN,TX,78745,2,1100 | 1199 | SPEARSON LN,True,
2024-091454 OL,Short Term Rental Type 3,BLOCK OF 1600 E 6TH ST,AUSTIN,TX,78702,3,1600 | 1699 | E 6TH ST,True,official street range corridor
2024-078969 OL,Short Term Rental Type 3,BLOCK OF 6800 OLD BEE CAVES RD,AUSTIN,TX,78735,8,6800 | 6899 | OLD BEE CAVES RD,True,
2026-105260 OL,Short Term Rental Type 2 Residential,BLOCK OF 800 BLANCO ST,AUSTIN,TX,78703,9,800 | 899 | BLANCO ST,True,
2026-076296 OL,Short Term Rental Type 2 Residential,BLOCK OF 3400 CEDAR ST,AUSTIN,TX,78705,9,3400 | 3499 | CEDAR ST,True,
2025-135909 OL,Short Term Rental Type 3,BLOCK OF 7100 CREEKSIDE DR,AUSTIN,TX,78752,1,7100 | 7199 | CREEKSIDE DR,True,
2014-066032 OL,Short Term Rental Type 3,BLOCK OF 1400 W 13TH ST,AUSTIN,TX,78703,9,1400 | 1499 | W 13TH ST,True,official street range corridor
2026-008840 OL,Short Term Rental Type 1-Secondary,BLOCK OF 1600 S 3RD ST,AUSTIN,TX,78704,9,1600 | 1699 | S 3RD ST,True,official street range corridor
2024-022448 OL,Short Term Rental Type 2 Residential,BLOCK OF 9100 UNITED KINGDOM DR,AUSTIN,TX,78748,5,9100 | 9199 | UNITED KINGDOM DR,True,
2025-111783 OL,Short Term Rental Type 3,BLOCK OF 3100 SCOFIELD RIDGE PKWY,AUSTIN,TX,78727,7,3100 | 3199 | SCOFIELD RIDGE PKWY,True,
2026-124374 OL,Short Term Rental Type 1-A,BLOCK OF 900 CAVALIER LN,AUSTIN,TX,78757,7,900 | 999 | CAVALIER LN,True,
2026-058500 OL,Short Term Rental Type 1,BLOCK OF 12000 FLINNWOOD CIR,AUSTIN,TX,78750,6,12000 | 12099 | FLINNWOOD CIR,False,
2019-215657 OL,Short Term Rental Type 3,BLOCK OF 300 E 4TH ST,AUSTIN,TX,78701,9,300 | 399 | E 4TH ST,True,official street range corridor
2026-033066 OL,Short Term Rental Type 2 Residential,BLOCK OF 2300 SANTA MARIA ST,AUSTIN,TX,78702,3,2300 | 2399 | SANTA MARIA ST,True,
2025-117533 OL,Short Term Rental Type 2 Residential,BLOCK OF 2500 AUDUBON PL,AUSTIN,TX,78741,3,2500 | 2599 | AUDUBON PL,True,
2026-034763 OL,Short Term Rental Type 3,BLOCK OF 6500 ED BLUESTEIN BLVD NB,AUSTIN,TX,78724,1,6500 | 6599 | ED BLUESTEIN BLVD NB,True,official street range corridor
2025-042605 OL,Short Term Rental Type 2 Residential,BLOCK OF 1000 E 43RD ST,AUSTIN,TX,78751,9,1000 | 1099 | E 43RD ST,True,official street range corridor
2026-017637 OL,Short Term Rental Type 2 Residential,BLOCK OF 1400 MEANDER DR,AUSTIN,TX,78721,1,1400 | 1499 | MEANDER DR,True,
2024-151113 OL,Short Term Rental Type 2 Residential,BLOCK OF 3000 E 13TH ST,AUSTIN,TX,78702,1,3000 | 3099 | E 13TH ST,True,official street range corridor
2019-220503 OL,Short Term Rental Type 1,BLOCK OF 3100 CATALINA DR,AUSTIN,TX,78741,3,3100 | 3199 | CATALINA DR,True,
2026-058954 OL,Short Term Rental Type 2 Residential,BLOCK OF 1900 STANLEY AVE,AUSTIN,TX,78745,5,1900 | 1999 | STANLEY AVE,True,
2023-116936 OL,Short Term Rental Type 2 Residential,BLOCK OF 2000 GARDEN ST,AUSTIN,TX,78702,3,2000 | 2099 | GARDEN ST,True,
2026-095578 OL,Short Term Rental Type 1,BLOCK OF 2900 E 14TH ST,AUSTIN,TX,78702,1,2900 | 2999 | E 14TH ST,True,official street range corridor
2026-100051 OL,Short Term Rental Type 2 Residential,BLOCK OF 4000 LEWIS LN,AUSTIN,TX,78756,10,4000 | 4099 | LEWIS LN,True,
2021-150572 OL,Short Term Rental Type 1,BLOCK OF 1300 WILLOW ST,AUSTIN,TX,78702,3,1300 | 1399 | WILLOW ST,True,
2026-041288 OL,Short Term Rental Type 1-Secondary,BLOCK OF 7700 DONNELLEY DR,AUSTIN,TX,78744,2,7700 | 7799 | DONNELLEY DR,True,
2023-037212 OL,Short Term Rental Type 1,BLOCK OF 1600 GARNER AVE,AUSTIN,TX,78704,5,1600 | 1699 | GARNER AVE,True,
2026-118771 OL,Short Term Rental Type 2 Residential,BLOCK OF 5900 GARDEN OAKS DR,AUSTIN,TX,78745,2,5900 | 5999 | GARDEN OAKS DR,True,
2025-134751 OL,Short Term Rental Type 2 Residential,BLOCK OF 700 GREAT BRITAIN BLVD,AUSTIN,TX,78748,2,700 | 799 | GREAT BRITAIN BLVD,True,
2022-027843 OL,Short Term Rental Type 3,BLOCK OF 400 W 3RD ST,AUSTIN,TX,78701,9,400 | 499 | W 3RD ST,True,official street range corridor
2024-142533 OL,Short Term Rental Type 2 Residential,BLOCK OF 900 WILLOW ST,AUSTIN,TX,78702,3,900 | 999 | WILLOW ST,True,
2026-093928 OL,Short Term Rental Type 2 Residential,BLOCK OF 8200 LEROI DR,AUSTIN,TX,78744,2,8200 | 8299 | LEROI DR,True,official street range corridor
2026-033299 OL,Short Term Rental Type 1,BLOCK OF 2300 E 14TH ST,AUSTIN,TX,78702,1,2300 | 2399 | E 14TH ST,True,official street range corridor
2022-068695 OL,Short Term Rental Type 1,BLOCK OF 1200 E 32ND ST,AUSTIN,TX,78722,9,1200 | 1299 | E 32ND ST,True,official street range corridor
2016-026270 OL,Short Term Rental Type 1,BLOCK OF 2500 BLUFFVIEW DR,AUSTIN,TX,78704,5,2500 | 2599 | BLUFFVIEW DR,True,
2024-039275 OL,Short Term Rental Type 3,BLOCK OF 700 E 3RD ST,AUSTIN,TX,78701,9,700 | 799 | E 3RD ST,True,official street range corridor
2026-071588 OL,Short Term Rental Type 1,BLOCK OF 5600 GLOUCESTER LN,AUSTIN,TX,78723,1,5600 | 5699 | GLOUCESTER LN,True,
2024-129838 OL,Short Term Rental Type 1,BLOCK OF 1000 FOLTS AVE,AUSTIN,TX,78704,5,1000 | 1099 | FOLTS AVE,True,
2023-010796 OL,Short Term Rental Type 1,BLOCK OF 2700 FRANCISCO ST,AUSTIN,TX,78702,3,2700 | 2799 | FRANCISCO ST,True,
2026-100229 OL,Short Term Rental Type 3,BLOCK OF 8900 TALLWOOD DR,AUSTIN,TX,78759,10,8900 | 8999 | TALLWOOD DR,False,
2026-114201 OL,Short Term Rental Type 1,BLOCK OF 8500 REMINGTON LN,AUSTIN,TX,78758,4,8500 | 8599 | REMINGTON LN,True,
2026-092628 OL,Short Term Rental Type 1,BLOCK OF 4500 W VILLAGE CT,AUSTIN,TX,78744,2,4500 | 4599 | W VILLAGE CT,True,
2025-115889 OL,Short Term Rental Type 2 Residential,BLOCK OF 300 W ELIZABETH ST,AUSTIN,TX,78704,9,300 | 399 | W ELIZABETH ST,True,
2019-215522 OL,Short Term Rental Type 3,BLOCK OF 300 E 4TH ST,AUSTIN,TX,78701,9,300 | 399 | E 4TH ST,True,official street range corridor
2025-158074 OL,Short Term Rental Type 3,BLOCK OF 100 RAINEY ST,AUSTIN,TX,78701,9,100 | 199 | RAINEY ST,True,official street range corridor
2022-058314 OL,Short Term Rental Type 1,BLOCK OF 4600 PEACH GROVE RD,AUSTIN,TX,78744,2,4600 | 4699 | PEACH GROVE RD,True,
2025-125855 OL,Short Term Rental Type 1,BLOCK OF 2200 SANTA RITA ST,AUSTIN,TX,78702,3,2200 | 2299 | SANTA RITA ST,True,
2023-129875 OL,Short Term Rental Type 2 Residential,BLOCK OF 1500 THORNRIDGE RD,AUSTIN,TX,78758,4,1500 | 1599 | THORNRIDGE RD,True,
2024-125396 OL,Short Term Rental Type 1,BLOCK OF 1400 ALLEN RD,AUSTIN,TX,78746,8,1400 | 1499 | ALLEN RD,True,
2026-073851 OL,Short Term Rental Type 1,BLOCK OF 1700 EVA ST,AUSTIN,TX,78704,9,1700 | 1799 | EVA ST,True,
2026-030437 OL,Short Term Rental Type 1,BLOCK OF 1300 HOLLY ST,AUSTIN,TX,78702,3,1300 | 1399 | HOLLY ST,True,
2026-019407 OL,Short Term Rental Type 2 Residential,BLOCK OF 12000 BLUE WATER CIR,AUSTIN,TX,78758,7,12000 | 12099 | BLUE WATER CIR,True,official street range corridor
2024-030326 OL,Short Term Rental Type 1,BLOCK OF 4800 BUCKSKIN PASS,AUSTIN,TX,78745,5,4800 | 4899 | BUCKSKIN PASS,True,
2025-111324 OL,Short Term Rental Type 3,BLOCK OF 3100 SCOFIELD RIDGE PKWY,AUSTIN,TX,78727,7,3100 | 3199 | SCOFIELD RIDGE PKWY,True,
2026-109142 OL,Short Term Rental Type 1-Secondary,BLOCK OF 4400 HANK AVE,AUSTIN,TX,78745,5,4400 | 4499 | HANK AVE,True,
2023-015437 OL,Short Term Rental Type 1,BLOCK OF 1900 E 17TH ST,AUSTIN,TX,78702,1,1900 | 1999 | E 17TH ST,True,official street range corridor
2023-147231 OL,Short Term Rental Type 2 Residential,BLOCK OF 1100 EBERT AVE,AUSTIN,TX,78721,3,1100 | 1199 | EBERT AVE,True,
2026-083855 OL,Short Term Rental Type 3,BLOCK OF 1600 E 6TH ST,AUSTIN,TX,78702,3,1600 | 1699 | E 6TH ST,True,official street range corridor
2012-101723 OL,Short Term Rental Type 1,BLOCK OF 2600 DEERFOOT TRL,AUSTIN,TX,78704,5,2600 | 2699 | DEERFOOT TRL,True,
2026-110792 OL,Short Term Rental Type 1-A,BLOCK OF 2700 HARLEYHILL DR,AUSTIN,TX,78745,5,2700 | 2799 | HARLEYHILL DR,True,
2026-073207 OL,Short Term Rental Type 2 Residential,BLOCK OF 1500 CANTERBURY ST,AUSTIN,TX,78702,3,1500 | 1599 | CANTERBURY ST,True,
2023-017471 OL,Short Term Rental Type 1,BLOCK OF 1200 WEBBERVILLE RD,AUSTIN,TX,78721,1,1200 | 1299 | WEBBERVILLE RD,True,
2023-031022 OL,Short Term Rental Type 1,BLOCK OF 2600 E 2ND ST,AUSTIN,TX,78702,3,2600 | 2699 | E 2ND ST,True,official street range corridor
2026-043604 OL,Short Term Rental Type 3,BLOCK OF 500 E OLTORF ST,AUSTIN,TX,78704,3,500 | 599 | E OLTORF ST,True,
2019-215542 OL,Short Term Rental Type 3,BLOCK OF 300 E 4TH ST,AUSTIN,TX,78701,9,300 | 399 | E 4TH ST,True,official street range corridor
2015-057739 OL,Short Term Rental Type 1-Secondary,BLOCK OF 400 E ANNIE ST,AUSTIN,TX,78704,9,400 | 499 | E ANNIE ST,True,
2026-019495 OL,Short Term Rental Type 2 Residential,BLOCK OF 5600 N OAK BLVD,AUSTIN,TX,78735,8,5600 | 5699 | N OAK BLVD,True,
2025-158114 OL,Short Term Rental Type 3,BLOCK OF 100 RAINEY ST,AUSTIN,TX,78701,9,100 | 199 | RAINEY ST,True,official street range corridor
2026-061698 OL,Short Term Rental Type 1,BLOCK OF 1200 CURVE ST,AUSTIN,TX,78702,1,1200 | 1299 | CURVE ST,True,official street range corridor
2025-013185 OL,Short Term Rental Type 1,BLOCK OF 2000 FORD ST,AUSTIN,TX,78704,5,2000 | 2099 | FORD ST,True,
2026-036176 OL,Short Term Rental Type 3,BLOCK OF 5900 CAMERON RD,AUSTIN,TX,78723,4,5900 | 5999 | CAMERON RD,True,
2018-022067 OL,Short Term Rental Type 3,BLOCK OF 500 W 8TH ST,AUSTIN,TX,78701,9,500 | 599 | W 8TH ST,True,official street range corridor
2022-158877 OL,Short Term Rental Type 3,BLOCK OF 2100 BURTON DR,AUSTIN,TX,78741,3,2100 | 2199 | BURTON DR,True,
2018-021966 OL,Short Term Rental Type 3,BLOCK OF 500 W 8TH ST,AUSTIN,TX,78701,9,500 | 599 | W 8TH ST,True,official street range corridor
2023-138731 OL,Short Term Rental Type 2 Residential,BLOCK OF 1200 COMAL ST,AUSTIN,TX,78702,1,1200 | 1299 | COMAL ST,True,
2026-019971 OL,Short Term Rental Type 2 Residential,BLOCK OF 7100 COMANCHE TRL,AUSTIN,TX,78732,10,7100 | 7199 | COMANCHE TRL,True,
2022-047350 OL,Short Term Rental Type 1-A,BLOCK OF 2200 SHOALMONT DR,AUSTIN,TX,78756,7,2200 | 2299 | SHOALMONT DR,True,
2023-039298 OL,Short Term Rental Type 1,BLOCK OF 5100 EVERGREEN CT,AUSTIN,TX,78731,10,5100 | 5199 | EVERGREEN CT,True,
2025-148220 OL,Short Term Rental Type 2 Residential,BLOCK OF 3400 SPANISH OAK DR,AUSTIN,TX,78731,10,3400 | 3499 | SPANISH OAK DR,True,
2024-079241 OL,Short Term Rental Type 3,BLOCK OF 6800 OLD BEE CAVES RD,AUSTIN,TX,78735,8,6800 | 6899 | OLD BEE CAVES RD,True,
2025-056175 OL,Short Term Rental Type 1,BLOCK OF 700 W ANNIE ST,AUSTIN,TX,78704,9,700 | 799 | W ANNIE ST,True,
2026-091953 OL,Short Term Rental Type 1,BLOCK OF 1600 HASKELL ST,AUSTIN,TX,78702,3,1600 | 1699 | HASKELL ST,True,
2026-008698 OL,Short Term Rental Type 1-Secondary,BLOCK OF 1200 HOLLY ST,AUSTIN,TX,78702,3,1200 | 1299 | HOLLY ST,True,
2014-021582 OL,Short Term Rental Type 1,BLOCK OF 3200 SANTA MONICA DR,AUSTIN,TX,78741,3,3200 | 3299 | SANTA MONICA DR,True,
2014-082980 OL,Short Term Rental Type 1,BLOCK OF 1000 WILLOW ST,AUSTIN,TX,78702,3,1000 | 1099 | WILLOW ST,True,
2026-078095 OL,Short Term Rental Type 1,BLOCK OF 5700 TERI RD,AUSTIN,TX,78744,2,5700 | 5799 | TERI RD,True,
2024-051183 OL,Short Term Rental Type 2 Residential,BLOCK OF 300 STARBRIGHT DR,AUSTIN,TX,78745,2,300 | 399 | STARBRIGHT DR,True,
2021-159597 OL,Short Term Rental Type 1,BLOCK OF 2600 BARTON HILLS DR,AUSTIN,TX,78704,5,2600 | 2699 | BARTON HILLS DR,True,
2013-021273 OL,Short Term Rental Type 2 Residential,BLOCK OF 1900 CANTERBURY ST,AUSTIN,TX,78702,3,1900 | 1999 | CANTERBURY ST,True,
2025-148183 OL,Short Term Rental Type 2 Residential,BLOCK OF 2000 MATTHEWS LN,AUSTIN,TX,78745,5,2000 | 2099 | MATTHEWS LN,True,
2026-035560 OL,Short Term Rental Type 3,BLOCK OF 3500 S 1ST ST,AUSTIN,TX,78704,3,3500 | 3599 | S 1ST ST,True,official street range corridor
2025-147676 OL,Short Term Rental Type 2 Residential,BLOCK OF 800 W GIBSON ST,AUSTIN,TX,78704,9,800 | 899 | W GIBSON ST,True,
2026-060332 OL,Short Term Rental Type 1,BLOCK OF 1500 GARNER AVE,AUSTIN,TX,78704,5,1500 | 1599 | GARNER AVE,True,
2025-130468 OL,Short Term Rental Type 2 Residential,BLOCK OF 5600 ABILENE TRL,AUSTIN,TX,78749,8,5600 | 5699 | ABILENE TRL,True,
2024-138979 OL,Short Term Rental Type 2 Residential,BLOCK OF 1100 HOLLY ST,AUSTIN,TX,78702,3,1100 | 1199 | HOLLY ST,True,
2015-038229 OL,Short Term Rental Type 1,BLOCK OF 1100 ELM ST,AUSTIN,TX,78703,9,1100 | 1199 | ELM ST,True,
2024-110210 OL,Short Term Rental Type 2 Residential,BLOCK OF 12000 OAK VIEW DR,AUSTIN,TX,78759,10,12000 | 12099 | OAK VIEW DR,False,
2019-022357 OL,Short Term Rental Type 3,BLOCK OF 1100 W 6TH ST,AUSTIN,TX,78703,9,1100 | 1199 | W 6TH ST,True,official street range corridor
2015-044624 OL,Short Term Rental Type 2 Residential,BLOCK OF 2300 E 9TH ST,AUSTIN,TX,78702,1,2300 | 2399 | E 9TH ST,True,official street range corridor
2026-102134 OL,Short Term Rental Type 2 Residential,BLOCK OF 1800 E 18TH ST,AUSTIN,TX,78702,1,1800 | 1899 | E 18TH ST,True,official street range corridor
2026-088847 OL,Short Term Rental Type 1,BLOCK OF 4800 VINSON DR,AUSTIN,TX,78745,3,4800 | 4899 | VINSON DR,True,
2020-024592 OL,Short Term Rental Type 2 Residential,BLOCK OF 11000 MICKELSON DR,AUSTIN,TX,78747,2,11000 | 11099 | MICKELSON DR,True,
2025-115542 OL,Short Term Rental Type 2 Residential,BLOCK OF 2300 WESTOAK DR,AUSTIN,TX,78704,5,2300 | 2399 | WESTOAK DR,True,
2025-129879 OL,Short Term Rental Type 2 Residential,BLOCK OF 3400 NEAL ST,AUSTIN,TX,78702,3,3400 | 3499 | NEAL ST,True,
2026-074241 OL,Short Term Rental Type 2 Residential,BLOCK OF 8100 CATTLE DR,AUSTIN,TX,78749,8,8100 | 8199 | CATTLE DR,True,
2022-138645 OL,Short Term Rental Type 1,BLOCK OF 2600 CANTERBURY ST,AUSTIN,TX,78702,3,2600 | 2699 | CANTERBURY ST,True,
2023-054627 OL,Short Term Rental Type 1,BLOCK OF 5800 EDEN DR,AUSTIN,TX,78747,2,5800 | 5899 | EDEN DR,True,
2025-147623 OL,Short Term Rental Type 1,BLOCK OF 1900 HASKELL ST,AUSTIN,TX,78702,3,1900 | 1999 | HASKELL ST,True,
2025-010970 OL,Short Term Rental Type 2 Residential,BLOCK OF 4500 LESLIE AVE,AUSTIN,TX,78721,1,4500 | 4599 | LESLIE AVE,True,
2025-112888 OL,Short Term Rental Type 2 Residential,BLOCK OF 3700 MUNSON ST,AUSTIN,TX,78721,1,3700 | 3799 | MUNSON ST,True,
2026-068651 OL,Short Term Rental Type 1,BLOCK OF 5400 JOE SAYERS AVE,AUSTIN,TX,78756,7,5400 | 5499 | JOE SAYERS AVE,True,
2026-032203 OL,Short Term Rental Type 3,BLOCK OF 1600 E 6TH ST,AUSTIN,TX,78702,3,1600 | 1699 | E 6TH ST,True,official street range corridor
2026-015839 OL,Short Term Rental Type 2 Residential,BLOCK OF 13000 RIVERSDALE RD,AUSTIN,TX,78617,2,13000 | 13099 | RIVERSDALE RD,True,official street range corridor
2026-037416 OL,Short Term Rental Type 2 Residential,BLOCK OF 6000 NUCKOLS CROSSING RD,AUSTIN,TX,78744,2,6000 | 6099 | NUCKOLS CROSSING RD,True,
2026-062934 OL,Short Term Rental Type 1-Secondary,BLOCK OF 2000 RIVERVIEW ST,AUSTIN,TX,78702,3,2000 | 2099 | RIVERVIEW ST,True,
2026-111408 OL,Short Term Rental Type 2 Residential,BLOCK OF 1200 LUNA ST,AUSTIN,TX,78721,1,1200 | 1299 | LUNA ST,True,
2025-029354 OL,Short Term Rental Type 2 Commercial,BLOCK OF 11000 RELIANCE CREEK DR,AUSTIN,TX,78754,1,11000 | 11099 | RELIANCE CREEK DR,True,
2023-125352 OL,Short Term Rental Type 1-Secondary,BLOCK OF 600 W MARY ST,AUSTIN,TX,78704,3,600 | 699 | W MARY ST,True,
2014-001250 OL,Short Term Rental Type 2 Residential,BLOCK OF 4000 AVENUE F,AUSTIN,TX,78751,9,4000 | 4099 | AVE F,True,
2016-096568 OL,Short Term Rental Type 1,BLOCK OF 3200 HOLLYWOOD AVE,AUSTIN,TX,78722,9,3200 | 3299 | HOLLYWOOD AVE,True,
2025-117876 OL,Short Term Rental Type 2 Residential,BLOCK OF 6400 TORRES ST,AUSTIN,TX,78741,3,6400 | 6499 | TORRES ST,True,
2023-017553 OL,Short Term Rental Type 1,BLOCK OF 2600 BRIDLE PATH,AUSTIN,TX,78703,10,2600 | 2699 | BRIDLE PATH,True,
2026-098834 OL,Short Term Rental Type 2 Residential,BLOCK OF 9400 MEADOW VALE,AUSTIN,TX,78758,4,9400 | 9499 | MEADOW VALE,True,
2026-121362 OL,Short Term Rental Type 1,BLOCK OF 3800 SOUTHWAY DR,AUSTIN,TX,78704,3,3800 | 3899 | SOUTHWAY DR,True,
2026-083776 OL,Short Term Rental Type 3,BLOCK OF 1600 E 6TH ST,AUSTIN,TX,78702,3,1600 | 1699 | E 6TH ST,True,official street range corridor
2023-139078 OL,Short Term Rental Type 3,BLOCK OF 7400 N LAMAR BLVD,AUSTIN,TX,78757,7,7400 | 7499 | N LAMAR BLVD,True,official street range corridor
2023-064912 OL,Short Term Rental Type 1,BLOCK OF 700 MALTESE CROSS DR,AUSTIN,TX,78748,5,700 | 799 | MALTESE CROSS DR,True,
2023-145889 OL,Short Term Rental Type 2 Residential,BLOCK OF 7100 SPOTTED LEAF WAY,AUSTIN,TX,78617,2,7100 | 7199 | SPOTTED LEAF WAY,True,official street range corridor
2025-034701 OL,Short Term Rental Type 1,BLOCK OF 1700 NASH AVE,AUSTIN,TX,78704,5,1700 | 1799 | NASH AVE,True,
2026-022121 OL,Short Term Rental Type 2 Residential,BLOCK OF 900 WILLOW ST,AUSTIN,TX,78702,3,900 | 999 | WILLOW ST,True,
2026-057285 OL,Short Term Rental Type 1,BLOCK OF 2100 BOWMAN AVE,AUSTIN,TX,78703,10,2100 | 2199 | BOWMAN AVE,True,
2025-113147 OL,Short Term Rental Type 2 Residential,BLOCK OF 700 EMERALD WOOD DR,AUSTIN,TX,78745,3,700 | 799 | EMERALD WOOD DR,True,
2026-083860 OL,Short Term Rental Type 3,BLOCK OF 1600 E 6TH ST,AUSTIN,TX,78702,3,1600 | 1699 | E 6TH ST,True,official street range corridor
2014-061094 OL,Short Term Rental Type 3,BLOCK OF 700 S 1ST ST,AUSTIN,TX,78704,9,700 | 799 | S 1ST ST,True,official street range corridor
2026-109917 OL,Short Term Rental Type 2 Residential,BLOCK OF 1700 JUSTIN LN,AUSTIN,TX,78757,7,1700 | 1799 | JUSTIN LN,True,
2018-184130 OL,Short Term Rental Type 1,BLOCK OF 2300 ALTA VISTA AVE,AUSTIN,TX,78704,9,2300 | 2399 | ALTA VISTA AVE,True,
2016-040355 OL,Short Term Rental Type 1,BLOCK OF 2200 EUCLID AVE,AUSTIN,TX,78704,3,2200 | 2299 | EUCLID AVE,True,
2015-053324 OL,Short Term Rental Type 3,BLOCK OF 11000 MELLOW MEADOWS,AUSTIN,TX,78750,6,11000 | 11099 | MELLOW MEADOWS,False,
2025-137597 OL,Short Term Rental Type 2 Residential,BLOCK OF 1700 E 22ND ST,AUSTIN,TX,78722,1,1700 | 1799 | E 22ND ST,True,official street range corridor
2016-027920 OL,Short Term Rental Type 1,BLOCK OF 1800 W 11TH ST,AUSTIN,TX,78703,9,1800 | 1899 | W 11TH ST,True,official street range corridor
2018-022161 OL,Short Term Rental Type 3,BLOCK OF 200 LAVACA ST,AUSTIN,TX,78701,9,200 | 299 | LAVACA ST,True,official street range corridor
2023-119686 OL,Short Term Rental Type 2 Residential,BLOCK OF 8300 LORALINDA DR,AUSTIN,TX,78753,4,8300 | 8399 | LORALINDA DR,True,
2018-009859 OL,Short Term Rental Type 1-Secondary,BLOCK OF 1900 NEWNING AVE,AUSTIN,TX,78704,9,1900 | 1999 | NEWNING AVE,True,
2023-158661 OL,Short Term Rental Type 2 Residential,BLOCK OF 2500 E 4TH ST,AUSTIN,TX,78702,3,2500 | 2599 | E 4TH ST,True,official street range corridor
2023-061643 OL,Short Term Rental Type 3,BLOCK OF 1200 BARTON HILLS DR,AUSTIN,TX,78704,5,1200 | 1299 | BARTON HILLS DR,True,
2022-050463 OL,Short Term Rental Type 1-Secondary,BLOCK OF 4100 AVENUE G,AUSTIN,TX,78751,9,4100 | 4199 | AVE G,True,
2024-006908 OL,Short Term Rental Type 2 Residential,BLOCK OF 1600 ALTA VISTA AVE,AUSTIN,TX,78704,9,1600 | 1699 | ALTA VISTA AVE,True,
2026-043365 OL,Short Term Rental Type 3,BLOCK OF 500 S CONGRESS AVE,AUSTIN,TX,78704,9,500 | 599 | S CONGRESS AVE,True,
2026-099201 OL,Short Term Rental Type 1,BLOCK OF 800 W ELIZABETH ST,AUSTIN,TX,78704,9,800 | 899 | W ELIZABETH ST,True,
2026-117667 OL,Short Term Rental Type 2 Residential,BLOCK OF 11000 GERALD ALLEN LOOP,AUSTIN,TX,78748,5,11000 | 11099 | GERALD ALLEN LOOP,True,
2025-157961 OL,Short Term Rental Type 3,BLOCK OF 100 RAINEY ST,AUSTIN,TX,78701,9,100 | 199 | RAINEY ST,True,official street range corridor
2021-056261 OL,Short Term Rental Type 1,BLOCK OF 7000 BILL HUGHES RD,AUSTIN,TX,78745,2,7000 | 7099 | BILL HUGHES RD,True,
2025-017215 OL,Short Term Rental Type 2 Residential,BLOCK OF 4800 SHOALWOOD AVE,AUSTIN,TX,78756,7,4800 | 4899 | SHOALWOOD AVE,True,
2025-120914 OL,Short Term Rental Type 2 Residential,BLOCK OF 1500 HILLMONT ST,AUSTIN,TX,78704,9,1500 | 1599 | HILLMONT ST,True,
2025-136362 OL,Short Term Rental Type 1,BLOCK OF 3200 CHERRYWOOD RD,AUSTIN,TX,78722,9,3200 | 3299 | CHERRYWOOD RD,True,
2025-129016 OL,Short Term Rental Type 2 Residential,BLOCK OF 1700 GARDEN ST,AUSTIN,TX,78702,3,1700 | 1799 | GARDEN ST,True,
2026-119597 OL,Short Term Rental Type 2 Residential,BLOCK OF 4200 ALEXANDRIA DR,AUSTIN,TX,78749,8,4200 | 4299 | ALEXANDRIA DR,True,
2025-162560 OL,Short Term Rental Type 3,BLOCK OF 1600 E 6TH ST,AUSTIN,TX,78702,3,1600 | 1699 | E 6TH ST,True,official street range corridor
2025-056342 OL,Short Term Rental Type 2 Residential,BLOCK OF 2900 PECAN SPRINGS RD,AUSTIN,TX,78723,1,2900 | 2999 | PECAN SPRINGS RD,True,
2020-005859 OL,Short Term Rental Type 3,BLOCK OF 400 W 3RD ST,AUSTIN,TX,78701,9,400 | 499 | W 3RD ST,True,official street range corridor
2025-004834 OL,Short Term Rental Type 2 Residential,BLOCK OF 900 E 48TH ST,AUSTIN,TX,78751,9,900 | 999 | E 48TH ST,True,official street range corridor
2018-203914 OL,Short Term Rental Type 3,BLOCK OF 400 W 3RD ST,AUSTIN,TX,78701,9,400 | 499 | W 3RD ST,True,official street range corridor
2020-011900 OL,Short Term Rental Type 1-A,BLOCK OF 5100 CASWELL AVE,AUSTIN,TX,78751,9,5100 | 5199 | CASWELL AVE,True,
2024-003425 OL,Short Term Rental Type 2 Residential,BLOCK OF 2700 E 3RD ST,AUSTIN,TX,78702,3,2700 | 2799 | E 3RD ST,True,official street range corridor
2026-123637 OL,Short Term Rental Type 2 Residential,BLOCK OF 4500 S 1ST ST,AUSTIN,TX,78745,3,4500 | 4599 | S 1ST ST,True,official street range corridor
2026-119833 OL,Short Term Rental Type 2 Residential,BLOCK OF 4800 COPPERBEND BLVD,AUSTIN,TX,78744,2,4800 | 4899 | COPPERBEND BLVD,True,
2026-066288 OL,Short Term Rental Type 3,BLOCK OF 6300 S 1ST ST,AUSTIN,TX,78745,2,6300 | 6399 | S 1ST ST,True,
2026-032759 OL,Short Term Rental Type 3,BLOCK OF 1700 NUECES ST,AUSTIN,TX,78701,9,1700 | 1799 | NUECES ST,True,
2022-143024 OL,Short Term Rental Type 1,BLOCK OF 12000 CHERIE DR,AUSTIN,TX,78758,7,12000 | 12099 | CHERIE DR,True,
2022-164380 OL,Short Term Rental Type 1-Secondary,BLOCK OF 3300 FRENCH PL,AUSTIN,TX,78722,9,3300 | 3399 | FRENCH PL,True,
2023-133973 OL,Short Term Rental Type 2 Residential,BLOCK OF 1900 WOODLAND AVE,AUSTIN,TX,78741,3,1900 | 1999 | WOODLAND AVE,True,
2025-130000 OL,Short Term Rental Type 2 Residential,BLOCK OF 4400 BANISTER LN,AUSTIN,TX,78745,5,4400 | 4499 | BANISTER LN,True,
2021-192340 OL,Short Term Rental Type 1-A,BLOCK OF 1800 ST ALBANS BLVD,AUSTIN,TX,78745,5,1800 | 1899 | ST ALBANS BLVD,True,
2025-130798 OL,Short Term Rental Type 2 Residential,BLOCK OF 7500 BLOOMFIELD DR,AUSTIN,TX,78745,5,7500 | 7599 | BLOOMFIELD DR,True,
2026-041037 OL,Short Term Rental Type 1,BLOCK OF 900 FIESTA ST,AUSTIN,TX,78702,3,900 | 999 | FIESTA ST,True,
2024-014955 OL,Short Term Rental Type 2 Residential,BLOCK OF 1200 WEBBERVILLE RD,AUSTIN,TX,78721,1,1200 | 1299 | WEBBERVILLE RD,True,
2026-065109 OL,Short Term Rental Type 3,BLOCK OF 9100 RESEARCH BLVD SVRD NB,AUSTIN,TX,78758,7,9100 | 9199 | RESEARCH BLVD SVRD NB,True,official street range corridor
2026-030908 OL,Short Term Rental Type 1,BLOCK OF 1100 WEBBERVILLE RD,AUSTIN,TX,78721,1,1100 | 1199 | WEBBERVILLE RD,True,
2023-040792 OL,Short Term Rental Type 1-Secondary,BLOCK OF 600 E 38TH ST,AUSTIN,TX,78705,9,600 | 699 | E 38TH ST,True,official street range corridor
2025-025691 OL,Short Term Rental Type 2 Residential,BLOCK OF 900 TILLERY ST,AUSTIN,TX,78702,3,900 | 999 | TILLERY ST,True,
2025-144710 OL,Short Term Rental Type 3,BLOCK OF 600 BRUSHY ST,AUSTIN,TX,78702,3,600 | 699 | BRUSHY ST,True,official street range corridor
2022-146289 OL,Short Term Rental Type 3,BLOCK OF 1600 E 6TH ST,AUSTIN,TX,78702,3,1600 | 1699 | E 6TH ST,True,official street range corridor
2025-115842 OL,Short Term Rental Type 2 Residential,BLOCK OF 1400 MARCUS PL,AUSTIN,TX,78721,1,1400 | 1499 | MARCUS PL,True,
2016-137737 OL,Short Term Rental Type 1,BLOCK OF 2000 E 11TH ST,AUSTIN,TX,78702,1,2000 | 2099 | E 11TH ST,True,official street range corridor
2023-007256 OL,Short Term Rental Type 1,BLOCK OF 2300 E 11TH ST,AUSTIN,TX,78702,1,2300 | 2399 | E 11TH ST,True,official street range corridor
2021-019080 OL,Short Term Rental Type 1,BLOCK OF 5900 LUX ST,AUSTIN,TX,78721,3,5900 | 5999 | LUX ST,True,
2014-128254 OL,Short Term Rental Type 1,BLOCK OF 2200 S 3RD ST,AUSTIN,TX,78704,3,2200 | 2299 | S 3RD ST,True,official street range corridor
2026-034980 OL,Short Term Rental Type 2 Residential,BLOCK OF 1200 SAN BERNARD ST,AUSTIN,TX,78702,1,1200 | 1299 | SAN BERNARD ST,True,
2019-189129 OL,Short Term Rental Type 3,BLOCK OF 1200 E 5TH ST,AUSTIN,TX,78702,3,1200 | 1299 | E 5TH ST,True,official street range corridor
2025-120791 OL,Short Term Rental Type 2 Residential,BLOCK OF 2200 FALCON HILL DR,AUSTIN,TX,78745,5,2200 | 2299 | FALCON HILL DR,True,
2026-104013 OL,Short Term Rental Type 2 Residential,BLOCK OF 1800 DELONEY ST,AUSTIN,TX,78721,1,1800 | 1899 | DELONEY ST,True,
2025-138908 OL,Short Term Rental Type 2 Residential,BLOCK OF 600 W ELIZABETH ST,AUSTIN,TX,78704,9,600 | 699 | W ELIZABETH ST,True,
2023-157902 OL,Short Term Rental Type 1,BLOCK OF 1700 CLIFFSIDE DR,AUSTIN,TX,78704,5,1700 | 1799 | CLIFFSIDE DR,True,
2026-035098 OL,Short Term Rental Type 3,BLOCK OF 2400 GROVE BLVD,AUSTIN,TX,78741,3,2400 | 2499 | GROVE BLVD,True,
2024-024988 OL,Short Term Rental Type 2 Commercial,BLOCK OF 1300 E CESAR CHAVEZ ST,AUSTIN,TX,78702,3,1300 | 1399 | E CESAR CHAVEZ ST,True,
2023-150703 OL,Short Term Rental Type 2 Residential,BLOCK OF 700 VALDEZ ST,AUSTIN,TX,78741,3,700 | 799 | VALDEZ ST,True,
2022-163991 OL,Short Term Rental Type 1,BLOCK OF 4800 PROCK LN,AUSTIN,TX,78721,3,4800 | 4899 | PROCK LN,True,
2025-154070 OL,Short Term Rental Type 2 Residential,BLOCK OF 800 SAN SABA ST,AUSTIN,TX,78702,1,800 | 899 | SAN SABA ST,True,
2019-189585 OL,Short Term Rental Type 3,BLOCK OF 1200 E 5TH ST,AUSTIN,TX,78702,3,1200 | 1299 | E 5TH ST,True,official street range corridor
2015-026515 OL,Short Term Rental Type 2 Residential,BLOCK OF 1400 ANISE DR,AUSTIN,TX,78741,3,1400 | 1499 | ANISE DR,True,
2026-058674 OL,Short Term Rental Type 2 Commercial,BLOCK OF 1100 LILY TER,AUSTIN,TX,78741,3,1100 | 1199 | LILY TER,True,
2023-031391 OL,Short Term Rental Type 1,BLOCK OF 8900 PALACE PKWY,AUSTIN,TX,78748,2,8900 | 8999 | PALACE PKWY,True,
2025-026933 OL,Short Term Rental Type 2 Residential,BLOCK OF 1600 TAYLOR GAINES ST,AUSTIN,TX,78741,9,1600 | 1699 | TAYLOR GAINES ST,True,
2024-112847 OL,Short Term Rental Type 2 Residential,BLOCK OF 1100 KENYON DR,AUSTIN,TX,78745,2,1100 | 1199 | KENYON DR,True,
2025-115658 OL,Short Term Rental Type 2 Residential,BLOCK OF 1200 HOLLY ST,AUSTIN,TX,78702,3,1200 | 1299 | HOLLY ST,True,
2024-152997 OL,Short Term Rental Type 2 Commercial,BLOCK OF 12000 ORKNEY LN,AUSTIN,TX,78754,1,12000 | 12099 | ORKNEY LN,True,official street range corridor
2024-012008 OL,Short Term Rental Type 2 Residential,BLOCK OF 4200 ALEXANDRIA DR,AUSTIN,TX,78749,8,4200 | 4299 | ALEXANDRIA DR,True,
2024-122648 OL,Short Term Rental Type 2 Residential,BLOCK OF 1400 MEARNS MEADOW BLVD,AUSTIN,TX,78758,4,1400 | 1499 | MEARNS MEADOW BLVD,True,
2025-106847 OL,Short Term Rental Type 2 Residential,BLOCK OF 4400 LENDALL LN,AUSTIN,TX,78744,2,4400 | 4499 | LENDALL LN,True,
2023-028284 OL,Short Term Rental Type 1,BLOCK OF 1400 WESTMOOR DR,AUSTIN,TX,78723,4,1400 | 1499 | WESTMOOR DR,True,
2023-007423 OL,Short Term Rental Type 1,BLOCK OF 1600 E 10TH ST,AUSTIN,TX,78702,1,1600 | 1699 | E 10TH ST,True,official street range corridor
2026-125368 OL,Short Term Rental Type 1-Secondary,BLOCK OF 3100 PRADO ST,AUSTIN,TX,78702,3,3100 | 3199 | PRADO ST,True,
2017-008342 OL,Short Term Rental Type 1-A,BLOCK OF 1500 PARKER LN,AUSTIN,TX,78741,9,1500 | 1599 | PARKER LN,True,
2012-102502 OL,Short Term Rental Type 2 Residential,BLOCK OF 1100 REAGAN TER,AUSTIN,TX,78704,9,1100 | 1199 | REAGAN TER,True,
2026-119812 OL,Short Term Rental Type 2 Residential,BLOCK OF 900 BODARK LN,AUSTIN,TX,78745,2,900 | 999 | BODARK LN,True,
2022-140725 OL,Short Term Rental Type 1,BLOCK OF 2200 BARTON HILLS DR,AUSTIN,TX,78704,5,2200 | 2299 | BARTON HILLS DR,True,
2026-046245 OL,Short Term Rental Type 2 Residential,BLOCK OF 2500 E 4TH ST,AUSTIN,TX,78702,3,2500 | 2599 | E 4TH ST,True,official street range corridor
2025-120820 OL,Short Term Rental Type 2 Residential,BLOCK OF 5300 SAMUEL HUSTON AVE,AUSTIN,TX,78721,1,5300 | 5399 | SAMUEL HUSTON AVE,True,
2024-015017 OL,Short Term Rental Type 2 Residential,BLOCK OF 2900 E 3RD ST,AUSTIN,TX,78702,3,2900 | 2999 | E 3RD ST,True,official street range corridor
2025-072838 OL,Short Term Rental Type 1,BLOCK OF 1800 CROOKED LN,AUSTIN,TX,78741,3,1800 | 1899 | CROOKED LN,True,
2026-062694 OL,Short Term Rental Type 2 Residential,BLOCK OF 1400 COTTON ST,AUSTIN,TX,78702,1,1400 | 1499 | COTTON ST,True,
2026-105626 OL,Short Term Rental Type 2 Residential,BLOCK OF 4800 HILLSPRING CIR,AUSTIN,TX,78721,1,4800 | 4899 | HILLSPRING CIR,True,
2026-039956 OL,Short Term Rental Type 2 Residential,BLOCK OF 9900 MURMURING CREEK DR,AUSTIN,TX,78736,8,9900 | 9999 | MURMURING CREEK DR,True,
2022-057009 OL,Short Term Rental Type 1,BLOCK OF 2500 E 10TH ST,AUSTIN,TX,78702,1,2500 | 2599 | E 10TH ST,True,official street range corridor
2026-108093 OL,Short Term Rental Type 2 Residential,BLOCK OF 1200 COLETO ST,AUSTIN,TX,78702,1,1200 | 1299 | COLETO ST,True,
2026-066227 OL,Short Term Rental Type 2 Residential,BLOCK OF 2900 E 12TH ST,AUSTIN,TX,78702,1,2900 | 2999 | E 12TH ST,True,official street range corridor
2026-104560 OL,Short Term Rental Type 3,BLOCK OF 12000 CENTURY OAKS TER,AUSTIN,TX,78758,7,12000 | 12099 | CENTURY OAKS TER,False,
2023-026916 OL,Short Term Rental Type 1-Secondary,BLOCK OF 5000 LYNNWOOD ST,AUSTIN,TX,78756,7,5000 | 5099 | LYNNWOOD ST,True,
2024-132703 OL,Short Term Rental Type 2 Commercial,BLOCK OF 11000 WET SEASON DR,AUSTIN,TX,78754,1,11000 | 11099 | WET SEASON DR,True,official street range corridor
2025-129363 OL,Short Term Rental Type 2 Residential,BLOCK OF 2200 GARDEN ST,AUSTIN,TX,78702,3,2200 | 2299 | GARDEN ST,True,
2025-144799 OL,Short Term Rental Type 2 Residential,BLOCK OF 2300 E 10TH ST,AUSTIN,TX,78702,1,2300 | 2399 | E 10TH ST,True,official street range corridor
2026-043049 OL,Short Term Rental Type 2 Residential,BLOCK OF 12000 LANSDOWNE RD,AUSTIN,TX,78754,1,12000 | 12099 | LANSDOWNE RD,True,
2026-028310 OL,Short Term Rental Type 2 Residential,BLOCK OF 5000 LANSING DR,AUSTIN,TX,78745,5,5000 | 5099 | LANSING DR,True,
2025-158656 OL,Short Term Rental Type 1,BLOCK OF 1200 DELANO ST,AUSTIN,TX,78721,1,1200 | 1299 | DELANO ST,True,
2018-066656 OL,Short Term Rental Type 3,BLOCK OF 1800 SOUTH LAKESHORE BLVD,AUSTIN,TX,78741,3,1800 | 1899 | S LAKESHORE BLVD,False,
2025-151435 OL,Short Term Rental Type 3,BLOCK OF 100 RAINEY ST,AUSTIN,TX,78701,9,100 | 199 | RAINEY ST,True,official street range corridor
2025-026922 OL,Short Term Rental Type 2 Residential,BLOCK OF 1600 TAYLOR GAINES ST,AUSTIN,TX,78741,9,1600 | 1699 | TAYLOR GAINES ST,True,
2026-041900 OL,Short Term Rental Type 2 Residential,BLOCK OF 1900 STANLEY AVE,AUSTIN,TX,78745,5,1900 | 1999 | STANLEY AVE,True,
2026-043373 OL,Short Term Rental Type 3,BLOCK OF 500 S CONGRESS AVE,AUSTIN,TX,78704,9,500 | 599 | S CONGRESS AVE,True,
2026-046919 OL,Short Term Rental Type 2 Residential,BLOCK OF 1300 ALAMO ST,AUSTIN,TX,78702,1,1300 | 1399 | ALAMO ST,True,
2022-170217 OL,Short Term Rental Type 2 Residential,BLOCK OF 600 FLETCHER ST,AUSTIN,TX,78704,3,600 | 699 | FLETCHER ST,True,
2026-036348 OL,Short Term Rental Type 3,BLOCK OF 6800 GREAT NORTHERN BLVD,AUSTIN,TX,78757,7,6800 | 6899 | GREAT NORTHERN BLVD,True,
2026-019740 OL,Short Term Rental Type 2 Residential,BLOCK OF 900 DANIEL DR,AUSTIN,TX,78704,9,900 | 999 | DANIEL DR,True,
2019-215538 OL,Short Term Rental Type 3,BLOCK OF 200 E 4TH ST,AUSTIN,TX,78701,9,200 | 299 | E 4TH ST,True,official street range corridor
2026-074631 OL,Short Term Rental Type 1,BLOCK OF 1000 E 15TH ST,AUSTIN,TX,78702,1,1000 | 1099 | E 15TH ST,True,official street range corridor
2023-122189 OL,Short Term Rental Type 2 Residential,BLOCK OF 2000 E 13TH ST,AUSTIN,TX,78702,1,2000 | 2099 | E 13TH ST,True,official street range corridor
2023-158267 OL,Short Term Rental Type 1-Secondary,BLOCK OF 3300 WESTLAND DR,AUSTIN,TX,78704,5,3300 | 3399 | WESTLAND DR,True,
2026-107171 OL,Short Term Rental Type 2 Residential,BLOCK OF 1900 CEDAR RIDGE DR,AUSTIN,TX,78741,3,1900 | 1999 | CEDAR RIDGE DR,True,
2026-103043 OL,Short Term Rental Type 2 Residential,BLOCK OF 9000 COLLINFIELD DR,AUSTIN,TX,78758,4,9000 | 9099 | COLLINFIELD DR,True,
2022-059703 OL,Short Term Rental Type 1,BLOCK OF 1800 CEDAR RIDGE DR,AUSTIN,TX,78741,3,1800 | 1899 | CEDAR RIDGE DR,True,
2026-097331 OL,Short Term Rental Type 1,BLOCK OF 800 MARIPOSA DR,AUSTIN,TX,78704,9,800 | 899 | MARIPOSA DR,True,official street range corridor
2024-017409 OL,Short Term Rental Type 1,BLOCK OF 1400 BRANDT DR,AUSTIN,TX,78742,2,1400 | 1499 | BRANDT DR,True,
2023-150363 OL,Short Term Rental Type 2 Residential,BLOCK OF 400 PEDERNALES ST,AUSTIN,TX,78702,3,400 | 499 | PEDERNALES ST,True,
2019-189077 OL,Short Term Rental Type 3,BLOCK OF 1200 E 5TH ST,AUSTIN,TX,78702,3,1200 | 1299 | E 5TH ST,True,official street range corridor
2026-080768 OL,Short Term Rental Type 2 Residential,BLOCK OF 1100 DELANO ST,AUSTIN,TX,78721,1,1100 | 1199 | DELANO ST,True,
2025-021807 OL,Short Term Rental Type 2 Residential,BLOCK OF 1200 ANGELINA ST,AUSTIN,TX,78702,1,1200 | 1299 | ANGELINA ST,True,
2025-030371 OL,Short Term Rental Type 2 Residential,BLOCK OF 9800 COTTLE DR,AUSTIN,TX,78753,4,9800 | 9899 | COTTLE DR,True,
2026-031981 OL,Short Term Rental Type 3,BLOCK OF 1600 E 6TH ST,AUSTIN,TX,78702,3,1600 | 1699 | E 6TH ST,True,official street range corridor
2026-043596 OL,Short Term Rental Type 3,BLOCK OF 500 E OLTORF ST,AUSTIN,TX,78704,3,500 | 599 | E OLTORF ST,True,
2025-115575 OL,Short Term Rental Type 2 Residential,BLOCK OF 12000 GRIMSLEY DR,AUSTIN,TX,78759,7,12000 | 12099 | GRIMSLEY DR,True,official street range corridor
2026-065403 OL,Short Term Rental Type 3,BLOCK OF 600 W 17TH ST,AUSTIN,TX,78701,9,600 | 699 | W 17TH ST,True,official street range corridor
2025-162268 OL,Short Term Rental Type 2 Residential,BLOCK OF 1700 VIRGINIA AVE,AUSTIN,TX,78704,5,1700 | 1799 | VIRGINIA AVE,True,
2025-128030 OL,Short Term Rental Type 1,BLOCK OF 7900 BRIARTON DR,AUSTIN,TX,78747,2,7900 | 7999 | BRIARTON DR,True,
2026-040723 OL,Short Term Rental Type 2 Residential,BLOCK OF 3300 BLUE JAY LN,AUSTIN,TX,78732,10,3300 | 3399 | BLUE JAY LN,True,
2026-109951 OL,Short Term Rental Type 1,BLOCK OF 3700 CHERRYWOOD RD,AUSTIN,TX,78722,9,3700 | 3799 | CHERRYWOOD RD,True,
2023-005120 OL,Short Term Rental Type 1,BLOCK OF 2000 E 13TH ST,AUSTIN,TX,78702,1,2000 | 2099 | E 13TH ST,True,official street range corridor
2026-051153 OL,Short Term Rental Type 1,BLOCK OF 1200 COMETA ST,AUSTIN,TX,78721,1,1200 | 1299 | COMETA ST,True,
2025-111943 OL,Short Term Rental Type 3,BLOCK OF 3100 SCOFIELD RIDGE PKWY,AUSTIN,TX,78727,7,3100 | 3199 | SCOFIELD RIDGE PKWY,True,
2026-063333 OL,Short Term Rental Type 2 Residential,BLOCK OF 6900 COLONY PARK DR,AUSTIN,TX,78724,1,6900 | 6999 | COLONY PARK DR,True,
2019-041169 OL,Short Term Rental Type 1,BLOCK OF 1200 LORRAIN ST,AUSTIN,TX,78703,9,1200 | 1299 | LORRAIN ST,True,
2023-051177 OL,Short Term Rental Type 1,BLOCK OF 2000 CHESTNUT AVE,AUSTIN,TX,78722,1,2000 | 2099 | CHESTNUT AVE,True,
2025-131541 OL,Short Term Rental Type 1-A,BLOCK OF 1700 W 11TH ST,AUSTIN,TX,78703,9,1700 | 1799 | W 11TH ST,True,official street range corridor
2014-061130 OL,Short Term Rental Type 3,BLOCK OF 800 S 1ST ST,AUSTIN,TX,78704,9,800 | 899 | S 1ST ST,True,official street range corridor
2025-111270 OL,Short Term Rental Type 3,BLOCK OF 3100 SCOFIELD RIDGE PKWY,AUSTIN,TX,78727,7,3100 | 3199 | SCOFIELD RIDGE PKWY,True,
2023-041960 OL,Short Term Rental Type 1,BLOCK OF 1600 LUPINE LN,AUSTIN,TX,78741,9,1600 | 1699 | LUPINE LN,True,
2026-033684 OL,Short Term Rental Type 2 Residential,BLOCK OF 6900 JUNO CIR,AUSTIN,TX,78724,1,6900 | 6999 | JUNO CIR,True,
2019-015026 OL,Short Term Rental Type 1,BLOCK OF 700 W GIBSON ST,AUSTIN,TX,78704,9,700 | 799 | W GIBSON ST,True,
2025-025719 OL,Short Term Rental Type 2 Residential,BLOCK OF 900 TILLERY ST,AUSTIN,TX,78702,3,900 | 999 | TILLERY ST,True,
2020-008080 OL,Short Term Rental Type 1,BLOCK OF 4900 BEVERLY SKYLINE,AUSTIN,TX,78731,10,4900 | 4999 | BEVERLY SKYLINE,True,
2025-031585 OL,Short Term Rental Type 1,BLOCK OF 1900 RIVERVIEW ST,AUSTIN,TX,78702,3,1900 | 1999 | RIVERVIEW ST,True,
2025-011331 OL,Short Term Rental Type 3,BLOCK OF 5600 GROVER AVE,AUSTIN,TX,78756,7,5600 | 5699 | GROVER AVE,True,
2024-110177 OL,Short Term Rental Type 2 Residential,BLOCK OF 700 LITTLE OAK DR,AUSTIN,TX,78753,7,700 | 799 | LITTLE OAK DR,True,
2025-066152 OL,Short Term Rental Type 2 Residential,BLOCK OF 1000 GLEN OAKS CT,AUSTIN,TX,78702,1,1000 | 1099 | GLEN OAKS CT,True,
2023-125701 OL,Short Term Rental Type 2 Residential,BLOCK OF 800 W ANNIE ST,AUSTIN,TX,78704,9,800 | 899 | W ANNIE ST,True,
2025-158083 OL,Short Term Rental Type 3,BLOCK OF 100 RAINEY ST,AUSTIN,TX,78701,9,100 | 199 | RAINEY ST,True,official street range corridor
2021-007599 OL,Short Term Rental Type 2 Residential,BLOCK OF 6300 SANTOS ST,AUSTIN,TX,78741,3,6300 | 6399 | SANTOS ST,True,
2025-020076 OL,Short Term Rental Type 2 Residential,BLOCK OF 100 WALLER ST,AUSTIN,TX,78702,3,100 | 199 | WALLER ST,True,
2024-030513 OL,Short Term Rental Type 1,BLOCK OF 2900 E 14TH ST,AUSTIN,TX,78702,1,2900 | 2999 | E 14TH ST,True,official street range corridor
2024-157988 OL,Short Term Rental Type 3,BLOCK OF 600 W 7TH ST,AUSTIN,TX,78701,9,600 | 699 | W 7TH ST,True,official street range corridor
2026-022496 OL,Short Term Rental Type 1,BLOCK OF 4800 SAVOREY LN,AUSTIN,TX,78744,2,4800 | 4899 | SAVOREY LN,True,
2023-135422 OL,Short Term Rental Type 2 Residential,BLOCK OF 6300 SANTOS ST,AUSTIN,TX,78741,3,6300 | 6399 | SANTOS ST,True,
2025-070687 OL,Short Term Rental Type 3,BLOCK OF 1600 E 6TH ST,AUSTIN,TX,78702,3,1600 | 1699 | E 6TH ST,True,official street range corridor
2026-033204 OL,Short Term Rental Type 3,BLOCK OF 1700 NUECES ST,AUSTIN,TX,78701,9,1700 | 1799 | NUECES ST,True,
2014-008681 OL,Short Term Rental Type 1,BLOCK OF 1200 CHESTNUT AVE,AUSTIN,TX,78702,1,1200 | 1299 | CHESTNUT AVE,True,
2026-062300 OL,Short Term Rental Type 1,BLOCK OF 112000 HENNINGER ST,AUSTIN,TX,78702,3,112000 | 112099 | HENNINGER ST,False,
2021-126853 OL,Short Term Rental Type 3,BLOCK OF 800 BLANCO ST,AUSTIN,TX,78703,9,800 | 899 | BLANCO ST,True,
2024-156283 OL,Short Term Rental Type 2 Residential,BLOCK OF 2600 E 4TH ST,AUSTIN,TX,78702,3,2600 | 2699 | E 4TH ST,True,
2026-004428 OL,Short Term Rental Type 1,BLOCK OF 1100 LEONA ST,AUSTIN,TX,78702,1,1100 | 1199 | LEONA ST,True,
2026-057246 OL,Short Term Rental Type 1,BLOCK OF 2200 ALTA VISTA AVE,AUSTIN,TX,78704,9,2200 | 2299 | ALTA VISTA AVE,True,
2025-017350 OL,Short Term Rental Type 2 Commercial,BLOCK OF 8100 HUBBLE WALK,AUSTIN,TX,78744,2,8100 | 8199 | HUBBLE WALK,True,
2013-021788 OL,Short Term Rental Type 2 Residential,BLOCK OF 6700 ESTHER DR,AUSTIN,TX,78752,4,6700 | 6799 | ESTHER DR,True,
2025-159216 OL,Short Term Rental Type 2 Residential,BLOCK OF 100 ROBERT T MARTINEZ JR ST,AUSTIN,TX,78702,3,100 | 199 | ROBERT T MARTINEZ JR ST,True,official street range corridor
2019-043060 OL,Short Term Rental Type 1-A,BLOCK OF 1400 ANISE DR,AUSTIN,TX,78741,3,1400 | 1499 | ANISE DR,True,
2025-121167 OL,Short Term Rental Type 2 Residential,BLOCK OF 3200 ROCKHURST LN,AUSTIN,TX,78723,1,3200 | 3299 | ROCKHURST LN,True,
2026-015895 OL,Short Term Rental Type 1,BLOCK OF 1800 ANITA DR,AUSTIN,TX,78704,5,1800 | 1899 | ANITA DR,True,
2021-122602 OL,Short Term Rental Type 3,BLOCK OF 200 LAVACA ST,AUSTIN,TX,78701,9,200 | 299 | LAVACA ST,True,official street range corridor
2024-101494 OL,Short Term Rental Type 2 Residential,BLOCK OF 4800 HALE DR,AUSTIN,TX,78749,8,4800 | 4899 | HALE DR,True,
2026-104670 OL,Short Term Rental Type 2 Residential,BLOCK OF 1000 CHERICO ST,AUSTIN,TX,78702,3,1000 | 1099 | CHERICO ST,True,
2025-143942 OL,Short Term Rental Type 2 Residential,BLOCK OF 2200 HOLLY ST,AUSTIN,TX,78702,3,2200 | 2299 | HOLLY ST,True,
2026-024513 OL,Short Term Rental Type 1-A,BLOCK OF 3500 TAYLORS DR,AUSTIN,TX,78703,10,3500 | 3599 | TAYLORS DR,True,
2026-100346 OL,Short Term Rental Type 2 Residential,BLOCK OF 2700 E 3RD ST,AUSTIN,TX,78702,3,2700 | 2799 | E 3RD ST,True,official street range corridor
2026-020508 OL,Short Term Rental Type 2 Residential,BLOCK OF 1800 FAIRLAWN LN,AUSTIN,TX,78704,9,1800 | 1899 | FAIRLAWN LN,True,
2026-004303 OL,Short Term Rental Type 1,BLOCK OF 2600 SCENIC DR,AUSTIN,TX,78703,10,2600 | 2699 | SCENIC DR,True,
2025-146174 OL,Short Term Rental Type 2 Residential,BLOCK OF 2700 WEBBERVILLE RD,AUSTIN,TX,78702,3,2700 | 2799 | WEBBERVILLE RD,True,
2026-120287 OL,Short Term Rental Type 2 Residential,BLOCK OF 12000 REEDSPORT TRL,AUSTIN,TX,78754,1,12000 | 12099 | REEDSPORT TRL,True,
2026-034929 OL,Short Term Rental Type 3,BLOCK OF 6500 ED BLUESTEIN BLVD NB,AUSTIN,TX,78724,1,6500 | 6599 | ED BLUESTEIN BLVD NB,True,official street range corridor
2022-058447 OL,Short Term Rental Type 1,BLOCK OF 1100 BROOKSWOOD AVE,AUSTIN,TX,78721,3,1100 | 1199 | BROOKSWOOD AVE,True,
2026-012300 OL,Short Term Rental Type 1,BLOCK OF 4300 FAR WEST BLVD,AUSTIN,TX,78731,10,4300 | 4399 | FAR W BLVD,True,
2026-032891 OL,Short Term Rental Type 2 Residential,BLOCK OF 7800 CHRYSLER BND,AUSTIN,TX,78744,2,7800 | 7899 | CHRYSLER BND,True,
2026-041983 OL,Short Term Rental Type 2 Residential,BLOCK OF 2700 HALCYON DR,AUSTIN,TX,78702,3,2700 | 2799 | HALCYON DR,True,official street range corridor
2026-105477 OL,Short Term Rental Type 2 Residential,BLOCK OF 6900 VILLITA AVENIDA,AUSTIN,TX,78741,3,6900 | 6999 | VILLITA AVENIDA,True,
2024-147580 OL,Short Term Rental Type 2 Residential,BLOCK OF 2100 GLENDALE PL,AUSTIN,TX,78704,9,2100 | 2199 | GLENDALE PL,True,
2025-008464 OL,Short Term Rental Type 3,BLOCK OF 8900 TALLWOOD DR,AUSTIN,TX,78759,10,8900 | 8999 | TALLWOOD DR,False,
2026-090983 OL,Short Term Rental Type 3,BLOCK OF 1400 S LAMAR BLVD,AUSTIN,TX,78704,9,1400 | 1499 | S LAMAR BLVD,True,
2025-029434 OL,Short Term Rental Type 2 Residential,BLOCK OF 3500 HOLLYWOOD AVE,AUSTIN,TX,78722,9,3500 | 3599 | HOLLYWOOD AVE,True,
2019-212375 OL,Short Term Rental Type 1,BLOCK OF 12000 RIVER BND,AUSTIN,TX,78732,10,12000 | 12099 | RIVER BND,True,official street range corridor
2022-170229 OL,Short Term Rental Type 1-A,BLOCK OF 3100 GRANDVIEW ST,AUSTIN,TX,78705,9,3100 | 3199 | GRANDVIEW ST,True,
2021-025875 OL,Short Term Rental Type 2 Residential,BLOCK OF 500 POST ROAD DR,AUSTIN,TX,78704,3,500 | 599 | POST RD DR,True,
2026-057195 OL,Short Term Rental Type 3,BLOCK OF 6100 E RIVERSIDE DR,AUSTIN,TX,78741,3,6100 | 6199 | E RIVERSIDE DR,True,
2024-112010 OL,Short Term Rental Type 2 Residential,BLOCK OF 12000 HEATHROW DR,AUSTIN,TX,78759,10,12000 | 12099 | HEATHROW DR,False,
2018-020934 OL,Short Term Rental Type 3,BLOCK OF 500 W 8TH ST,AUSTIN,TX,78701,9,500 | 599 | W 8TH ST,True,official street range corridor
2025-133993 OL,Short Term Rental Type 2 Residential,BLOCK OF 1700 CANTERBURY ST,AUSTIN,TX,78702,3,1700 | 1799 | CANTERBURY ST,True,
2021-074863 OL,Short Term Rental Type 3,BLOCK OF 300 BRAZOS ST,AUSTIN,TX,78701,9,300 | 399 | BRAZOS ST,True,
2022-136632 OL,Short Term Rental Type 2 Residential,BLOCK OF 2600 EDENWOOD DR,AUSTIN,TX,78745,5,2600 | 2699 | EDENWOOD DR,True,
2019-189644 OL,Short Term Rental Type 3,BLOCK OF 1200 E 5TH ST,AUSTIN,TX,78702,3,1200 | 1299 | E 5TH ST,True,official street range corridor
2026-034755 OL,Short Term Rental Type 3,BLOCK OF 6500 ED BLUESTEIN BLVD NB,AUSTIN,TX,78724,1,6500 | 6599 | ED BLUESTEIN BLVD NB,True,official street range corridor
2026-104026 OL,Short Term Rental Type 2 Residential,BLOCK OF 1500 CORIANDER DR,AUSTIN,TX,78741,3,1500 | 1599 | CORIANDER DR,True,
2025-156431 OL,Short Term Rental Type 2 Residential,BLOCK OF 10000 QUAIL HUTCH DR,AUSTIN,TX,78758,4,10000 | 10099 | QUAIL HUTCH DR,True,
2018-022156 OL,Short Term Rental Type 3,BLOCK OF 200 LAVACA ST,AUSTIN,TX,78701,9,200 | 299 | LAVACA ST,True,official street range corridor
2025-032988 OL,Short Term Rental Type 1-A,BLOCK OF 4400 EILERS AVE,AUSTIN,TX,78751,9,4400 | 4499 | EILERS AVE,True,
2025-043078 OL,Short Term Rental Type 1-Secondary,BLOCK OF 1400 TRAVIS HEIGHTS BLVD,AUSTIN,TX,78704,9,1400 | 1499 | TRAVIS HEIGHTS BLVD,True,
2025-147472 OL,Short Term Rental Type 2 Residential,BLOCK OF 1400 WEBBERVILLE RD,AUSTIN,TX,78721,1,1400 | 1499 | WEBBERVILLE RD,True,
2013-000176 OL,Short Term Rental Type 2 Residential,BLOCK OF 500 ACADEMY DR,AUSTIN,TX,78704,9,500 | 599 | ACADEMY DR,True,
2026-119454 OL,Short Term Rental Type 2 Residential,BLOCK OF 6200 SEVILLE DR,AUSTIN,TX,78724,1,6200 | 6299 | SEVILLE DR,True,
2026-077900 OL,Short Term Rental Type 1,BLOCK OF 1100 GUNTER ST,AUSTIN,TX,78702,3,1100 | 1199 | GUNTER ST,True,
2025-016684 OL,Short Term Rental Type 1-Secondary,BLOCK OF 2200 E 21ST ST,AUSTIN,TX,78722,1,2200 | 2299 | E 21ST ST,True,official street range corridor
2019-010392 OL,Short Term Rental Type 1,BLOCK OF 900 BANISTER LN,AUSTIN,TX,78704,3,900 | 999 | BANISTER LN,True,
2019-214267 OL,Short Term Rental Type 1,BLOCK OF 800 E 13TH ST,AUSTIN,TX,78702,1,800 | 899 | E 13TH ST,True,official street range corridor
2026-077786 OL,Short Term Rental Type 3,BLOCK OF 5000 CONVICT HILL RD,AUSTIN,TX,78749,8,5000 | 5099 | CONVICT HILL RD,True,
2025-144749 OL,Short Term Rental Type 2 Residential,BLOCK OF 2800 INRIDGE DR,AUSTIN,TX,78745,5,2800 | 2899 | INRIDGE DR,True,
2020-141627 OL,Short Term Rental Type 1,BLOCK OF 3900 GRAYSON LN,AUSTIN,TX,78722,9,3900 | 3999 | GRAYSON LN,True,
2026-036358 OL,Short Term Rental Type 3,BLOCK OF 6800 GREAT NORTHERN BLVD,AUSTIN,TX,78757,7,6800 | 6899 | GREAT NORTHERN BLVD,True,
2025-142361 OL,Short Term Rental Type 3,BLOCK OF 8100 BLUE GOOSE RD,AUSTIN,TX,78653,1,8100 | 8199 | BLUE GOOSE RD,True,official street range corridor
2026-090684 OL,Short Term Rental Type 1,BLOCK OF 13000 VIZQUEL LOOP,AUSTIN,TX,78617,2,13000 | 13099 | VIZQUEL LOOP,True,
2024-101514 OL,Short Term Rental Type 1,BLOCK OF 1600 HETHER ST,AUSTIN,TX,78704,5,1600 | 1699 | HETHER ST,True,
2026-043630 OL,Short Term Rental Type 3,BLOCK OF 500 E OLTORF ST,AUSTIN,TX,78704,3,500 | 599 | E OLTORF ST,True,
2026-108316 OL,Short Term Rental Type 2 Residential,BLOCK OF 12000 GLENDA CT,AUSTIN,TX,78753,7,12000 | 12099 | GLENDA CT,False,
2025-137854 OL,Short Term Rental Type 2 Residential,BLOCK OF 400 W MILTON ST,AUSTIN,TX,78704,9,400 | 499 | W MILTON ST,True,
2023-113515 OL,Short Term Rental Type 2 Residential,BLOCK OF 4800 OLDFORT HILL DR,AUSTIN,TX,78723,1,4800 | 4899 | OLDFORT HILL DR,True,
2024-135804 OL,Short Term Rental Type 2 Residential,BLOCK OF 6200 KASPER ST,AUSTIN,TX,78741,3,6200 | 6299 | KASPER ST,True,
2025-115333 OL,Short Term Rental Type 2 Residential,BLOCK OF 1000 WILLOW ST,AUSTIN,TX,78702,3,1000 | 1099 | WILLOW ST,True,
2026-123607 OL,Short Term Rental Type 2 Residential,BLOCK OF 2200 PENNSYLVANIA AVE,AUSTIN,TX,78702,1,2200 | 2299 | PENNSYLVANIA AVE,True,
2019-233029 OL,Short Term Rental Type 3,BLOCK OF 200 LAVACA ST,AUSTIN,TX,78701,9,200 | 299 | LAVACA ST,True,official street range corridor
2025-162646 OL,Short Term Rental Type 1-A,BLOCK OF 2000 E 16TH ST,AUSTIN,TX,78702,1,2000 | 2099 | E 16TH ST,True,official street range corridor
2026-099078 OL,Short Term Rental Type 1-Secondary,BLOCK OF 1700 LINSCOMB AVE,AUSTIN,TX,78704,5,1700 | 1799 | LINSCOMB AVE,True,
2024-081055 OL,Short Term Rental Type 1,BLOCK OF 7500 GRENADINE BLOOM BND,AUSTIN,TX,78617,2,7500 | 7599 | GRENADINE BLOOM BND,True,
2026-008741 OL,Short Term Rental Type 1,BLOCK OF 1800 MARGARET ST,AUSTIN,TX,78704,5,1800 | 1899 | MARGARET ST,True,
2026-103962 OL,Short Term Rental Type 2 Residential,BLOCK OF 5100 KITE TAIL DR,AUSTIN,TX,78730,10,5100 | 5199 | KITE TAIL DR,True,
2026-020200 OL,Short Term Rental Type 1-Secondary,BLOCK OF 800 COLUMBUS ST,AUSTIN,TX,78704,9,800 | 899 | COLUMBUS ST,True,
2024-156124 OL,Short Term Rental Type 2 Residential,BLOCK OF 4400 BANISTER LN,AUSTIN,TX,78745,5,4400 | 4499 | BANISTER LN,True,
2026-074517 OL,Short Term Rental Type 3,BLOCK OF 900 E 41ST ST,AUSTIN,TX,78751,9,900 | 999 | E 41ST ST,True,official street range corridor
2022-186475 OL,Short Term Rental Type 1,BLOCK OF 2500 TRAILSIDE DR,AUSTIN,TX,78704,5,2500 | 2599 | TRAILSIDE DR,True,
2026-029866 OL,Short Term Rental Type 2 Residential,BLOCK OF 2100 FORT VIEW RD,AUSTIN,TX,78704,5,2100 | 2199 | FORT VIEW RD,True,
2026-108510 OL,Short Term Rental Type 2 Residential,BLOCK OF 7500 LAUPER DR,AUSTIN,TX,78744,2,7500 | 7599 | LAUPER DR,True,official street range corridor
2025-125695 OL,Short Term Rental Type 1,BLOCK OF 4500 ELANA CT,AUSTIN,TX,78741,3,4500 | 4599 | ELANA CT,True,
2026-117688 OL,Short Term Rental Type 2 Residential,BLOCK OF 100 NAVASOTA ST,AUSTIN,TX,78702,3,100 | 199 | NAVASOTA ST,True,
2025-129206 OL,Short Term Rental Type 2 Residential,BLOCK OF 2100 LEAR LN,AUSTIN,TX,78745,5,2100 | 2199 | LEAR LN,True,
2021-169487 OL,Short Term Rental Type 1,BLOCK OF 2400 EUCLID AVE,AUSTIN,TX,78704,3,2400 | 2499 | EUCLID AVE,True,
2026-046754 OL,Short Term Rental Type 2 Residential,BLOCK OF 3200 GOVALLE AVE,AUSTIN,TX,78702,3,3200 | 3299 | GOVALLE AVE,True,
2018-007742 OL,Short Term Rental Type 1,BLOCK OF 2900 CLEARVIEW DR,AUSTIN,TX,78703,10,2900 | 2999 | CLEARVIEW DR,True,
2019-082959 OL,Short Term Rental Type 3,BLOCK OF 400 W 3RD ST,AUSTIN,TX,78701,9,400 | 499 | W 3RD ST,True,official street range corridor
2019-189432 OL,Short Term Rental Type 3,BLOCK OF 1200 E 5TH ST,AUSTIN,TX,78702,3,1200 | 1299 | E 5TH ST,True,official street range corridor
2025-158155 OL,Short Term Rental Type 3,BLOCK OF 100 RAINEY ST,AUSTIN,TX,78701,9,100 | 199 | RAINEY ST,True,official street range corridor
2026-032411 OL,Short Term Rental Type 2 Residential,BLOCK OF 6900 STAR DR,AUSTIN,TX,78745,2,6900 | 6999 | STAR DR,True,
2014-045935 OL,Short Term Rental Type 2 Residential,BLOCK OF 2300 W 8TH ST,AUSTIN,TX,78703,10,2300 | 2399 | W 8TH ST,True,official street range corridor
2018-018553 OL,Short Term Rental Type 1-A,BLOCK OF 4500 AVENUE B,AUSTIN,TX,78751,9,4500 | 4599 | AVE B,True,
2025-135073 OL,Short Term Rental Type 1-Secondary,BLOCK OF 1200 FAIRBANKS DR,AUSTIN,TX,78752,4,1200 | 1299 | FAIRBANKS DR,True,
2026-055352 OL,Short Term Rental Type 1-Secondary,BLOCK OF 3900 BAILEY LN,AUSTIN,TX,78756,10,3900 | 3999 | BAILEY LN,True,
2025-070672 OL,Short Term Rental Type 3,BLOCK OF 1600 E 6TH ST,AUSTIN,TX,78702,3,1600 | 1699 | E 6TH ST,True,official street range corridor
2026-098557 OL,Short Term Rental Type 2 Residential,BLOCK OF 1100 CRIPPLE CREEK DR,AUSTIN,TX,78758,4,1100 | 1199 | CRIPPLE CREEK DR,True,
2023-007340 OL,Short Term Rental Type 1,BLOCK OF 1600 WOODLAND AVE,AUSTIN,TX,78741,9,1600 | 1699 | WOODLAND AVE,True,
2026-017746 OL,Short Term Rental Type 2 Residential,BLOCK OF 100 LYNN ST,AUSTIN,TX,78702,3,100 | 199 | LYNN ST,True,official street range corridor
2023-147046 OL,Short Term Rental Type 2 Residential,BLOCK OF 1100 BROOKSWOOD AVE,AUSTIN,TX,78721,3,1100 | 1199 | BROOKSWOOD AVE,True,
2025-016330 OL,Short Term Rental Type 2 Residential,BLOCK OF 2000 RABB GLEN ST,AUSTIN,TX,78704,5,2000 | 2099 | RABB GLEN ST,True,
2026-040289 OL,Short Term Rental Type 2 Residential,BLOCK OF 3300 PENNSYLVANIA AVE,AUSTIN,TX,78721,1,3300 | 3399 | PENNSYLVANIA AVE,True,
2026-054636 OL,Short Term Rental Type 1,BLOCK OF 1600 WEST AVE,AUSTIN,TX,78701,9,1600 | 1699 | W AVE,True,
2026-002349 OL,Short Term Rental Type 1-Secondary,BLOCK OF 1700 COLLIER ST,AUSTIN,TX,78704,5,1700 | 1799 | COLLIER ST,True,
2026-081253 OL,Short Term Rental Type 1,BLOCK OF 5000 LANSING DR,AUSTIN,TX,78745,5,5000 | 5099 | LANSING DR,True,
2025-019447 OL,Short Term Rental Type 1,BLOCK OF 1600 PENNSYLVANIA AVE,AUSTIN,TX,78702,1,1600 | 1699 | PENNSYLVANIA AVE,True,
2021-203211 OL,Short Term Rental Type 2 Residential,BLOCK OF 13000 MAGNOLIA MOUND TRL,AUSTIN,TX,78727,6,13000 | 13099 | MAGNOLIA MOUND TRL,False,
2022-039078 OL,Short Term Rental Type 1,BLOCK OF 600 WINFLO DR,AUSTIN,TX,78703,9,600 | 699 | WINFLO DR,True,
2025-151253 OL,Short Term Rental Type 1,BLOCK OF 1900 BURBANK ST,AUSTIN,TX,78757,7,1900 | 1999 | BURBANK ST,True,
2019-215563 OL,Short Term Rental Type 3,BLOCK OF 200 E 4TH ST,AUSTIN,TX,78701,9,200 | 299 | E 4TH ST,True,official street range corridor
2025-113190 OL,Short Term Rental Type 2 Residential,BLOCK OF 2600 LAZY OAKS DR,AUSTIN,TX,78745,5,2600 | 2699 | LAZY OAKS DR,True,
2025-008020 OL,Short Term Rental Type 2 Residential,BLOCK OF 1900 RABB RD,AUSTIN,TX,78704,5,1900 | 1999 | RABB RD,True,
2025-065577 OL,Short Term Rental Type 1,BLOCK OF 1800 E 4TH ST,AUSTIN,TX,78702,3,1800 | 1899 | E 4TH ST,True,official street range corridor
2026-051455 OL,Short Term Rental Type 3,BLOCK OF 700 W 34TH ST,AUSTIN,TX,78705,9,700 | 799 | W 34TH ST,True,official street range corridor
2026-124346 OL,Short Term Rental Type 2 Residential,BLOCK OF 2200 GALWAY ST,AUSTIN,TX,78758,7,2200 | 2299 | GALWAY ST,True,
2012-108179 OL,Short Term Rental Type 1-Secondary,BLOCK OF 600 W MARY ST,AUSTIN,TX,78704,9,600 | 699 | W MARY ST,True,
2022-177424 OL,Short Term Rental Type 1,BLOCK OF 2200 SANTA RITA ST,AUSTIN,TX,78702,3,2200 | 2299 | SANTA RITA ST,True,
2019-014826 OL,Short Term Rental Type 1-Secondary,BLOCK OF 300 W MILTON ST,AUSTIN,TX,78704,9,300 | 399 | W MILTON ST,True,
2026-069054 OL,Short Term Rental Type 2 Residential,BLOCK OF 1900 E 11TH ST,AUSTIN,TX,78702,1,1900 | 1999 | E 11TH ST,True,official street range corridor
2026-044049 OL,Short Term Rental Type 1,BLOCK OF 4400 JINX AVE,AUSTIN,TX,78745,5,4400 | 4499 | JINX AVE,True,
2025-157864 OL,Short Term Rental Type 3,BLOCK OF 100 RAINEY ST,AUSTIN,TX,78701,9,100 | 199 | RAINEY ST,True,official street range corridor
2025-156250 OL,Short Term Rental Type 3,BLOCK OF 100 RAINEY ST,AUSTIN,TX,78701,9,100 | 199 | RAINEY ST,True,official street range corridor
2026-102300 OL,Short Term Rental Type 2 Residential,BLOCK OF 1400 MARCUS PL,AUSTIN,TX,78721,1,1400 | 1499 | MARCUS PL,True,
2022-170286 OL,Short Term Rental Type 2 Residential,BLOCK OF 400 W ANNIE ST,AUSTIN,TX,78704,9,400 | 499 | W ANNIE ST,True,
2026-063469 OL,Short Term Rental Type 2 Residential,BLOCK OF 6600 HILLSIDE TERRACE DR,AUSTIN,TX,78749,8,6600 | 6699 | HILLSIDE TERRACE DR,True,
2023-138492 OL,Short Term Rental Type 2 Residential,BLOCK OF 2000 KINNEY AVE,AUSTIN,TX,78704,9,2000 | 2099 | KINNEY AVE,True,
2020-006192 OL,Short Term Rental Type 1-Secondary,BLOCK OF 4000 RAMSEY AVE,AUSTIN,TX,78756,10,4000 | 4099 | RAMSEY AVE,True,
2022-073438 OL,Short Term Rental Type 1,BLOCK OF 1900 BIG HORN DR,AUSTIN,TX,78734,10,1900 | 1999 | BIG HORN DR,True,
2025-022226 OL,Short Term Rental Type 2 Residential,BLOCK OF 200 NELRAY BLVD,AUSTIN,TX,78751,4,200 | 299 | NELRAY BLVD,True,
2026-032863 OL,Short Term Rental Type 3,BLOCK OF 400 W 37TH ST,AUSTIN,TX,78705,9,400 | 499 | W 37TH ST,True,official street range corridor
2024-110060 OL,Short Term Rental Type 2 Residential,BLOCK OF 7000 ENCANTO TRL,AUSTIN,TX,78744,2,7000 | 7099 | ENCANTO TRL,True,
2018-185768 OL,Short Term Rental Type 1,BLOCK OF 3300 MOUNT BONNELL DR,AUSTIN,TX,78731,10,3300 | 3399 | MOUNT BONNELL DR,True,
2019-191023 OL,Short Term Rental Type 1-Secondary,BLOCK OF 1400 S 5TH ST,AUSTIN,TX,78704,9,1400 | 1499 | S 5TH ST,True,official street range corridor
2026-045583 OL,Short Term Rental Type 1,BLOCK OF 2100 E 13TH ST,AUSTIN,TX,78702,1,2100 | 2199 | E 13TH ST,True,official street range corridor
2021-192416 OL,Short Term Rental Type 1-Secondary,BLOCK OF 1500 OAK HEIGHTS DR,AUSTIN,TX,78741,9,1500 | 1599 | OAK HEIGHTS DR,True,
2016-020784 OL,Short Term Rental Type 1-Secondary,BLOCK OF 300 W 45TH ST,AUSTIN,TX,78751,9,300 | 399 | W 45TH ST,True,official street range corridor
2025-150211 OL,Short Term Rental Type 2 Residential,BLOCK OF 2500 GONZALES ST,AUSTIN,TX,78702,3,2500 | 2599 | GONZALES ST,True,
2026-102527 OL,Short Term Rental Type 2 Residential,BLOCK OF 1600 PARKER LN,AUSTIN,TX,78741,9,1600 | 1699 | PARKER LN,True,
2024-166193 OL,Short Term Rental Type 2 Residential,BLOCK OF 7700 DELWAU LN,AUSTIN,TX,78725,1,7700 | 7799 | DELWAU LN,True,
2023-045723 OL,Short Term Rental Type 1,BLOCK OF 5600 WESTVIEW RD,AUSTIN,TX,78749,8,5600 | 5699 | WESTVIEW RD,True,
2024-012036 OL,Short Term Rental Type 2 Residential,BLOCK OF 1100 JEWELL ST,AUSTIN,TX,78704,9,1100 | 1199 | JEWELL ST,True,
2024-145039 OL,Short Term Rental Type 2 Residential,BLOCK OF 2500 BERKETT DR,AUSTIN,TX,78745,5,2500 | 2599 | BERKETT DR,True,
2025-156173 OL,Short Term Rental Type 3,BLOCK OF 100 RAINEY ST,AUSTIN,TX,78701,9,100 | 199 | RAINEY ST,True,official street range corridor
2025-070706 OL,Short Term Rental Type 3,BLOCK OF 1600 E 6TH ST,AUSTIN,TX,78702,3,1600 | 1699 | E 6TH ST,True,official street range corridor
2026-029713 OL,Short Term Rental Type 1,BLOCK OF 4800 WEST GATE BLVD,AUSTIN,TX,78745,5,4800 | 4899 | W GATE BLVD,True,
2025-042577 OL,Short Term Rental Type 2 Residential,BLOCK OF 5800 ABILENE TRL,AUSTIN,TX,78749,8,5800 | 5899 | ABILENE TRL,True,
2024-167723 OL,Short Term Rental Type 3,BLOCK OF 9000 NORTH PLZ,AUSTIN,TX,78753,4,9000 | 9099 | N PLZ,False,
2019-189094 OL,Short Term Rental Type 3,BLOCK OF 1200 E 5TH ST,AUSTIN,TX,78702,3,1200 | 1299 | E 5TH ST,True,official street range corridor
2026-118340 OL,Short Term Rental Type 2 Residential,BLOCK OF 1100 STONEOAK LN,AUSTIN,TX,78745,2,1100 | 1199 | STONEOAK LN,True,
2026-057347 OL,Short Term Rental Type 3,BLOCK OF 6100 E RIVERSIDE DR,AUSTIN,TX,78741,3,6100 | 6199 | E RIVERSIDE DR,True,
2018-021097 OL,Short Term Rental Type 3,BLOCK OF 500 W 8TH ST,AUSTIN,TX,78701,9,500 | 599 | W 8TH ST,True,official street range corridor
2025-156049 OL,Short Term Rental Type 3,BLOCK OF 100 RAINEY ST,AUSTIN,TX,78701,9,100 | 199 | RAINEY ST,True,official street range corridor
2022-072903 OL,Short Term Rental Type 1-Secondary,BLOCK OF 1000 BRASS ST,AUSTIN,TX,78702,3,1000 | 1099 | BRASS ST,True,
2025-142474 OL,Short Term Rental Type 3,BLOCK OF 8100 BLUE GOOSE RD,AUSTIN,TX,78653,1,8100 | 8199 | BLUE GOOSE RD,True,official street range corridor
2025-158015 OL,Short Term Rental Type 3,BLOCK OF 100 RAINEY ST,AUSTIN,TX,78701,9,100 | 199 | RAINEY ST,True,official street range corridor
2026-064381 OL,Short Term Rental Type 1,BLOCK OF 5900 GLENHOLLOW PATH,AUSTIN,TX,78745,2,5900 | 5999 | GLENHOLLOW PATH,True,
2026-068358 OL,Short Term Rental Type 3,BLOCK OF 700 CARDINAL LN,AUSTIN,TX,78704,3,700 | 799 | CARDINAL LN,True,official street range corridor
2026-041225 OL,Short Term Rental Type 2 Residential,BLOCK OF 1100 BROOKSWOOD AVE,AUSTIN,TX,78721,3,1100 | 1199 | BROOKSWOOD AVE,True,
2025-017116 OL,Short Term Rental Type 3,BLOCK OF 2400 LONGVIEW ST,AUSTIN,TX,78705,9,2400 | 2499 | LONGVIEW ST,True,
2026-022659 OL,Short Term Rental Type 1,BLOCK OF 2200 DOVE SPRINGS DR,AUSTIN,TX,78744,2,2200 | 2299 | DOVE SPRINGS DR,True,
2015-132652 OL,Short Term Rental Type 1,BLOCK OF 700 PATTERSON AVE,AUSTIN,TX,78703,9,700 | 799 | PATTERSON AVE,True,
2026-040547 OL,Short Term Rental Type 1,BLOCK OF 1300 ARDENWOOD RD,AUSTIN,TX,78722,9,1300 | 1399 | ARDENWOOD RD,True,
2025-133905 OL,Short Term Rental Type 2 Residential,BLOCK OF 1100 BENTWOOD RD,AUSTIN,TX,78722,9,1100 | 1199 | BENTWOOD RD,True,
2022-032032 OL,Short Term Rental Type 1,BLOCK OF 900 GARDEN VILLA CT,AUSTIN,TX,78704,3,900 | 999 | GARDEN VILLA CT,True,
2026-012840 OL,Short Term Rental Type 2 Residential,BLOCK OF 6700 DOYAL DR,AUSTIN,TX,78747,2,6700 | 6799 | DOYAL DR,True,
2025-053499 OL,Short Term Rental Type 1,BLOCK OF 1700 W 29TH ST,AUSTIN,TX,78703,10,1700 | 1799 | W 29TH ST,True,official street range corridor
2025-056302 OL,Short Term Rental Type 2 Residential,BLOCK OF 2900 PECAN SPRINGS RD,AUSTIN,TX,78723,1,2900 | 2999 | PECAN SPRINGS RD,True,
2026-030688 OL,Short Term Rental Type 1,BLOCK OF 100 CROSS ST,AUSTIN,TX,78702,3,100 | 199 | CROSS ST,True,official street range corridor
2019-141684 OL,Short Term Rental Type 1-Secondary,BLOCK OF 11000 MELLOW LN,AUSTIN,TX,78759,6,11000 | 11099 | MELLOW LN,False,
2025-157987 OL,Short Term Rental Type 3,BLOCK OF 100 RAINEY ST,AUSTIN,TX,78701,9,100 | 199 | RAINEY ST,True,official street range corridor
2024-125361 OL,Short Term Rental Type 1,BLOCK OF 1800 E 4TH ST,AUSTIN,TX,78702,3,1800 | 1899 | E 4TH ST,True,official street range corridor
2026-043035 OL,Short Term Rental Type 2 Residential,BLOCK OF 11000 PTARMIGAN DR,AUSTIN,TX,78758,4,11000 | 11099 | PTARMIGAN DR,True,
2026-016994 OL,Short Term Rental Type 1,BLOCK OF 600 W CRESTLAND DR,AUSTIN,TX,78752,4,600 | 699 | W CRESTLAND DR,True,
2020-015431 OL,Short Term Rental Type 1-A,BLOCK OF 4100 GOCHMAN ST,AUSTIN,TX,78723,9,4100 | 4199 | GOCHMAN ST,True,
2026-012933 OL,Short Term Rental Type 2 Residential,BLOCK OF 5700 LOUISE LN,AUSTIN,TX,78757,7,5700 | 5799 | LOUISE LN,True,
2025-112808 OL,Short Term Rental Type 2 Residential,BLOCK OF 2000 GATHRIGHT CV,AUSTIN,TX,78704,5,2000 | 2099 | GATHRIGHT CV,True,
2021-138708 OL,Short Term Rental Type 1-A,BLOCK OF 1700 MARIPOSA DR,AUSTIN,TX,78741,9,1700 | 1799 | MARIPOSA DR,True,
2018-179357 OL,Short Term Rental Type 1-A,BLOCK OF 1200 BOULDIN AVE,AUSTIN,TX,78704,9,1200 | 1299 | BOULDIN AVE,True,
2020-186433 OL,Short Term Rental Type 3,BLOCK OF 700 HEARN ST,AUSTIN,TX,78703,10,700 | 799 | HEARN ST,True,
2026-102903 OL,Short Term Rental Type 2 Residential,BLOCK OF 1100 SUMMIT ST,AUSTIN,TX,78741,9,1100 | 1199 | SUMMIT ST,True,
2023-005943 OL,Short Term Rental Type 1,BLOCK OF 2300 NORTHLAND DR,AUSTIN,TX,78756,7,2300 | 2399 | NORTHLAND DR,True,
2026-009775 OL,Short Term Rental Type 2 Residential,BLOCK OF 12000 KELTON DR,AUSTIN,TX,78754,1,12000 | 12099 | KELTON DR,True,official street range corridor
2026-035282 OL,Short Term Rental Type 3,BLOCK OF 3500 S 1ST ST,AUSTIN,TX,78704,3,3500 | 3599 | S 1ST ST,True,official street range corridor
2025-137727 OL,Short Term Rental Type 2 Residential,BLOCK OF 1700 CINNAMON PATH,AUSTIN,TX,78704,5,1700 | 1799 | CINNAMON PATH,True,
2026-029465 OL,Short Term Rental Type 1,BLOCK OF 4300 DUVAL ST,AUSTIN,TX,78751,9,4300 | 4399 | DUVAL ST,True,
2022-153966 OL,Short Term Rental Type 1,BLOCK OF 6500 ADEN LN,AUSTIN,TX,78739,8,6500 | 6599 | ADEN LN,True,
2026-050153 OL,Short Term Rental Type 3,BLOCK OF 5000 CONVICT HILL RD,AUSTIN,TX,78749,8,5000 | 5099 | CONVICT HILL RD,True,
2026-110654 OL,Short Term Rental Type 2 Residential,BLOCK OF 1400 BOB HARRISON ST,AUSTIN,TX,78702,1,1400 | 1499 | BOB HARRISON ST,True,
2023-094425 OL,Short Term Rental Type 1,BLOCK OF 4400 ROSEDALE AVE,AUSTIN,TX,78756,10,4400 | 4499 | ROSEDALE AVE,True,
2025-157874 OL,Short Term Rental Type 3,BLOCK OF 100 RAINEY ST,AUSTIN,TX,78701,9,100 | 199 | RAINEY ST,True,official street range corridor
2022-170450 OL,Short Term Rental Type 1,BLOCK OF 1900 CANTERBURY ST,AUSTIN,TX,78702,3,1900 | 1999 | CANTERBURY ST,True,
2016-155052 OL,Short Term Rental Type 3,BLOCK OF 1100 W 6TH ST,AUSTIN,TX,78703,9,1100 | 1199 | W 6TH ST,True,official street range corridor
2013-043567 OL,Short Term Rental Type 1,BLOCK OF 1200 BRANCH ST,AUSTIN,TX,78702,1,1200 | 1299 | BRANCH ST,True,official street range corridor
2017-005170 OL,Short Term Rental Type 1,BLOCK OF 1200 HILLSIDE AVE,AUSTIN,TX,78704,9,1200 | 1299 | HILLSIDE AVE,True,
2024-025268 OL,Short Term Rental Type 2 Residential,BLOCK OF 700 PATTERSON AVE,AUSTIN,TX,78703,9,700 | 799 | PATTERSON AVE,True,
2026-092230 OL,Short Term Rental Type 1-Secondary,BLOCK OF 2000 KAREN AVE,AUSTIN,TX,78757,7,2000 | 2099 | KAREN AVE,True,
2018-021940 OL,Short Term Rental Type 3,BLOCK OF 500 W 8TH ST,AUSTIN,TX,78701,9,500 | 599 | W 8TH ST,True,official street range corridor
2024-126122 OL,Short Term Rental Type 2 Residential,BLOCK OF 200 W MOCKINGBIRD LN,AUSTIN,TX,78745,3,200 | 299 | W MOCKINGBIRD LN,True,
2018-020989 OL,Short Term Rental Type 3,BLOCK OF 500 W 8TH ST,AUSTIN,TX,78701,9,500 | 599 | W 8TH ST,True,official street range corridor
2025-062712 OL,Short Term Rental Type 2 Residential,BLOCK OF 5900 CHERRY LOOP,AUSTIN,TX,78745,2,5900 | 5999 | CHERRY LOOP,True,
2023-120139 OL,Short Term Rental Type 3,BLOCK OF 4500 E MARTIN LUTHER KING JR BLVD,AUSTIN,TX,78721,1,4500 | 4599 | E MARTIN LUTHER KING JR BLVD,True,official street range corridor
2023-130731 OL,Short Term Rental Type 1,BLOCK OF 2200 IVA LN,AUSTIN,TX,78704,5,2200 | 2299 | IVA LN,True,
2023-139754 OL,Short Term Rental Type 2 Residential,BLOCK OF 3600 VILLA CT,AUSTIN,TX,78704,3,3600 | 3699 | VILLA CT,True,
2025-016897 OL,Short Term Rental Type 2 Residential,BLOCK OF 1800 KENWOOD AVE,AUSTIN,TX,78704,9,1800 | 1899 | KENWOOD AVE,True,
2021-198799 OL,Short Term Rental Type 3,BLOCK OF 400 W 3RD ST,AUSTIN,TX,78701,9,400 | 499 | W 3RD ST,True,official street range corridor
2013-124632 OL,Short Term Rental Type 1-Secondary,BLOCK OF 600 JOSEPHINE ST,AUSTIN,TX,78704,9,600 | 699 | JOSEPHINE ST,True,
2025-020176 OL,Short Term Rental Type 2 Residential,BLOCK OF 300 W WILLIAM CANNON DR,AUSTIN,TX,78745,2,300 | 399 | W WILLIAM CANNON DR,True,
2026-109098 OL,Short Term Rental Type 2 Residential,BLOCK OF 2500 DOVE SPRINGS DR,AUSTIN,TX,78744,2,2500 | 2599 | DOVE SPRINGS DR,True,
2026-050172 OL,Short Term Rental Type 1,BLOCK OF 500 POWELL CIR,AUSTIN,TX,78704,3,500 | 599 | POWELL CIR,True,
2026-074145 OL,Short Term Rental Type 2 Residential,BLOCK OF 5500 DARLINGTON LN,AUSTIN,TX,78723,1,5500 | 5599 | DARLINGTON LN,True,
2026-041783 OL,Short Term Rental Type 2 Residential,BLOCK OF 1200 COTTON ST,AUSTIN,TX,78702,1,1200 | 1299 | COTTON ST,True,
2026-077543 OL,Short Term Rental Type 1,BLOCK OF 2000 S 3RD ST,AUSTIN,TX,78704,3,2000 | 2099 | S 3RD ST,True,official street range corridor
2026-107453 OL,Short Term Rental Type 2 Residential,BLOCK OF 1100 SPUR ST,AUSTIN,TX,78721,3,1100 | 1199 | SPUR ST,True,
2023-138905 OL,Short Term Rental Type 2 Residential,BLOCK OF 1500 MANANA ST,AUSTIN,TX,78730,10,1500 | 1599 | MANANA ST,True,
2015-053683 OL,Short Term Rental Type 2 Residential,BLOCK OF 1700 SKI SLOPE DR,AUSTIN,TX,78733,10,1700 | 1799 | SKI SLOPE DR,True,
2018-022076 OL,Short Term Rental Type 1,BLOCK OF 1200 SAN BERNARD ST,AUSTIN,TX,78702,1,1200 | 1299 | SAN BERNARD ST,True,
2026-044871 OL,Short Term Rental Type 3,BLOCK OF 2200 TOWN LAKE CIR,AUSTIN,TX,78741,3,2200 | 2299 | TOWN LAKE CIR,True,
2026-019174 OL,Short Term Rental Type 1,BLOCK OF 7600 LATTA DR,AUSTIN,TX,78749,8,7600 | 7699 | LATTA DR,True,
2021-074832 OL,Short Term Rental Type 3,BLOCK OF 300 BRAZOS ST,AUSTIN,TX,78701,9,300 | 399 | BRAZOS ST,True,
2023-009947 OL,Short Term Rental Type 1,BLOCK OF 1100 HENNINGER ST,AUSTIN,TX,78702,3,1100 | 1199 | HENNINGER ST,True,
2019-134944 OL,Short Term Rental Type 1-Secondary,BLOCK OF 1600 E 13TH ST,AUSTIN,TX,78702,1,1600 | 1699 | E 13TH ST,True,official street range corridor
2026-042412 OL,Short Term Rental Type 2 Residential,BLOCK OF 12000 RUSTED NAIL CV,AUSTIN,TX,78750,6,12000 | 12099 | RUSTED NAIL CV,True,official street range corridor
2026-005511 OL,Short Term Rental Type 2 Residential,BLOCK OF 2900 ROBINSON AVE,AUSTIN,TX,78722,9,2900 | 2999 | ROBINSON AVE,True,
2025-113013 OL,Short Term Rental Type 2 Residential,BLOCK OF 6200 GLEN MEADOW DR,AUSTIN,TX,78745,2,6200 | 6299 | GLEN MEADOW DR,True,
2026-060516 OL,Short Term Rental Type 2 Residential,BLOCK OF 1200 GARDEN ST,AUSTIN,TX,78702,3,1200 | 1299 | GARDEN ST,True,
2023-141367 OL,Short Term Rental Type 3,BLOCK OF 1200 HOLLOW CREEK DR,AUSTIN,TX,78704,5,1200 | 1299 | HOLLOW CREEK DR,True,
2025-134586 OL,Short Term Rental Type 1,BLOCK OF 2300 EAST SIDE DR,AUSTIN,TX,78704,9,2300 | 2399 | E SIDE DR,True,
2026-025404 OL,Short Term Rental Type 2 Residential,BLOCK OF 200 SANDRA ST,AUSTIN,TX,78745,2,200 | 299 | SANDRA ST,True,
2025-120780 OL,Short Term Rental Type 1,BLOCK OF 6400 PINE LEAF TRL,AUSTIN,TX,78747,2,6400 | 6499 | PINE LEAF TRL,True,
2026-018675 OL,Short Term Rental Type 2 Commercial,BLOCK OF 5200 CHICO ST,AUSTIN,TX,78721,3,5200 | 5299 | CHICO ST,True,
2026-003828 OL,Short Term Rental Type 2 Residential,BLOCK OF 1500 SUMMIT ST,AUSTIN,TX,78741,9,1500 | 1599 | SUMMIT ST,True,
2024-147912 OL,Short Term Rental Type 2 Residential,BLOCK OF 2200 ANN ARBOR AVE,AUSTIN,TX,78704,5,2200 | 2299 | ANN ARBOR AVE,True,official street range corridor
2025-025771 OL,Short Term Rental Type 1-Secondary,BLOCK OF 1200 INLAND GREENS,AUSTIN,TX,78758,4,1200 | 1299 | INLAND GREENS,True,
2026-043774 OL,Short Term Rental Type 1,BLOCK OF 8500 SELWAY DR,AUSTIN,TX,78736,8,8500 | 8599 | SELWAY DR,True,
2026-066010 OL,Short Term Rental Type 1,BLOCK OF 3500 OAK SPRINGS DR,AUSTIN,TX,78721,1,3500 | 3599 | OAK SPRINGS DR,True,
2026-012878 OL,Short Term Rental Type 2 Residential,BLOCK OF 400 DEEP EDDY AVE,AUSTIN,TX,78703,10,400 | 499 | DEEP EDDY AVE,True,
2026-060568 OL,Short Term Rental Type 1-A,BLOCK OF 9100 FROCK CT,AUSTIN,TX,78748,5,9100 | 9199 | FROCK CT,True,
2025-133889 OL,Short Term Rental Type 3,BLOCK OF 100 E 30TH ST,AUSTIN,TX,78705,9,100 | 199 | E 30TH ST,True,official street range corridor
2026-042762 OL,Short Term Rental Type 2 Residential,BLOCK OF 800 GLEN RD,AUSTIN,TX,78753,1,800 | 899 | GLEN RD,True,
2025-151188 OL,Short Term Rental Type 1,BLOCK OF 2000 OXFORD AVE,AUSTIN,TX,78704,5,2000 | 2099 | OXFORD AVE,True,
2026-004210 OL,Short Term Rental Type 2 Residential,BLOCK OF 4300 MOUNT VERNON DR,AUSTIN,TX,78745,5,4300 | 4399 | MOUNT VERNON DR,True,
2026-077658 OL,Short Term Rental Type 1,BLOCK OF 2700 WEBBERVILLE RD,AUSTIN,TX,78702,3,2700 | 2799 | WEBBERVILLE RD,True,
2024-076560 OL,Short Term Rental Type 3,BLOCK OF 2700 E 5TH ST,AUSTIN,TX,78702,3,2700 | 2799 | E 5TH ST,True,official street range corridor
2026-043437 OL,Short Term Rental Type 3,BLOCK OF 500 CONGRESS AVE,AUSTIN,TX,78701,9,500 | 599 | CONGRESS AVE,True,
2026-037099 OL,Short Term Rental Type 3,BLOCK OF 800 BLANCO ST,AUSTIN,TX,78703,9,800 | 899 | BLANCO ST,True,
2026-057198 OL,Short Term Rental Type 3,BLOCK OF 6100 E RIVERSIDE DR,AUSTIN,TX,78741,3,6100 | 6199 | E RIVERSIDE DR,True,
2020-001258 OL,Short Term Rental Type 1,BLOCK OF 1900 ESPLANADE CIR,AUSTIN,TX,78727,7,1900 | 1999 | ESPLANADE CIR,True,
2026-031572 OL,Short Term Rental Type 3,BLOCK OF 1600 E 6TH ST,AUSTIN,TX,78702,3,1600 | 1699 | E 6TH ST,True,official street range corridor
2026-084346 OL,Short Term Rental Type 1,BLOCK OF 1400 CANTERBURY ST,AUSTIN,TX,78702,3,1400 | 1499 | CANTERBURY ST,True,
2026-019999 OL,Short Term Rental Type 2 Residential,BLOCK OF 1600 GARDEN ST,AUSTIN,TX,78702,3,1600 | 1699 | GARDEN ST,True,
2026-035033 OL,Short Term Rental Type 3,BLOCK OF 2200 MONTOPOLIS DR,AUSTIN,TX,78741,3,2200 | 2299 | MONTOPOLIS DR,True,official street range corridor
2023-129588 OL,Short Term Rental Type 2 Residential,BLOCK OF 7600 PROVIDENCE AVE,AUSTIN,TX,78752,4,7600 | 7699 | PROVIDENCE AVE,True,
2026-035075 OL,Short Term Rental Type 3,BLOCK OF 2300 GROVE BLVD,AUSTIN,TX,78741,3,2300 | 2399 | GROVE BLVD,True,
2025-037005 OL,Short Term Rental Type 1-Secondary,BLOCK OF 2000 WRIGHT ST,AUSTIN,TX,78704,5,2000 | 2099 | WRIGHT ST,True,
2024-001589 OL,Short Term Rental Type 2 Residential,BLOCK OF 100 E GIBSON ST,AUSTIN,TX,78704,9,100 | 199 | E GIBSON ST,True,
2022-029228 OL,Short Term Rental Type 1,BLOCK OF 1600 MAPLE AVE,AUSTIN,TX,78702,1,1600 | 1699 | MAPLE AVE,True,
2024-151125 OL,Short Term Rental Type 2 Residential,BLOCK OF 500 E ANNIE ST,AUSTIN,TX,78704,9,500 | 599 | E ANNIE ST,True,
2023-019497 OL,Short Term Rental Type 2 Residential,BLOCK OF 12000 LOCHRIDGE DR,AUSTIN,TX,78758,7,12000 | 12099 | LOCHRIDGE DR,False,
2019-150413 OL,Short Term Rental Type 1-A,BLOCK OF 9000 BLUE QUAIL DR,AUSTIN,TX,78758,4,9000 | 9099 | BLUE QUAIL DR,True,
2022-164031 OL,Short Term Rental Type 1,BLOCK OF 1700 TIMBERWOOD DR,AUSTIN,TX,78741,3,1700 | 1799 | TIMBERWOOD DR,True,
2021-056973 OL,Short Term Rental Type 1,BLOCK OF 13000 WATER LN,AUSTIN,TX,78732,10,13000 | 13099 | WATER LN,True,official street range corridor
2021-164165 OL,Short Term Rental Type 1,BLOCK OF 5400 SALEM WALK DR,AUSTIN,TX,78745,2,5400 | 5499 | SALEM WALK DR,True,
2019-237769 OL,Short Term Rental Type 1-Secondary,BLOCK OF 3000 E MARTIN LUTHER KING JR BLVD,AUSTIN,TX,78702,1,3000 | 3099 | E MARTIN LUTHER KING JR BLVD,True,official street range corridor
2023-119758 OL,Short Term Rental Type 2 Commercial,BLOCK OF 2100 FORT VIEW RD,AUSTIN,TX,78704,5,2100 | 2199 | FORT VIEW RD,True,
2025-143896 OL,Short Term Rental Type 2 Residential,BLOCK OF 6200 HILLSTON DR,AUSTIN,TX,78745,5,6200 | 6299 | HILLSTON DR,True,
2025-005526 OL,Short Term Rental Type 3,BLOCK OF 1100 SABINE ST,AUSTIN,TX,78701,9,1100 | 1199 | SABINE ST,True,official street range corridor
2023-128122 OL,Short Term Rental Type 2 Residential,BLOCK OF 2500 E 4TH ST,AUSTIN,TX,78702,3,2500 | 2599 | E 4TH ST,True,official street range corridor
2026-002605 OL,Short Term Rental Type 2 Residential,BLOCK OF 2100 BIG HORN DR,AUSTIN,TX,78734,10,2100 | 2199 | BIG HORN DR,True,
2026-083766 OL,Short Term Rental Type 3,BLOCK OF 1600 E 6TH ST,AUSTIN,TX,78702,3,1600 | 1699 | E 6TH ST,True,official street range corridor
2018-024039 OL,Short Term Rental Type 3,BLOCK OF 500 W 8TH ST,AUSTIN,TX,78701,9,500 | 599 | W 8TH ST,True,official street range corridor
2025-151454 OL,Short Term Rental Type 3,BLOCK OF 100 RAINEY ST,AUSTIN,TX,78701,9,100 | 199 | RAINEY ST,True,official street range corridor
2026-012388 OL,Short Term Rental Type 1,BLOCK OF 1100 BRASS ST,AUSTIN,TX,78702,3,1100 | 1199 | BRASS ST,True,
2019-236151 OL,Short Term Rental Type 1,BLOCK OF 600 W ST JOHNS AVE,AUSTIN,TX,78752,4,600 | 699 | W ST JOHNS AVE,True,
2026-096569 OL,Short Term Rental Type 1,BLOCK OF 13000 BENNINGTON LN,AUSTIN,TX,78753,7,13000 | 13099 | BENNINGTON LN,True,official street range corridor
2023-014377 OL,Short Term Rental Type 1,BLOCK OF 4500 FINLEY DR,AUSTIN,TX,78731,7,4500 | 4599 | FINLEY DR,True,
2026-066329 OL,Short Term Rental Type 3,BLOCK OF 6300 S 1ST ST,AUSTIN,TX,78745,2,6300 | 6399 | S 1ST ST,True,
2026-063528 OL,Short Term Rental Type 2 Residential,BLOCK OF 7400 TONKA LN,AUSTIN,TX,78744,2,7400 | 7499 | TONKA LN,True,official street range corridor
2026-092711 OL,Short Term Rental Type 1,BLOCK OF 3900 BECKER AVE,AUSTIN,TX,78751,9,3900 | 3999 | BECKER AVE,True,
2024-151168 OL,Short Term Rental Type 2 Residential,BLOCK OF 1900 COLLEGE ROW,AUSTIN,TX,78702,1,1900 | 1999 | COLLEGE ROW,True,
2014-015391 OL,Short Term Rental Type 3,BLOCK OF 1100 HOLLOW CREEK DR,AUSTIN,TX,78704,5,1100 | 1199 | HOLLOW CREEK DR,True,
2026-119864 OL,Short Term Rental Type 2 Residential,BLOCK OF 2500 BERKETT DR,AUSTIN,TX,78745,5,2500 | 2599 | BERKETT DR,True,
2026-107839 OL,Short Term Rental Type 2 Residential,BLOCK OF 4800 LANSING DR,AUSTIN,TX,78745,5,4800 | 4899 | LANSING DR,True,
2018-021928 OL,Short Term Rental Type 3,BLOCK OF 500 W 8TH ST,AUSTIN,TX,78701,9,500 | 599 | W 8TH ST,True,official street range corridor
2025-129109 OL,Short Term Rental Type 3,BLOCK OF 2200 ENFIELD RD,AUSTIN,TX,78703,10,2200 | 2299 | ENFIELD RD,True,
2023-131628 OL,Short Term Rental Type 2 Residential,BLOCK OF 600 E 48TH ST,AUSTIN,TX,78751,9,600 | 699 | E 48TH ST,True,official street range corridor
2026-064587 OL,Short Term Rental Type 1,BLOCK OF 1800 CRESTHAVEN DR,AUSTIN,TX,78704,5,1800 | 1899 | CRESTHAVEN DR,True,
2026-109094 OL,Short Term Rental Type 1-Secondary,BLOCK OF 5100 LANSING DR,AUSTIN,TX,78745,3,5100 | 5199 | LANSING DR,True,
2026-042529 OL,Short Term Rental Type 2 Residential,BLOCK OF 5000 GALEN CT,AUSTIN,TX,78744,2,5000 | 5099 | GALEN CT,True,
2026-035011 OL,Short Term Rental Type 2 Residential,BLOCK OF 3300 S PLEASANT VALLEY RD,AUSTIN,TX,78741,3,3300 | 3399 | S PLEASANT VALLEY RD,True,
2026-107874 OL,Short Term Rental Type 2 Residential,BLOCK OF 1400 S 3RD ST,AUSTIN,TX,78704,9,1400 | 1499 | S 3RD ST,True,official street range corridor
2023-009724 OL,Short Term Rental Type 1,BLOCK OF 1700 SYLVAN DR,AUSTIN,TX,78741,9,1700 | 1799 | SYLVAN DR,True,
2016-153179 OL,Short Term Rental Type 1-Secondary,BLOCK OF 1900 RIVERVIEW ST,AUSTIN,TX,78702,3,1900 | 1999 | RIVERVIEW ST,True,
2012-109441 OL,Short Term Rental Type 1-Secondary,BLOCK OF 3000 WEST AVE,AUSTIN,TX,78705,9,3000 | 3099 | W AVE,True,
2026-031198 OL,Short Term Rental Type 2 Residential,BLOCK OF 7300 LANGSTON DR,AUSTIN,TX,78723,1,7300 | 7399 | LANGSTON DR,True,
2025-113244 OL,Short Term Rental Type 2 Residential,BLOCK OF 2200 BERKETT DR,AUSTIN,TX,78745,5,2200 | 2299 | BERKETT DR,True,
2026-043853 OL,Short Term Rental Type 3,BLOCK OF 1400 S LAMAR BLVD,AUSTIN,TX,78704,9,1400 | 1499 | S LAMAR BLVD,True,
2026-022752 OL,Short Term Rental Type 2 Residential,BLOCK OF 2300 S 3RD ST,AUSTIN,TX,78704,3,2300 | 2399 | S 3RD ST,True,official street range corridor
2026-056805 OL,Short Term Rental Type 1,BLOCK OF 1100 E 9TH ST,AUSTIN,TX,78702,1,1100 | 1199 | E 9TH ST,True,official street range corridor
2022-032996 OL,Short Term Rental Type 1,BLOCK OF 2300 SANTA RITA ST,AUSTIN,TX,78702,3,2300 | 2399 | SANTA RITA ST,True,
2025-134807 OL,Short Term Rental Type 2 Residential,BLOCK OF 6700 BROAD BROOK DR,AUSTIN,TX,78747,2,6700 | 6799 | BROAD BROOK DR,True,
2021-074580 OL,Short Term Rental Type 3,BLOCK OF 300 BRAZOS ST,AUSTIN,TX,78701,9,300 | 399 | BRAZOS ST,True,
2026-042100 OL,Short Term Rental Type 2 Residential,BLOCK OF 7300 PROVIDENCE AVE,AUSTIN,TX,78752,4,7300 | 7399 | PROVIDENCE AVE,True,
2014-007839 OL,Short Term Rental Type 3,BLOCK OF 2200 TRAILSIDE DR,AUSTIN,TX,78704,5,2200 | 2299 | TRAILSIDE DR,True,
2022-078969 OL,Short Term Rental Type 1,BLOCK OF 2600 WESTLAKE DR,AUSTIN,TX,78746,8,2600 | 2699 | WESTLAKE DR,True,
2025-029090 OL,Short Term Rental Type 1-A,BLOCK OF 2000 COVERED WAGON PASS,AUSTIN,TX,78744,2,2000 | 2099 | COVERED WAGON PASS,True,
2026-074498 OL,Short Term Rental Type 3,BLOCK OF 4200 RED RIVER ST,AUSTIN,TX,78751,9,4200 | 4299 | RED RIVER ST,True,
2026-083861 OL,Short Term Rental Type 3,BLOCK OF 1600 E 6TH ST,AUSTIN,TX,78702,3,1600 | 1699 | E 6TH ST,True,official street range corridor
2022-163964 OL,Short Term Rental Type 2 Residential,BLOCK OF 1900 FRAZIER AVE,AUSTIN,TX,78704,5,1900 | 1999 | FRAZIER AVE,True,
2024-122154 OL,Short Term Rental Type 1,BLOCK OF 4700 SCOTTISH WOODS CV,AUSTIN,TX,78746,8,4700 | 4799 | SCOTTISH WOODS CV,True,
2019-189699 OL,Short Term Rental Type 3,BLOCK OF 1200 E 5TH ST,AUSTIN,TX,78702,3,1200 | 1299 | E 5TH ST,True,official street range corridor
2023-032948 OL,Short Term Rental Type 2 Residential,BLOCK OF 1100 ANGELINA ST,AUSTIN,TX,78702,1,1100 | 1199 | ANGELINA ST,True,
2026-101522 OL,Short Term Rental Type 2 Residential,BLOCK OF 1800 ARBORSIDE DR,AUSTIN,TX,78754,1,1800 | 1899 | ARBORSIDE DR,True,
2026-114880 OL,Short Term Rental Type 2 Residential,BLOCK OF 5800 PINON VISTA DR,AUSTIN,TX,78724,1,5800 | 5899 | PINON VISTA DR,True,
2024-148028 OL,Short Term Rental Type 1,BLOCK OF 1300 CORIANDER DR,AUSTIN,TX,78741,3,1300 | 1399 | CORIANDER DR,True,
2025-142609 OL,Short Term Rental Type 3,BLOCK OF 8100 BLUE GOOSE RD,AUSTIN,TX,78653,1,8100 | 8199 | BLUE GOOSE RD,True,official street range corridor
2023-139146 OL,Short Term Rental Type 3,BLOCK OF 7400 N LAMAR BLVD,AUSTIN,TX,78757,7,7400 | 7499 | N LAMAR BLVD,True,official street range corridor
2024-043091 OL,Short Term Rental Type 1,BLOCK OF 1600 MEGHAN LN,AUSTIN,TX,78704,5,1600 | 1699 | MEGHAN LN,True,
2026-106199 OL,Short Term Rental Type 2 Residential,BLOCK OF 5500 AVENUE F,AUSTIN,TX,78751,4,5500 | 5599 | AVE F,True,
2026-029779 OL,Short Term Rental Type 1,BLOCK OF 4100 RIDGELEA DR,AUSTIN,TX,78731,10,4100 | 4199 | RIDGELEA DR,True,
2020-170709 OL,Short Term Rental Type 1,BLOCK OF 5100 FAIRVIEW DR,AUSTIN,TX,78731,10,5100 | 5199 | FAIRVIEW DR,True,
2025-134484 OL,Short Term Rental Type 3,BLOCK OF 600 BLANCO ST,AUSTIN,TX,78703,9,600 | 699 | BLANCO ST,True,
2025-157935 OL,Short Term Rental Type 3,BLOCK OF 100 RAINEY ST,AUSTIN,TX,78701,9,100 | 199 | RAINEY ST,True,official street range corridor
2026-073032 OL,Short Term Rental Type 3,BLOCK OF 6500 ED BLUESTEIN BLVD NB,AUSTIN,TX,78724,1,6500 | 6599 | ED BLUESTEIN BLVD NB,True,official street range corridor
2026-058469 OL,Short Term Rental Type 1,BLOCK OF 2700 E 3RD ST,AUSTIN,TX,78702,3,2700 | 2799 | E 3RD ST,True,official street range corridor
2025-142725 OL,Short Term Rental Type 3,BLOCK OF 8100 BLUE GOOSE RD,AUSTIN,TX,78653,1,8100 | 8199 | BLUE GOOSE RD,True,official street range corridor
2025-121746 OL,Short Term Rental Type 3,BLOCK OF 2500 THORNTON RD,AUSTIN,TX,78704,5,2500 | 2599 | THORNTON RD,True,
2025-008492 OL,Short Term Rental Type 2 Residential,BLOCK OF 2400 E 9TH ST,AUSTIN,TX,78702,1,2400 | 2499 | E 9TH ST,True,official street range corridor
2025-151307 OL,Short Term Rental Type 2 Residential,BLOCK OF 1400 CLIFFORD AVE,AUSTIN,TX,78702,1,1400 | 1499 | CLIFFORD AVE,True,
2026-090986 OL,Short Term Rental Type 3,BLOCK OF 1400 S LAMAR BLVD,AUSTIN,TX,78704,9,1400 | 1499 | S LAMAR BLVD,True,
2026-034714 OL,Short Term Rental Type 2 Residential,BLOCK OF 2200 YELLOW JACKET LN,AUSTIN,TX,78741,3,2200 | 2299 | YELLOW JACKET LN,True,
2018-022042 OL,Short Term Rental Type 3,BLOCK OF 500 W 8TH ST,AUSTIN,TX,78701,9,500 | 599 | W 8TH ST,True,official street range corridor
2025-112966 OL,Short Term Rental Type 2 Residential,BLOCK OF 3000 FONTANA DR,AUSTIN,TX,78704,3,3000 | 3099 | FONTANA DR,True,
2026-017600 OL,Short Term Rental Type 2 Residential,BLOCK OF 1600 SPRINGER LN,AUSTIN,TX,78758,4,1600 | 1699 | SPRINGER LN,True,
2023-032968 OL,Short Term Rental Type 1-A,BLOCK OF 1700 BOULDIN AVE,AUSTIN,TX,78704,9,1700 | 1799 | BOULDIN AVE,True,
2026-111136 OL,Short Term Rental Type 1-A,BLOCK OF 5700 LINK AVE,AUSTIN,TX,78752,4,5700 | 5799 | LINK AVE,True,
2026-070263 OL,Short Term Rental Type 1-Secondary,BLOCK OF 1000 E 43RD ST,AUSTIN,TX,78751,9,1000 | 1099 | E 43RD ST,True,official street range corridor
2026-065407 OL,Short Term Rental Type 3,BLOCK OF 600 W 17TH ST,AUSTIN,TX,78701,9,600 | 699 | W 17TH ST,True,official street range corridor
2025-163238 OL,Short Term Rental Type 1,BLOCK OF 1200 LOMA DR,AUSTIN,TX,78741,9,1200 | 1299 | LOMA DR,True,
2017-046599 OL,Short Term Rental Type 1-Secondary,BLOCK OF 100 ROBERT T MARTINEZ JR ST,AUSTIN,TX,78702,3,100 | 199 | ROBERT T MARTINEZ JR ST,True,official street range corridor
2025-016354 OL,Short Term Rental Type 2 Residential,BLOCK OF 1200 GARDEN ST,AUSTIN,TX,78702,3,1200 | 1299 | GARDEN ST,True,
2025-002330 OL,Short Term Rental Type 1-A,BLOCK OF 2000 GOODRICH AVE,AUSTIN,TX,78704,5,2000 | 2099 | GOODRICH AVE,True,
2026-083799 OL,Short Term Rental Type 2 Residential,BLOCK OF 7500 PETAL PINK CV,DEL VALLE,TX,78617,2,7500 | 7599 | PETAL PINK CV,True,official street range corridor
2025-065489 OL,Short Term Rental Type 1,BLOCK OF 1300 E 30TH ST,AUSTIN,TX,78722,9,1300 | 1399 | E 30TH ST,True,official street range corridor
2021-036735 OL,Short Term Rental Type 1-A,BLOCK OF 6000 SUN VISTA DR,AUSTIN,TX,78749,8,6000 | 6099 | SUN VISTA DR,True,
2020-182085 OL,Short Term Rental Type 1,BLOCK OF 1800 E 4TH ST,AUSTIN,TX,78702,3,1800 | 1899 | E 4TH ST,True,official street range corridor
2026-043772 OL,Short Term Rental Type 3,BLOCK OF 2400 LONGVIEW ST,AUSTIN,TX,78705,9,2400 | 2499 | LONGVIEW ST,True,
2026-065110 OL,Short Term Rental Type 3,BLOCK OF 9100 RESEARCH BLVD SVRD NB,AUSTIN,TX,78758,7,9100 | 9199 | RESEARCH BLVD SVRD NB,True,official street range corridor
2024-141391 OL,Short Term Rental Type 1,BLOCK OF 1600 S 3RD ST,AUSTIN,TX,78704,9,1600 | 1699 | S 3RD ST,True,official street range corridor
2026-103814 OL,Short Term Rental Type 2 Residential,BLOCK OF 12000 POLLYANNA AVE,AUSTIN,TX,78753,7,12000 | 12099 | POLLYANNA AVE,True,
2026-102565 OL,Short Term Rental Type 2 Residential,BLOCK OF 2600 ROCK TERRACE DR,AUSTIN,TX,78704,5,2600 | 2699 | ROCK TERRACE DR,True,
2014-036602 OL,Short Term Rental Type 2 Residential,BLOCK OF 1400 NEWTON ST,AUSTIN,TX,78704,9,1400 | 1499 | NEWTON ST,True,
2025-158059 OL,Short Term Rental Type 3,BLOCK OF 100 RAINEY ST,AUSTIN,TX,78701,9,100 | 199 | RAINEY ST,True,official street range corridor
2024-021294 OL,Short Term Rental Type 2 Residential,BLOCK OF 7300 MARCELL ST,AUSTIN,TX,78752,4,7300 | 7399 | MARCELL ST,True,
2025-005337 OL,Short Term Rental Type 3,BLOCK OF 1100 SABINE ST,AUSTIN,TX,78701,9,1100 | 1199 | SABINE ST,True,official street range corridor
2020-033405 OL,Short Term Rental Type 3,BLOCK OF 100 E ST JOHNS AVE,AUSTIN,TX,78752,4,100 | 199 | E ST JOHNS AVE,True,
2025-113293 OL,Short Term Rental Type 2 Residential,BLOCK OF 1300 KINNEY AVE,AUSTIN,TX,78704,9,1300 | 1399 | KINNEY AVE,True,
2025-114676 OL,Short Term Rental Type 2 Residential,BLOCK OF 3700 MUNSON ST,AUSTIN,TX,78721,1,3700 | 3799 | MUNSON ST,True,
2026-031604 OL,Short Term Rental Type 3,BLOCK OF 1600 E 6TH ST,AUSTIN,TX,78702,3,1600 | 1699 | E 6TH ST,True,official street range corridor
2021-163924 OL,Short Term Rental Type 1,BLOCK OF 1500 BLUEBONNET LN,AUSTIN,TX,78704,5,1500 | 1599 | BLUEBONNET LN,True,
2025-148049 OL,Short Term Rental Type 2 Residential,BLOCK OF 900 CHOTE AVE,AUSTIN,TX,78702,3,900 | 999 | CHOTE AVE,True,
2019-189719 OL,Short Term Rental Type 3,BLOCK OF 1200 E 5TH ST,AUSTIN,TX,78702,3,1200 | 1299 | E 5TH ST,True,official street range corridor
2021-161135 OL,Short Term Rental Type 1,BLOCK OF 2600 DIAZ ST,AUSTIN,TX,78702,3,2600 | 2699 | DIAZ ST,True,
2025-121818 OL,Short Term Rental Type 2 Residential,BLOCK OF 1500 HOLLY ST,AUSTIN,TX,78702,3,1500 | 1599 | HOLLY ST,True,
2022-018795 OL,Short Term Rental Type 3,BLOCK OF 3300 GUADALUPE ST,AUSTIN,TX,78705,9,3300 | 3399 | GUADALUPE ST,True,official street range corridor
2026-035068 OL,Short Term Rental Type 3,BLOCK OF 2200 MONTOPOLIS DR,AUSTIN,TX,78741,3,2200 | 2299 | MONTOPOLIS DR,True,official street range corridor
2026-065111 OL,Short Term Rental Type 3,BLOCK OF 9100 RESEARCH BLVD SVRD NB,AUSTIN,TX,78758,7,9100 | 9199 | RESEARCH BLVD SVRD NB,True,official street range corridor
2026-060874 OL,Short Term Rental Type 1,BLOCK OF 1000 S 3RD ST,AUSTIN,TX,78704,9,1000 | 1099 | S 3RD ST,True,official street range corridor
2026-003689 OL,Short Term Rental Type 1-Secondary,BLOCK OF 3100 ROBINSON AVE,AUSTIN,TX,78722,9,3100 | 3199 | ROBINSON AVE,True,
2024-015029 OL,Short Term Rental Type 2 Residential,BLOCK OF 2900 E 3RD ST,AUSTIN,TX,78702,3,2900 | 2999 | E 3RD ST,True,official street range corridor
2016-136092 OL,Short Term Rental Type 1-Secondary,BLOCK OF 2100 E 18TH ST,AUSTIN,TX,78702,1,2100 | 2199 | E 18TH ST,True,official street range corridor
2026-040487 OL,Short Term Rental Type 2 Residential,BLOCK OF 500 E MARY ST,AUSTIN,TX,78704,9,500 | 599 | E MARY ST,True,
2019-215492 OL,Short Term Rental Type 3,BLOCK OF 200 E 4TH ST,AUSTIN,TX,78701,9,200 | 299 | E 4TH ST,True,official street range corridor
2023-012826 OL,Short Term Rental Type 1,BLOCK OF 800 CHRISTOPHER ST,AUSTIN,TX,78704,9,800 | 899 | CHRISTOPHER ST,True,
2025-016763 OL,Short Term Rental Type 2 Residential,BLOCK OF 1800 SYLVAN DR,AUSTIN,TX,78741,9,1800 | 1899 | SYLVAN DR,True,
2025-144644 OL,Short Term Rental Type 3,BLOCK OF 4900 MERRITT DR,AUSTIN,TX,78744,2,4900 | 4999 | MERRITT DR,True,
2017-047349 OL,Short Term Rental Type 1,BLOCK OF 1400 GARNER AVE,AUSTIN,TX,78704,5,1400 | 1499 | GARNER AVE,True,
2025-005270 OL,Short Term Rental Type 3,BLOCK OF 1100 SABINE ST,AUSTIN,TX,78701,9,1100 | 1199 | SABINE ST,True,official street range corridor
2025-011266 OL,Short Term Rental Type 3,BLOCK OF 2100 MUROC ST,AUSTIN,TX,78757,7,2100 | 2199 | MUROC ST,True,
2026-116023 OL,Short Term Rental Type 1,BLOCK OF 2800 ST EDWARDS CIR,AUSTIN,TX,78704,3,2800 | 2899 | ST EDWARDS CIR,True,
2026-095063 OL,Short Term Rental Type 1,BLOCK OF 7600 PROVIDENCE AVE,AUSTIN,TX,78752,4,7600 | 7699 | PROVIDENCE AVE,True,
2023-010445 OL,Short Term Rental Type 1,BLOCK OF 10000 TREASURE ISLAND DR,AUSTIN,TX,78730,10,10000 | 10099 | TREASURE ISLAND DR,True,official street range corridor
2018-209307 OL,Short Term Rental Type 1-Secondary,BLOCK OF 1700 NEWNING AVE,AUSTIN,TX,78704,9,1700 | 1799 | NEWNING AVE,True,
2026-077600 OL,Short Term Rental Type 1,BLOCK OF 1900 EVA ST,AUSTIN,TX,78704,3,1900 | 1999 | EVA ST,True,
2026-088800 OL,Short Term Rental Type 1,BLOCK OF 1100 GILLESPIE PL,AUSTIN,TX,78704,9,1100 | 1199 | GILLESPIE PL,True,
2026-035051 OL,Short Term Rental Type 3,BLOCK OF 2200 MONTOPOLIS DR,AUSTIN,TX,78741,3,2200 | 2299 | MONTOPOLIS DR,True,official street range corridor
2025-005540 OL,Short Term Rental Type 3,BLOCK OF 1100 SABINE ST,AUSTIN,TX,78701,9,1100 | 1199 | SABINE ST,True,official street range corridor
2025-032133 OL,Short Term Rental Type 2 Residential,BLOCK OF 3300 DOLPHIN DR,AUSTIN,TX,78704,5,3300 | 3399 | DOLPHIN DR,True,
2025-136333 OL,Short Term Rental Type 2 Residential,BLOCK OF 1400 E 11TH ST,AUSTIN,TX,78702,1,1400 | 1499 | E 11TH ST,True,official street range corridor
2026-055924 OL,Short Term Rental Type 1,BLOCK OF 8000 TWO COVES DR,AUSTIN,TX,78730,10,8000 | 8099 | TWO COVES DR,True,
2022-163811 OL,Short Term Rental Type 3,BLOCK OF 1700 NUECES ST,AUSTIN,TX,78701,9,1700 | 1799 | NUECES ST,True,
2026-074586 OL,Short Term Rental Type 3,BLOCK OF 900 E 41ST ST,AUSTIN,TX,78751,9,900 | 999 | E 41ST ST,True,official street range corridor
2026-121211 OL,Short Term Rental Type 2 Residential,BLOCK OF 2700 E 12TH ST,AUSTIN,TX,78702,1,2700 | 2799 | E 12TH ST,True,official street range corridor
2026-052119 OL,Short Term Rental Type 2 Residential,BLOCK OF 11000 DEFENDER TRL,AUSTIN,TX,78754,1,11000 | 11099 | DEFENDER TRL,True,
2026-052082 OL,Short Term Rental Type 2 Residential,BLOCK OF 3600 OVERLORD LN,AUSTIN,TX,78754,1,3600 | 3699 | OVERLORD LN,True,
2026-036460 OL,Short Term Rental Type 3,BLOCK OF 6800 GREAT NORTHERN BLVD,AUSTIN,TX,78757,7,6800 | 6899 | GREAT NORTHERN BLVD,True,
2025-157873 OL,Short Term Rental Type 3,BLOCK OF 100 RAINEY ST,AUSTIN,TX,78701,9,100 | 199 | RAINEY ST,True,official street range corridor
2026-045873 OL,Short Term Rental Type 2 Residential,BLOCK OF 5100 PROVENCIAL DR,AUSTIN,TX,78724,1,5100 | 5199 | PROVENCIAL DR,True,
2023-113281 OL,Short Term Rental Type 2 Residential,BLOCK OF 800 W ANNIE ST,AUSTIN,TX,78704,9,800 | 899 | W ANNIE ST,True,
2023-017681 OL,Short Term Rental Type 1,BLOCK OF 2200 THORNTON RD,AUSTIN,TX,78704,5,2200 | 2299 | THORNTON RD,True,
2026-033141 OL,Short Term Rental Type 2 Residential,BLOCK OF 2300 E 2ND ST,AUSTIN,TX,78702,3,2300 | 2399 | E 2ND ST,True,official street range corridor
2025-035301 OL,Short Term Rental Type 2 Residential,BLOCK OF 2400 FOREST AVE,AUSTIN,TX,78704,3,2400 | 2499 | FOREST AVE,True,
2025-020154 OL,Short Term Rental Type 3,BLOCK OF 1800 SOUTH LAKESHORE BLVD,AUSTIN,TX,78741,3,1800 | 1899 | S LAKESHORE BLVD,False,
2016-027617 OL,Short Term Rental Type 1-A,BLOCK OF 600 E 50TH ST,AUSTIN,TX,78751,9,600 | 699 | E 50TH ST,True,official street range corridor
2026-040667 OL,Short Term Rental Type 2 Residential,BLOCK OF 12000 GLEN FALLOCH CT,AUSTIN,TX,78754,1,12000 | 12099 | GLEN FALLOCH CT,False,
2026-078356 OL,Short Term Rental Type 1,BLOCK OF 8900 MOUNT BARTLETT DR,AUSTIN,TX,78759,10,8900 | 8999 | MOUNT BARTLETT DR,True,
2026-043478 OL,Short Term Rental Type 3,BLOCK OF 500 CONGRESS AVE,AUSTIN,TX,78701,9,500 | 599 | CONGRESS AVE,True,
2022-041061 OL,Short Term Rental Type 2 Residential,BLOCK OF 1100 UPLAND DR,AUSTIN,TX,78741,9,1100 | 1199 | UPLAND DR,True,
2024-042223 OL,Short Term Rental Type 2 Residential,BLOCK OF 9800 BRIAR RIDGE DR,AUSTIN,TX,78748,5,9800 | 9899 | BRIAR RIDGE DR,True,
2025-060032 OL,Short Term Rental Type 2 Residential,BLOCK OF 8800 SPRINGMAIL CIR,AUSTIN,TX,78729,6,8800 | 8899 | SPRINGMAIL CIR,True,official street range corridor
2026-042731 OL,Short Term Rental Type 2 Residential,BLOCK OF 12000 TALLOW FIELD WAY,AUSTIN,TX,78758,7,12000 | 12099 | TALLOW FIELD WAY,False,
2025-140826 OL,Short Term Rental Type 2 Residential,BLOCK OF 4800 FM 2222 RD,AUSTIN,TX,78731,10,4800 | 4899 | FM 2222 RD,True,official street range corridor
2024-153115 OL,Short Term Rental Type 1,BLOCK OF 300 E LIVE OAK ST,AUSTIN,TX,78704,9,300 | 399 | E LIVE OAK ST,True,
2025-065928 OL,Short Term Rental Type 2 Residential,BLOCK OF 4700 PECAN SPRINGS RD,AUSTIN,TX,78723,1,4700 | 4799 | PECAN SPRINGS RD,True,
2026-008797 OL,Short Term Rental Type 1-Secondary,BLOCK OF 1900 WESTRIDGE DR,AUSTIN,TX,78704,5,1900 | 1999 | WESTRIDGE DR,True,
2013-000595 OL,Short Term Rental Type 2 Residential,BLOCK OF 2000 LA CASA DR,AUSTIN,TX,78704,5,2000 | 2099 | LA CASA DR,True,
2024-155935 OL,Short Term Rental Type 3,BLOCK OF 5300 ST GEORGES GREEN,AUSTIN,TX,78745,5,5300 | 5399 | ST GEORGES GREEN,True,
2026-103980 OL,Short Term Rental Type 2 Residential,BLOCK OF 6700 WOODHUE DR,AUSTIN,TX,78745,2,6700 | 6799 | WOODHUE DR,True,
2026-072586 OL,Short Term Rental Type 1,BLOCK OF 1100 UPLAND DR,AUSTIN,TX,78741,9,1100 | 1199 | UPLAND DR,True,
2026-065087 OL,Short Term Rental Type 3,BLOCK OF 9100 RESEARCH BLVD SVRD NB,AUSTIN,TX,78758,7,9100 | 9199 | RESEARCH BLVD SVRD NB,True,official street range corridor
2025-016287 OL,Short Term Rental Type 1,BLOCK OF 1100 VARGAS RD,AUSTIN,TX,78741,3,1100 | 1199 | VARGAS RD,True,
2025-142372 OL,Short Term Rental Type 3,BLOCK OF 8100 BLUE GOOSE RD,AUSTIN,TX,78653,1,8100 | 8199 | BLUE GOOSE RD,True,official street range corridor
2026-070866 OL,Short Term Rental Type 1,BLOCK OF 1300 TAYLOR ST,AUSTIN,TX,78702,3,1300 | 1399 | TAYLOR ST,True,
2026-086943 OL,Short Term Rental Type 2 Residential,BLOCK OF 5300 DELORES AVE,AUSTIN,TX,78721,1,5300 | 5399 | DELORES AVE,True,
2025-131450 OL,Short Term Rental Type 2 Residential,BLOCK OF 1900 CROOKED LN,AUSTIN,TX,78741,3,1900 | 1999 | CROOKED LN,True,
2025-158056 OL,Short Term Rental Type 3,BLOCK OF 100 RAINEY ST,AUSTIN,TX,78701,9,100 | 199 | RAINEY ST,True,official street range corridor
2026-092346 OL,Short Term Rental Type 1,BLOCK OF 1700 BOULDIN AVE,AUSTIN,TX,78704,9,1700 | 1799 | BOULDIN AVE,True,
2026-083774 OL,Short Term Rental Type 3,BLOCK OF 1600 E 6TH ST,AUSTIN,TX,78702,3,1600 | 1699 | E 6TH ST,True,official street range corridor
2025-069938 OL,Short Term Rental Type 3,BLOCK OF 1600 E 6TH ST,AUSTIN,TX,78702,3,1600 | 1699 | E 6TH ST,True,official street range corridor
2022-054845 OL,Short Term Rental Type 1,BLOCK OF 500 EL PASO ST,AUSTIN,TX,78704,3,500 | 599 | EL PASO ST,True,
2019-031568 OL,Short Term Rental Type 1,BLOCK OF 1200 WILDERNESS DR,AUSTIN,TX,78746,8,1200 | 1299 | WILDERNESS DR,True,
2026-070151 OL,Short Term Rental Type 2 Residential,BLOCK OF 6200 BRIDLINGTON CIR,AUSTIN,TX,78745,5,6200 | 6299 | BRIDLINGTON CIR,True,
2019-235517 OL,Short Term Rental Type 3,BLOCK OF 200 LAVACA ST,AUSTIN,TX,78701,9,200 | 299 | LAVACA ST,True,official street range corridor
2026-045468 OL,Short Term Rental Type 2 Residential,BLOCK OF 1700 TREADWELL ST,AUSTIN,TX,78704,5,1700 | 1799 | TREADWELL ST,True,
2025-115211 OL,Short Term Rental Type 2 Residential,BLOCK OF 1100 LOTT AVE,AUSTIN,TX,78721,1,1100 | 1199 | LOTT AVE,True,
2025-027285 OL,Short Term Rental Type 1,BLOCK OF 8300 PILGRIMS PL,AUSTIN,TX,78759,10,8300 | 8399 | PILGRIMS PL,True,
2019-159769 OL,Short Term Rental Type 1-Secondary,BLOCK OF 1300 CORONA DR,AUSTIN,TX,78723,4,1300 | 1399 | CORONA DR,True,
2018-021654 OL,Short Term Rental Type 1-A,BLOCK OF 1200 HILLSIDE AVE,AUSTIN,TX,78704,9,1200 | 1299 | HILLSIDE AVE,True,
2025-131007 OL,Short Term Rental Type 3,BLOCK OF 12000 CENTURY OAKS TER,AUSTIN,TX,78758,7,12000 | 12099 | CENTURY OAKS TER,False,
2025-136294 OL,Short Term Rental Type 2 Residential,BLOCK OF 1700 MARIPOSA DR,AUSTIN,TX,78741,9,1700 | 1799 | MARIPOSA DR,True,
2025-130707 OL,Short Term Rental Type 2 Residential,BLOCK OF 1700 EVA ST,AUSTIN,TX,78704,9,1700 | 1799 | EVA ST,True,
2025-129336 OL,Short Term Rental Type 2 Residential,BLOCK OF 1200 ANGELINA ST,AUSTIN,TX,78702,1,1200 | 1299 | ANGELINA ST,True,
2026-035275 OL,Short Term Rental Type 2 Residential,BLOCK OF 2100 BRACKENRIDGE ST,AUSTIN,TX,78704,9,2100 | 2199 | BRACKENRIDGE ST,True,
2025-151461 OL,Short Term Rental Type 3,BLOCK OF 100 RAINEY ST,AUSTIN,TX,78701,9,100 | 199 | RAINEY ST,True,official street range corridor
2025-160019 OL,Short Term Rental Type 3,BLOCK OF 1500 EAST SIDE DR,AUSTIN,TX,78704,9,1500 | 1599 | E SIDE DR,True,
2026-106507 OL,Short Term Rental Type 2 Residential,BLOCK OF 7500 BETHUNE AVE,AUSTIN,TX,78752,4,7500 | 7599 | BETHUNE AVE,True,
2026-034211 OL,Short Term Rental Type 2 Residential,BLOCK OF 17000 SONOMA BREEZE DR,AUSTIN,TX,78653,1,17000 | 17099 | SONOMA BREEZE DR,False,
2019-036865 OL,Short Term Rental Type 3,BLOCK OF 200 LAVACA ST,AUSTIN,TX,78701,9,200 | 299 | LAVACA ST,True,official street range corridor
2026-124450 OL,Short Term Rental Type 1,BLOCK OF 1500 BRAES RIDGE DR,AUSTIN,TX,78723,4,1500 | 1599 | BRAES RIDGE DR,True,
2026-112968 OL,Short Term Rental Type 1,BLOCK OF 6800 VALBURN DR,AUSTIN,TX,78731,10,6800 | 6899 | VALBURN DR,True,
2026-062535 OL,Short Term Rental Type 2 Residential,BLOCK OF 2900 MOSS ST,AUSTIN,TX,78722,1,2900 | 2999 | MOSS ST,True,
2026-109667 OL,Short Term Rental Type 1,BLOCK OF 2000 POMPTON DR,AUSTIN,TX,78757,4,2000 | 2099 | POMPTON DR,True,
2026-033114 OL,Short Term Rental Type 3,BLOCK OF 800 W 17TH ST,AUSTIN,TX,78701,9,800 | 899 | W 17TH ST,True,official street range corridor
2025-005592 OL,Short Term Rental Type 1,BLOCK OF 900 W ST ELMO RD,AUSTIN,TX,78745,5,900 | 999 | W ST ELMO RD,True,official street range corridor
2023-147065 OL,Short Term Rental Type 2 Residential,BLOCK OF 1100 BROOKSWOOD AVE,AUSTIN,TX,78721,3,1100 | 1199 | BROOKSWOOD AVE,True,
2026-014475 OL,Short Term Rental Type 2 Residential,BLOCK OF 4300 HANK AVE,AUSTIN,TX,78745,5,4300 | 4399 | HANK AVE,True,
2025-152870 OL,Short Term Rental Type 3,BLOCK OF 800 BLANCO ST,AUSTIN,TX,78703,9,800 | 899 | BLANCO ST,True,
2026-034719 OL,Short Term Rental Type 3,BLOCK OF 6500 ED BLUESTEIN BLVD NB,AUSTIN,TX,78724,1,6500 | 6599 | ED BLUESTEIN BLVD NB,True,official street range corridor
2025-026743 OL,Short Term Rental Type 2 Residential,BLOCK OF 2900 E 14TH ST,AUSTIN,TX,78702,1,2900 | 2999 | E 14TH ST,True,official street range corridor
2026-088823 OL,Short Term Rental Type 1,BLOCK OF 1200 SHELLEY AVE,AUSTIN,TX,78703,9,1200 | 1299 | SHELLEY AVE,True,
2019-189566 OL,Short Term Rental Type 3,BLOCK OF 1200 E 5TH ST,AUSTIN,TX,78702,3,1200 | 1299 | E 5TH ST,True,official street range corridor
2025-131356 OL,Short Term Rental Type 2 Residential,BLOCK OF 2300 W 11TH ST,AUSTIN,TX,78703,10,2300 | 2399 | W 11TH ST,True,official street range corridor
2025-117141 OL,Short Term Rental Type 1,BLOCK OF 3000 WASHINGTON SQ,AUSTIN,TX,78705,9,3000 | 3099 | WASHINGTON SQ,True,
2020-080949 OL,Short Term Rental Type 3,BLOCK OF 400 W 3RD ST,AUSTIN,TX,78701,9,400 | 499 | W 3RD ST,True,official street range corridor
2023-140911 OL,Short Term Rental Type 2 Residential,BLOCK OF 1500 EVA ST,AUSTIN,TX,78704,9,1500 | 1599 | EVA ST,True,
2025-157836 OL,Short Term Rental Type 3,BLOCK OF 100 RAINEY ST,AUSTIN,TX,78701,9,100 | 199 | RAINEY ST,True,official street range corridor
2023-032989 OL,Short Term Rental Type 1,BLOCK OF 200 SHERATON AVE,AUSTIN,TX,78745,3,200 | 299 | SHERATON AVE,True,
2026-095370 OL,Short Term Rental Type 2 Residential,BLOCK OF 700 W ELIZABETH ST,AUSTIN,TX,78704,9,700 | 799 | W ELIZABETH ST,True,
2024-147973 OL,Short Term Rental Type 3,BLOCK OF 1200 HOLLOW CREEK DR,AUSTIN,TX,78704,5,1200 | 1299 | HOLLOW CREEK DR,True,
2025-038482 OL,Short Term Rental Type 2 Commercial,BLOCK OF 1800 E 2ND ST,AUSTIN,TX,78702,3,1800 | 1899 | E 2ND ST,True,official street range corridor
2025-017224 OL,Short Term Rental Type 3,BLOCK OF 1200 HOLLOW CREEK DR,AUSTIN,TX,78704,5,1200 | 1299 | HOLLOW CREEK DR,True,
2021-054699 OL,Short Term Rental Type 1-Secondary,BLOCK OF 5000 PECAN SPRINGS RD,AUSTIN,TX,78723,1,5000 | 5099 | PECAN SPRINGS RD,True,
2025-120971 OL,Short Term Rental Type 2 Commercial,BLOCK OF 11000 DAWES PL,AUSTIN,TX,78754,1,11000 | 11099 | DAWES PL,True,official street range corridor
2026-036329 OL,Short Term Rental Type 2 Residential,BLOCK OF 500 CATER DR,AUSTIN,TX,78704,5,500 | 599 | CATER DR,True,
2023-010401 OL,Short Term Rental Type 1-Secondary,BLOCK OF 1400 CULLEN AVE,AUSTIN,TX,78757,7,1400 | 1499 | CULLEN AVE,True,
2021-004287 OL,Short Term Rental Type 1-Secondary,BLOCK OF 3300 LAFAYETTE AVE,AUSTIN,TX,78722,9,3300 | 3399 | LAFAYETTE AVE,True,
2025-091930 OL,Short Term Rental Type 3,BLOCK OF 1100 KINNEY AVE,AUSTIN,TX,78704,9,1100 | 1199 | KINNEY AVE,True,
2023-110045 OL,Short Term Rental Type 2 Residential,BLOCK OF 1100 BERGER ST,AUSTIN,TX,78721,3,1100 | 1199 | BERGER ST,True,
2026-058597 OL,Short Term Rental Type 1,BLOCK OF 4100 SHOAL CREEK BLVD,AUSTIN,TX,78756,10,4100 | 4199 | SHOAL CREEK BLVD,True,
2018-212900 OL,Short Term Rental Type 1,BLOCK OF 8000 BIG VIEW DR,AUSTIN,TX,78730,10,8000 | 8099 | BIG VIEW DR,True,
2024-141788 OL,Short Term Rental Type 1,BLOCK OF 800 FALKLAND TRCE,AUSTIN,TX,78660,7,800 | 899 | FALKLAND TRCE,True,official street range corridor
2026-094246 OL,Short Term Rental Type 2 Residential,BLOCK OF 13000 CEDAR ST,AUSTIN,TX,78732,10,13000 | 13099 | CEDAR ST,False,
2026-061706 OL,Short Term Rental Type 2 Residential,BLOCK OF 8500 BESTRIDE BND,AUSTIN,TX,78744,2,8500 | 8599 | BESTRIDE BND,True,
2026-086929 OL,Short Term Rental Type 2 Residential,BLOCK OF 5300 DELORES AVE,AUSTIN,TX,78721,1,5300 | 5399 | DELORES AVE,True,
2024-010944 OL,Short Term Rental Type 1,BLOCK OF 400 W MILTON ST,AUSTIN,TX,78704,9,400 | 499 | W MILTON ST,True,
2026-032108 OL,Short Term Rental Type 1,BLOCK OF 1400 BYERS LN,AUSTIN,TX,78753,1,1400 | 1499 | BYERS LN,True,
2026-017478 OL,Short Term Rental Type 2 Residential,BLOCK OF 3800 BYRON DR,AUSTIN,TX,78704,5,3800 | 3899 | BYRON DR,True,
2018-020913 OL,Short Term Rental Type 3,BLOCK OF 500 W 8TH ST,AUSTIN,TX,78701,9,500 | 599 | W 8TH ST,True,official street range corridor
2025-007947 OL,Short Term Rental Type 2 Residential,BLOCK OF 1100 TURTLE CREEK BLVD,AUSTIN,TX,78745,2,1100 | 1199 | TURTLE CREEK BLVD,True,
2025-136158 OL,Short Term Rental Type 1,BLOCK OF 800 MILL ST,AUSTIN,TX,78702,1,800 | 899 | MILL ST,True,
2023-052439 OL,Short Term Rental Type 3,BLOCK OF 1200 BARTON HILLS DR,AUSTIN,TX,78704,5,1200 | 1299 | BARTON HILLS DR,True,
2025-005357 OL,Short Term Rental Type 3,BLOCK OF 1100 SABINE ST,AUSTIN,TX,78701,9,1100 | 1199 | SABINE ST,True,official street range corridor
2024-024754 OL,Short Term Rental Type 2 Residential,BLOCK OF 300 TILBURY LN,AUSTIN,TX,78745,3,300 | 399 | TILBURY LN,True,
2026-034030 OL,Short Term Rental Type 1,BLOCK OF 1100 SNOWY OWL CT,AUSTIN,TX,78746,8,1100 | 1199 | SNOWY OWL CT,True,
2026-045963 OL,Short Term Rental Type 1,BLOCK OF 5400 AVENUE H,AUSTIN,TX,78751,4,5400 | 5499 | AVE H,True,
2026-002584 OL,Short Term Rental Type 2 Residential,BLOCK OF 2800 CASTRO ST,AUSTIN,TX,78702,3,2800 | 2899 | CASTRO ST,True,
2014-005061 OL,Short Term Rental Type 1-A,BLOCK OF 1800 WESTRIDGE DR,AUSTIN,TX,78704,5,1800 | 1899 | WESTRIDGE DR,True,
2026-077784 OL,Short Term Rental Type 3,BLOCK OF 5000 CONVICT HILL RD,AUSTIN,TX,78749,8,5000 | 5099 | CONVICT HILL RD,True,
2021-177080 OL,Short Term Rental Type 1,BLOCK OF 2900 BRINWOOD AVE,AUSTIN,TX,78704,3,2900 | 2999 | BRINWOOD AVE,True,
2026-031556 OL,Short Term Rental Type 3,BLOCK OF 1600 E 6TH ST,AUSTIN,TX,78702,3,1600 | 1699 | E 6TH ST,True,official street range corridor
2025-030012 OL,Short Term Rental Type 2 Residential,BLOCK OF 114000 GUNTER ST,AUSTIN,TX,78721,1,114000 | 114099 | GUNTER ST,False,
2024-078887 OL,Short Term Rental Type 3,BLOCK OF 6800 OLD BEE CAVES RD,AUSTIN,TX,78735,8,6800 | 6899 | OLD BEE CAVES RD,True,
2026-088722 OL,Short Term Rental Type 1,BLOCK OF 1600 TAYLOR GAINES ST,AUSTIN,TX,78741,9,1600 | 1699 | TAYLOR GAINES ST,True,
2026-078433 OL,Short Term Rental Type 1,BLOCK OF 1700 W 29TH ST,AUSTIN,TX,78703,10,1700 | 1799 | W 29TH ST,True,official street range corridor
2026-058791 OL,Short Term Rental Type 1,BLOCK OF 2400 BRYAN ST,AUSTIN,TX,78702,1,2400 | 2499 | BRYAN ST,True,
2021-071952 OL,Short Term Rental Type 3,BLOCK OF 1500 W 6TH ST,AUSTIN,TX,78703,9,1500 | 1599 | W 6TH ST,True,official street range corridor
2026-058717 OL,Short Term Rental Type 1,BLOCK OF 1500 E 13TH ST,AUSTIN,TX,78702,1,1500 | 1599 | E 13TH ST,True,official street range corridor
2026-102498 OL,Short Term Rental Type 2 Residential,BLOCK OF 600 UPSON ST,AUSTIN,TX,78703,10,600 | 699 | UPSON ST,True,
2019-215473 OL,Short Term Rental Type 3,BLOCK OF 200 E 4TH ST,AUSTIN,TX,78701,9,200 | 299 | E 4TH ST,True,official street range corridor
2020-060152 OL,Short Term Rental Type 1,BLOCK OF 4600 ARAPAHOE TRL,AUSTIN,TX,78745,5,4600 | 4699 | ARAPAHOE TRL,True,
2022-071938 OL,Short Term Rental Type 2 Residential,BLOCK OF 3400 BANTON RD,AUSTIN,TX,78722,9,3400 | 3499 | BANTON RD,True,
2025-120765 OL,Short Term Rental Type 1,BLOCK OF 1800 ULLRICH AVE,AUSTIN,TX,78756,7,1800 | 1899 | ULLRICH AVE,True,
2026-057147 OL,Short Term Rental Type 1,BLOCK OF 6100 LOS CIELOS BLVD,AUSTIN,TX,78617,2,6100 | 6199 | LOS CIELOS BLVD,True,
2026-058135 OL,Short Term Rental Type 1,BLOCK OF 5100 GREENHEART DR,AUSTIN,TX,78745,3,5100 | 5199 | GREENHEART DR,True,
2021-086021 OL,Short Term Rental Type 3,BLOCK OF 2000 E CESAR CHAVEZ ST,AUSTIN,TX,78702,3,2000 | 2099 | E CESAR CHAVEZ ST,True,
2025-113246 OL,Short Term Rental Type 2 Residential,BLOCK OF 700 PEDERNALES ST,AUSTIN,TX,78702,3,700 | 799 | PEDERNALES ST,True,
2023-032660 OL,Short Term Rental Type 1-Secondary,BLOCK OF 700 BAYLOR ST,AUSTIN,TX,78703,9,700 | 799 | BAYLOR ST,True,
2025-005469 OL,Short Term Rental Type 3,BLOCK OF 1100 SABINE ST,AUSTIN,TX,78701,9,1100 | 1199 | SABINE ST,True,official street range corridor
2026-022682 OL,Short Term Rental Type 1,BLOCK OF 7200 CHIMNEY CORNERS,AUSTIN,TX,78731,10,7200 | 7299 | CHIMNEY CORNERS,True,
2026-117751 OL,Short Term Rental Type 2 Residential,BLOCK OF 700 HARRIS AVE,AUSTIN,TX,78705,9,700 | 799 | HARRIS AVE,True,
2014-007840 OL,Short Term Rental Type 3,BLOCK OF 2200 TRAILSIDE DR,AUSTIN,TX,78704,5,2200 | 2299 | TRAILSIDE DR,True,
2018-022055 OL,Short Term Rental Type 3,BLOCK OF 500 W 8TH ST,AUSTIN,TX,78701,9,500 | 599 | W 8TH ST,True,official street range corridor
2015-048552 OL,Short Term Rental Type 1,BLOCK OF 4800 CASWELL AVE,AUSTIN,TX,78751,9,4800 | 4899 | CASWELL AVE,True,
2025-121007 OL,Short Term Rental Type 2 Residential,BLOCK OF 1100 BROOKSWOOD AVE,AUSTIN,TX,78721,3,1100 | 1199 | BROOKSWOOD AVE,True,
2026-118147 OL,Short Term Rental Type 2 Residential,BLOCK OF 6700 DEATONHILL DR,AUSTIN,TX,78745,5,6700 | 6799 | DEATONHILL DR,True,
2025-151447 OL,Short Term Rental Type 3,BLOCK OF 100 RAINEY ST,AUSTIN,TX,78701,9,100 | 199 | RAINEY ST,True,official street range corridor
2026-078441 OL,Short Term Rental Type 1-Secondary,BLOCK OF 1100 GUNTER ST,AUSTIN,TX,78702,3,1100 | 1199 | GUNTER ST,True,
2026-104905 OL,Short Term Rental Type 3,BLOCK OF 12000 CENTURY OAKS TER,AUSTIN,TX,78758,7,12000 | 12099 | CENTURY OAKS TER,False,
2026-092243 OL,Short Term Rental Type 3,BLOCK OF 2500 THORNTON RD,AUSTIN,TX,78704,5,2500 | 2599 | THORNTON RD,True,
2017-125572 OL,Short Term Rental Type 3,BLOCK OF 1100 W 6TH ST,AUSTIN,TX,78703,9,1100 | 1199 | W 6TH ST,True,official street range corridor
2026-093972 OL,Short Term Rental Type 2 Residential,BLOCK OF 700 BATTLE BEND BLVD,AUSTIN,TX,78745,3,700 | 799 | BATTLE BEND BLVD,True,
2026-050159 OL,Short Term Rental Type 3,BLOCK OF 5000 CONVICT HILL RD,AUSTIN,TX,78749,8,5000 | 5099 | CONVICT HILL RD,True,
2025-161805 OL,Short Term Rental Type 2 Residential,BLOCK OF 1900 ROMERIA DR,AUSTIN,TX,78757,7,1900 | 1999 | ROMERIA DR,True,
2026-032128 OL,Short Term Rental Type 3,BLOCK OF 1600 E 6TH ST,AUSTIN,TX,78702,3,1600 | 1699 | E 6TH ST,True,official street range corridor
2025-155516 OL,Short Term Rental Type 3,BLOCK OF 6300 S 1ST ST,AUSTIN,TX,78745,2,6300 | 6399 | S 1ST ST,True,
2026-022151 OL,Short Term Rental Type 3,BLOCK OF 6300 S 1ST ST,AUSTIN,TX,78745,2,6300 | 6399 | S 1ST ST,True,
2024-032243 OL,Short Term Rental Type 2 Residential,BLOCK OF 3600 WILSON ST,AUSTIN,TX,78704,3,3600 | 3699 | WILSON ST,True,
2026-093769 OL,Short Term Rental Type 2 Residential,BLOCK OF 4700 MELLOW HOLLOW DR,AUSTIN,TX,78744,2,4700 | 4799 | MELLOW HOLLOW DR,True,
2015-038207 OL,Short Term Rental Type 2 Residential,BLOCK OF 1700 SYLVAN DR,AUSTIN,TX,78741,9,1700 | 1799 | SYLVAN DR,True,
2026-083077 OL,Short Term Rental Type 1,BLOCK OF 2200 E 18TH ST,AUSTIN,TX,78702,1,2200 | 2299 | E 18TH ST,True,official street range corridor
2021-156170 OL,Short Term Rental Type 1-Secondary,BLOCK OF 1900 PASADENA DR,AUSTIN,TX,78757,7,1900 | 1999 | PASADENA DR,True,
2025-069922 OL,Short Term Rental Type 3,BLOCK OF 1600 E 6TH ST,AUSTIN,TX,78702,3,1600 | 1699 | E 6TH ST,True,official street range corridor
2026-043083 OL,Short Term Rental Type 3,BLOCK OF 7500 W SLAUGHTER LN,AUSTIN,TX,78749,8,7500 | 7599 | W SLAUGHTER LN,True,
2024-006871 OL,Short Term Rental Type 2 Residential,BLOCK OF 4000 E 12TH ST,AUSTIN,TX,78721,1,4000 | 4099 | E 12TH ST,True,official street range corridor
2026-039774 OL,Short Term Rental Type 1-A,BLOCK OF 4600 WALLY AVE,AUSTIN,TX,78721,1,4600 | 4699 | WALLY AVE,True,
2026-030057 OL,Short Term Rental Type 1,BLOCK OF 4600 KITTY AVE,AUSTIN,TX,78721,1,4600 | 4699 | KITTY AVE,True,
2022-167712 OL,Short Term Rental Type 1,BLOCK OF 6900 DUBUQUE LN,AUSTIN,TX,78723,1,6900 | 6999 | DUBUQUE LN,True,
2024-033688 OL,Short Term Rental Type 1,BLOCK OF 1000 DAPHNE CT,AUSTIN,TX,78704,3,1000 | 1099 | DAPHNE CT,True,
2023-061444 OL,Short Term Rental Type 1,BLOCK OF 2000 S 5TH ST,AUSTIN,TX,78704,3,2000 | 2099 | S 5TH ST,True,official street range corridor
2022-027835 OL,Short Term Rental Type 3,BLOCK OF 400 W 3RD ST,AUSTIN,TX,78701,9,400 | 499 | W 3RD ST,True,official street range corridor
2018-170493 OL,Short Term Rental Type 1-Secondary,BLOCK OF 3300 GRAYBUCK RD,AUSTIN,TX,78748,5,3300 | 3399 | GRAYBUCK RD,True,
2025-049003 OL,Short Term Rental Type 2 Residential,BLOCK OF 2700 FRIAR TUCK LN,AUSTIN,TX,78704,3,2700 | 2799 | FRIAR TUCK LN,True,
2023-040872 OL,Short Term Rental Type 1-Secondary,BLOCK OF 1800 W 36TH ST,AUSTIN,TX,78731,10,1800 | 1899 | W 36TH ST,True,official street range corridor
2026-071731 OL,Short Term Rental Type 2 Residential,BLOCK OF 3300 DOOLIN DR,AUSTIN,TX,78704,5,3300 | 3399 | DOOLIN DR,True,
2025-157859 OL,Short Term Rental Type 3,BLOCK OF 100 RAINEY ST,AUSTIN,TX,78701,9,100 | 199 | RAINEY ST,True,official street range corridor
2024-078819 OL,Short Term Rental Type 3,BLOCK OF 6800 OLD BEE CAVES RD,AUSTIN,TX,78735,8,6800 | 6899 | OLD BEE CAVES RD,True,
2019-042964 OL,Short Term Rental Type 1-Secondary,BLOCK OF 1600 NICKERSON ST,AUSTIN,TX,78704,9,1600 | 1699 | NICKERSON ST,True,
2026-103155 OL,Short Term Rental Type 2 Residential,BLOCK OF 2900 MARYANNE LN,AUSTIN,TX,78660,1,2900 | 2999 | MARYANNE LN,True,
2023-036185 OL,Short Term Rental Type 1,BLOCK OF 2800 SHOAL CREST AVE,AUSTIN,TX,78705,9,2800 | 2899 | SHOAL CREST AVE,True,
2022-146226 OL,Short Term Rental Type 3,BLOCK OF 1600 E 6TH ST,AUSTIN,TX,78702,3,1600 | 1699 | E 6TH ST,True,official street range corridor
2017-017508 OL,Short Term Rental Type 1,BLOCK OF 1200 E 3RD ST,AUSTIN,TX,78702,3,1200 | 1299 | E 3RD ST,True,official street range corridor
2022-177443 OL,Short Term Rental Type 2 Residential,BLOCK OF 1900 RABB RD,AUSTIN,TX,78704,5,1900 | 1999 | RABB RD,True,
2025-027094 OL,Short Term Rental Type 3,BLOCK OF 1700 PALMA PLZ,AUSTIN,TX,78703,9,1700 | 1799 | PALMA PLZ,True,official street range corridor
2025-028575 OL,Short Term Rental Type 1,BLOCK OF 6800 REARDEN RD,AUSTIN,TX,78745,5,6800 | 6899 | REARDEN RD,True,
2018-024161 OL,Short Term Rental Type 3,BLOCK OF 500 W 8TH ST,AUSTIN,TX,78701,9,500 | 599 | W 8TH ST,True,official street range corridor
2026-032194 OL,Short Term Rental Type 3,BLOCK OF 1600 E 6TH ST,AUSTIN,TX,78702,3,1600 | 1699 | E 6TH ST,True,official street range corridor
2021-027840 OL,Short Term Rental Type 1,BLOCK OF 112000 HENNINGER ST,AUSTIN,TX,78702,3,112000 | 112099 | HENNINGER ST,False,
2019-153782 OL,Short Term Rental Type 3,BLOCK OF 3600 MENCHACA RD,AUSTIN,TX,78704,5,3600 | 3699 | MENCHACA RD,True,
2024-006872 OL,Short Term Rental Type 2 Residential,BLOCK OF 7300 COVERED BRIDGE DR,AUSTIN,TX,78736,8,7300 | 7399 | COVERED BRIDGE DR,True,
2026-035564 OL,Short Term Rental Type 3,BLOCK OF 3500 S 1ST ST,AUSTIN,TX,78704,3,3500 | 3599 | S 1ST ST,True,official street range corridor
2026-034446 OL,Short Term Rental Type 1-Secondary,BLOCK OF 1200 COTTON ST,AUSTIN,TX,78702,1,1200 | 1299 | COTTON ST,True,
2026-083769 OL,Short Term Rental Type 3,BLOCK OF 1600 E 6TH ST,AUSTIN,TX,78702,3,1600 | 1699 | E 6TH ST,True,official street range corridor
2026-033057 OL,Short Term Rental Type 2 Residential,BLOCK OF 1200 KENWOOD AVE,AUSTIN,TX,78704,9,1200 | 1299 | KENWOOD AVE,True,
2022-073124 OL,Short Term Rental Type 3,BLOCK OF 1300 SOUTHPORT DR,AUSTIN,TX,78704,3,1300 | 1399 | SOUTHPORT DR,True,
2025-013607 OL,Short Term Rental Type 2 Residential,BLOCK OF 3300 SANTA FE DR,AUSTIN,TX,78741,3,3300 | 3399 | SANTA FE DR,True,
2024-015705 OL,Short Term Rental Type 2 Residential,BLOCK OF 4500 SPEEDWAY,AUSTIN,TX,78751,9,4500 | 4599 | SPEEDWAY,True,
2026-028564 OL,Short Term Rental Type 2 Residential,BLOCK OF 100 WALLER ST,AUSTIN,TX,78702,3,100 | 199 | WALLER ST,True,
2026-125125 OL,Short Term Rental Type 1,BLOCK OF 2200 SANTA RITA ST,AUSTIN,TX,78702,3,2200 | 2299 | SANTA RITA ST,True,
2020-000684 OL,Short Term Rental Type 1,BLOCK OF 2700 ROCK TERRACE DR,AUSTIN,TX,78704,5,2700 | 2799 | ROCK TERRACE DR,True,
2022-162605 OL,Short Term Rental Type 1-Secondary,BLOCK OF 700 KINNEY AVE,AUSTIN,TX,78704,9,700 | 799 | KINNEY AVE,True,
2026-027177 OL,Short Term Rental Type 3,BLOCK OF 2300 EAST SIDE DR,AUSTIN,TX,78704,9,2300 | 2399 | E SIDE DR,True,
2023-078527 OL,Short Term Rental Type 1,BLOCK OF 2500 PIPING ROCK TRL,AUSTIN,TX,78748,5,2500 | 2599 | PIPING ROCK TRL,True,
2015-043064 OL,Short Term Rental Type 2 Residential,BLOCK OF 3700 MEREDITH ST,AUSTIN,TX,78703,10,3700 | 3799 | MEREDITH ST,True,
2018-021061 OL,Short Term Rental Type 3,BLOCK OF 500 W 8TH ST,AUSTIN,TX,78701,9,500 | 599 | W 8TH ST,True,official street range corridor
2023-049908 OL,Short Term Rental Type 3,BLOCK OF 2300 EAST SIDE DR,AUSTIN,TX,78704,9,2300 | 2399 | E SIDE DR,True,
2024-147853 OL,Short Term Rental Type 3,BLOCK OF 1200 HOLLOW CREEK DR,AUSTIN,TX,78704,5,1200 | 1299 | HOLLOW CREEK DR,True,
2025-008211 OL,Short Term Rental Type 2 Residential,BLOCK OF 1200 GREENWOOD AVE,AUSTIN,TX,78721,1,1200 | 1299 | GREENWOOD AVE,True,
2026-043870 OL,Short Term Rental Type 3,BLOCK OF 1400 S LAMAR BLVD,AUSTIN,TX,78704,9,1400 | 1499 | S LAMAR BLVD,True,
2019-189631 OL,Short Term Rental Type 3,BLOCK OF 1200 E 5TH ST,AUSTIN,TX,78702,3,1200 | 1299 | E 5TH ST,True,official street range corridor
2014-007843 OL,Short Term Rental Type 3,BLOCK OF 4000 DUVAL ST,AUSTIN,TX,78751,9,4000 | 4099 | DUVAL ST,True,
2025-005506 OL,Short Term Rental Type 3,BLOCK OF 1100 SABINE ST,AUSTIN,TX,78701,9,1100 | 1199 | SABINE ST,True,official street range corridor
2026-057878 OL,Short Term Rental Type 1,BLOCK OF 2100 PRATHER LN,AUSTIN,TX,78704,5,2100 | 2199 | PRATHER LN,True,
2026-108887 OL,Short Term Rental Type 1-Secondary,BLOCK OF 900 E 53RD HALF ST,AUSTIN,TX,78751,4,900 | 999 | E 53RD HALF ST,True,official street range corridor
2024-078247 OL,Short Term Rental Type 3,BLOCK OF 1000 TOTIS RD,AUSTIN,TX,78748,5,1000 | 1099 | TOTIS RD,True,official street range corridor
2019-215557 OL,Short Term Rental Type 3,BLOCK OF 300 E 4TH ST,AUSTIN,TX,78701,9,300 | 399 | E 4TH ST,True,official street range corridor
2023-134138 OL,Short Term Rental Type 2 Residential,BLOCK OF 2100 HIGHGROVE TER,AUSTIN,TX,78703,10,2100 | 2199 | HIGHGROVE TER,True,
2026-037928 OL,Short Term Rental Type 1,BLOCK OF 2500 E 2ND ST,AUSTIN,TX,78702,3,2500 | 2599 | E 2ND ST,True,official street range corridor
2026-113361 OL,Short Term Rental Type 1,BLOCK OF 3200 GREENLAWN PKWY,AUSTIN,TX,78757,7,3200 | 3299 | GREENLAWN PKWY,True,
2017-034571 OL,Short Term Rental Type 3,BLOCK OF 800 W 17TH ST,AUSTIN,TX,78701,9,800 | 899 | W 17TH ST,True,official street range corridor
2026-041259 OL,Short Term Rental Type 2 Residential,BLOCK OF 3700 ROBINSON AVE,AUSTIN,TX,78722,9,3700 | 3799 | ROBINSON AVE,True,
2022-141282 OL,Short Term Rental Type 1,BLOCK OF 3600 CLAWSON RD,AUSTIN,TX,78704,5,3600 | 3699 | CLAWSON RD,True,official street range corridor
2025-130696 OL,Short Term Rental Type 2 Residential,BLOCK OF 1000 E 7TH ST,AUSTIN,TX,78702,1,1000 | 1099 | E 7TH ST,True,official street range corridor
2026-043445 OL,Short Term Rental Type 3,BLOCK OF 500 CONGRESS AVE,AUSTIN,TX,78701,9,500 | 599 | CONGRESS AVE,True,
2024-164213 OL,Short Term Rental Type 2 Residential,BLOCK OF 1100 DUNSTAN DR,AUSTIN,TX,78745,2,1100 | 1199 | DUNSTAN DR,True,
2025-145442 OL,Short Term Rental Type 2 Residential,BLOCK OF 2400 BURLESON CT,AUSTIN,TX,78741,3,2400 | 2499 | BURLESON CT,True,
2026-067608 OL,Short Term Rental Type 2 Residential,BLOCK OF 1200 MAPLE AVE,AUSTIN,TX,78702,1,1200 | 1299 | MAPLE AVE,True,
2018-024170 OL,Short Term Rental Type 3,BLOCK OF 500 W 8TH ST,AUSTIN,TX,78701,9,500 | 599 | W 8TH ST,True,official street range corridor
2021-164021 OL,Short Term Rental Type 1,BLOCK OF 1800 E 14TH ST,AUSTIN,TX,78702,1,1800 | 1899 | E 14TH ST,True,official street range corridor
2015-030640 OL,Short Term Rental Type 1,BLOCK OF 2500 EAST SIDE DR,AUSTIN,TX,78704,3,2500 | 2599 | E SIDE DR,True,
2026-017241 OL,Short Term Rental Type 1-A,BLOCK OF 1200 HACKBERRY ST,AUSTIN,TX,78702,1,1200 | 1299 | HACKBERRY ST,True,
2023-033005 OL,Short Term Rental Type 1,BLOCK OF 4700 MENCHACA RD,AUSTIN,TX,78745,5,4700 | 4799 | MENCHACA RD,True,
2023-147958 OL,Short Term Rental Type 2 Residential,BLOCK OF 3400 WILLOW SPRINGS RD,AUSTIN,TX,78704,3,3400 | 3499 | WILLOW SPRINGS RD,True,
2026-043869 OL,Short Term Rental Type 3,BLOCK OF 1400 S LAMAR BLVD,AUSTIN,TX,78704,9,1400 | 1499 | S LAMAR BLVD,True,
2016-020702 OL,Short Term Rental Type 1-Secondary,BLOCK OF 1200 BICKLER RD,AUSTIN,TX,78704,9,1200 | 1299 | BICKLER RD,True,
2026-110612 OL,Short Term Rental Type 1,BLOCK OF 3500 VINELAND DR,AUSTIN,TX,78722,9,3500 | 3599 | VINELAND DR,True,
2026-094721 OL,Short Term Rental Type 2 Residential,BLOCK OF 6000 PALM CIR,AUSTIN,TX,78741,3,6000 | 6099 | PALM CIR,True,
2026-093863 OL,Short Term Rental Type 2 Residential,BLOCK OF 8100 TWO COVES DR,AUSTIN,TX,78730,10,8100 | 8199 | TWO COVES DR,True,
2026-078535 OL,Short Term Rental Type 2 Residential,BLOCK OF 200 W MILTON ST,AUSTIN,TX,78704,9,200 | 299 | W MILTON ST,True,official street range corridor
2023-143579 OL,Short Term Rental Type 2 Residential,BLOCK OF 2700 DANCY ST,AUSTIN,TX,78722,9,2700 | 2799 | DANCY ST,True,
2026-083859 OL,Short Term Rental Type 3,BLOCK OF 1600 E 6TH ST,AUSTIN,TX,78702,3,1600 | 1699 | E 6TH ST,True,official street range corridor
2026-028570 OL,Short Term Rental Type 2 Residential,BLOCK OF 4600 PEACH GROVE RD,AUSTIN,TX,78744,2,4600 | 4699 | PEACH GROVE RD,True,
2019-189673 OL,Short Term Rental Type 3,BLOCK OF 1200 E 5TH ST,AUSTIN,TX,78702,3,1200 | 1299 | E 5TH ST,True,official street range corridor
2025-142255 OL,Short Term Rental Type 3,BLOCK OF 8100 BLUE GOOSE RD,AUSTIN,TX,78653,1,8100 | 8199 | BLUE GOOSE RD,True,official street range corridor
2014-107842 OL,Short Term Rental Type 1,BLOCK OF 1800 SOUTH LAKESHORE BLVD,AUSTIN,TX,78741,3,1800 | 1899 | S LAKESHORE BLVD,False,
2026-037174 OL,Short Term Rental Type 1,BLOCK OF 6100 RICHARDSON LN,AUSTIN,TX,78741,3,6100 | 6199 | RICHARDSON LN,True,
2026-032035 OL,Short Term Rental Type 3,BLOCK OF 1600 E 6TH ST,AUSTIN,TX,78702,3,1600 | 1699 | E 6TH ST,True,official street range corridor
2023-036930 OL,Short Term Rental Type 1-Secondary,BLOCK OF 2800 E 22ND ST,AUSTIN,TX,78722,1,2800 | 2899 | E 22ND ST,True,official street range corridor
2025-016788 OL,Short Term Rental Type 2 Residential,BLOCK OF 11000 SLIPPERY ELM TRL,AUSTIN,TX,78750,6,11000 | 11099 | SLIPPERY ELM TRL,True,official street range corridor
2026-009889 OL,Short Term Rental Type 2 Residential,BLOCK OF 1400 GARDEN ST,AUSTIN,TX,78702,3,1400 | 1499 | GARDEN ST,True,
2022-004446 OL,Short Term Rental Type 1,BLOCK OF 1700 EVA ST,AUSTIN,TX,78704,9,1700 | 1799 | EVA ST,True,
2026-005522 OL,Short Term Rental Type 2 Residential,BLOCK OF 2000 PEACH TREE ST,AUSTIN,TX,78704,5,2000 | 2099 | PEACH TREE ST,True,
2025-009958 OL,Short Term Rental Type 2 Residential,BLOCK OF 2000 GARDEN ST,AUSTIN,TX,78702,3,2000 | 2099 | GARDEN ST,True,
2026-040579 OL,Short Term Rental Type 2 Residential,BLOCK OF 3300 HOLLYWOOD AVE,AUSTIN,TX,78722,9,3300 | 3399 | HOLLYWOOD AVE,True,
2026-079642 OL,Short Term Rental Type 2 Residential,BLOCK OF 2800 FRENCH PL,AUSTIN,TX,78722,9,2800 | 2899 | FRENCH PL,True,
2025-115798 OL,Short Term Rental Type 2 Residential,BLOCK OF 3600 OAK SPRINGS DR,AUSTIN,TX,78721,1,3600 | 3699 | OAK SPRINGS DR,True,
2026-050562 OL,Short Term Rental Type 2 Residential,BLOCK OF 6300 SANTOS ST,AUSTIN,TX,78741,3,6300 | 6399 | SANTOS ST,True,
2020-024710 OL,Short Term Rental Type 1,BLOCK OF 1500 POPPY SEED LN,AUSTIN,TX,78741,3,1500 | 1599 | POPPY SEED LN,True,
2018-056055 OL,Short Term Rental Type 1-Secondary,BLOCK OF 900 RETAMA ST,AUSTIN,TX,78704,9,900 | 999 | RETAMA ST,True,
2024-068647 OL,Short Term Rental Type 1,BLOCK OF 12000 SPOTTED HORSE DR,AUSTIN,TX,78759,7,12000 | 12099 | SPOTTED HORSE DR,False,
2013-043878 OL,Short Term Rental Type 2 Residential,BLOCK OF 900 LUND ST,AUSTIN,TX,78704,5,900 | 999 | LUND ST,True,
2015-023738 OL,Short Term Rental Type 2 Residential,BLOCK OF 4300 AVENUE G,AUSTIN,TX,78751,9,4300 | 4399 | AVE G,True,
2021-199374 OL,Short Term Rental Type 1,BLOCK OF 1200 RIDGEHAVEN DR,AUSTIN,TX,78723,4,1200 | 1299 | RIDGEHAVEN DR,True,
2026-118994 OL,Short Term Rental Type 1,BLOCK OF 2000 WOOTEN DR,AUSTIN,TX,78757,4,2000 | 2099 | WOOTEN DR,True,
2016-126952 OL,Short Term Rental Type 1,BLOCK OF 2200 RIVERVIEW ST,AUSTIN,TX,78702,3,2200 | 2299 | RIVERVIEW ST,True,
2021-204717 OL,Short Term Rental Type 1,BLOCK OF 632000 EL MIRANDO ST,AUSTIN,TX,78741,3,632000 | 632099 | EL MIRANDO ST,False,
2025-158007 OL,Short Term Rental Type 3,BLOCK OF 100 RAINEY ST,AUSTIN,TX,78701,9,100 | 199 | RAINEY ST,True,official street range corridor
2018-173311 OL,Short Term Rental Type 1,BLOCK OF 1200 HAVRE LAFITTE DR,AUSTIN,TX,78746,8,1200 | 1299 | HAVRE LAFITTE DR,True,
2018-024121 OL,Short Term Rental Type 3,BLOCK OF 500 W 8TH ST,AUSTIN,TX,78701,9,500 | 599 | W 8TH ST,True,official street range corridor
2025-157972 OL,Short Term Rental Type 3,BLOCK OF 100 RAINEY ST,AUSTIN,TX,78701,9,100 | 199 | RAINEY ST,True,official street range corridor
2026-091930 OL,Short Term Rental Type 2 Residential,BLOCK OF 2900 E 16TH ST,AUSTIN,TX,78702,1,2900 | 2999 | E 16TH ST,True,official street range corridor
2018-060289 OL,Short Term Rental Type 1,BLOCK OF 1200 NAVASOTA ST,AUSTIN,TX,78702,1,1200 | 1299 | NAVASOTA ST,True,
2024-129304 OL,Short Term Rental Type 2 Residential,BLOCK OF 2100 BARTON HILLS DR,AUSTIN,TX,78704,5,2100 | 2199 | BARTON HILLS DR,True,
2022-140354 OL,Short Term Rental Type 3,BLOCK OF 400 W 3RD ST,AUSTIN,TX,78701,9,400 | 499 | W 3RD ST,True,official street range corridor
2025-031569 OL,Short Term Rental Type 1,BLOCK OF 900 SOUTH CENTER ST,AUSTIN,TX,78704,3,900 | 999 | S CENTER ST,True,
2018-020882 OL,Short Term Rental Type 3,BLOCK OF 200 LAVACA ST,AUSTIN,TX,78701,9,200 | 299 | LAVACA ST,True,official street range corridor
2018-069900 OL,Short Term Rental Type 1-Secondary,BLOCK OF 3300 HEMLOCK AVE,AUSTIN,TX,78722,9,3300 | 3399 | HEMLOCK AVE,True,
2026-036341 OL,Short Term Rental Type 2 Residential,BLOCK OF 6400 LAIRD DR,AUSTIN,TX,78757,7,6400 | 6499 | LAIRD DR,True,
2026-112803 OL,Short Term Rental Type 1,BLOCK OF 6800 MEADOW CIR,AUSTIN,TX,78745,5,6800 | 6899 | MEADOW CIR,True,
2025-157919 OL,Short Term Rental Type 3,BLOCK OF 100 RAINEY ST,AUSTIN,TX,78701,9,100 | 199 | RAINEY ST,True,official street range corridor
2026-110737 OL,Short Term Rental Type 2 Residential,BLOCK OF 8500 FALL MEADOW LN,AUSTIN,TX,78747,2,8500 | 8599 | FALL MEADOW LN,True,
2026-008397 OL,Short Term Rental Type 1-Secondary,BLOCK OF 2800 CASTRO ST,AUSTIN,TX,78702,3,2800 | 2899 | CASTRO ST,True,
2024-032182 OL,Short Term Rental Type 2 Residential,BLOCK OF 4200 VALLEY VIEW RD,AUSTIN,TX,78704,5,4200 | 4299 | VALLEY VIEW RD,True,official street range corridor
2026-098043 OL,Short Term Rental Type 1,BLOCK OF 5700 TERI RD,AUSTIN,TX,78744,2,5700 | 5799 | TERI RD,True,
2021-198814 OL,Short Term Rental Type 3,BLOCK OF 2500 S LAMAR BLVD,AUSTIN,TX,78704,5,2500 | 2599 | S LAMAR BLVD,True,
2018-013799 OL,Short Term Rental Type 1,BLOCK OF 1000 LYDIA ST,AUSTIN,TX,78702,1,1000 | 1099 | LYDIA ST,True,
2026-098886 OL,Short Term Rental Type 2 Residential,BLOCK OF 2400 E 10TH ST,AUSTIN,TX,78702,1,2400 | 2499 | E 10TH ST,True,official street range corridor
2016-107444 OL,Short Term Rental Type 1-Secondary,BLOCK OF 1800 DEXTER ST,AUSTIN,TX,78704,5,1800 | 1899 | DEXTER ST,True,
2026-091302 OL,Short Term Rental Type 1,BLOCK OF 7300 SPARKLING LIGHT DR,AUSTIN,TX,78617,2,7300 | 7399 | SPARKLING LIGHT DR,True,official street range corridor
2024-156141 OL,Short Term Rental Type 2 Residential,BLOCK OF 11000 MORNING GLORY TRL,AUSTIN,TX,78750,6,11000 | 11099 | MORNING GLORY TRL,True,official street range corridor
2025-101313 OL,Short Term Rental Type 1,BLOCK OF 9200 APOGEE BLVD,AUSTIN,TX,78744,2,9200 | 9299 | APOGEE BLVD,True,
2016-136368 OL,Short Term Rental Type 1,BLOCK OF 1100 LORRAIN ST,AUSTIN,TX,78703,9,1100 | 1199 | LORRAIN ST,True,
2026-028559 OL,Short Term Rental Type 2 Residential,BLOCK OF 1700 E 16TH ST,AUSTIN,TX,78702,1,1700 | 1799 | E 16TH ST,True,official street range corridor
2026-090354 OL,Short Term Rental Type 1-Secondary,BLOCK OF 9000 APOGEE BLVD,AUSTIN,TX,78744,2,9000 | 9099 | APOGEE BLVD,True,
2019-189659 OL,Short Term Rental Type 3,BLOCK OF 1200 E 5TH ST,AUSTIN,TX,78702,3,1200 | 1299 | E 5TH ST,True,official street range corridor
2024-141981 OL,Short Term Rental Type 2 Residential,BLOCK OF 2200 HOLLY ST,AUSTIN,TX,78702,3,2200 | 2299 | HOLLY ST,True,
2023-129788 OL,Short Term Rental Type 3,BLOCK OF 1900 ALBURY CV,AUSTIN,TX,78758,7,1900 | 1999 | ALBURY CV,True,
2023-026554 OL,Short Term Rental Type 1,BLOCK OF 1400 HASKELL ST,AUSTIN,TX,78702,3,1400 | 1499 | HASKELL ST,True,
2025-155783 OL,Short Term Rental Type 3,BLOCK OF 100 RAINEY ST,AUSTIN,TX,78701,9,100 | 199 | RAINEY ST,True,official street range corridor
2024-106720 OL,Short Term Rental Type 3,BLOCK OF 1400 MEANDER DR,AUSTIN,TX,78721,1,1400 | 1499 | MEANDER DR,True,
2025-133813 OL,Short Term Rental Type 2 Residential,BLOCK OF 900 W ELIZABETH ST,AUSTIN,TX,78704,9,900 | 999 | W ELIZABETH ST,True,
2024-001728 OL,Short Term Rental Type 2 Residential,BLOCK OF 3000 S 4TH ST,AUSTIN,TX,78704,3,3000 | 3099 | S 4TH ST,True,official street range corridor
2026-036688 OL,Short Term Rental Type 3,BLOCK OF 1800 E 4TH ST,AUSTIN,TX,78702,3,1800 | 1899 | E 4TH ST,True,official street range corridor
2026-036616 OL,Short Term Rental Type 1,BLOCK OF 2900 OAKLANE DR,AUSTIN,TX,78704,5,2900 | 2999 | OAKLANE DR,True,
2025-020044 OL,Short Term Rental Type 2 Residential,BLOCK OF 1200 CANTERBURY ST,AUSTIN,TX,78702,3,1200 | 1299 | CANTERBURY ST,True,
2025-138827 OL,Short Term Rental Type 3,BLOCK OF 4500 TERRY O LN,AUSTIN,TX,78745,3,4500 | 4599 | TERRY O LN,True,
2026-109192 OL,Short Term Rental Type 1,BLOCK OF 5600 LIBYAN CIR,AUSTIN,TX,78745,2,5600 | 5699 | LIBYAN CIR,True,
2026-041859 OL,Short Term Rental Type 2 Residential,BLOCK OF 300 W MILTON ST,AUSTIN,TX,78704,9,300 | 399 | W MILTON ST,True,
2026-083782 OL,Short Term Rental Type 1,BLOCK OF 3200 DANCY ST,AUSTIN,TX,78722,9,3200 | 3299 | DANCY ST,True,
2019-038264 OL,Short Term Rental Type 2 Residential,BLOCK OF 11000 SAGE HOLLOW DR,AUSTIN,TX,78758,4,11000 | 11099 | SAGE HOLLOW DR,True,
2025-131157 OL,Short Term Rental Type 3,BLOCK OF 1600 WATERSTON AVE,AUSTIN,TX,78703,9,1600 | 1699 | WATERSTON AVE,True,
2025-026708 OL,Short Term Rental Type 2 Residential,BLOCK OF 1900 MILES AVE,AUSTIN,TX,78745,5,1900 | 1999 | MILES AVE,True,
2024-039526 OL,Short Term Rental Type 1-Secondary,BLOCK OF 2000 S 5TH ST,AUSTIN,TX,78704,3,2000 | 2099 | S 5TH ST,True,official street range corridor
2026-063885 OL,Short Term Rental Type 2 Residential,BLOCK OF 2400 BURLY OAK DR,AUSTIN,TX,78745,5,2400 | 2499 | BURLY OAK DR,True,
2026-044818 OL,Short Term Rental Type 3,BLOCK OF 2200 TOWN LAKE CIR,AUSTIN,TX,78741,3,2200 | 2299 | TOWN LAKE CIR,True,
2025-114050 OL,Short Term Rental Type 2 Residential,BLOCK OF 200 PARK LN,AUSTIN,TX,78704,9,200 | 299 | PARK LN,True,
2018-022566 OL,Short Term Rental Type 3,BLOCK OF 400 W 3RD ST,AUSTIN,TX,78701,9,400 | 499 | W 3RD ST,True,official street range corridor
2026-028368 OL,Short Term Rental Type 3,BLOCK OF 600 BRUSHY ST,AUSTIN,TX,78702,3,600 | 699 | BRUSHY ST,True,official street range corridor
2026-030942 OL,Short Term Rental Type 3,BLOCK OF 6300 S 1ST ST,AUSTIN,TX,78745,2,6300 | 6399 | S 1ST ST,True,
2026-109754 OL,Short Term Rental Type 2 Residential,BLOCK OF 1100 BOULDIN AVE,AUSTIN,TX,78704,9,1100 | 1199 | BOULDIN AVE,True,
2026-041891 OL,Short Term Rental Type 2 Residential,BLOCK OF 1300 BOB HARRISON ST,AUSTIN,TX,78702,1,1300 | 1399 | BOB HARRISON ST,True,
2023-035070 OL,Short Term Rental Type 1-A,BLOCK OF 2400 SHARON LN,AUSTIN,TX,78703,10,2400 | 2499 | SHARON LN,True,
2025-038445 OL,Short Term Rental Type 2 Residential,BLOCK OF 1900 E 2ND ST,AUSTIN,TX,78702,3,1900 | 1999 | E 2ND ST,True,official street range corridor
2026-099294 OL,Short Term Rental Type 1,BLOCK OF 6700 LUNAR DR,AUSTIN,TX,78745,2,6700 | 6799 | LUNAR DR,True,
2026-099243 OL,Short Term Rental Type 2 Residential,BLOCK OF 800 E 52ND ST,AUSTIN,TX,78751,9,800 | 899 | E 52ND ST,True,official street range corridor
2026-043183 OL,Short Term Rental Type 3,BLOCK OF 500 S CONGRESS AVE,AUSTIN,TX,78704,9,500 | 599 | S CONGRESS AVE,True,
2026-109041 OL,Short Term Rental Type 2 Residential,BLOCK OF 15000 GALENA DR,AUSTIN,TX,78717,6,15000 | 15099 | GALENA DR,True,official street range corridor
2025-038466 OL,Short Term Rental Type 2 Residential,BLOCK OF 8500 CAPITOL VIEW DR,AUSTIN,TX,78747,2,8500 | 8599 | CAPITOL VIEW DR,True,
2026-093867 OL,Short Term Rental Type 2 Residential,BLOCK OF 700 W 14TH ST,AUSTIN,TX,78701,9,700 | 799 | W 14TH ST,True,official street range corridor
2019-189460 OL,Short Term Rental Type 3,BLOCK OF 1200 E 5TH ST,AUSTIN,TX,78702,3,1200 | 1299 | E 5TH ST,True,official street range corridor
2026-101697 OL,Short Term Rental Type 2 Residential,BLOCK OF 5600 JOE SAYERS AVE,AUSTIN,TX,78756,7,5600 | 5699 | JOE SAYERS AVE,True,
2019-032545 OL,Short Term Rental Type 3,BLOCK OF 400 W 3RD ST,AUSTIN,TX,78701,9,400 | 499 | W 3RD ST,True,official street range corridor
2026-125276 OL,Short Term Rental Type 1,BLOCK OF 5000 POWDER RIVER RD,AUSTIN,TX,78759,6,5000 | 5099 | POWDER RIVER RD,True,
2026-086714 OL,Short Term Rental Type 1-Secondary,BLOCK OF 100 W FAWNRIDGE DR,AUSTIN,TX,78753,4,100 | 199 | W FAWNRIDGE DR,True,
2013-087624 OL,Short Term Rental Type 2 Residential,BLOCK OF 2000 ARPDALE ST,AUSTIN,TX,78704,5,2000 | 2099 | ARPDALE ST,True,
2013-110445 OL,Short Term Rental Type 2 Residential,BLOCK OF 1200 S 3RD ST,AUSTIN,TX,78704,9,1200 | 1299 | S 3RD ST,True,official street range corridor
2019-061199 OL,Short Term Rental Type 1-Secondary,BLOCK OF 1400 SINGLETON AVE,AUSTIN,TX,78702,1,1400 | 1499 | SINGLETON AVE,True,
2025-005497 OL,Short Term Rental Type 3,BLOCK OF 1100 SABINE ST,AUSTIN,TX,78701,9,1100 | 1199 | SABINE ST,True,official street range corridor
2021-144713 OL,Short Term Rental Type 1,BLOCK OF 1900 SCENIC DR,AUSTIN,TX,78703,10,1900 | 1999 | SCENIC DR,True,
2026-047468 OL,Short Term Rental Type 2 Residential,BLOCK OF 2500 BAXTER DR,AUSTIN,TX,78745,5,2500 | 2599 | BAXTER DR,True,
2019-226044 OL,Short Term Rental Type 1,BLOCK OF 1000 E 12TH ST,AUSTIN,TX,78702,1,1000 | 1099 | E 12TH ST,True,official street range corridor
2026-102389 OL,Short Term Rental Type 2 Residential,BLOCK OF 2300 DEL CURTO RD,AUSTIN,TX,78704,5,2300 | 2399 | DEL CURTO RD,True,
2026-078260 OL,Short Term Rental Type 2 Residential,BLOCK OF 8100 ROSENBERRY DR,AUSTIN,TX,78747,2,8100 | 8199 | ROSENBERRY DR,True,
2026-072622 OL,Short Term Rental Type 2 Residential,BLOCK OF 5000 LOTT AVE,AUSTIN,TX,78721,1,5000 | 5099 | LOTT AVE,True,
2021-004472 OL,Short Term Rental Type 1,BLOCK OF 1800 CLIFFORD AVE,AUSTIN,TX,78702,1,1800 | 1899 | CLIFFORD AVE,True,
2026-086598 OL,Short Term Rental Type 1,BLOCK OF 6100 PARKWOOD DR,AUSTIN,TX,78735,8,6100 | 6199 | PARKWOOD DR,True,
2022-066326 OL,Short Term Rental Type 1,BLOCK OF 1300 LUNA ST,AUSTIN,TX,78721,1,1300 | 1399 | LUNA ST,True,
2019-241927 OL,Short Term Rental Type 1,BLOCK OF 2400 KEATING LN,AUSTIN,TX,78703,10,2400 | 2499 | KEATING LN,True,
2016-117756 OL,Short Term Rental Type 1,BLOCK OF 1000 E 8TH ST,AUSTIN,TX,78702,1,1000 | 1099 | E 8TH ST,True,official street range corridor
2023-068953 OL,Short Term Rental Type 1,BLOCK OF 2000 RIVERVIEW ST,AUSTIN,TX,78702,3,2000 | 2099 | RIVERVIEW ST,True,
2019-230820 OL,Short Term Rental Type 1-A,BLOCK OF 3300 PERRY LN,AUSTIN,TX,78731,10,3300 | 3399 | PERRY LN,True,
2021-072599 OL,Short Term Rental Type 3,BLOCK OF 2100 BURTON DR,AUSTIN,TX,78741,3,2100 | 2199 | BURTON DR,True,
2022-144651 OL,Short Term Rental Type 1,BLOCK OF 5200 WOODROW AVE,AUSTIN,TX,78756,7,5200 | 5299 | WOODROW AVE,True,
2026-118367 OL,Short Term Rental Type 1,BLOCK OF 1000 COLONY NORTH DR,AUSTIN,TX,78758,4,1000 | 1099 | COLONY N DR,True,
2026-100939 OL,Short Term Rental Type 2 Residential,BLOCK OF 7500 CAYENNE LN,AUSTIN,TX,78741,3,7500 | 7599 | CAYENNE LN,True,
2026-063028 OL,Short Term Rental Type 2 Residential,BLOCK OF 1100 BROOKSWOOD AVE,AUSTIN,TX,78721,3,1100 | 1199 | BROOKSWOOD AVE,True,
2025-131078 OL,Short Term Rental Type 3,BLOCK OF 8300 FATHOM CIR,AUSTIN,TX,78750,6,8300 | 8399 | FATHOM CIR,True,
2023-063229 OL,Short Term Rental Type 2 Residential,BLOCK OF 1600 HOUSTON ST,AUSTIN,TX,78756,7,1600 | 1699 | HOUSTON ST,True,
2024-150696 OL,Short Term Rental Type 1,BLOCK OF 4400 HANK AVE,AUSTIN,TX,78745,5,4400 | 4499 | HANK AVE,True,
2025-158693 OL,Short Term Rental Type 2 Residential,BLOCK OF 2600 SHERWOOD LN,AUSTIN,TX,78704,3,2600 | 2699 | SHERWOOD LN,True,
2014-104510 OL,Short Term Rental Type 2 Residential,BLOCK OF 6800 MIRA LOMA LN,AUSTIN,TX,78723,4,6800 | 6899 | MIRA LOMA LN,True,
2026-043611 OL,Short Term Rental Type 3,BLOCK OF 500 E OLTORF ST,AUSTIN,TX,78704,3,500 | 599 | E OLTORF ST,True,
2025-163208 OL,Short Term Rental Type 1,BLOCK OF 3000 E MARTIN LUTHER KING JR BLVD,AUSTIN,TX,78702,1,3000 | 3099 | E MARTIN LUTHER KING JR BLVD,True,official street range corridor
2025-134071 OL,Short Term Rental Type 2 Residential,BLOCK OF 1200 BRUTON SPRINGS RD,AUSTIN,TX,78733,10,1200 | 1299 | BRUTON SPRINGS RD,True,
2025-112002 OL,Short Term Rental Type 3,BLOCK OF 3100 SCOFIELD RIDGE PKWY,AUSTIN,TX,78727,7,3100 | 3199 | SCOFIELD RIDGE PKWY,True,
2019-222598 OL,Short Term Rental Type 2 Residential,BLOCK OF 2300 ENFIELD RD,AUSTIN,TX,78703,10,2300 | 2399 | ENFIELD RD,True,
2026-092261 OL,Short Term Rental Type 1-Secondary,BLOCK OF 8800 BESTRIDE BND,AUSTIN,TX,78744,2,8800 | 8899 | BESTRIDE BND,True,
2023-032885 OL,Short Term Rental Type 1-Secondary,BLOCK OF 2600 CANTERBURY ST,AUSTIN,TX,78702,3,2600 | 2699 | CANTERBURY ST,True,
2024-012142 OL,Short Term Rental Type 2 Residential,BLOCK OF 2700 DEL CURTO RD,AUSTIN,TX,78704,5,2700 | 2799 | DEL CURTO RD,True,
2020-007491 OL,Short Term Rental Type 1-A,BLOCK OF 900 GULLETT ST,AUSTIN,TX,78702,3,900 | 999 | GULLETT ST,True,
2019-023190 OL,Short Term Rental Type 1-Secondary,BLOCK OF 1300 E 3RD ST,AUSTIN,TX,78702,3,1300 | 1399 | E 3RD ST,True,official street range corridor
2016-148737 OL,Short Term Rental Type 1,BLOCK OF 1400 CULLEN AVE,AUSTIN,TX,78757,7,1400 | 1499 | CULLEN AVE,True,
2025-108384 OL,Short Term Rental Type 2 Residential,BLOCK OF 7000 WHISPERING OAKS DR,AUSTIN,TX,78745,5,7000 | 7099 | WHISPERING OAKS DR,True,
2026-077241 OL,Short Term Rental Type 1-A,BLOCK OF 300 BLACKBERRY DR,AUSTIN,TX,78745,2,300 | 399 | BLACKBERRY DR,True,
2018-001211 OL,Short Term Rental Type 1,BLOCK OF 1000 MELISSA LN,AUSTIN,TX,78704,9,1000 | 1099 | MELISSA LN,True,
2025-017023 OL,Short Term Rental Type 2 Commercial,BLOCK OF 2300 SANTA ROSA ST,AUSTIN,TX,78702,3,2300 | 2399 | SANTA ROSA ST,True,
2019-232535 OL,Short Term Rental Type 1,BLOCK OF 1500 KAREN AVE,AUSTIN,TX,78757,7,1500 | 1599 | KAREN AVE,True,
2025-159255 OL,Short Term Rental Type 2 Residential,BLOCK OF 3200 BLAZEBY DR,AUSTIN,TX,78754,1,3200 | 3299 | BLAZEBY DR,True,
2019-189458 OL,Short Term Rental Type 3,BLOCK OF 1200 E 5TH ST,AUSTIN,TX,78702,3,1200 | 1299 | E 5TH ST,True,official street range corridor
2019-215578 OL,Short Term Rental Type 3,BLOCK OF 300 E 4TH ST,AUSTIN,TX,78701,9,300 | 399 | E 4TH ST,True,official street range corridor
2021-027619 OL,Short Term Rental Type 1,BLOCK OF 1100 BROOKSWOOD AVE,AUSTIN,TX,78721,3,1100 | 1199 | BROOKSWOOD AVE,True,
2026-098896 OL,Short Term Rental Type 1-Secondary,BLOCK OF 1800 MIRIAM AVE,AUSTIN,TX,78702,1,1800 | 1899 | MIRIAM AVE,True,
2025-019997 OL,Short Term Rental Type 2 Residential,BLOCK OF 7600 NORTHCREST BLVD,AUSTIN,TX,78752,4,7600 | 7699 | NORTHCREST BLVD,True,
2026-013936 OL,Short Term Rental Type 2 Residential,BLOCK OF 14000 LAKE VIEW DR,AUSTIN,TX,78732,10,14000 | 14099 | LAKE VIEW DR,True,
2025-162759 OL,Short Term Rental Type 3,BLOCK OF 1500 W 6TH ST,AUSTIN,TX,78703,9,1500 | 1599 | W 6TH ST,True,official street range corridor
2023-122222 OL,Short Term Rental Type 2 Residential,BLOCK OF 5200 LERALYNN ST,AUSTIN,TX,78751,9,5200 | 5299 | LERALYNN ST,True,
2020-168315 OL,Short Term Rental Type 1,BLOCK OF 1600 CHATHAM AVE,AUSTIN,TX,78723,4,1600 | 1699 | CHATHAM AVE,True,
2026-083654 OL,Short Term Rental Type 2 Residential,BLOCK OF 300 E SKYVIEW RD,AUSTIN,TX,78752,4,300 | 399 | E SKYVIEW RD,True,
2024-138837 OL,Short Term Rental Type 1-A,BLOCK OF 13000 HENNEMAN DR,AUSTIN,TX,78660,1,13000 | 13099 | HENNEMAN DR,True,
2026-043866 OL,Short Term Rental Type 3,BLOCK OF 1400 S LAMAR BLVD,AUSTIN,TX,78704,9,1400 | 1499 | S LAMAR BLVD,True,
2025-021685 OL,Short Term Rental Type 1-A,BLOCK OF 1900 DEXTER ST,AUSTIN,TX,78704,5,1900 | 1999 | DEXTER ST,True,
2026-035598 OL,Short Term Rental Type 2 Residential,BLOCK OF 7700 IVY TRELLIS TRL,DEL VALLE,TX,78617,2,7700 | 7799 | IVY TRELLIS TRL,True,
2026-063396 OL,Short Term Rental Type 2 Residential,BLOCK OF 7900 KENESHAW DR,AUSTIN,TX,78745,5,7900 | 7999 | KENESHAW DR,True,
2024-024908 OL,Short Term Rental Type 2 Residential,BLOCK OF 6700 RACCOON RUN,AUSTIN,TX,78736,8,6700 | 6799 | RACCOON RUN,True,
2019-218591 OL,Short Term Rental Type 1,BLOCK OF 2400 EAST SIDE DR,AUSTIN,TX,78704,3,2400 | 2499 | E SIDE DR,True,
2024-014296 OL,Short Term Rental Type 1,BLOCK OF 2900 E 13TH ST,AUSTIN,TX,78702,1,2900 | 2999 | E 13TH ST,True,official street range corridor
2024-138452 OL,Short Term Rental Type 1,BLOCK OF 1400 ROCKCLIFF RD,AUSTIN,TX,78746,8,1400 | 1499 | ROCKCLIFF RD,True,
2026-083775 OL,Short Term Rental Type 3,BLOCK OF 1600 E 6TH ST,AUSTIN,TX,78702,3,1600 | 1699 | E 6TH ST,True,official street range corridor
2026-051443 OL,Short Term Rental Type 2 Residential,BLOCK OF 1800 FAIRLAWN LN,AUSTIN,TX,78704,9,1800 | 1899 | FAIRLAWN LN,True,
2023-022435 OL,Short Term Rental Type 1,BLOCK OF 1500 ROBERT WEAVER AVE,AUSTIN,TX,78702,3,1500 | 1599 | ROBERT WEAVER AVE,True,
2026-082393 OL,Short Term Rental Type 1,BLOCK OF 8800 CREST RIDGE CIR,AUSTIN,TX,78750,6,8800 | 8899 | CREST RIDGE CIR,True,
2026-067382 OL,Short Term Rental Type 2 Residential,BLOCK OF 700 SPRINGDALE RD,AUSTIN,TX,78702,3,700 | 799 | SPRINGDALE RD,True,
2025-120993 OL,Short Term Rental Type 2 Residential,BLOCK OF 1200 GREENWOOD AVE,AUSTIN,TX,78721,1,1200 | 1299 | GREENWOOD AVE,True,
2025-113801 OL,Short Term Rental Type 3,BLOCK OF 12000 CENTURY OAKS TER,AUSTIN,TX,78758,7,12000 | 12099 | CENTURY OAKS TER,False,
2021-026998 OL,Short Term Rental Type 2 Residential,BLOCK OF 1100 UPLAND DR,AUSTIN,TX,78741,9,1100 | 1199 | UPLAND DR,True,
2026-004851 OL,Short Term Rental Type 1,BLOCK OF 1100 CHICON ST,AUSTIN,TX,78702,1,1100 | 1199 | CHICON ST,True,
2025-137482 OL,Short Term Rental Type 2 Residential,BLOCK OF 800 E 13TH ST,AUSTIN,TX,78702,1,800 | 899 | E 13TH ST,True,official street range corridor
2025-155711 OL,Short Term Rental Type 3,BLOCK OF 100 RAINEY ST,AUSTIN,TX,78701,9,100 | 199 | RAINEY ST,True,official street range corridor
2026-036645 OL,Short Term Rental Type 1,BLOCK OF 5100 NORTH HEARSEY DR,AUSTIN,TX,78744,2,5100 | 5199 | N HEARSEY DR,True,
2024-023821 OL,Short Term Rental Type 2 Residential,BLOCK OF 900 E 50TH ST,AUSTIN,TX,78751,9,900 | 999 | E 50TH ST,True,official street range corridor
2025-069892 OL,Short Term Rental Type 3,BLOCK OF 1600 E 6TH ST,AUSTIN,TX,78702,3,1600 | 1699 | E 6TH ST,True,official street range corridor
2025-025304 OL,Short Term Rental Type 1,BLOCK OF 2300 REBEL RD,AUSTIN,TX,78704,9,2300 | 2399 | REBEL RD,True,
2025-158716 OL,Short Term Rental Type 2 Residential,BLOCK OF 5200 RIDGE OAK DR,AUSTIN,TX,78731,10,5200 | 5299 | RIDGE OAK DR,True,
2025-120760 OL,Short Term Rental Type 2 Residential,BLOCK OF 3600 THOMPSON ST,AUSTIN,TX,78702,3,3600 | 3699 | THOMPSON ST,True,
2016-129805 OL,Short Term Rental Type 1,BLOCK OF 900 WILLOW ST,AUSTIN,TX,78702,3,900 | 999 | WILLOW ST,True,
2026-095155 OL,Short Term Rental Type 2 Residential,BLOCK OF 2600 PARKER LN,AUSTIN,TX,78741,3,2600 | 2699 | PARKER LN,True,
2025-161235 OL,Short Term Rental Type 1,BLOCK OF 4300 BELLVUE AVE,AUSTIN,TX,78756,10,4300 | 4399 | BELLVUE AVE,True,
2021-162416 OL,Short Term Rental Type 1,BLOCK OF 2100 BARTON HILLS DR,AUSTIN,TX,78704,5,2100 | 2199 | BARTON HILLS DR,True,
2023-020479 OL,Short Term Rental Type 1,BLOCK OF 100 COLEMAN ST,AUSTIN,TX,78704,3,100 | 199 | COLEMAN ST,True,
2021-036150 OL,Short Term Rental Type 1-Secondary,BLOCK OF 2500 S 4TH ST,AUSTIN,TX,78704,3,2500 | 2599 | S 4TH ST,True,official street range corridor
2026-113281 OL,Short Term Rental Type 1,BLOCK OF 1000 E 43RD ST,AUSTIN,TX,78751,9,1000 | 1099 | E 43RD ST,True,official street range corridor
2018-020929 OL,Short Term Rental Type 3,BLOCK OF 500 W 8TH ST,AUSTIN,TX,78701,9,500 | 599 | W 8TH ST,True,official street range corridor
2025-155720 OL,Short Term Rental Type 3,BLOCK OF 100 RAINEY ST,AUSTIN,TX,78701,9,100 | 199 | RAINEY ST,True,official street range corridor
2019-023612 OL,Short Term Rental Type 3,BLOCK OF 1800 E 4TH ST,AUSTIN,TX,78702,3,1800 | 1899 | E 4TH ST,True,official street range corridor
2025-112206 OL,Short Term Rental Type 3,BLOCK OF 3100 SCOFIELD RIDGE PKWY,AUSTIN,TX,78727,7,3100 | 3199 | SCOFIELD RIDGE PKWY,True,
2026-057885 OL,Short Term Rental Type 1,BLOCK OF 14000 HARRISGLENN DR,PFLUGERVILLE,TX,78660,7,14000 | 14099 | HARRISGLENN DR,False,
2026-114830 OL,Short Term Rental Type 2 Residential,BLOCK OF 5700 WOODROW AVE,AUSTIN,TX,78756,7,5700 | 5799 | WOODROW AVE,True,
2016-017403 OL,Short Term Rental Type 1-A,BLOCK OF 1100 SAUCEDO ST,AUSTIN,TX,78721,3,1100 | 1199 | SAUCEDO ST,True,
2025-126048 OL,Short Term Rental Type 2 Residential,BLOCK OF 1900 E 38TH HALF ST,AUSTIN,TX,78723,1,1900 | 1999 | E 38TH HALF ST,True,official street range corridor
2019-215654 OL,Short Term Rental Type 3,BLOCK OF 300 E 4TH ST,AUSTIN,TX,78701,9,300 | 399 | E 4TH ST,True,official street range corridor
2026-045796 OL,Short Term Rental Type 2 Residential,BLOCK OF 3000 E 12TH ST,AUSTIN,TX,78702,1,3000 | 3099 | E 12TH ST,True,official street range corridor
2025-117840 OL,Short Term Rental Type 2 Residential,BLOCK OF 6400 DEL MONTE RD,AUSTIN,TX,78741,3,6400 | 6499 | DEL MONTE RD,True,
2023-004339 OL,Short Term Rental Type 1,BLOCK OF 2100 MAPLE AVE,AUSTIN,TX,78722,1,2100 | 2199 | MAPLE AVE,True,
2021-074784 OL,Short Term Rental Type 3,BLOCK OF 300 BRAZOS ST,AUSTIN,TX,78701,9,300 | 399 | BRAZOS ST,True,
2023-147354 OL,Short Term Rental Type 2 Residential,BLOCK OF 1900 STANLEY AVE,AUSTIN,TX,78745,5,1900 | 1999 | STANLEY AVE,True,
2024-110103 OL,Short Term Rental Type 2 Residential,BLOCK OF 900 GARNER AVE,AUSTIN,TX,78704,5,900 | 999 | GARNER AVE,True,
2016-118619 OL,Short Term Rental Type 2 Residential,BLOCK OF 1200 BARTON HILLS DR,AUSTIN,TX,78704,5,1200 | 1299 | BARTON HILLS DR,True,
2025-125682 OL,Short Term Rental Type 1,BLOCK OF 8600 WOODSTONE DR,AUSTIN,TX,78757,4,8600 | 8699 | WOODSTONE DR,True,
2024-112289 OL,Short Term Rental Type 1,BLOCK OF 1100 MILFORD WAY,AUSTIN,TX,78745,2,1100 | 1199 | MILFORD WAY,True,
2026-038628 OL,Short Term Rental Type 1,BLOCK OF 11000 TILDON AVE,AUSTIN,TX,78754,1,11000 | 11099 | TILDON AVE,True,
2026-058728 OL,Short Term Rental Type 1,BLOCK OF 1600 E 10TH ST,AUSTIN,TX,78702,1,1600 | 1699 | E 10TH ST,True,official street range corridor
2013-043874 OL,Short Term Rental Type 2 Residential,BLOCK OF 900 LUND ST,AUSTIN,TX,78704,5,900 | 999 | LUND ST,True,
2026-055393 OL,Short Term Rental Type 1,BLOCK OF 11000 NATCHES TRCE,AUSTIN,TX,78717,6,11000 | 11099 | NATCHES TRCE,False,
2022-158147 OL,Short Term Rental Type 1,BLOCK OF 400 ROWLAND DR,AUSTIN,TX,78745,3,400 | 499 | ROWLAND DR,True,
2023-013288 OL,Short Term Rental Type 2 Residential,BLOCK OF 1100 E 2ND ST,AUSTIN,TX,78702,3,1100 | 1199 | E 2ND ST,True,official street range corridor
2026-103174 OL,Short Term Rental Type 2 Residential,BLOCK OF 1600 E 9TH ST,AUSTIN,TX,78702,1,1600 | 1699 | E 9TH ST,True,official street range corridor
2026-119125 OL,Short Term Rental Type 2 Residential,BLOCK OF 11000 TITIAN DR,AUSTIN,TX,78758,7,11000 | 11099 | TITIAN DR,True,official street range corridor
2019-189133 OL,Short Term Rental Type 3,BLOCK OF 1200 E 5TH ST,AUSTIN,TX,78702,3,1200 | 1299 | E 5TH ST,True,official street range corridor
2018-189695 OL,Short Term Rental Type 1-Secondary,BLOCK OF 1400 ALGUNO RD,AUSTIN,TX,78757,7,1400 | 1499 | ALGUNO RD,True,
2026-049738 OL,Short Term Rental Type 2 Residential,BLOCK OF 7200 WHITE PANDA RUN,AUSTIN,TX,78617,2,7200 | 7299 | WHITE PANDA RUN,True,
2025-001459 OL,Short Term Rental Type 2 Residential,BLOCK OF 2500 SOUTHLAND DR,AUSTIN,TX,78704,5,2500 | 2599 | SOUTHLAND DR,True,
2019-189600 OL,Short Term Rental Type 3,BLOCK OF 1200 E 5TH ST,AUSTIN,TX,78702,3,1200 | 1299 | E 5TH ST,True,official street range corridor
2022-146181 OL,Short Term Rental Type 3,BLOCK OF 1600 E 6TH ST,AUSTIN,TX,78702,3,1600 | 1699 | E 6TH ST,True,official street range corridor
2022-153544 OL,Short Term Rental Type 1-Secondary,BLOCK OF 500 LOCKHART DR,AUSTIN,TX,78704,9,500 | 599 | LOCKHART DR,True,
2019-189674 OL,Short Term Rental Type 3,BLOCK OF 1200 E 5TH ST,AUSTIN,TX,78702,3,1200 | 1299 | E 5TH ST,True,official street range corridor
2018-203928 OL,Short Term Rental Type 3,BLOCK OF 400 W 3RD ST,AUSTIN,TX,78701,9,400 | 499 | W 3RD ST,True,official street range corridor
2024-048520 OL,Short Term Rental Type 2 Residential,BLOCK OF 13000 HUGHES ST,AUSTIN,TX,78732,10,13000 | 13099 | HUGHES ST,False,
2025-156168 OL,Short Term Rental Type 2 Residential,BLOCK OF 12000 BROOKWOOD CIR,AUSTIN,TX,78750,6,12000 | 12099 | BROOKWOOD CIR,False,
2026-124570 OL,Short Term Rental Type 1-Secondary,BLOCK OF 1000 E 8TH ST,AUSTIN,TX,78702,1,1000 | 1099 | E 8TH ST,True,official street range corridor
2026-060506 OL,Short Term Rental Type 1-A,BLOCK OF 4800 ROWENA AVE,AUSTIN,TX,78751,9,4800 | 4899 | ROWENA AVE,True,
2026-119102 OL,Short Term Rental Type 2 Commercial,BLOCK OF 11000 DAWES PL,AUSTIN,TX,78754,1,11000 | 11099 | DAWES PL,True,official street range corridor
2025-158002 OL,Short Term Rental Type 3,BLOCK OF 100 RAINEY ST,AUSTIN,TX,78701,9,100 | 199 | RAINEY ST,True,official street range corridor
2025-098990 OL,Short Term Rental Type 2 Residential,BLOCK OF 2300 S 4TH ST,AUSTIN,TX,78704,3,2300 | 2399 | S 4TH ST,True,official street range corridor
2024-145029 OL,Short Term Rental Type 2 Residential,BLOCK OF 1300 CLOVERLEAF DR,AUSTIN,TX,78723,4,1300 | 1399 | CLOVERLEAF DR,True,
2026-020092 OL,Short Term Rental Type 1-A,BLOCK OF 6500 HANEY DR,AUSTIN,TX,78723,4,6500 | 6599 | HANEY DR,True,
2018-020917 OL,Short Term Rental Type 3,BLOCK OF 500 W 8TH ST,AUSTIN,TX,78701,9,500 | 599 | W 8TH ST,True,official street range corridor
2021-071107 OL,Short Term Rental Type 1,BLOCK OF 900 E LIVE OAK ST,AUSTIN,TX,78704,9,900 | 999 | E LIVE OAK ST,True,
2018-024134 OL,Short Term Rental Type 3,BLOCK OF 500 W 8TH ST,AUSTIN,TX,78701,9,500 | 599 | W 8TH ST,True,official street range corridor
2014-008963 OL,Short Term Rental Type 2 Residential,BLOCK OF 1700 WILLOW ST,AUSTIN,TX,78702,3,1700 | 1799 | WILLOW ST,True,
2025-056124 OL,Short Term Rental Type 2 Residential,BLOCK OF 200 TILLERY SQ,AUSTIN,TX,78702,3,200 | 299 | TILLERY SQ,True,
2025-131550 OL,Short Term Rental Type 2 Residential,BLOCK OF 1500 ASHBERRY DR,AUSTIN,TX,78723,4,1500 | 1599 | ASHBERRY DR,True,
2026-063921 OL,Short Term Rental Type 2 Residential,BLOCK OF 12000 EMERY OAKS RD,AUSTIN,TX,78758,7,12000 | 12099 | EMERY OAKS RD,True,official street range corridor
2026-039699 OL,Short Term Rental Type 1-A,BLOCK OF 4700 GONZALES ST,AUSTIN,TX,78702,3,4700 | 4799 | GONZALES ST,True,
2026-045407 OL,Short Term Rental Type 3,BLOCK OF 1200 NEWNING AVE,AUSTIN,TX,78704,9,1200 | 1299 | NEWNING AVE,True,
2026-050174 OL,Short Term Rental Type 3,BLOCK OF 13000 HEINEMANN DR,AUSTIN,TX,78727,6,13000 | 13099 | HEINEMANN DR,True,
2025-055976 OL,Short Term Rental Type 3,BLOCK OF 600 W 18TH ST,AUSTIN,TX,78701,9,600 | 699 | W 18TH ST,True,official street range corridor
2025-133836 OL,Short Term Rental Type 2 Residential,BLOCK OF 2400 E 12TH ST,AUSTIN,TX,78702,1,2400 | 2499 | E 12TH ST,True,official street range corridor
2020-006635 OL,Short Term Rental Type 1,BLOCK OF 1500 NORTHWOOD RD,AUSTIN,TX,78703,10,1500 | 1599 | NORTHWOOD RD,True,
2026-069910 OL,Short Term Rental Type 2 Residential,BLOCK OF 7500 RIO PASS,AUSTIN,TX,78724,1,7500 | 7599 | RIO PASS,True,
2025-024469 OL,Short Term Rental Type 1,BLOCK OF 1700 CANTERBURY ST,AUSTIN,TX,78702,3,1700 | 1799 | CANTERBURY ST,True,
2024-153049 OL,Short Term Rental Type 2 Residential,BLOCK OF 13000 LIMERICK AVE,AUSTIN,TX,78727,7,13000 | 13099 | LIMERICK AVE,False,
2026-069049 OL,Short Term Rental Type 2 Residential,BLOCK OF 5400 PENDLETON LN,AUSTIN,TX,78723,1,5400 | 5499 | PENDLETON LN,True,
2025-007748 OL,Short Term Rental Type 1,BLOCK OF 1700 E 18TH ST,AUSTIN,TX,78702,1,1700 | 1799 | E 18TH ST,True,official street range corridor
2024-121999 OL,Short Term Rental Type 1,BLOCK OF 6400 SUNSTRIP DR,AUSTIN,TX,78745,2,6400 | 6499 | SUNSTRIP DR,True,
2021-019159 OL,Short Term Rental Type 1,BLOCK OF 5400 PONCIANA DR,AUSTIN,TX,78744,2,5400 | 5499 | PONCIANA DR,True,
2024-135044 OL,Short Term Rental Type 1-Secondary,BLOCK OF 1000 W JOHANNA ST,AUSTIN,TX,78704,3,1000 | 1099 | W JOHANNA ST,True,
2022-150836 OL,Short Term Rental Type 1,BLOCK OF 8900 COVEY CT,AUSTIN,TX,78758,4,8900 | 8999 | COVEY CT,True,
2025-108180 OL,Short Term Rental Type 2 Residential,BLOCK OF 6300 TOSCANA AVE,AUSTIN,TX,78724,1,6300 | 6399 | TOSCANA AVE,True,
2026-045553 OL,Short Term Rental Type 2 Residential,BLOCK OF 1500 NEWNING AVE,AUSTIN,TX,78704,9,1500 | 1599 | NEWNING AVE,True,
2024-156096 OL,Short Term Rental Type 2 Residential,BLOCK OF 3300 ROBINSON AVE,AUSTIN,TX,78722,9,3300 | 3399 | ROBINSON AVE,True,
2025-132669 OL,Short Term Rental Type 2 Residential,BLOCK OF 1200 GREENWOOD AVE,AUSTIN,TX,78721,1,1200 | 1299 | GREENWOOD AVE,True,
2024-079968 OL,Short Term Rental Type 3,BLOCK OF 6800 OLD BEE CAVES RD,AUSTIN,TX,78735,8,6800 | 6899 | OLD BEE CAVES RD,True,
2025-112304 OL,Short Term Rental Type 3,BLOCK OF 3100 SCOFIELD RIDGE PKWY,AUSTIN,TX,78727,7,3100 | 3199 | SCOFIELD RIDGE PKWY,True,
2025-117651 OL,Short Term Rental Type 2 Residential,BLOCK OF 1000 E RIVERSIDE DR,AUSTIN,TX,78704,9,1000 | 1099 | E RIVERSIDE DR,True,
2025-018396 OL,Short Term Rental Type 2 Residential,BLOCK OF 1600 PALMA PLZ,AUSTIN,TX,78703,9,1600 | 1699 | PALMA PLZ,True,official street range corridor
2025-137692 OL,Short Term Rental Type 2 Residential,BLOCK OF 6300 HUNTLEIGH WAY,AUSTIN,TX,78725,1,6300 | 6399 | HUNTLEIGH WAY,True,
2026-068105 OL,Short Term Rental Type 1,BLOCK OF 1000 AZIE MORTON RD,AUSTIN,TX,78704,5,1000 | 1099 | AZIE MORTON RD,True,
2026-091082 OL,Short Term Rental Type 1-Secondary,BLOCK OF 4400 ROSEDALE AVE,AUSTIN,TX,78756,10,4400 | 4499 | ROSEDALE AVE,True,
2019-215481 OL,Short Term Rental Type 3,BLOCK OF 300 E 4TH ST,AUSTIN,TX,78701,9,300 | 399 | E 4TH ST,True,official street range corridor
2015-121771 OL,Short Term Rental Type 1,BLOCK OF 1300 WOODLAND AVE,AUSTIN,TX,78704,9,1300 | 1399 | WOODLAND AVE,True,official street range corridor
2026-026084 OL,Short Term Rental Type 2 Residential,BLOCK OF 2200 HASKELL ST,AUSTIN,TX,78702,3,2200 | 2299 | HASKELL ST,True,
2024-156296 OL,Short Term Rental Type 2 Residential,BLOCK OF 2400 ALLRED DR,AUSTIN,TX,78748,5,2400 | 2499 | ALLRED DR,True,
2026-062674 OL,Short Term Rental Type 2 Residential,BLOCK OF 1000 E 14TH ST,AUSTIN,TX,78702,1,1000 | 1099 | E 14TH ST,True,official street range corridor
2026-068183 OL,Short Term Rental Type 1-A,BLOCK OF 1800 MAPLE AVE,AUSTIN,TX,78702,1,1800 | 1899 | MAPLE AVE,True,
2025-133802 OL,Short Term Rental Type 2 Residential,BLOCK OF 1300 BOULDIN AVE,AUSTIN,TX,78704,9,1300 | 1399 | BOULDIN AVE,True,
2026-032435 OL,Short Term Rental Type 2 Residential,BLOCK OF 1100 AZIE MORTON RD,AUSTIN,TX,78704,5,1100 | 1199 | AZIE MORTON RD,True,
2026-041206 OL,Short Term Rental Type 2 Residential,BLOCK OF 400 HOGG PECAN PASS,AUSTIN,TX,78748,5,400 | 499 | HOGG PECAN PASS,True,
2025-082421 OL,Short Term Rental Type 3,BLOCK OF 800 W 24TH ST,AUSTIN,TX,78705,9,800 | 899 | W 24TH ST,True,official street range corridor
2022-058082 OL,Short Term Rental Type 1,BLOCK OF 900 E 13TH ST,AUSTIN,TX,78702,1,900 | 999 | E 13TH ST,True,official street range corridor
2026-049005 OL,Short Term Rental Type 3,BLOCK OF 3300 ROGERS RD,AUSTIN,TX,78758,7,3300 | 3399 | ROGERS RD,True,official street range corridor
2026-070349 OL,Short Term Rental Type 1,BLOCK OF 1700 WINDOAK DR,AUSTIN,TX,78741,9,1700 | 1799 | WINDOAK DR,True,
2026-064414 OL,Short Term Rental Type 3,BLOCK OF 3400 WILLOWRUN DR,AUSTIN,TX,78704,3,3400 | 3499 | WILLOWRUN DR,True,
2025-013280 OL,Short Term Rental Type 1-Secondary,BLOCK OF 4700 PELHAM DR,AUSTIN,TX,78727,7,4700 | 4799 | PELHAM DR,True,
2026-093968 OL,Short Term Rental Type 1,BLOCK OF 2100 E 21ST ST,AUSTIN,TX,78722,1,2100 | 2199 | E 21ST ST,True,official street range corridor
2023-028911 OL,Short Term Rental Type 1,BLOCK OF 1200 COTTON ST,AUSTIN,TX,78702,1,1200 | 1299 | COTTON ST,True,
2026-032378 OL,Short Term Rental Type 2 Residential,BLOCK OF 2400 BUCKS RUN,AUSTIN,TX,78744,2,2400 | 2499 | BUCKS RUN,True,
2018-013807 OL,Short Term Rental Type 1,BLOCK OF 100 E MILTON ST,AUSTIN,TX,78704,9,100 | 199 | E MILTON ST,True,
2017-017081 OL,Short Term Rental Type 1-A,BLOCK OF 500 E 43RD ST,AUSTIN,TX,78751,9,500 | 599 | E 43RD ST,True,official street range corridor
2026-057521 OL,Short Term Rental Type 1,BLOCK OF 2700 E 22ND ST,AUSTIN,TX,78722,1,2700 | 2799 | E 22ND ST,True,official street range corridor
2024-040383 OL,Short Term Rental Type 1,BLOCK OF 3000 BREEZE TER,AUSTIN,TX,78722,9,3000 | 3099 | BREEZE TER,True,
2019-189090 OL,Short Term Rental Type 3,BLOCK OF 1200 E 5TH ST,AUSTIN,TX,78702,3,1200 | 1299 | E 5TH ST,True,official street range corridor
2026-096633 OL,Short Term Rental Type 1,BLOCK OF 2400 AUDUBON PL,AUSTIN,TX,78741,3,2400 | 2499 | AUDUBON PL,True,
2026-046173 OL,Short Term Rental Type 2 Residential,BLOCK OF 5100 PROVENCIAL DR,AUSTIN,TX,78724,1,5100 | 5199 | PROVENCIAL DR,True,
2026-016967 OL,Short Term Rental Type 1,BLOCK OF 1300 HOLLY ST,AUSTIN,TX,78702,3,1300 | 1399 | HOLLY ST,True,
2015-006069 OL,Short Term Rental Type 1,BLOCK OF 1000 OLIVE ST,AUSTIN,TX,78702,1,1000 | 1099 | OLIVE ST,True,
2026-102028 OL,Short Term Rental Type 2 Residential,BLOCK OF 1900 E 8TH ST,AUSTIN,TX,78702,1,1900 | 1999 | E 8TH ST,True,official street range corridor
2020-012727 OL,Short Term Rental Type 1-Secondary,BLOCK OF 3400 MOUNT BONNELL RD,AUSTIN,TX,78731,10,3400 | 3499 | MOUNT BONNELL RD,True,
2026-087200 OL,Short Term Rental Type 1,BLOCK OF 700 EMERALD WOOD DR,AUSTIN,TX,78745,3,700 | 799 | EMERALD WOOD DR,True,
2014-061187 OL,Short Term Rental Type 3,BLOCK OF 800 S 1ST ST,AUSTIN,TX,78704,9,800 | 899 | S 1ST ST,True,official street range corridor
2022-152289 OL,Short Term Rental Type 1-Secondary,BLOCK OF 4700 SHOALWOOD AVE,AUSTIN,TX,78756,7,4700 | 4799 | SHOALWOOD AVE,True,
2026-066326 OL,Short Term Rental Type 3,BLOCK OF 6300 S 1ST ST,AUSTIN,TX,78745,2,6300 | 6399 | S 1ST ST,True,
2026-026487 OL,Short Term Rental Type 1,BLOCK OF 100 KAREN HILL PL,AUSTIN,TX,78652,5,100 | 199 | KAREN HILL PL,True,
2024-032083 OL,Short Term Rental Type 2 Residential,BLOCK OF 2400 E 8TH ST,AUSTIN,TX,78702,1,2400 | 2499 | E 8TH ST,True,official street range corridor
2026-077144 OL,Short Term Rental Type 2 Residential,BLOCK OF 3200 SANTA FE DR,AUSTIN,TX,78741,3,3200 | 3299 | SANTA FE DR,True,
2025-163473 OL,Short Term Rental Type 2 Residential,BLOCK OF 1300 SPYGLASS DR,AUSTIN,TX,78746,8,1300 | 1399 | SPYGLASS DR,True,
2026-088961 OL,Short Term Rental Type 1,BLOCK OF 1700 E 40TH ST,AUSTIN,TX,78722,9,1700 | 1799 | E 40TH ST,True,official street range corridor
2026-004462 OL,Short Term Rental Type 1,BLOCK OF 2300 RIVERSIDE FARMS RD,AUSTIN,TX,78741,3,2300 | 2399 | RIVERSIDE FARMS RD,True,
2012-102519 OL,Short Term Rental Type 2 Residential,BLOCK OF 1200 S 3RD ST,AUSTIN,TX,78704,9,1200 | 1299 | S 3RD ST,True,official street range corridor
2023-161069 OL,Short Term Rental Type 1-Secondary,BLOCK OF 2600 OAK CREST AVE,AUSTIN,TX,78704,3,2600 | 2699 | OAK CREST AVE,True,
2026-040211 OL,Short Term Rental Type 2 Residential,BLOCK OF 1400 CANTERBURY ST,AUSTIN,TX,78702,3,1400 | 1499 | CANTERBURY ST,True,
2022-162145 OL,Short Term Rental Type 1-A,BLOCK OF 1900 HOLLY HILL DR,AUSTIN,TX,78746,8,1900 | 1999 | HOLLY HILL DR,True,
2024-080018 OL,Short Term Rental Type 3,BLOCK OF 6800 OLD BEE CAVES RD,AUSTIN,TX,78735,8,6800 | 6899 | OLD BEE CAVES RD,True,
2017-046696 OL,Short Term Rental Type 1,BLOCK OF 7100 LYRIC DR,AUSTIN,TX,78745,2,7100 | 7199 | LYRIC DR,True,
2026-034923 OL,Short Term Rental Type 3,BLOCK OF 6500 ED BLUESTEIN BLVD NB,AUSTIN,TX,78724,1,6500 | 6599 | ED BLUESTEIN BLVD NB,True,official street range corridor
2017-059154 OL,Short Term Rental Type 1,BLOCK OF 1400 W 51ST ST,AUSTIN,TX,78756,7,1400 | 1499 | W 51ST ST,True,official street range corridor
2025-118221 OL,Short Term Rental Type 2 Residential,BLOCK OF 6000 LIBYAN DR,AUSTIN,TX,78745,2,6000 | 6099 | LIBYAN DR,True,
2024-060705 OL,Short Term Rental Type 3,BLOCK OF 1600 E 6TH ST,AUSTIN,TX,78702,3,1600 | 1699 | E 6TH ST,True,official street range corridor
2014-106669 OL,Short Term Rental Type 1-A,BLOCK OF 1200 BENTWOOD RD,AUSTIN,TX,78722,9,1200 | 1299 | BENTWOOD RD,True,
2025-022253 OL,Short Term Rental Type 2 Residential,BLOCK OF 600 ONION ST,AUSTIN,TX,78702,3,600 | 699 | ONION ST,True,
2025-155791 OL,Short Term Rental Type 3,BLOCK OF 100 RAINEY ST,AUSTIN,TX,78701,9,100 | 199 | RAINEY ST,True,official street range corridor
2017-125304 OL,Short Term Rental Type 1,BLOCK OF 1600 WATERSTON AVE,AUSTIN,TX,78703,9,1600 | 1699 | WATERSTON AVE,True,
2026-086248 OL,Short Term Rental Type 1,BLOCK OF 5800 HAROLD CT,AUSTIN,TX,78721,1,5800 | 5899 | HAROLD CT,True,
2026-039879 OL,Short Term Rental Type 1-Secondary,BLOCK OF 1600 CANTERBURY ST,AUSTIN,TX,78702,3,1600 | 1699 | CANTERBURY ST,True,
2024-003489 OL,Short Term Rental Type 2 Residential,BLOCK OF 6500 PORTER ST,AUSTIN,TX,78741,3,6500 | 6599 | PORTER ST,True,
2026-108229 OL,Short Term Rental Type 2 Residential,BLOCK OF 5400 GROVER AVE,AUSTIN,TX,78756,7,5400 | 5499 | GROVER AVE,True,
2024-106415 OL,Short Term Rental Type 1-A,BLOCK OF 3900 RIDGELEA DR,AUSTIN,TX,78731,10,3900 | 3999 | RIDGELEA DR,True,
2026-083770 OL,Short Term Rental Type 3,BLOCK OF 1600 E 6TH ST,AUSTIN,TX,78702,3,1600 | 1699 | E 6TH ST,True,official street range corridor
2025-117936 OL,Short Term Rental Type 2 Residential,BLOCK OF 7300 BENNETT AVE,AUSTIN,TX,78752,4,7300 | 7399 | BENNETT AVE,True,
2022-151450 OL,Short Term Rental Type 1,BLOCK OF 5500 WOODROW AVE,AUSTIN,TX,78756,7,5500 | 5599 | WOODROW AVE,True,
2021-074750 OL,Short Term Rental Type 3,BLOCK OF 300 BRAZOS ST,AUSTIN,TX,78701,9,300 | 399 | BRAZOS ST,True,
2025-021642 OL,Short Term Rental Type 1,BLOCK OF 5200 RAIN CREEK PKWY,AUSTIN,TX,78759,10,5200 | 5299 | RAIN CREEK PKWY,True,
2026-036979 OL,Short Term Rental Type 1,BLOCK OF 5700 LINK AVE,AUSTIN,TX,78752,4,5700 | 5799 | LINK AVE,True,
2024-156067 OL,Short Term Rental Type 2 Residential,BLOCK OF 13000 ARROWHEAD PASS,AUSTIN,TX,78729,6,13000 | 13099 | ARROWHEAD PASS,False,
2025-125707 OL,Short Term Rental Type 1,BLOCK OF 2000 ARPDALE ST,AUSTIN,TX,78704,5,2000 | 2099 | ARPDALE ST,True,
2024-098677 OL,Short Term Rental Type 2 Residential,BLOCK OF 10000 GRIZZLY OAK DR,AUSTIN,TX,78748,5,10000 | 10099 | GRIZZLY OAK DR,True,
2026-095490 OL,Short Term Rental Type 1,BLOCK OF 400 POWELL CIR,AUSTIN,TX,78704,3,400 | 499 | POWELL CIR,True,
2024-112425 OL,Short Term Rental Type 1-A,BLOCK OF 3000 CHENNAULT ST,AUSTIN,TX,78723,9,3000 | 3099 | CHENNAULT ST,True,
2026-057194 OL,Short Term Rental Type 3,BLOCK OF 6100 E RIVERSIDE DR,AUSTIN,TX,78741,3,6100 | 6199 | E RIVERSIDE DR,True,
2025-082320 OL,Short Term Rental Type 2 Residential,BLOCK OF 2900 LYONS RD,AUSTIN,TX,78702,3,2900 | 2999 | LYONS RD,True,
2025-137635 OL,Short Term Rental Type 3,BLOCK OF 12000 CENTURY OAKS TER,AUSTIN,TX,78758,7,12000 | 12099 | CENTURY OAKS TER,False,
2026-019868 OL,Short Term Rental Type 2 Residential,BLOCK OF 11000 PLAYERS PATH,AUSTIN,TX,78747,2,11000 | 11099 | PLAYERS PATH,True,
2025-157272 OL,Short Term Rental Type 1-A,BLOCK OF 2700 COATBRIDGE DR,AUSTIN,TX,78745,5,2700 | 2799 | COATBRIDGE DR,True,
2023-102218 OL,Short Term Rental Type 2 Residential,BLOCK OF 2100 BRACKENRIDGE ST,AUSTIN,TX,78704,9,2100 | 2199 | BRACKENRIDGE ST,True,
2015-121320 OL,Short Term Rental Type 2 Residential,BLOCK OF 500 W 43RD ST,AUSTIN,TX,78751,9,500 | 599 | W 43RD ST,True,official street range corridor
2025-054197 OL,Short Term Rental Type 1,BLOCK OF 2000 ASHBY AVE,AUSTIN,TX,78704,5,2000 | 2099 | ASHBY AVE,True,
2012-125763 OL,Short Term Rental Type 2 Residential,BLOCK OF 1900 W 38TH ST,AUSTIN,TX,78731,10,1900 | 1999 | W 38TH ST,True,official street range corridor
2026-032815 OL,Short Term Rental Type 1-Secondary,BLOCK OF 4600 EILERS AVE,AUSTIN,TX,78751,9,4600 | 4699 | EILERS AVE,True,
2025-011097 OL,Short Term Rental Type 2 Residential,BLOCK OF 4500 LESLIE AVE,AUSTIN,TX,78721,1,4500 | 4599 | LESLIE AVE,True,
2022-069036 OL,Short Term Rental Type 1-Secondary,BLOCK OF 1700 W 10TH ST,AUSTIN,TX,78703,9,1700 | 1799 | W 10TH ST,True,official street range corridor
2021-204220 OL,Short Term Rental Type 1,BLOCK OF 8900 SUN SHOWER BND,AUSTIN,TX,78724,1,8900 | 8999 | SUN SHOWER BND,True,
2023-065502 OL,Short Term Rental Type 1,BLOCK OF 700 W JOHANNA ST,AUSTIN,TX,78704,3,700 | 799 | W JOHANNA ST,True,
2025-115384 OL,Short Term Rental Type 2 Residential,BLOCK OF 12000 DUNDEE DR,AUSTIN,TX,78759,10,12000 | 12099 | DUNDEE DR,True,official street range corridor
2022-032921 OL,Short Term Rental Type 1-Secondary,BLOCK OF 2400 E 12TH ST,AUSTIN,TX,78702,1,2400 | 2499 | E 12TH ST,True,official street range corridor
2026-094123 OL,Short Term Rental Type 2 Residential,BLOCK OF 3400 KING ST,AUSTIN,TX,78705,9,3400 | 3499 | KING ST,True,
2019-215621 OL,Short Term Rental Type 3,BLOCK OF 300 E 4TH ST,AUSTIN,TX,78701,9,300 | 399 | E 4TH ST,True,official street range corridor
2026-066333 OL,Short Term Rental Type 3,BLOCK OF 6300 S 1ST ST,AUSTIN,TX,78745,2,6300 | 6399 | S 1ST ST,True,
2026-043127 OL,Short Term Rental Type 3,BLOCK OF 7500 W SLAUGHTER LN,AUSTIN,TX,78749,8,7500 | 7599 | W SLAUGHTER LN,True,
2022-130248 OL,Short Term Rental Type 2 Residential,BLOCK OF 2500 CANTERBURY ST,AUSTIN,TX,78702,3,2500 | 2599 | CANTERBURY ST,True,
2023-155151 OL,Short Term Rental Type 2 Residential,BLOCK OF 4300 JINX AVE,AUSTIN,TX,78745,5,4300 | 4399 | JINX AVE,True,
2023-113172 OL,Short Term Rental Type 2 Residential,BLOCK OF 1100 REAGAN TER,AUSTIN,TX,78704,9,1100 | 1199 | REAGAN TER,True,
2026-016900 OL,Short Term Rental Type 1,BLOCK OF 10000 ASPEN ST,AUSTIN,TX,78758,4,10000 | 10099 | ASPEN ST,True,official street range corridor
2026-068223 OL,Short Term Rental Type 1-A,BLOCK OF 6900 DUBUQUE LN,AUSTIN,TX,78723,1,6900 | 6999 | DUBUQUE LN,True,
2022-072918 OL,Short Term Rental Type 2 Commercial,BLOCK OF 2500 ROSEWOOD AVE,AUSTIN,TX,78702,1,2500 | 2599 | ROSEWOOD AVE,True,
2026-034785 OL,Short Term Rental Type 3,BLOCK OF 6500 ED BLUESTEIN BLVD NB,AUSTIN,TX,78724,1,6500 | 6599 | ED BLUESTEIN BLVD NB,True,official street range corridor
2025-151456 OL,Short Term Rental Type 2 Residential,BLOCK OF 900 E 13TH ST,AUSTIN,TX,78702,1,900 | 999 | E 13TH ST,True,official street range corridor
2022-094148 OL,Short Term Rental Type 1-A,BLOCK OF 11000 PRAIRIE DOVE CIR,AUSTIN,TX,78758,4,11000 | 11099 | PRAIRIE DOVE CIR,True,
2026-092516 OL,Short Term Rental Type 2 Residential,BLOCK OF 12000 FEBRUARY DR,AUSTIN,TX,78753,1,12000 | 12099 | FEBRUARY DR,False,
2025-145751 OL,Short Term Rental Type 3,BLOCK OF 900 REINLI ST,AUSTIN,TX,78751,4,900 | 999 | REINLI ST,True,
2025-010892 OL,Short Term Rental Type 2 Residential,BLOCK OF 900 LINDEN ST,AUSTIN,TX,78702,3,900 | 999 | LINDEN ST,True,
2025-126688 OL,Short Term Rental Type 2 Residential,BLOCK OF 1300 E 13TH ST,AUSTIN,TX,78702,1,1300 | 1399 | E 13TH ST,True,official street range corridor
2022-027993 OL,Short Term Rental Type 1,BLOCK OF 1800 SKI SLOPE DR,AUSTIN,TX,78733,10,1800 | 1899 | SKI SLOPE DR,True,
2026-028724 OL,Short Term Rental Type 1,BLOCK OF 2200 WILLOW ST,AUSTIN,TX,78702,3,2200 | 2299 | WILLOW ST,True,
2025-120836 OL,Short Term Rental Type 2 Residential,BLOCK OF 1000 QUAIL PARK DR,AUSTIN,TX,78758,4,1000 | 1099 | QUAIL PARK DR,True,
2026-002451 OL,Short Term Rental Type 3,BLOCK OF 1200 ENFIELD RD,AUSTIN,TX,78703,10,1200 | 1299 | ENFIELD RD,True,
2014-028089 OL,Short Term Rental Type 1-Secondary,BLOCK OF 900 WILLOW ST,AUSTIN,TX,78702,3,900 | 999 | WILLOW ST,True,
2019-022427 OL,Short Term Rental Type 1,BLOCK OF 1200 COMAL ST,AUSTIN,TX,78702,1,1200 | 1299 | COMAL ST,True,
2024-153442 OL,Short Term Rental Type 2 Residential,BLOCK OF 2400 E 12TH ST,AUSTIN,TX,78702,1,2400 | 2499 | E 12TH ST,True,official street range corridor
2025-156051 OL,Short Term Rental Type 2 Residential,BLOCK OF 300 IRMA DR,AUSTIN,TX,78752,4,300 | 399 | IRMA DR,True,
2023-026523 OL,Short Term Rental Type 1,BLOCK OF 6800 LA SALLE DR,AUSTIN,TX,78723,1,6800 | 6899 | LA SALLE DR,True,
2023-027438 OL,Short Term Rental Type 1,BLOCK OF 800 W OLTORF ST,AUSTIN,TX,78704,3,800 | 899 | W OLTORF ST,True,
2023-149926 OL,Short Term Rental Type 2 Residential,BLOCK OF 6200 THURGOOD AVE,AUSTIN,TX,78721,3,6200 | 6299 | THURGOOD AVE,True,
2018-022551 OL,Short Term Rental Type 3,BLOCK OF 400 W 3RD ST,AUSTIN,TX,78701,9,400 | 499 | W 3RD ST,True,official street range corridor
2026-012655 OL,Short Term Rental Type 1,BLOCK OF 4800 GLADEVIEW DR,AUSTIN,TX,78745,5,4800 | 4899 | GLADEVIEW DR,True,
2026-125101 OL,Short Term Rental Type 1,BLOCK OF 1800 MATAGORDA ST,AUSTIN,TX,78741,9,1800 | 1899 | MATAGORDA ST,True,
2026-053988 OL,Short Term Rental Type 2 Residential,BLOCK OF 7100 SPARKLING LIGHT DR,AUSTIN,TX,78617,2,7100 | 7199 | SPARKLING LIGHT DR,True,official street range corridor
2017-137682 OL,Short Term Rental Type 1-Secondary,BLOCK OF 1600 PEARL ST,AUSTIN,TX,78701,9,1600 | 1699 | PEARL ST,True,
2026-044873 OL,Short Term Rental Type 3,BLOCK OF 2200 TOWN LAKE CIR,AUSTIN,TX,78741,3,2200 | 2299 | TOWN LAKE CIR,True,
2021-162394 OL,Short Term Rental Type 1-A,BLOCK OF 1000 W MARY ST,AUSTIN,TX,78704,3,1000 | 1099 | W MARY ST,True,
2025-021874 OL,Short Term Rental Type 1-Secondary,BLOCK OF 2100 ANTONE ST,AUSTIN,TX,78723,9,2100 | 2199 | ANTONE ST,True,
2024-006990 OL,Short Term Rental Type 2 Residential,BLOCK OF 2300 MONTCLAIRE ST,AUSTIN,TX,78704,5,2300 | 2399 | MONTCLAIRE ST,True,
2022-151711 OL,Short Term Rental Type 1,BLOCK OF 2900 E 2ND ST,AUSTIN,TX,78702,3,2900 | 2999 | E 2ND ST,True,official street range corridor
2023-122094 OL,Short Term Rental Type 2 Residential,BLOCK OF 13000 SCOFIELD FARMS DR,AUSTIN,TX,78727,7,13000 | 13099 | SCOFIELD FARMS DR,True,
2025-032862 OL,Short Term Rental Type 1-A,BLOCK OF 100 ANTHONY ST,AUSTIN,TX,78702,3,100 | 199 | ANTHONY ST,True,official street range corridor
2018-052077 OL,Short Term Rental Type 1-A,BLOCK OF 5400 RIDGE OAK DR,AUSTIN,TX,78731,10,5400 | 5499 | RIDGE OAK DR,True,
2026-031718 OL,Short Term Rental Type 2 Residential,BLOCK OF 7200 DAN JEAN DR,AUSTIN,TX,78745,5,7200 | 7299 | DAN JEAN DR,True,
2026-042819 OL,Short Term Rental Type 2 Residential,BLOCK OF 400 N PLEASANT VALLEY RD,AUSTIN,TX,78702,3,400 | 499 | N PLEASANT VALLEY RD,True,
2026-017507 OL,Short Term Rental Type 1,BLOCK OF 4600 AVENUE H,AUSTIN,TX,78751,9,4600 | 4699 | AVE H,True,
2023-164041 OL,Short Term Rental Type 1-Secondary,BLOCK OF 5400 DUVAL ST,AUSTIN,TX,78751,4,5400 | 5499 | DUVAL ST,True,
2024-144872 OL,Short Term Rental Type 2 Residential,BLOCK OF 6000 GROVER AVE,AUSTIN,TX,78757,7,6000 | 6099 | GROVER AVE,True,
2026-069346 OL,Short Term Rental Type 1-A,BLOCK OF 4600 VAUGHAN ST,AUSTIN,TX,78723,9,4600 | 4699 | VAUGHAN ST,True,
2026-065392 OL,Short Term Rental Type 3,BLOCK OF 600 W 17TH ST,AUSTIN,TX,78701,9,600 | 699 | W 17TH ST,True,official street range corridor
2025-132776 OL,Short Term Rental Type 2 Residential,BLOCK OF 1400 MANFORD HILL DR,AUSTIN,TX,78753,4,1400 | 1499 | MANFORD HILL DR,True,
2025-052555 OL,Short Term Rental Type 2 Residential,BLOCK OF 900 EAST LESLIE CIR,AUSTIN,TX,78721,3,900 | 999 | E LESLIE CIR,True,
2025-113952 OL,Short Term Rental Type 3,BLOCK OF 1900 ALBURY CV,AUSTIN,TX,78758,7,1900 | 1999 | ALBURY CV,True,
2026-043144 OL,Short Term Rental Type 3,BLOCK OF 7500 W SLAUGHTER LN,AUSTIN,TX,78749,8,7500 | 7599 | W SLAUGHTER LN,True,
2018-212885 OL,Short Term Rental Type 1,BLOCK OF 2400 WARE RD,AUSTIN,TX,78741,3,2400 | 2499 | WARE RD,True,
2026-010678 OL,Short Term Rental Type 1,BLOCK OF 6800 DUQUESNE DR,AUSTIN,TX,78723,4,6800 | 6899 | DUQUESNE DR,True,
2026-017392 OL,Short Term Rental Type 1-Secondary,BLOCK OF 1600 CINNAMON PATH,AUSTIN,TX,78704,5,1600 | 1699 | CINNAMON PATH,True,
2019-215558 OL,Short Term Rental Type 3,BLOCK OF 200 E 4TH ST,AUSTIN,TX,78701,9,200 | 299 | E 4TH ST,True,official street range corridor
2026-045755 OL,Short Term Rental Type 3,BLOCK OF 2100 ELMONT DR,AUSTIN,TX,78741,3,2100 | 2199 | ELMONT DR,True,official street range corridor
2025-115471 OL,Short Term Rental Type 2 Residential,BLOCK OF 1100 WEBBERVILLE RD,AUSTIN,TX,78721,1,1100 | 1199 | WEBBERVILLE RD,True,
2025-005220 OL,Short Term Rental Type 3,BLOCK OF 1100 SABINE ST,AUSTIN,TX,78701,9,1100 | 1199 | SABINE ST,True,official street range corridor
2019-158114 OL,Short Term Rental Type 1-A,BLOCK OF 4600 AVENUE B,AUSTIN,TX,78751,9,4600 | 4699 | AVE B,True,
2025-121047 OL,Short Term Rental Type 2 Residential,BLOCK OF 8600 PUTNAM DR,AUSTIN,TX,78757,4,8600 | 8699 | PUTNAM DR,True,
2026-093144 OL,Short Term Rental Type 2 Residential,BLOCK OF 12000 FERRYSTONE GLEN DR,AUSTIN,TX,78617,2,12000 | 12099 | FERRYSTONE GLEN DR,True,official street range corridor
2022-036245 OL,Short Term Rental Type 1,BLOCK OF 1400 E 3RD ST,AUSTIN,TX,78702,3,1400 | 1499 | E 3RD ST,True,official street range corridor
2025-032168 OL,Short Term Rental Type 2 Residential,BLOCK OF 1100 ALAMEDA DR,AUSTIN,TX,78704,9,1100 | 1199 | ALAMEDA DR,True,
2026-058566 OL,Short Term Rental Type 2 Residential,BLOCK OF 1300 BONHAM TER,AUSTIN,TX,78704,9,1300 | 1399 | BONHAM TER,True,
2025-124655 OL,Short Term Rental Type 1,BLOCK OF 14000 LAKE VIEW DR,AUSTIN,TX,78732,10,14000 | 14099 | LAKE VIEW DR,True,
2019-215675 OL,Short Term Rental Type 3,BLOCK OF 300 E 4TH ST,AUSTIN,TX,78701,9,300 | 399 | E 4TH ST,True,official street range corridor
2026-047492 OL,Short Term Rental Type 1,BLOCK OF 5700 STANDING ROCK DR,AUSTIN,TX,78730,10,5700 | 5799 | STANDING ROCK DR,True,
2026-066330 OL,Short Term Rental Type 3,BLOCK OF 6300 S 1ST ST,AUSTIN,TX,78745,2,6300 | 6399 | S 1ST ST,True,
2025-158047 OL,Short Term Rental Type 3,BLOCK OF 100 RAINEY ST,AUSTIN,TX,78701,9,100 | 199 | RAINEY ST,True,official street range corridor
2023-006007 OL,Short Term Rental Type 1,BLOCK OF 1900 PENNSYLVANIA AVE,AUSTIN,TX,78702,1,1900 | 1999 | PENNSYLVANIA AVE,True,
2026-069541 OL,Short Term Rental Type 1-A,BLOCK OF 7300 MARYWOOD CIR,AUSTIN,TX,78723,1,7300 | 7399 | MARYWOOD CIR,True,
2019-215527 OL,Short Term Rental Type 3,BLOCK OF 200 E 4TH ST,AUSTIN,TX,78701,9,200 | 299 | E 4TH ST,True,official street range corridor
2025-049045 OL,Short Term Rental Type 2 Residential,BLOCK OF 3100 PRADO ST,AUSTIN,TX,78702,3,3100 | 3199 | PRADO ST,True,
2026-099945 OL,Short Term Rental Type 1,BLOCK OF 3000 STOKES DR,AUSTIN,TX,78702,3,3000 | 3099 | STOKES DR,True,
2026-031405 OL,Short Term Rental Type 3,BLOCK OF 1600 E 6TH ST,AUSTIN,TX,78702,3,1600 | 1699 | E 6TH ST,True,official street range corridor
2025-027111 OL,Short Term Rental Type 3,BLOCK OF 600 W 7TH ST,AUSTIN,TX,78701,9,600 | 699 | W 7TH ST,True,official street range corridor
2026-043872 OL,Short Term Rental Type 3,BLOCK OF 1400 S LAMAR BLVD,AUSTIN,TX,78704,9,1400 | 1499 | S LAMAR BLVD,True,
2026-041940 OL,Short Term Rental Type 2 Residential,BLOCK OF 3200 GOVALLE AVE,AUSTIN,TX,78702,3,3200 | 3299 | GOVALLE AVE,True,
2025-117552 OL,Short Term Rental Type 2 Residential,BLOCK OF 1700 E 17TH ST,AUSTIN,TX,78702,1,1700 | 1799 | E 17TH ST,True,official street range corridor
2025-005416 OL,Short Term Rental Type 3,BLOCK OF 1100 SABINE ST,AUSTIN,TX,78701,9,1100 | 1199 | SABINE ST,True,official street range corridor
2026-075296 OL,Short Term Rental Type 2 Residential,BLOCK OF 5900 NANCY DR,AUSTIN,TX,78745,2,5900 | 5999 | NANCY DR,True,
2026-069931 OL,Short Term Rental Type 2 Residential,BLOCK OF 1200 LILY TER,AUSTIN,TX,78741,3,1200 | 1299 | LILY TER,True,
2025-113341 OL,Short Term Rental Type 2 Residential,BLOCK OF 1100 NORTHWESTERN AVE,AUSTIN,TX,78702,1,1100 | 1199 | NORTHWESTERN AVE,True,
2025-041801 OL,Short Term Rental Type 1,BLOCK OF 6100 HOGAN AVE,AUSTIN,TX,78741,3,6100 | 6199 | HOGAN AVE,True,
2026-057114 OL,Short Term Rental Type 1,BLOCK OF 1900 VALLEY HILL CIR,AUSTIN,TX,78741,3,1900 | 1999 | VALLEY HILL CIR,True,
2018-021127 OL,Short Term Rental Type 3,BLOCK OF 500 W 8TH ST,AUSTIN,TX,78701,9,500 | 599 | W 8TH ST,True,official street range corridor
2018-022202 OL,Short Term Rental Type 3,BLOCK OF 200 LAVACA ST,AUSTIN,TX,78701,9,200 | 299 | LAVACA ST,True,official street range corridor
2026-036040 OL,Short Term Rental Type 3,BLOCK OF 5900 CAMERON RD,AUSTIN,TX,78723,4,5900 | 5999 | CAMERON RD,True,
2019-131155 OL,Short Term Rental Type 3,BLOCK OF 400 W 3RD ST,AUSTIN,TX,78701,9,400 | 499 | W 3RD ST,True,official street range corridor
2018-021978 OL,Short Term Rental Type 3,BLOCK OF 500 W 8TH ST,AUSTIN,TX,78701,9,500 | 599 | W 8TH ST,True,official street range corridor
2018-007931 OL,Short Term Rental Type 1-Secondary,BLOCK OF 800 E 44TH ST,AUSTIN,TX,78751,9,800 | 899 | E 44TH ST,True,official street range corridor
2026-043584 OL,Short Term Rental Type 3,BLOCK OF 500 CONGRESS AVE,AUSTIN,TX,78701,9,500 | 599 | CONGRESS AVE,True,
2026-118206 OL,Short Term Rental Type 1,BLOCK OF 4900 BRIGHTON RD,AUSTIN,TX,78745,5,4900 | 4999 | BRIGHTON RD,True,
2023-068593 OL,Short Term Rental Type 1-Secondary,BLOCK OF 300 TERRACE DR,AUSTIN,TX,78704,9,300 | 399 | TERRACE DR,True,
2019-189607 OL,Short Term Rental Type 3,BLOCK OF 1200 E 5TH ST,AUSTIN,TX,78702,3,1200 | 1299 | E 5TH ST,True,official street range corridor
2026-098497 OL,Short Term Rental Type 1,BLOCK OF 1400 W BRAKER LN,AUSTIN,TX,78758,7,1400 | 1499 | W BRAKER LN,True,
2019-215552 OL,Short Term Rental Type 3,BLOCK OF 300 E 4TH ST,AUSTIN,TX,78701,9,300 | 399 | E 4TH ST,True,official street range corridor
2014-029203 OL,Short Term Rental Type 3,BLOCK OF 4000 DUVAL ST,AUSTIN,TX,78751,9,4000 | 4099 | DUVAL ST,True,
2026-037162 OL,Short Term Rental Type 1,BLOCK OF 5800 S 1ST ST,AUSTIN,TX,78745,2,5800 | 5899 | S 1ST ST,True,official street range corridor
2017-024269 OL,Short Term Rental Type 1,BLOCK OF 2100 COLUMBIA CV,AUSTIN,TX,78723,4,2100 | 2199 | COLUMBIA CV,True,
2026-055023 OL,Short Term Rental Type 1-A,BLOCK OF 7800 COLTON BLUFF SPRINGS RD,AUSTIN,TX,78744,2,7800 | 7899 | COLTON BLUFF SPRINGS RD,True,official street range corridor
2025-062302 OL,Short Term Rental Type 1,BLOCK OF 1900 EVA ST,AUSTIN,TX,78704,3,1900 | 1999 | EVA ST,True,
2026-040826 OL,Short Term Rental Type 1,BLOCK OF 1900 KENWOOD AVE,AUSTIN,TX,78704,9,1900 | 1999 | KENWOOD AVE,True,
2019-189652 OL,Short Term Rental Type 3,BLOCK OF 1200 E 5TH ST,AUSTIN,TX,78702,3,1200 | 1299 | E 5TH ST,True,official street range corridor
2025-045783 OL,Short Term Rental Type 2 Residential,BLOCK OF 2400 TUCKER LN,AUSTIN,TX,78754,1,2400 | 2499 | TUCKER LN,True,
2026-088404 OL,Short Term Rental Type 3,BLOCK OF 400 N PLEASANT VALLEY RD,AUSTIN,TX,78702,3,400 | 499 | N PLEASANT VALLEY RD,True,
2026-043100 OL,Short Term Rental Type 3,BLOCK OF 7500 W SLAUGHTER LN,AUSTIN,TX,78749,8,7500 | 7599 | W SLAUGHTER LN,True,
2022-058451 OL,Short Term Rental Type 1-A,BLOCK OF 12000 GREY FAWN PATH,AUSTIN,TX,78750,6,12000 | 12099 | GREY FAWN PATH,True,official street range corridor
2016-017987 OL,Short Term Rental Type 1-Secondary,BLOCK OF 1100 BLUEBONNET LN,AUSTIN,TX,78704,5,1100 | 1199 | BLUEBONNET LN,True,
2023-048463 OL,Short Term Rental Type 1-Secondary,BLOCK OF 1200 ENFIELD RD,AUSTIN,TX,78703,9,1200 | 1299 | ENFIELD RD,True,
2021-026344 OL,Short Term Rental Type 2 Residential,BLOCK OF 1600 OLD EAST RIVERSIDE DR,AUSTIN,TX,78741,9,1600 | 1699 | OLD E RIVERSIDE DR,False,
2026-050152 OL,Short Term Rental Type 3,BLOCK OF 5000 CONVICT HILL RD,AUSTIN,TX,78749,8,5000 | 5099 | CONVICT HILL RD,True,
2026-055974 OL,Short Term Rental Type 1,BLOCK OF 2700 WILLOW ST,AUSTIN,TX,78702,3,2700 | 2799 | WILLOW ST,True,
2022-179289 OL,Short Term Rental Type 3,BLOCK OF 1200 BARTON HILLS DR,AUSTIN,TX,78704,5,1200 | 1299 | BARTON HILLS DR,True,
2024-106027 OL,Short Term Rental Type 1,BLOCK OF 1800 ASHBY AVE,AUSTIN,TX,78704,5,1800 | 1899 | ASHBY AVE,True,
2024-159676 OL,Short Term Rental Type 2 Residential,BLOCK OF 2400 S 6TH ST,AUSTIN,TX,78704,3,2400 | 2499 | S 6TH ST,True,official street range corridor
2026-102367 OL,Short Term Rental Type 2 Residential,BLOCK OF 5300 KING CHARLES DR,AUSTIN,TX,78724,1,5300 | 5399 | KING CHARLES DR,True,
2019-131130 OL,Short Term Rental Type 3,BLOCK OF 400 W 3RD ST,AUSTIN,TX,78701,9,400 | 499 | W 3RD ST,True,official street range corridor
2025-153218 OL,Short Term Rental Type 2 Residential,BLOCK OF 900 VARGAS RD,AUSTIN,TX,78741,3,900 | 999 | VARGAS RD,True,
2018-089049 OL,Short Term Rental Type 1,BLOCK OF 900 E 56TH ST,AUSTIN,TX,78751,4,900 | 999 | E 56TH ST,True,official street range corridor
2024-007667 OL,Short Term Rental Type 1-Secondary,BLOCK OF 3300 CLAWSON RD,AUSTIN,TX,78704,5,3300 | 3399 | CLAWSON RD,True,
2025-026732 OL,Short Term Rental Type 2 Residential,BLOCK OF 6200 SHADOW VALLEY DR,AUSTIN,TX,78731,10,6200 | 6299 | SHADOW VALLEY DR,True,
2022-156894 OL,Short Term Rental Type 3,BLOCK OF 400 W 3RD ST,AUSTIN,TX,78701,9,400 | 499 | W 3RD ST,True,official street range corridor
2025-005396 OL,Short Term Rental Type 3,BLOCK OF 1100 SABINE ST,AUSTIN,TX,78701,9,1100 | 1199 | SABINE ST,True,official street range corridor
2026-062529 OL,Short Term Rental Type 2 Residential,BLOCK OF 100 LYNN ST,AUSTIN,TX,78702,3,100 | 199 | LYNN ST,True,official street range corridor
2016-047148 OL,Short Term Rental Type 1,BLOCK OF 2200 SPRING CREEK DR,AUSTIN,TX,78704,5,2200 | 2299 | SPRING CREEK DR,True,
2026-058648 OL,Short Term Rental Type 1,BLOCK OF 3300 LAKESIDE DR,AUSTIN,TX,78723,1,3300 | 3399 | LAKESIDE DR,True,
2025-052039 OL,Short Term Rental Type 1,BLOCK OF 5200 ST GEORGES GREEN,AUSTIN,TX,78745,5,5200 | 5299 | ST GEORGES GREEN,True,
2026-108541 OL,Short Term Rental Type 2 Residential,BLOCK OF 2400 E 2ND ST,AUSTIN,TX,78702,3,2400 | 2499 | E 2ND ST,True,official street range corridor
2026-028504 OL,Short Term Rental Type 2 Residential,BLOCK OF 3300 HYCREEK DR,AUSTIN,TX,78723,1,3300 | 3399 | HYCREEK DR,True,
2026-040319 OL,Short Term Rental Type 2 Residential,BLOCK OF 7200 DAN JEAN DR,AUSTIN,TX,78745,5,7200 | 7299 | DAN JEAN DR,True,
2021-006134 OL,Short Term Rental Type 2 Commercial,BLOCK OF 1600 BARTON SPRINGS RD,AUSTIN,TX,78704,5,1600 | 1699 | BARTON SPRINGS RD,True,
2022-186764 OL,Short Term Rental Type 1,BLOCK OF 1000 W JOHANNA ST,AUSTIN,TX,78704,3,1000 | 1099 | W JOHANNA ST,True,
2026-097222 OL,Short Term Rental Type 1,BLOCK OF 1500 CORIANDER DR,AUSTIN,TX,78741,3,1500 | 1599 | CORIANDER DR,True,
2024-018674 OL,Short Term Rental Type 1-Secondary,BLOCK OF 7000 MEADOR AVE,AUSTIN,TX,78752,4,7000 | 7099 | MEADOR AVE,True,
2026-083368 OL,Short Term Rental Type 2 Residential,BLOCK OF 5700 TURA LN,AUSTIN,TX,78721,3,5700 | 5799 | TURA LN,True,
2023-132548 OL,Short Term Rental Type 2 Residential,BLOCK OF 1500 DRAKE AVE,AUSTIN,TX,78704,9,1500 | 1599 | DRAKE AVE,True,
2023-058275 OL,Short Term Rental Type 2 Residential,BLOCK OF 400 W ELIZABETH ST,AUSTIN,TX,78704,9,400 | 499 | W ELIZABETH ST,True,
2024-153407 OL,Short Term Rental Type 2 Residential,BLOCK OF 2400 OAK HAVEN CIR,AUSTIN,TX,78704,5,2400 | 2499 | OAK HAVEN CIR,True,official street range corridor
2026-031193 OL,Short Term Rental Type 2 Residential,BLOCK OF 3500 WESTCHESTER AVE,AUSTIN,TX,78759,10,3500 | 3599 | WESTCHESTER AVE,True,
2025-025885 OL,Short Term Rental Type 1,BLOCK OF 8900 SLAYTON DR,AUSTIN,TX,78753,4,8900 | 8999 | SLAYTON DR,True,
2025-117795 OL,Short Term Rental Type 2 Residential,BLOCK OF 6200 BETTY COOK DR,AUSTIN,TX,78723,4,6200 | 6299 | BETTY COOK DR,True,
2026-017203 OL,Short Term Rental Type 1,BLOCK OF 2100 FORT VIEW RD,AUSTIN,TX,78704,5,2100 | 2199 | FORT VIEW RD,True,
2019-189280 OL,Short Term Rental Type 3,BLOCK OF 1200 E 5TH ST,AUSTIN,TX,78702,3,1200 | 1299 | E 5TH ST,True,official street range corridor
2022-096536 OL,Short Term Rental Type 1,BLOCK OF 2000 CANTERBURY ST,AUSTIN,TX,78702,3,2000 | 2099 | CANTERBURY ST,True,
2020-169437 OL,Short Term Rental Type 3,BLOCK OF 400 W 3RD ST,AUSTIN,TX,78701,9,400 | 499 | W 3RD ST,True,official street range corridor
2026-033824 OL,Short Term Rental Type 1-A,BLOCK OF 200 PARK LN,AUSTIN,TX,78704,9,200 | 299 | PARK LN,True,
2026-082432 OL,Short Term Rental Type 1-Secondary,BLOCK OF 4700 SAGUARO RD,AUSTIN,TX,78744,2,4700 | 4799 | SAGUARO RD,True,
2025-068438 OL,Short Term Rental Type 3,BLOCK OF 3100 SCOFIELD RIDGE PKWY,AUSTIN,TX,78727,7,3100 | 3199 | SCOFIELD RIDGE PKWY,True,
2026-105286 OL,Short Term Rental Type 2 Residential,BLOCK OF 600 OLD STONE RD,AUSTIN,TX,78745,3,600 | 699 | OLD STONE RD,True,
2025-129811 OL,Short Term Rental Type 2 Residential,BLOCK OF 2400 EUCLID AVE,AUSTIN,TX,78704,3,2400 | 2499 | EUCLID AVE,True,
2026-120347 OL,Short Term Rental Type 1,BLOCK OF 2400 HARRIS BLVD,AUSTIN,TX,78703,10,2400 | 2499 | HARRIS BLVD,True,
2026-040257 OL,Short Term Rental Type 2 Residential,BLOCK OF 2600 GERONIMO TRL,AUSTIN,TX,78734,10,2600 | 2699 | GERONIMO TRL,True,
2021-074811 OL,Short Term Rental Type 3,BLOCK OF 300 BRAZOS ST,AUSTIN,TX,78701,9,300 | 399 | BRAZOS ST,True,
2026-050379 OL,Short Term Rental Type 3,BLOCK OF 12000 CENTURY OAKS TER,AUSTIN,TX,78758,7,12000 | 12099 | CENTURY OAKS TER,False,
2026-102477 OL,Short Term Rental Type 2 Residential,BLOCK OF 12000 CAHONE TRL,AUSTIN,TX,78729,6,12000 | 12099 | CAHONE TRL,True,official street range corridor
2022-059364 OL,Short Term Rental Type 1,BLOCK OF 1000 W OLTORF ST,AUSTIN,TX,78704,3,1000 | 1099 | W OLTORF ST,True,
2023-005753 OL,Short Term Rental Type 1,BLOCK OF 3300 CHERRY LN,AUSTIN,TX,78703,10,3300 | 3399 | CHERRY LN,True,
2026-060263 OL,Short Term Rental Type 2 Residential,BLOCK OF 7500 NORTHCREST BLVD,AUSTIN,TX,78752,4,7500 | 7599 | NORTHCREST BLVD,True,
2025-159348 OL,Short Term Rental Type 2 Residential,BLOCK OF 3100 E 16TH ST,AUSTIN,TX,78702,1,3100 | 3199 | E 16TH ST,True,official street range corridor
2016-020698 OL,Short Term Rental Type 1,BLOCK OF 1200 LORRAIN ST,AUSTIN,TX,78703,9,1200 | 1299 | LORRAIN ST,True,
2026-032749 OL,Short Term Rental Type 1,BLOCK OF 1600 CINNAMON PATH,AUSTIN,TX,78704,5,1600 | 1699 | CINNAMON PATH,True,
2025-134331 OL,Short Term Rental Type 2 Residential,BLOCK OF 7200 COOPER LN,AUSTIN,TX,78745,2,7200 | 7299 | COOPER LN,True,
2025-032154 OL,Short Term Rental Type 2 Residential,BLOCK OF 1600 CLIFFORD AVE,AUSTIN,TX,78702,1,1600 | 1699 | CLIFFORD AVE,True,
2026-030117 OL,Short Term Rental Type 3,BLOCK OF 2100 BURTON DR,AUSTIN,TX,78741,3,2100 | 2199 | BURTON DR,True,
2024-112743 OL,Short Term Rental Type 2 Residential,BLOCK OF 1400 WEST LYNN ST,AUSTIN,TX,78703,9,1400 | 1499 | W LYNN ST,True,
2022-136172 OL,Short Term Rental Type 1,BLOCK OF 1900 ANITA DR,AUSTIN,TX,78704,5,1900 | 1999 | ANITA DR,True,
2022-110393 OL,Short Term Rental Type 3,BLOCK OF 100 CUMBERLAND RD,AUSTIN,TX,78704,3,100 | 199 | CUMBERLAND RD,True,
2018-204905 OL,Short Term Rental Type 1-A,BLOCK OF 3900 BAILEY LN,AUSTIN,TX,78756,10,3900 | 3999 | BAILEY LN,True,
2025-144166 OL,Short Term Rental Type 2 Residential,BLOCK OF 4800 PROCK LN,AUSTIN,TX,78721,3,4800 | 4899 | PROCK LN,True,
2026-027500 OL,Short Term Rental Type 2 Residential,BLOCK OF 100 HAVANA ST,AUSTIN,TX,78704,3,100 | 199 | HAVANA ST,True,
2026-031575 OL,Short Term Rental Type 1,BLOCK OF 6500 STONLEIGH PL,AUSTIN,TX,78744,2,6500 | 6599 | STONLEIGH PL,True,
2024-112789 OL,Short Term Rental Type 2 Residential,BLOCK OF 1100 MYRTLE ST,AUSTIN,TX,78702,1,1100 | 1199 | MYRTLE ST,True,
2024-138996 OL,Short Term Rental Type 2 Residential,BLOCK OF 1600 CORIANDER DR,AUSTIN,TX,78741,3,1600 | 1699 | CORIANDER DR,True,
2023-030522 OL,Short Term Rental Type 1,BLOCK OF 500 E 38TH ST,AUSTIN,TX,78751,9,500 | 599 | E 38TH ST,True,official street range corridor
2026-105851 OL,Short Term Rental Type 2 Residential,BLOCK OF 12000 INDIANHEAD DR,AUSTIN,TX,78753,7,12000 | 12099 | INDIANHEAD DR,True,
2023-104243 OL,Short Term Rental Type 2 Residential,BLOCK OF 11000 APPLEWOOD DR,AUSTIN,TX,78758,4,11000 | 11099 | APPLEWOOD DR,True,
2023-021770 OL,Short Term Rental Type 2 Residential,BLOCK OF 1600 S 3RD ST,AUSTIN,TX,78704,9,1600 | 1699 | S 3RD ST,True,official street range corridor
2022-156833 OL,Short Term Rental Type 3,BLOCK OF 2100 NICKERSON ST,AUSTIN,TX,78704,9,2100 | 2199 | NICKERSON ST,True,
2022-060787 OL,Short Term Rental Type 1,BLOCK OF 300 WESTMORLAND DR,AUSTIN,TX,78745,3,300 | 399 | WESTMORLAND DR,True,
2026-027391 OL,Short Term Rental Type 2 Residential,BLOCK OF 1200 BEDFORD ST,AUSTIN,TX,78702,1,1200 | 1299 | BEDFORD ST,False,
2024-001249 OL,Short Term Rental Type 2 Residential,BLOCK OF 100 HERGOTZ LN,AUSTIN,TX,78742,3,100 | 199 | HERGOTZ LN,True,
2024-069921 OL,Short Term Rental Type 2 Residential,BLOCK OF 7500 BENDER DR,AUSTIN,TX,78749,8,7500 | 7599 | BENDER DR,True,
2026-032924 OL,Short Term Rental Type 2 Residential,BLOCK OF 2100 BLALOCK DR,AUSTIN,TX,78758,7,2100 | 2199 | BLALOCK DR,True,
2019-171228 OL,Short Term Rental Type 2 Residential,BLOCK OF 400 SOUTH PARK DR,AUSTIN,TX,78704,3,400 | 499 | S PARK DR,True,
2026-031373 OL,Short Term Rental Type 3,BLOCK OF 6300 S 1ST ST,AUSTIN,TX,78745,2,6300 | 6399 | S 1ST ST,True,
2026-105796 OL,Short Term Rental Type 2 Residential,BLOCK OF 1400 HASKELL ST,AUSTIN,TX,78702,3,1400 | 1499 | HASKELL ST,True,
2025-125837 OL,Short Term Rental Type 1,BLOCK OF 1800 NEWTON ST,AUSTIN,TX,78704,9,1800 | 1899 | NEWTON ST,True,
2025-142459 OL,Short Term Rental Type 3,BLOCK OF 8100 BLUE GOOSE RD,AUSTIN,TX,78653,1,8100 | 8199 | BLUE GOOSE RD,True,official street range corridor
2026-098635 OL,Short Term Rental Type 1,BLOCK OF 1100 W 9TH ST,AUSTIN,TX,78703,9,1100 | 1199 | W 9TH ST,True,official street range corridor
2025-121017 OL,Short Term Rental Type 2 Residential,BLOCK OF 1800 NEW YORK AVE,AUSTIN,TX,78702,1,1800 | 1899 | NEW YORK AVE,True,
2026-040623 OL,Short Term Rental Type 1,BLOCK OF 4400 S 3RD ST,AUSTIN,TX,78745,3,4400 | 4499 | S 3RD ST,True,official street range corridor
2019-232033 OL,Short Term Rental Type 1,BLOCK OF 6900 HORSESHOE POND DR,AUSTIN,TX,78617,2,6900 | 6999 | HORSESHOE POND DR,True,
2018-006318 OL,Short Term Rental Type 3,BLOCK OF 1300 NORWALK LN,AUSTIN,TX,78703,10,1300 | 1399 | NORWALK LN,True,
2012-104075 OL,Short Term Rental Type 1,BLOCK OF 1800 DYWER AVE,AUSTIN,TX,78704,5,1800 | 1899 | DYWER AVE,True,
2024-075895 OL,Short Term Rental Type 3,BLOCK OF 1500 S CONGRESS AVE,AUSTIN,TX,78704,9,1500 | 1599 | S CONGRESS AVE,True,
2026-036175 OL,Short Term Rental Type 3,BLOCK OF 5900 CAMERON RD,AUSTIN,TX,78723,4,5900 | 5999 | CAMERON RD,True,
2026-025388 OL,Short Term Rental Type 2 Residential,BLOCK OF 2100 EVA ST,AUSTIN,TX,78704,3,2100 | 2199 | EVA ST,True,
2026-059277 OL,Short Term Rental Type 2 Residential,BLOCK OF 4400 BENNETT AVE,AUSTIN,TX,78751,9,4400 | 4499 | BENNETT AVE,True,
2025-161669 OL,Short Term Rental Type 1-A,BLOCK OF 1700 WALNUT AVE,AUSTIN,TX,78702,1,1700 | 1799 | WALNUT AVE,True,
2026-046835 OL,Short Term Rental Type 2 Residential,BLOCK OF 8400 SELWAY DR,AUSTIN,TX,78736,8,8400 | 8499 | SELWAY DR,True,
2025-126062 OL,Short Term Rental Type 1,BLOCK OF 12000 SUNHILLOW BND,AUSTIN,TX,78758,7,12000 | 12099 | SUNHILLOW BND,False,
2026-029419 OL,Short Term Rental Type 2 Residential,BLOCK OF 500 TREYS WAY,AUSTIN,TX,78745,2,500 | 599 | TREYS WAY,True,
2024-003593 OL,Short Term Rental Type 3,BLOCK OF 6400 BURNS ST,AUSTIN,TX,78752,4,6400 | 6499 | BURNS ST,True,
2026-097568 OL,Short Term Rental Type 2 Residential,BLOCK OF 11000 BRIXEY LN,AUSTIN,TX,78754,1,11000 | 11099 | BRIXEY LN,True,official street range corridor
2026-074167 OL,Short Term Rental Type 3,BLOCK OF 1900 CROSSING PL,AUSTIN,TX,78741,3,1900 | 1999 | CROSSING PL,True,official street range corridor
2025-026574 OL,Short Term Rental Type 2 Residential,BLOCK OF 2400 INDIAN TRL,AUSTIN,TX,78703,10,2400 | 2499 | INDIAN TRL,True,
2023-045832 OL,Short Term Rental Type 1,BLOCK OF 2400 W 8TH ST,AUSTIN,TX,78703,10,2400 | 2499 | W 8TH ST,True,official street range corridor
2024-015316 OL,Short Term Rental Type 2 Residential,BLOCK OF 2900 E 3RD ST,AUSTIN,TX,78702,3,2900 | 2999 | E 3RD ST,True,official street range corridor
2026-018877 OL,Short Term Rental Type 2 Residential,BLOCK OF 2800 S 4TH ST,AUSTIN,TX,78704,3,2800 | 2899 | S 4TH ST,True,official street range corridor
2025-111632 OL,Short Term Rental Type 3,BLOCK OF 3100 SCOFIELD RIDGE PKWY,AUSTIN,TX,78727,7,3100 | 3199 | SCOFIELD RIDGE PKWY,True,
2024-055029 OL,Short Term Rental Type 2 Residential,BLOCK OF 1000 DANIEL DR,AUSTIN,TX,78704,9,1000 | 1099 | DANIEL DR,True,
2023-150672 OL,Short Term Rental Type 2 Residential,BLOCK OF 6100 CLUB TER,AUSTIN,TX,78741,3,6100 | 6199 | CLUB TER,True,
2025-147573 OL,Short Term Rental Type 2 Residential,BLOCK OF 5200 DELORES AVE,AUSTIN,TX,78721,1,5200 | 5299 | DELORES AVE,True,
2023-113475 OL,Short Term Rental Type 2 Residential,BLOCK OF 400 CELERY LOOP,AUSTIN,TX,78748,2,400 | 499 | CELERY LOOP,True,
2022-144359 OL,Short Term Rental Type 1-Secondary,BLOCK OF 1200 TAYLOR ST,AUSTIN,TX,78702,3,1200 | 1299 | TAYLOR ST,True,
2025-159801 OL,Short Term Rental Type 3,BLOCK OF 600 W 7TH ST,AUSTIN,TX,78701,9,600 | 699 | W 7TH ST,True,official street range corridor
2019-189416 OL,Short Term Rental Type 3,BLOCK OF 1200 E 5TH ST,AUSTIN,TX,78702,3,1200 | 1299 | E 5TH ST,True,official street range corridor
2018-075682 OL,Short Term Rental Type 1,BLOCK OF 500 E MONROE ST,AUSTIN,TX,78704,9,500 | 599 | E MONROE ST,True,
2026-108707 OL,Short Term Rental Type 2 Residential,BLOCK OF 5000 HIGHLAND CT,AUSTIN,TX,78731,10,5000 | 5099 | HIGHLAND CT,True,
2026-028582 OL,Short Term Rental Type 2 Residential,BLOCK OF 6300 ZADOCK WOODS DR,AUSTIN,TX,78749,8,6300 | 6399 | ZADOCK WOODS DR,True,
2026-089116 OL,Short Term Rental Type 1,BLOCK OF 1400 KENWOOD AVE,AUSTIN,TX,78704,9,1400 | 1499 | KENWOOD AVE,True,
2025-161847 OL,Short Term Rental Type 2 Residential,BLOCK OF 5800 BREEZEWOOD DR,AUSTIN,TX,78745,2,5800 | 5899 | BREEZEWOOD DR,True,
2017-001496 OL,Short Term Rental Type 1-Secondary,BLOCK OF 700 W JOHANNA ST,AUSTIN,TX,78704,3,700 | 799 | W JOHANNA ST,True,
2024-048112 OL,Short Term Rental Type 1-Secondary,BLOCK OF 3300 THOMPSON ST,AUSTIN,TX,78702,3,3300 | 3399 | THOMPSON ST,True,
2026-004389 OL,Short Term Rental Type 1,BLOCK OF 1700 E 38TH ST,AUSTIN,TX,78722,9,1700 | 1799 | E 38TH ST,True,official street range corridor
2026-105644 OL,Short Term Rental Type 2 Residential,BLOCK OF 2200 LINDELL AVE,AUSTIN,TX,78704,3,2200 | 2299 | LINDELL AVE,True,
2024-008194 OL,Short Term Rental Type 3,BLOCK OF 7100 CREEKSIDE DR,AUSTIN,TX,78752,1,7100 | 7199 | CREEKSIDE DR,True,
2026-096145 OL,Short Term Rental Type 1,BLOCK OF 1100 STOBAUGH ST,AUSTIN,TX,78757,7,1100 | 1199 | STOBAUGH ST,True,
2025-108164 OL,Short Term Rental Type 2 Residential,BLOCK OF 5400 DOWNS DR,AUSTIN,TX,78721,1,5400 | 5499 | DOWNS DR,True,
2026-059476 OL,Short Term Rental Type 2 Residential,BLOCK OF 2900 E 12TH ST,AUSTIN,TX,78702,1,2900 | 2999 | E 12TH ST,True,official street range corridor
2014-008394 OL,Short Term Rental Type 1,BLOCK OF 2200 SPRING CREEK DR,AUSTIN,TX,78704,5,2200 | 2299 | SPRING CREEK DR,True,
2025-123698 OL,Short Term Rental Type 1-A,BLOCK OF 7100 COMANCHE TRL,AUSTIN,TX,78732,10,7100 | 7199 | COMANCHE TRL,True,
2022-068069 OL,Short Term Rental Type 3,BLOCK OF 7400 N LAMAR BLVD,AUSTIN,TX,78757,7,7400 | 7499 | N LAMAR BLVD,True,official street range corridor
2025-156578 OL,Short Term Rental Type 2 Residential,BLOCK OF 800 SAHARA AVE,AUSTIN,TX,78745,2,800 | 899 | SAHARA AVE,True,
2026-108917 OL,Short Term Rental Type 1-Secondary,BLOCK OF 100 ROBERT T MARTINEZ JR ST,AUSTIN,TX,78702,3,100 | 199 | ROBERT T MARTINEZ JR ST,True,official street range corridor
2026-034682 OL,Short Term Rental Type 2 Residential,BLOCK OF 2400 SANTA ROSA ST,AUSTIN,TX,78702,3,2400 | 2499 | SANTA ROSA ST,True,
2023-048531 OL,Short Term Rental Type 1-Secondary,BLOCK OF 5800 CHERRY PARK,AUSTIN,TX,78745,2,5800 | 5899 | CHERRY PARK,True,
2020-170026 OL,Short Term Rental Type 3,BLOCK OF 2500 S LAMAR BLVD,AUSTIN,TX,78704,5,2500 | 2599 | S LAMAR BLVD,True,
2018-050710 OL,Short Term Rental Type 1,BLOCK OF 3700 KENNELWOOD RD,AUSTIN,TX,78703,10,3700 | 3799 | KENNELWOOD RD,True,
2026-056742 OL,Short Term Rental Type 1,BLOCK OF 4600 SHOAL CREEK BLVD,AUSTIN,TX,78756,7,4600 | 4699 | SHOAL CREEK BLVD,True,
2023-010906 OL,Short Term Rental Type 1,BLOCK OF 8400 SELWAY DR,AUSTIN,TX,78736,8,8400 | 8499 | SELWAY DR,True,
2025-100045 OL,Short Term Rental Type 3,BLOCK OF 1800 WEBBERVILLE RD,AUSTIN,TX,78721,1,1800 | 1899 | WEBBERVILLE RD,True,
2025-010759 OL,Short Term Rental Type 2 Residential,BLOCK OF 2500 E 4TH ST,AUSTIN,TX,78702,3,2500 | 2599 | E 4TH ST,True,official street range corridor
2025-071172 OL,Short Term Rental Type 1,BLOCK OF 1700 ANTLER DR,AUSTIN,TX,78741,9,1700 | 1799 | ANTLER DR,True,
2026-118376 OL,Short Term Rental Type 2 Residential,BLOCK OF 7700 NORAH DR,AUSTIN,TX,78744,2,7700 | 7799 | NORAH DR,True,official street range corridor
2026-031095 OL,Short Term Rental Type 3,BLOCK OF 6300 S 1ST ST,AUSTIN,TX,78745,2,6300 | 6399 | S 1ST ST,True,
2026-063815 OL,Short Term Rental Type 1,BLOCK OF 4400 BANISTER LN,AUSTIN,TX,78745,5,4400 | 4499 | BANISTER LN,True,
2025-153333 OL,Short Term Rental Type 2 Residential,BLOCK OF 10000 OAK HOLLOW DR,AUSTIN,TX,78758,4,10000 | 10099 | OAK HOLLOW DR,True,
2016-152974 OL,Short Term Rental Type 1,BLOCK OF 600 W MONROE ST,AUSTIN,TX,78704,9,600 | 699 | W MONROE ST,True,
2025-117505 OL,Short Term Rental Type 2 Residential,BLOCK OF 7600 PROVIDENCE AVE,AUSTIN,TX,78752,4,7600 | 7699 | PROVIDENCE AVE,True,
2021-201540 OL,Short Term Rental Type 1,BLOCK OF 1700 BLUEBONNET LN,AUSTIN,TX,78704,5,1700 | 1799 | BLUEBONNET LN,True,
2022-056720 OL,Short Term Rental Type 1,BLOCK OF 1900 ANITA DR,AUSTIN,TX,78704,5,1900 | 1999 | ANITA DR,True,
2026-093820 OL,Short Term Rental Type 2 Residential,BLOCK OF 2400 KUMQUAT CT,AUSTIN,TX,78744,2,2400 | 2499 | KUMQUAT CT,True,
2018-024153 OL,Short Term Rental Type 3,BLOCK OF 500 W 8TH ST,AUSTIN,TX,78701,9,500 | 599 | W 8TH ST,True,official street range corridor
2026-005491 OL,Short Term Rental Type 2 Residential,BLOCK OF 1300 PALO DURO RD,AUSTIN,TX,78757,7,1300 | 1399 | PALO DURO RD,True,
2026-115297 OL,Short Term Rental Type 1,BLOCK OF 1000 TURTLE CREEK BLVD,AUSTIN,TX,78745,2,1000 | 1099 | TURTLE CREEK BLVD,True,
2024-157502 OL,Short Term Rental Type 2 Residential,BLOCK OF 7200 KELLNER CV,AUSTIN,TX,78617,2,7200 | 7299 | KELLNER CV,True,
2017-107894 OL,Short Term Rental Type 1-A,BLOCK OF 2400 BRIDLE PATH,AUSTIN,TX,78703,10,2400 | 2499 | BRIDLE PATH,True,
2026-036513 OL,Short Term Rental Type 3,BLOCK OF 6800 GREAT NORTHERN BLVD,AUSTIN,TX,78757,7,6800 | 6899 | GREAT NORTHERN BLVD,True,
2018-052710 OL,Short Term Rental Type 1-Secondary,BLOCK OF 700 W ANNIE ST,AUSTIN,TX,78704,9,700 | 799 | W ANNIE ST,True,
2023-040208 OL,Short Term Rental Type 1,BLOCK OF 2700 WILLOW ST,AUSTIN,TX,78702,3,2700 | 2799 | WILLOW ST,True,
2012-102506 OL,Short Term Rental Type 2 Residential,BLOCK OF 1100 REAGAN TER,AUSTIN,TX,78704,9,1100 | 1199 | REAGAN TER,True,
2023-162124 OL,Short Term Rental Type 2 Residential,BLOCK OF 1200 BEDFORD ST,AUSTIN,TX,78702,1,1200 | 1299 | BEDFORD ST,False,
2025-042560 OL,Short Term Rental Type 2 Residential,BLOCK OF 1900 E 2ND ST,AUSTIN,TX,78702,3,1900 | 1999 | E 2ND ST,True,official street range corridor
2021-134981 OL,Short Term Rental Type 1,BLOCK OF 2900 RIO GRANDE ST,AUSTIN,TX,78705,9,2900 | 2999 | RIO GRANDE ST,True,
2018-024246 OL,Short Term Rental Type 3,BLOCK OF 500 W 8TH ST,AUSTIN,TX,78701,9,500 | 599 | W 8TH ST,True,official street range corridor
2023-024539 OL,Short Term Rental Type 1-Secondary,BLOCK OF 700 GARNER AVE,AUSTIN,TX,78704,5,700 | 799 | GARNER AVE,True,
2026-083767 OL,Short Term Rental Type 3,BLOCK OF 1600 E 6TH ST,AUSTIN,TX,78702,3,1600 | 1699 | E 6TH ST,True,official street range corridor
2025-099995 OL,Short Term Rental Type 3,BLOCK OF 8100 BLUE GOOSE RD,AUSTIN,TX,78653,1,8100 | 8199 | BLUE GOOSE RD,True,official street range corridor
2026-022951 OL,Short Term Rental Type 1,BLOCK OF 1700 DEXTER ST,AUSTIN,TX,78704,5,1700 | 1799 | DEXTER ST,True,
2025-139232 OL,Short Term Rental Type 2 Residential,BLOCK OF 1100 CHERICO ST,AUSTIN,TX,78702,3,1100 | 1199 | CHERICO ST,True,
2022-022495 OL,Short Term Rental Type 3,BLOCK OF 1900 CROSSING PL,AUSTIN,TX,78741,3,1900 | 1999 | CROSSING PL,True,official street range corridor
2026-109049 OL,Short Term Rental Type 1-Secondary,BLOCK OF 1100 ESTES AVE,AUSTIN,TX,78721,3,1100 | 1199 | ESTES AVE,True,
2026-044835 OL,Short Term Rental Type 2 Residential,BLOCK OF 1800 PEARL ST,AUSTIN,TX,78701,9,1800 | 1899 | PEARL ST,True,
2026-083772 OL,Short Term Rental Type 3,BLOCK OF 1600 E 6TH ST,AUSTIN,TX,78702,3,1600 | 1699 | E 6TH ST,True,official street range corridor
2026-065113 OL,Short Term Rental Type 3,BLOCK OF 9100 RESEARCH BLVD SVRD NB,AUSTIN,TX,78758,7,9100 | 9199 | RESEARCH BLVD SVRD NB,True,official street range corridor
2025-145999 OL,Short Term Rental Type 2 Residential,BLOCK OF 2200 TRAILSIDE DR,AUSTIN,TX,78704,5,2200 | 2299 | TRAILSIDE DR,True,
2017-050502 OL,Short Term Rental Type 1,BLOCK OF 2900 MONTEBELLO CT,AUSTIN,TX,78746,8,2900 | 2999 | MONTEBELLO CT,True,
2022-058119 OL,Short Term Rental Type 1,BLOCK OF 1500 CONCORDIA AVE,AUSTIN,TX,78722,9,1500 | 1599 | CONCORDIA AVE,True,
2024-122062 OL,Short Term Rental Type 1,BLOCK OF 1900 S 6TH ST,AUSTIN,TX,78704,3,1900 | 1999 | S 6TH ST,True,official street range corridor
2024-150789 OL,Short Term Rental Type 1,BLOCK OF 8100 BIG VIEW DR,AUSTIN,TX,78730,10,8100 | 8199 | BIG VIEW DR,True,
2022-133616 OL,Short Term Rental Type 3,BLOCK OF 300 E 4TH ST,AUSTIN,TX,78701,9,300 | 399 | E 4TH ST,True,official street range corridor
2024-145037 OL,Short Term Rental Type 2 Residential,BLOCK OF 1900 FAIRLAWN LN,AUSTIN,TX,78704,9,1900 | 1999 | FAIRLAWN LN,True,
2026-067263 OL,Short Term Rental Type 2 Residential,BLOCK OF 4600 S 2ND ST,AUSTIN,TX,78745,3,4600 | 4699 | S 2ND ST,True,official street range corridor
2025-148463 OL,Short Term Rental Type 2 Residential,BLOCK OF 5200 STAR LIGHT TER,AUSTIN,TX,78721,1,5200 | 5299 | STAR LIGHT TER,True,
2024-132445 OL,Short Term Rental Type 1,BLOCK OF 2500 E 9TH ST,AUSTIN,TX,78702,1,2500 | 2599 | E 9TH ST,True,official street range corridor
2022-074058 OL,Short Term Rental Type 3,BLOCK OF 700 W 34TH ST,AUSTIN,TX,78705,9,700 | 799 | W 34TH ST,True,official street range corridor
2025-045766 OL,Short Term Rental Type 2 Residential,BLOCK OF 2500 E 4TH ST,AUSTIN,TX,78702,3,2500 | 2599 | E 4TH ST,True,official street range corridor
2019-233016 OL,Short Term Rental Type 3,BLOCK OF 200 LAVACA ST,AUSTIN,TX,78701,9,200 | 299 | LAVACA ST,True,official street range corridor
2021-130603 OL,Short Term Rental Type 1,BLOCK OF 5300 SAMUEL HUSTON AVE,AUSTIN,TX,78721,1,5300 | 5399 | SAMUEL HUSTON AVE,True,
2019-189088 OL,Short Term Rental Type 3,BLOCK OF 1200 E 5TH ST,AUSTIN,TX,78702,3,1200 | 1299 | E 5TH ST,True,official street range corridor
2025-011120 OL,Short Term Rental Type 2 Residential,BLOCK OF 3600 E 12TH ST,AUSTIN,TX,78721,1,3600 | 3699 | E 12TH ST,True,official street range corridor
2025-048969 OL,Short Term Rental Type 2 Commercial,BLOCK OF 11000 SPEEDWAGON RUN,AUSTIN,TX,78754,1,11000 | 11099 | SPEEDWAGON RUN,False,
2025-163158 OL,Short Term Rental Type 2 Residential,BLOCK OF 7300 GROVER AVE,AUSTIN,TX,78757,7,7300 | 7399 | GROVER AVE,True,
2026-104246 OL,Short Term Rental Type 1,BLOCK OF 800 NEWMAN DR,AUSTIN,TX,78703,10,800 | 899 | NEWMAN DR,True,
2025-133788 OL,Short Term Rental Type 2 Residential,BLOCK OF 1300 BOULDIN AVE,AUSTIN,TX,78704,9,1300 | 1399 | BOULDIN AVE,True,
2026-033625 OL,Short Term Rental Type 2 Residential,BLOCK OF 10000 GAIL RD,AUSTIN,TX,78748,5,10000 | 10099 | GAIL RD,True,
2025-163547 OL,Short Term Rental Type 2 Residential,BLOCK OF 4800 LANSING DR,AUSTIN,TX,78745,5,4800 | 4899 | LANSING DR,True,
2022-149571 OL,Short Term Rental Type 2 Residential,BLOCK OF 1800 BOULDIN AVE,AUSTIN,TX,78704,9,1800 | 1899 | BOULDIN AVE,True,
2023-023759 OL,Short Term Rental Type 1-Secondary,BLOCK OF 3500 TOM GREEN ST,AUSTIN,TX,78705,9,3500 | 3599 | TOM GREEN ST,True,
2026-114506 OL,Short Term Rental Type 1,BLOCK OF 3700 CHERRYWOOD RD,AUSTIN,TX,78722,9,3700 | 3799 | CHERRYWOOD RD,True,
2022-077533 OL,Short Term Rental Type 2 Residential,BLOCK OF 2000 WINSTED LN,AUSTIN,TX,78703,10,2000 | 2099 | WINSTED LN,True,
2026-114804 OL,Short Term Rental Type 2 Residential,BLOCK OF 1200 COTTON ST,AUSTIN,TX,78702,1,1200 | 1299 | COTTON ST,True,
2026-047672 OL,Short Term Rental Type 2 Residential,BLOCK OF 1400 CEDAR AVE,AUSTIN,TX,78702,1,1400 | 1499 | CEDAR AVE,True,
2018-026732 OL,Short Term Rental Type 1-Secondary,BLOCK OF 2700 WILLOW ST,AUSTIN,TX,78702,3,2700 | 2799 | WILLOW ST,True,
2026-057911 OL,Short Term Rental Type 1,BLOCK OF 1300 HOLLY ST,AUSTIN,TX,78702,3,1300 | 1399 | HOLLY ST,True,
2026-113031 OL,Short Term Rental Type 1,BLOCK OF 7800 BESTRIDE BND,AUSTIN,TX,78744,2,7800 | 7899 | BESTRIDE BND,True,
2022-174424 OL,Short Term Rental Type 1,BLOCK OF 1700 ULIT AVE,AUSTIN,TX,78702,1,1700 | 1799 | ULIT AVE,True,
2026-091781 OL,Short Term Rental Type 2 Residential,BLOCK OF 2200 GARDEN ST,AUSTIN,TX,78702,3,2200 | 2299 | GARDEN ST,True,
2024-001828 OL,Short Term Rental Type 2 Residential,BLOCK OF 1200 TAULBEE LN,AUSTIN,TX,78757,7,1200 | 1299 | TAULBEE LN,True,
2026-032157 OL,Short Term Rental Type 1,BLOCK OF 2600 S 2ND ST,AUSTIN,TX,78704,3,2600 | 2699 | S 2ND ST,True,official street range corridor
2026-037055 OL,Short Term Rental Type 1,BLOCK OF 1200 GARDEN ST,AUSTIN,TX,78702,3,1200 | 1299 | GARDEN ST,True,
2025-115788 OL,Short Term Rental Type 2 Residential,BLOCK OF 7900 PARLIAMENT PL,AUSTIN,TX,78759,6,7900 | 7999 | PARLIAMENT PL,True,official street range corridor
2024-125894 OL,Short Term Rental Type 2 Residential,BLOCK OF 7400 DERBY DOWNS DR,AUSTIN,TX,78747,2,7400 | 7499 | DERBY DOWNS DR,True,
2026-056510 OL,Short Term Rental Type 1,BLOCK OF 2100 LA CASA DR,AUSTIN,TX,78704,5,2100 | 2199 | LA CASA DR,True,
2025-140775 OL,Short Term Rental Type 2 Residential,BLOCK OF 2000 E 8TH ST,AUSTIN,TX,78702,1,2000 | 2099 | E 8TH ST,True,official street range corridor
2026-033346 OL,Short Term Rental Type 3,BLOCK OF 1800 SOUTH LAKESHORE BLVD,AUSTIN,TX,78741,3,1800 | 1899 | S LAKESHORE BLVD,False,
2026-083771 OL,Short Term Rental Type 3,BLOCK OF 1600 E 6TH ST,AUSTIN,TX,78702,3,1600 | 1699 | E 6TH ST,True,official street range corridor
2025-153612 OL,Short Term Rental Type 2 Residential,BLOCK OF 3600 THOMPSON ST,AUSTIN,TX,78702,3,3600 | 3699 | THOMPSON ST,True,
2023-042012 OL,Short Term Rental Type 1-Secondary,BLOCK OF 1900 KINNEY AVE,AUSTIN,TX,78704,5,1900 | 1999 | KINNEY AVE,True,
2026-068868 OL,Short Term Rental Type 1,BLOCK OF 2600 E 14TH ST,AUSTIN,TX,78702,1,2600 | 2699 | E 14TH ST,True,official street range corridor
2024-129403 OL,Short Term Rental Type 2 Residential,BLOCK OF 2200 HOLLY ST,AUSTIN,TX,78702,3,2200 | 2299 | HOLLY ST,True,
2024-006479 OL,Short Term Rental Type 2 Residential,BLOCK OF 1800 E MARTIN LUTHER KING JR BLVD,AUSTIN,TX,78722,1,1800 | 1899 | E MARTIN LUTHER KING JR BLVD,True,official street range corridor
2024-022217 OL,Short Term Rental Type 2 Residential,BLOCK OF 9400 MEADOW VALE,AUSTIN,TX,78758,4,9400 | 9499 | MEADOW VALE,True,
2021-134397 OL,Short Term Rental Type 1-Secondary,BLOCK OF 4600 DEPEW AVE,AUSTIN,TX,78751,9,4600 | 4699 | DEPEW AVE,True,
2024-156049 OL,Short Term Rental Type 2 Residential,BLOCK OF 7800 WOODROW AVE,AUSTIN,TX,78757,7,7800 | 7899 | WOODROW AVE,True,
2023-033395 OL,Short Term Rental Type 1,BLOCK OF 4600 SALOMA PL,AUSTIN,TX,78749,8,4600 | 4699 | SALOMA PL,True,
2026-124358 OL,Short Term Rental Type 1,BLOCK OF 800 BAYLOR ST,AUSTIN,TX,78703,9,800 | 899 | BAYLOR ST,True,
2022-067047 OL,Short Term Rental Type 2 Commercial,BLOCK OF 4400 CAMACHO ST,AUSTIN,TX,78723,9,4400 | 4499 | CAMACHO ST,True,
2026-043752 OL,Short Term Rental Type 1,BLOCK OF 2300 E 10TH ST,AUSTIN,TX,78702,1,2300 | 2399 | E 10TH ST,True,official street range corridor
2026-066331 OL,Short Term Rental Type 3,BLOCK OF 6300 S 1ST ST,AUSTIN,TX,78745,2,6300 | 6399 | S 1ST ST,True,
2024-003099 OL,Short Term Rental Type 1-A,BLOCK OF 5400 WOODVIEW AVE,AUSTIN,TX,78756,7,5400 | 5499 | WOODVIEW AVE,True,
2026-118758 OL,Short Term Rental Type 2 Residential,BLOCK OF 1200 DELANO ST,AUSTIN,TX,78721,1,1200 | 1299 | DELANO ST,True,
2012-103446 OL,Short Term Rental Type 1,BLOCK OF 1300 E 2ND ST,AUSTIN,TX,78702,3,1300 | 1399 | E 2ND ST,True,official street range corridor
2016-006653 OL,Short Term Rental Type 1-A,BLOCK OF 1200 BEDFORD ST,AUSTIN,TX,78702,1,1200 | 1299 | BEDFORD ST,False,
2026-004025 OL,Short Term Rental Type 2 Commercial,BLOCK OF 4700 RED RIVER ST,AUSTIN,TX,78751,9,4700 | 4799 | RED RIVER ST,True,
2025-117592 OL,Short Term Rental Type 2 Residential,BLOCK OF 7300 DANWOOD DR,AUSTIN,TX,78759,10,7300 | 7399 | DANWOOD DR,True,
2026-107188 OL,Short Term Rental Type 2 Residential,BLOCK OF 2900 BRONX DR,AUSTIN,TX,78660,1,2900 | 2999 | BRONX DR,True,
2022-156863 OL,Short Term Rental Type 3,BLOCK OF 2100 NICKERSON ST,AUSTIN,TX,78704,9,2100 | 2199 | NICKERSON ST,True,
2018-024043 OL,Short Term Rental Type 3,BLOCK OF 500 W 8TH ST,AUSTIN,TX,78701,9,500 | 599 | W 8TH ST,True,official street range corridor
2026-025024 OL,Short Term Rental Type 2 Residential,BLOCK OF 3700 NIDDRY DR,AUSTIN,TX,78660,1,3700 | 3799 | NIDDRY DR,True,
2026-040643 OL,Short Term Rental Type 2 Residential,BLOCK OF 4400 JINX AVE,AUSTIN,TX,78745,5,4400 | 4499 | JINX AVE,True,
2026-079810 OL,Short Term Rental Type 2 Residential,BLOCK OF 4800 DUVAL ST,AUSTIN,TX,78751,9,4800 | 4899 | DUVAL ST,True,
2023-130748 OL,Short Term Rental Type 1,BLOCK OF 1900 HASKELL ST,AUSTIN,TX,78702,3,1900 | 1999 | HASKELL ST,True,
2026-045591 OL,Short Term Rental Type 3,BLOCK OF 2200 LEON ST,AUSTIN,TX,78705,9,2200 | 2299 | LEON ST,True,
2024-129351 OL,Short Term Rental Type 2 Residential,BLOCK OF 1900 BURGUNDY CV,AUSTIN,TX,78727,7,1900 | 1999 | BURGUNDY CV,True,
2026-042816 OL,Short Term Rental Type 2 Residential,BLOCK OF 2800 WICKERSHAM LN,AUSTIN,TX,78741,3,2800 | 2899 | WICKERSHAM LN,True,
2026-042800 OL,Short Term Rental Type 2 Residential,BLOCK OF 2800 WICKERSHAM LN,AUSTIN,TX,78741,3,2800 | 2899 | WICKERSHAM LN,True,
2022-056303 OL,Short Term Rental Type 1,BLOCK OF 2900 LAFAYETTE AVE,AUSTIN,TX,78722,9,2900 | 2999 | LAFAYETTE AVE,True,
2026-098657 OL,Short Term Rental Type 2 Residential,BLOCK OF 4700 BRASSIEWOOD DR,AUSTIN,TX,78744,2,4700 | 4799 | BRASSIEWOOD DR,True,
2018-024101 OL,Short Term Rental Type 3,BLOCK OF 500 W 8TH ST,AUSTIN,TX,78701,9,500 | 599 | W 8TH ST,True,official street range corridor
2025-129648 OL,Short Term Rental Type 2 Residential,BLOCK OF 2600 EUCLID AVE,AUSTIN,TX,78704,3,2600 | 2699 | EUCLID AVE,True,
2026-074647 OL,Short Term Rental Type 1,BLOCK OF 3100 RIVERCREST DR,AUSTIN,TX,78746,10,3100 | 3199 | RIVERCREST DR,True,
2024-006425 OL,Short Term Rental Type 2 Residential,BLOCK OF 5000 TAHOE TRL,AUSTIN,TX,78745,5,5000 | 5099 | TAHOE TRL,True,
2021-170694 OL,Short Term Rental Type 1-Secondary,BLOCK OF 1700 LINSCOMB AVE,AUSTIN,TX,78704,5,1700 | 1799 | LINSCOMB AVE,True,
2013-001763 OL,Short Term Rental Type 2 Residential,BLOCK OF 1800 KENWOOD AVE,AUSTIN,TX,78704,9,1800 | 1899 | KENWOOD AVE,True,
2025-163586 OL,Short Term Rental Type 2 Residential,BLOCK OF 5200 HARVEST CIR,AUSTIN,TX,78745,3,5200 | 5299 | HARVEST CIR,True,
2022-068411 OL,Short Term Rental Type 3,BLOCK OF 7400 N LAMAR BLVD,AUSTIN,TX,78757,7,7400 | 7499 | N LAMAR BLVD,True,official street range corridor
2026-041946 OL,Short Term Rental Type 2 Residential,BLOCK OF 800 W OLTORF ST,AUSTIN,TX,78704,3,800 | 899 | W OLTORF ST,True,
2023-137242 OL,Short Term Rental Type 1-Secondary,BLOCK OF 4900 CANA CV,AUSTIN,TX,78749,8,4900 | 4999 | CANA CV,True,
2020-007555 OL,Short Term Rental Type 1,BLOCK OF 8800 BROOKFIELD DR,AUSTIN,TX,78758,4,8800 | 8899 | BROOKFIELD DR,True,
2026-043871 OL,Short Term Rental Type 3,BLOCK OF 1400 S LAMAR BLVD,AUSTIN,TX,78704,9,1400 | 1499 | S LAMAR BLVD,True,
2026-107947 OL,Short Term Rental Type 2 Residential,BLOCK OF 2500 HARROWDEN DR,AUSTIN,TX,78727,7,2500 | 2599 | HARROWDEN DR,True,
2023-130847 OL,Short Term Rental Type 2 Residential,BLOCK OF 6300 ARROYO SECO,AUSTIN,TX,78757,7,6300 | 6399 | ARROYO SECO,True,
2026-052127 OL,Short Term Rental Type 2 Residential,BLOCK OF 600 W NORTH LOOP BLVD,AUSTIN,TX,78751,9,600 | 699 | W N LOOP BLVD,True,
2017-042692 OL,Short Term Rental Type 1,BLOCK OF 500 E LIVE OAK ST,AUSTIN,TX,78704,9,500 | 599 | E LIVE OAK ST,True,
2025-121798 OL,Short Term Rental Type 2 Residential,BLOCK OF 1500 HOLLY ST,AUSTIN,TX,78702,3,1500 | 1599 | HOLLY ST,True,
2024-030712 OL,Short Term Rental Type 1-Secondary,BLOCK OF 2100 WRIGHT ST,AUSTIN,TX,78704,5,2100 | 2199 | WRIGHT ST,True,
2025-120854 OL,Short Term Rental Type 2 Residential,BLOCK OF 2000 JONES RD,AUSTIN,TX,78745,5,2000 | 2099 | JONES RD,True,
2025-141747 OL,Short Term Rental Type 1-A,BLOCK OF 8500 DANVILLE DR,AUSTIN,TX,78753,4,8500 | 8599 | DANVILLE DR,True,
2026-067571 OL,Short Term Rental Type 3,BLOCK OF 2500 THORNTON RD,AUSTIN,TX,78704,5,2500 | 2599 | THORNTON RD,True,
2021-074593 OL,Short Term Rental Type 3,BLOCK OF 300 BRAZOS ST,AUSTIN,TX,78701,9,300 | 399 | BRAZOS ST,True,
2026-074544 OL,Short Term Rental Type 3,BLOCK OF 400 W 37TH ST,AUSTIN,TX,78705,9,400 | 499 | W 37TH ST,True,official street range corridor
2026-074746 OL,Short Term Rental Type 2 Residential,BLOCK OF 5600 COVENTRY LN,AUSTIN,TX,78723,4,5600 | 5699 | COVENTRY LN,True,
2026-090982 OL,Short Term Rental Type 3,BLOCK OF 1400 S LAMAR BLVD,AUSTIN,TX,78704,9,1400 | 1499 | S LAMAR BLVD,True,
2025-157883 OL,Short Term Rental Type 3,BLOCK OF 100 RAINEY ST,AUSTIN,TX,78701,9,100 | 199 | RAINEY ST,True,official street range corridor
2026-068655 OL,Short Term Rental Type 2 Residential,BLOCK OF 1200 HASKELL ST,AUSTIN,TX,78702,3,1200 | 1299 | HASKELL ST,True,
2024-125971 OL,Short Term Rental Type 2 Residential,BLOCK OF 2200 HOLLY ST,AUSTIN,TX,78702,3,2200 | 2299 | HOLLY ST,True,
2026-037910 OL,Short Term Rental Type 1,BLOCK OF 1700 DEERFIELD DR,AUSTIN,TX,78741,9,1700 | 1799 | DEERFIELD DR,True,
2026-067450 OL,Short Term Rental Type 1,BLOCK OF 1700 NEWNING AVE,AUSTIN,TX,78704,9,1700 | 1799 | NEWNING AVE,True,
2025-134471 OL,Short Term Rental Type 2 Residential,BLOCK OF 4700 LOUIS AVE,AUSTIN,TX,78721,1,4700 | 4799 | LOUIS AVE,True,
2025-118234 OL,Short Term Rental Type 3,BLOCK OF 4500 E MARTIN LUTHER KING JR BLVD,AUSTIN,TX,78721,1,4500 | 4599 | E MARTIN LUTHER KING JR BLVD,True,official street range corridor
2026-118965 OL,Short Term Rental Type 1,BLOCK OF 8200 HANBRIDGE LN,AUSTIN,TX,78736,8,8200 | 8299 | HANBRIDGE LN,True,
2022-055278 OL,Short Term Rental Type 1,BLOCK OF 13000 PARK DR,AUSTIN,TX,78732,10,13000 | 13099 | PARK DR,False,
2026-105551 OL,Short Term Rental Type 2 Residential,BLOCK OF 1400 NEWFIELD LN,AUSTIN,TX,78703,9,1400 | 1499 | NEWFIELD LN,True,
2025-155734 OL,Short Term Rental Type 2 Residential,BLOCK OF 3700 WILSON ST,AUSTIN,TX,78704,3,3700 | 3799 | WILSON ST,True,
2025-125742 OL,Short Term Rental Type 1-Secondary,BLOCK OF 2000 TRAVIS HEIGHTS BLVD,AUSTIN,TX,78704,9,2000 | 2099 | TRAVIS HEIGHTS BLVD,True,
2026-057348 OL,Short Term Rental Type 3,BLOCK OF 6100 E RIVERSIDE DR,AUSTIN,TX,78741,3,6100 | 6199 | E RIVERSIDE DR,True,
2014-122215 OL,Short Term Rental Type 1,BLOCK OF 1700 GARDEN ST,AUSTIN,TX,78702,3,1700 | 1799 | GARDEN ST,True,
2019-082949 OL,Short Term Rental Type 3,BLOCK OF 400 W 3RD ST,AUSTIN,TX,78701,9,400 | 499 | W 3RD ST,True,official street range corridor
2026-057351 OL,Short Term Rental Type 3,BLOCK OF 6100 E RIVERSIDE DR,AUSTIN,TX,78741,3,6100 | 6199 | E RIVERSIDE DR,True,
2018-024074 OL,Short Term Rental Type 3,BLOCK OF 500 W 8TH ST,AUSTIN,TX,78701,9,500 | 599 | W 8TH ST,True,official street range corridor
2026-091025 OL,Short Term Rental Type 1,BLOCK OF 1600 CHELSEA LN,AUSTIN,TX,78704,9,1600 | 1699 | CHELSEA LN,True,
2018-009510 OL,Short Term Rental Type 1-Secondary,BLOCK OF 1100 W 10TH ST,AUSTIN,TX,78703,9,1100 | 1199 | W 10TH ST,True,official street range corridor
2025-145471 OL,Short Term Rental Type 2 Residential,BLOCK OF 2400 BURLESON CT,AUSTIN,TX,78741,3,2400 | 2499 | BURLESON CT,True,
2026-063436 OL,Short Term Rental Type 2 Residential,BLOCK OF 12000 NATRONA DR,AUSTIN,TX,78759,6,12000 | 12099 | NATRONA DR,False,
2026-078111 OL,Short Term Rental Type 1,BLOCK OF 2800 SINGLEFOOT LN,AUSTIN,TX,78744,2,2800 | 2899 | SINGLEFOOT LN,True,
2025-112762 OL,Short Term Rental Type 2 Residential,BLOCK OF 1300 COMAL ST,AUSTIN,TX,78702,1,1300 | 1399 | COMAL ST,True,
2024-031998 OL,Short Term Rental Type 2 Residential,BLOCK OF 2300 MONTCLAIRE ST,AUSTIN,TX,78704,5,2300 | 2399 | MONTCLAIRE ST,True,
2026-009468 OL,Short Term Rental Type 3,BLOCK OF 1200 HOLLOW CREEK DR,AUSTIN,TX,78704,5,1200 | 1299 | HOLLOW CREEK DR,True,
2025-011182 OL,Short Term Rental Type 2 Residential,BLOCK OF 3500 ROBINSON AVE,AUSTIN,TX,78722,9,3500 | 3599 | ROBINSON AVE,True,
2014-001100 OL,Short Term Rental Type 2 Residential,BLOCK OF 4000 AVENUE F,AUSTIN,TX,78751,9,4000 | 4099 | AVE F,True,
2013-124573 OL,Short Term Rental Type 2 Residential,BLOCK OF 700 PRESSLER ST,AUSTIN,TX,78703,9,700 | 799 | PRESSLER ST,True,
2020-195010 OL,Short Term Rental Type 1,BLOCK OF 100 NELLIE ST,AUSTIN,TX,78704,9,100 | 199 | NELLIE ST,True,
2024-110041 OL,Short Term Rental Type 2 Residential,BLOCK OF 7100 TONKA LN,AUSTIN,TX,78744,2,7100 | 7199 | TONKA LN,True,
2025-133824 OL,Short Term Rental Type 2 Residential,BLOCK OF 900 W ELIZABETH ST,AUSTIN,TX,78704,9,900 | 999 | W ELIZABETH ST,True,
2022-032172 OL,Short Term Rental Type 1,BLOCK OF 7100 ALEGRE PASS,AUSTIN,TX,78744,2,7100 | 7199 | ALEGRE PASS,True,
2026-035059 OL,Short Term Rental Type 3,BLOCK OF 2200 MONTOPOLIS DR,AUSTIN,TX,78741,3,2200 | 2299 | MONTOPOLIS DR,True,official street range corridor
2018-021130 OL,Short Term Rental Type 1,BLOCK OF 500 TILLERY ST,AUSTIN,TX,78702,3,500 | 599 | TILLERY ST,True,
2026-099099 OL,Short Term Rental Type 1-Secondary,BLOCK OF 1700 BRIAR ST,AUSTIN,TX,78704,9,1700 | 1799 | BRIAR ST,True,
2026-114966 OL,Short Term Rental Type 2 Residential,BLOCK OF 5700 TRACY LYNN LN,AUSTIN,TX,78721,3,5700 | 5799 | TRACY LYNN LN,True,
2021-036175 OL,Short Term Rental Type 1,BLOCK OF 2500 S 4TH ST,AUSTIN,TX,78704,3,2500 | 2599 | S 4TH ST,True,official street range corridor
2026-004520 OL,Short Term Rental Type 1,BLOCK OF 1000 EASON ST,AUSTIN,TX,78703,9,1000 | 1099 | EASON ST,True,
2026-073029 OL,Short Term Rental Type 3,BLOCK OF 6500 ED BLUESTEIN BLVD NB,AUSTIN,TX,78724,1,6500 | 6599 | ED BLUESTEIN BLVD NB,True,official street range corridor
2026-043375 OL,Short Term Rental Type 3,BLOCK OF 500 S CONGRESS AVE,AUSTIN,TX,78704,9,500 | 599 | S CONGRESS AVE,True,
2026-013353 OL,Short Term Rental Type 2 Residential,BLOCK OF 12000 SUMMERSWEET CV,AUSTIN,TX,78729,6,12000 | 12099 | SUMMERSWEET CV,True,official street range corridor
2026-024542 OL,Short Term Rental Type 2 Residential,BLOCK OF 2100 S L DAVIS AVE,AUSTIN,TX,78702,1,2100 | 2199 | S L DAVIS AVE,True,
2026-053289 OL,Short Term Rental Type 2 Residential,BLOCK OF 1200 MEADGREEN DR,AUSTIN,TX,78758,4,1200 | 1299 | MEADGREEN DR,True,
2026-118292 OL,Short Term Rental Type 1,BLOCK OF 900 E 13TH ST,AUSTIN,TX,78702,1,900 | 999 | E 13TH ST,True,official street range corridor
2020-169495 OL,Short Term Rental Type 3,BLOCK OF 400 W 3RD ST,AUSTIN,TX,78701,9,400 | 499 | W 3RD ST,True,official street range corridor
2026-099466 OL,Short Term Rental Type 2 Residential,BLOCK OF 5400 ALEXIS CV,AUSTIN,TX,78741,3,5400 | 5499 | ALEXIS CV,True,
2026-065223 OL,Short Term Rental Type 1,BLOCK OF 2300 E 8TH ST,AUSTIN,TX,78702,1,2300 | 2399 | E 8TH ST,True,official street range corridor
2026-088495 OL,Short Term Rental Type 2 Commercial,BLOCK OF 12000 MIDLAND WALK,AUSTIN,TX,78727,6,12000 | 12099 | MIDLAND WALK,True,official street range corridor
2026-079538 OL,Short Term Rental Type 2 Residential,BLOCK OF 8500 DAVIS OAKS TRL,AUSTIN,TX,78748,5,8500 | 8599 | DAVIS OAKS TRL,True,
2022-142380 OL,Short Term Rental Type 1,BLOCK OF 1400 FORT BRANCH BLVD,AUSTIN,TX,78721,1,1400 | 1499 | FORT BRANCH BLVD,True,
2024-006810 OL,Short Term Rental Type 2 Residential,BLOCK OF 100 HERGOTZ LN,AUSTIN,TX,78742,3,100 | 199 | HERGOTZ LN,True,
2022-130305 OL,Short Term Rental Type 1,BLOCK OF 1800 ALTA VISTA AVE,AUSTIN,TX,78704,9,1800 | 1899 | ALTA VISTA AVE,True,
2026-017787 OL,Short Term Rental Type 3,BLOCK OF 400 W ALPINE RD,AUSTIN,TX,78704,3,400 | 499 | W ALPINE RD,True,
2026-056210 OL,Short Term Rental Type 1,BLOCK OF 7100 GENEVA CIR,AUSTIN,TX,78723,1,7100 | 7199 | GENEVA CIR,True,
2024-147535 OL,Short Term Rental Type 2 Residential,BLOCK OF 6800 WILLAMETTE DR,AUSTIN,TX,78723,1,6800 | 6899 | WILLAMETTE DR,True,
2025-115571 OL,Short Term Rental Type 2 Residential,BLOCK OF 12000 DUNDEE DR,AUSTIN,TX,78759,10,12000 | 12099 | DUNDEE DR,True,official street range corridor
2026-051456 OL,Short Term Rental Type 2 Residential,BLOCK OF 5300 LINK AVE,AUSTIN,TX,78751,9,5300 | 5399 | LINK AVE,True,
2026-020218 OL,Short Term Rental Type 1-Secondary,BLOCK OF 1400 CEDAR AVE,AUSTIN,TX,78702,1,1400 | 1499 | CEDAR AVE,True,
2026-000797 OL,Short Term Rental Type 1,BLOCK OF 6400 COWMAN WAY,AUSTIN,TX,78747,2,6400 | 6499 | COWMAN WAY,True,official street range corridor
2026-032021 OL,Short Term Rental Type 3,BLOCK OF 1600 E 6TH ST,AUSTIN,TX,78702,3,1600 | 1699 | E 6TH ST,True,official street range corridor
2025-038884 OL,Short Term Rental Type 3,BLOCK OF 1200 HOLLOW CREEK DR,AUSTIN,TX,78704,5,1200 | 1299 | HOLLOW CREEK DR,True,
2026-037223 OL,Short Term Rental Type 1,BLOCK OF 1400 WILLOW ST,AUSTIN,TX,78702,3,1400 | 1499 | WILLOW ST,True,
2024-054266 OL,Short Term Rental Type 2 Residential,BLOCK OF 7900 CREEKMERE LN,AUSTIN,TX,78748,2,7900 | 7999 | CREEKMERE LN,True,
2022-164018 OL,Short Term Rental Type 3,BLOCK OF 1800 E 4TH ST,AUSTIN,TX,78702,3,1800 | 1899 | E 4TH ST,True,official street range corridor
2026-095117 OL,Short Term Rental Type 1,BLOCK OF 2400 WARE RD,AUSTIN,TX,78741,3,2400 | 2499 | WARE RD,True,
2026-000814 OL,Short Term Rental Type 2 Residential,BLOCK OF 7000 BECKETT RD,AUSTIN,TX,78749,8,7000 | 7099 | BECKETT RD,True,
2012-100685 OL,Short Term Rental Type 1,BLOCK OF 300 LE GRANDE AVE,AUSTIN,TX,78704,9,300 | 399 | LE GRANDE AVE,True,official street range corridor
2025-029761 OL,Short Term Rental Type 2 Residential,BLOCK OF 4600 SANTA ANNA ST,AUSTIN,TX,78721,1,4600 | 4699 | SANTA ANNA ST,True,
2019-080872 OL,Short Term Rental Type 1,BLOCK OF 900 SPENCE ST,AUSTIN,TX,78702,3,900 | 999 | SPENCE ST,True,
2026-008337 OL,Short Term Rental Type 2 Residential,BLOCK OF 7800 MANASSAS DR,AUSTIN,TX,78745,5,7800 | 7899 | MANASSAS DR,True,
2024-003521 OL,Short Term Rental Type 2 Residential,BLOCK OF 6500 PORTER ST,AUSTIN,TX,78741,3,6500 | 6599 | PORTER ST,True,
2015-154177 OL,Short Term Rental Type 1-Secondary,BLOCK OF 2000 PAYNE AVE,AUSTIN,TX,78757,7,2000 | 2099 | PAYNE AVE,True,
2015-028253 OL,Short Term Rental Type 1-Secondary,BLOCK OF 2000 IROQUOIS LN,AUSTIN,TX,78741,3,2000 | 2099 | IROQUOIS LN,True,
2025-078623 OL,Short Term Rental Type 2 Residential,BLOCK OF 4700 MENCHACA RD,AUSTIN,TX,78745,5,4700 | 4799 | MENCHACA RD,True,
2024-125973 OL,Short Term Rental Type 2 Residential,BLOCK OF 2000 PRATHER LN,AUSTIN,TX,78704,5,2000 | 2099 | PRATHER LN,True,
2018-020908 OL,Short Term Rental Type 3,BLOCK OF 500 W 8TH ST,AUSTIN,TX,78701,9,500 | 599 | W 8TH ST,True,official street range corridor
2026-068238 OL,Short Term Rental Type 1,BLOCK OF 8200 PETRONAS PASS,AUSTIN,TX,78744,2,8200 | 8299 | PETRONAS PASS,True,official street range corridor
2026-057349 OL,Short Term Rental Type 3,BLOCK OF 6100 E RIVERSIDE DR,AUSTIN,TX,78741,3,6100 | 6199 | E RIVERSIDE DR,True,
2020-001545 OL,Short Term Rental Type 3,BLOCK OF 400 W 3RD ST,AUSTIN,TX,78701,9,400 | 499 | W 3RD ST,True,official street range corridor
2026-080513 OL,Short Term Rental Type 2 Residential,BLOCK OF 1400 GARNER AVE,AUSTIN,TX,78704,5,1400 | 1499 | GARNER AVE,True,
2026-019744 OL,Short Term Rental Type 2 Residential,BLOCK OF 900 RETAMA ST,AUSTIN,TX,78704,9,900 | 999 | RETAMA ST,True,
2019-026367 OL,Short Term Rental Type 3,BLOCK OF 400 W 3RD ST,AUSTIN,TX,78701,9,400 | 499 | W 3RD ST,True,official street range corridor
2025-143702 OL,Short Term Rental Type 2 Residential,BLOCK OF 2600 EUCLID AVE,AUSTIN,TX,78704,3,2600 | 2699 | EUCLID AVE,True,
2019-036716 OL,Short Term Rental Type 1,BLOCK OF 2100 TRAVIS HEIGHTS BLVD,AUSTIN,TX,78704,9,2100 | 2199 | TRAVIS HEIGHTS BLVD,True,
2025-120869 OL,Short Term Rental Type 2 Residential,BLOCK OF 900 POST OAK ST,AUSTIN,TX,78704,9,900 | 999 | POST OAK ST,True,
2024-153764 OL,Short Term Rental Type 2 Residential,BLOCK OF 4800 OLD CASTLE RD,AUSTIN,TX,78745,3,4800 | 4899 | OLD CASTLE RD,True,
2025-046803 OL,Short Term Rental Type 1-Secondary,BLOCK OF 2400 E 9TH ST,AUSTIN,TX,78702,1,2400 | 2499 | E 9TH ST,True,official street range corridor
2026-062355 OL,Short Term Rental Type 1,BLOCK OF 2600 LEHIGH DR,AUSTIN,TX,78723,1,2600 | 2699 | LEHIGH DR,True,
2025-162509 OL,Short Term Rental Type 2 Residential,BLOCK OF 7300 EASY WIND DR,AUSTIN,TX,78757,7,7300 | 7399 | EASY WIND DR,True,
2026-092181 OL,Short Term Rental Type 1,BLOCK OF 5300 AGATHA CIR,AUSTIN,TX,78724,1,5300 | 5399 | AGATHA CIR,True,
2023-138610 OL,Short Term Rental Type 2 Residential,BLOCK OF 900 E 2ND ST,AUSTIN,TX,78702,3,900 | 999 | E 2ND ST,True,official street range corridor
2026-060496 OL,Short Term Rental Type 1,BLOCK OF 2000 E 8TH ST,AUSTIN,TX,78702,1,2000 | 2099 | E 8TH ST,True,official street range corridor
2026-094713 OL,Short Term Rental Type 1,BLOCK OF 3000 SUNRIDGE DR,AUSTIN,TX,78741,3,3000 | 3099 | SUNRIDGE DR,True,
2022-032059 OL,Short Term Rental Type 1-Secondary,BLOCK OF 900 GARDEN VILLA CT,AUSTIN,TX,78704,3,900 | 999 | GARDEN VILLA CT,True,
2025-112638 OL,Short Term Rental Type 2 Residential,BLOCK OF 5000 ROB SCOTT ST,AUSTIN,TX,78721,1,5000 | 5099 | ROB SCOTT ST,True,
2023-113358 OL,Short Term Rental Type 2 Residential,BLOCK OF 7000 WINDRIFT WAY,AUSTIN,TX,78745,5,7000 | 7099 | WINDRIFT WAY,True,
2025-151422 OL,Short Term Rental Type 2 Residential,BLOCK OF 1600 CLIFFSIDE DR,AUSTIN,TX,78704,5,1600 | 1699 | CLIFFSIDE DR,True,
2025-035723 OL,Short Term Rental Type 3,BLOCK OF 6300 N LAMAR BLVD,AUSTIN,TX,78757,7,6300 | 6399 | N LAMAR BLVD,True,official street range corridor
2025-010726 OL,Short Term Rental Type 2 Residential,BLOCK OF 1600 E 10TH ST,AUSTIN,TX,78702,1,1600 | 1699 | E 10TH ST,True,official street range corridor
2026-057570 OL,Short Term Rental Type 1,BLOCK OF 1700 BARN SWALLOW DR,AUSTIN,TX,78746,8,1700 | 1799 | BARN SWALLOW DR,True,
2026-017621 OL,Short Term Rental Type 2 Residential,BLOCK OF 1200 ELEANOR ST,AUSTIN,TX,78721,1,1200 | 1299 | ELEANOR ST,True,
2023-113203 OL,Short Term Rental Type 2 Residential,BLOCK OF 3400 PECOS ST,AUSTIN,TX,78703,10,3400 | 3499 | PECOS ST,True,
2026-117677 OL,Short Term Rental Type 2 Residential,BLOCK OF 1500 RICHCREEK RD,AUSTIN,TX,78757,7,1500 | 1599 | RICHCREEK RD,True,
2025-153080 OL,Short Term Rental Type 2 Residential,BLOCK OF 1300 JUSTIN LN,AUSTIN,TX,78757,7,1300 | 1399 | JUSTIN LN,True,
2026-039926 OL,Short Term Rental Type 1-Secondary,BLOCK OF 3200 DOLPHIN DR,AUSTIN,TX,78704,3,3200 | 3299 | DOLPHIN DR,True,
2026-080535 OL,Short Term Rental Type 2 Residential,BLOCK OF 5700 SUTHERLIN RD,AUSTIN,TX,78723,4,5700 | 5799 | SUTHERLIN RD,True,
2026-036657 OL,Short Term Rental Type 1,BLOCK OF 1800 VICTORIA DR,AUSTIN,TX,78721,1,1800 | 1899 | VICTORIA DR,True,
2020-013431 OL,Short Term Rental Type 1,BLOCK OF 1600 S 3RD ST,AUSTIN,TX,78704,9,1600 | 1699 | S 3RD ST,True,official street range corridor
2026-111951 OL,Short Term Rental Type 2 Residential,BLOCK OF 2100 WRIGHT ST,AUSTIN,TX,78704,5,2100 | 2199 | WRIGHT ST,True,
2025-027990 OL,Short Term Rental Type 2 Residential,BLOCK OF 13000 PARK DR,AUSTIN,TX,78732,10,13000 | 13099 | PARK DR,False,
2026-112610 OL,Short Term Rental Type 1-Secondary,BLOCK OF 200 E CROSLIN ST,AUSTIN,TX,78752,4,200 | 299 | E CROSLIN ST,True,
2025-135579 OL,Short Term Rental Type 2 Residential,BLOCK OF 900 SPENCE ST,AUSTIN,TX,78702,3,900 | 999 | SPENCE ST,True,
2025-005287 OL,Short Term Rental Type 3,BLOCK OF 1100 SABINE ST,AUSTIN,TX,78701,9,1100 | 1199 | SABINE ST,True,official street range corridor
2018-212919 OL,Short Term Rental Type 1,BLOCK OF 1200 NAVASOTA ST,AUSTIN,TX,78702,1,1200 | 1299 | NAVASOTA ST,True,
2024-013284 OL,Short Term Rental Type 1,BLOCK OF 7300 LUNAR DR,AUSTIN,TX,78745,2,7300 | 7399 | LUNAR DR,True,
2017-037605 OL,Short Term Rental Type 1,BLOCK OF 2400 ROCK TERRACE CIR,AUSTIN,TX,78704,5,2400 | 2499 | ROCK TERRACE CIR,True,
2025-156257 OL,Short Term Rental Type 3,BLOCK OF 100 RAINEY ST,AUSTIN,TX,78701,9,100 | 199 | RAINEY ST,True,official street range corridor
2024-131944 OL,Short Term Rental Type 1,BLOCK OF 13000 ARROWHEAD PASS,AUSTIN,TX,78729,6,13000 | 13099 | ARROWHEAD PASS,False,
2025-145317 OL,Short Term Rental Type 1,BLOCK OF 4400 S 3RD ST,AUSTIN,TX,78745,3,4400 | 4499 | S 3RD ST,True,official street range corridor
2022-008233 OL,Short Term Rental Type 2 Residential,BLOCK OF 2400 WINSTED LN,AUSTIN,TX,78703,10,2400 | 2499 | WINSTED LN,True,
2026-063904 OL,Short Term Rental Type 2 Residential,BLOCK OF 3200 LOCKE LN,AUSTIN,TX,78704,3,3200 | 3299 | LOCKE LN,True,
2025-129760 OL,Short Term Rental Type 2 Residential,BLOCK OF 600 W JOHANNA ST,AUSTIN,TX,78704,3,600 | 699 | W JOHANNA ST,True,
2025-025792 OL,Short Term Rental Type 1,BLOCK OF 3000 E 13TH ST,AUSTIN,TX,78702,1,3000 | 3099 | E 13TH ST,True,official street range corridor
2023-064825 OL,Short Term Rental Type 3,BLOCK OF 1800 BURTON DR,AUSTIN,TX,78741,3,1800 | 1899 | BURTON DR,True,
2025-156040 OL,Short Term Rental Type 3,BLOCK OF 100 RAINEY ST,AUSTIN,TX,78701,9,100 | 199 | RAINEY ST,True,official street range corridor
2026-083765 OL,Short Term Rental Type 3,BLOCK OF 1600 E 6TH ST,AUSTIN,TX,78702,3,1600 | 1699 | E 6TH ST,True,official street range corridor
2023-029514 OL,Short Term Rental Type 1,BLOCK OF 1600 MORGAN LN,AUSTIN,TX,78704,5,1600 | 1699 | MORGAN LN,True,
2021-167200 OL,Short Term Rental Type 1-Secondary,BLOCK OF 1100 E 8TH ST,AUSTIN,TX,78702,1,1100 | 1199 | E 8TH ST,True,official street range corridor
2022-080507 OL,Short Term Rental Type 3,BLOCK OF 1800 SOUTH LAKESHORE BLVD,AUSTIN,TX,78741,3,1800 | 1899 | S LAKESHORE BLVD,False,
2026-026388 OL,Short Term Rental Type 1,BLOCK OF 1000 WEEPING WILLOW DR,AUSTIN,TX,78753,4,1000 | 1099 | WEEPING WILLOW DR,True,
2025-005002 OL,Short Term Rental Type 2 Residential,BLOCK OF 2500 CANTERBURY ST,AUSTIN,TX,78702,3,2500 | 2599 | CANTERBURY ST,True,
2025-002346 OL,Short Term Rental Type 2 Residential,BLOCK OF 1100 OLIVE ST,AUSTIN,TX,78702,1,1100 | 1199 | OLIVE ST,True,
2023-154767 OL,Short Term Rental Type 1,BLOCK OF 7300 BLINN CIR,AUSTIN,TX,78723,1,7300 | 7399 | BLINN CIR,True,
2025-129011 OL,Short Term Rental Type 1,BLOCK OF 1700 E 16TH ST,AUSTIN,TX,78702,1,1700 | 1799 | E 16TH ST,True,official street range corridor
2026-063628 OL,Short Term Rental Type 2 Residential,BLOCK OF 1700 KERR ST,AUSTIN,TX,78704,5,1700 | 1799 | KERR ST,True,
2022-062895 OL,Short Term Rental Type 1,BLOCK OF 1300 GARNER AVE,AUSTIN,TX,78704,5,1300 | 1399 | GARNER AVE,True,
2026-075204 OL,Short Term Rental Type 1,BLOCK OF 900 E 53RD ST,AUSTIN,TX,78751,4,900 | 999 | E 53RD ST,True,official street range corridor
2026-022197 OL,Short Term Rental Type 1,BLOCK OF 2600 E 4TH ST,AUSTIN,TX,78702,3,2600 | 2699 | E 4TH ST,True,
2014-052883 OL,Short Term Rental Type 1-Secondary,BLOCK OF 1200 W 8TH ST,AUSTIN,TX,78703,9,1200 | 1299 | W 8TH ST,True,official street range corridor
2026-012328 OL,Short Term Rental Type 1,BLOCK OF 4700 QUARRYBANK DR,AUSTIN,TX,78660,1,4700 | 4799 | QUARRYBANK DR,True,
2024-148097 OL,Short Term Rental Type 2 Residential,BLOCK OF 8300 FARMINGTON CT,AUSTIN,TX,78736,8,8300 | 8399 | FARMINGTON CT,True,
2023-011104 OL,Short Term Rental Type 1-Secondary,BLOCK OF 4000 RIDGELEA DR,AUSTIN,TX,78731,10,4000 | 4099 | RIDGELEA DR,True,
2026-022641 OL,Short Term Rental Type 3,BLOCK OF 900 EMORY TREE DR,AUSTIN,TX,78748,5,900 | 999 | EMORY TREE DR,True,official street range corridor
2026-117666 OL,Short Term Rental Type 1,BLOCK OF 4800 WOODVIEW AVE,AUSTIN,TX,78756,7,4800 | 4899 | WOODVIEW AVE,True,
2026-125221 OL,Short Term Rental Type 1,BLOCK OF 800 JOSEPHINE ST,AUSTIN,TX,78704,9,800 | 899 | JOSEPHINE ST,True,
2026-034977 OL,Short Term Rental Type 1-Secondary,BLOCK OF 3300 HYCREEK DR,AUSTIN,TX,78723,1,3300 | 3399 | HYCREEK DR,True,
2026-109206 OL,Short Term Rental Type 2 Residential,BLOCK OF 2100 SHOALMONT DR,AUSTIN,TX,78756,7,2100 | 2199 | SHOALMONT DR,True,
2018-004608 OL,Short Term Rental Type 1-Secondary,BLOCK OF 1100 E LIVE OAK ST,AUSTIN,TX,78704,9,1100 | 1199 | E LIVE OAK ST,True,
2014-061015 OL,Short Term Rental Type 3,BLOCK OF 700 S 1ST ST,AUSTIN,TX,78704,9,700 | 799 | S 1ST ST,True,official street range corridor
2013-130156 OL,Short Term Rental Type 1-Secondary,BLOCK OF 200 W ELIZABETH ST,AUSTIN,TX,78704,9,200 | 299 | W ELIZABETH ST,True,
2025-146125 OL,Short Term Rental Type 1-Secondary,BLOCK OF 6900 WESTERN OAKS BLVD,AUSTIN,TX,78749,8,6900 | 6999 | WESTERN OAKS BLVD,True,
2014-099158 OL,Short Term Rental Type 3,BLOCK OF 2300 WESTERN TRAILS BLVD,AUSTIN,TX,78745,5,2300 | 2399 | WESTERN TRAILS BLVD,True,
2022-073161 OL,Short Term Rental Type 1,BLOCK OF 1700 PEBBLE BROOK DR,AUSTIN,TX,78752,1,1700 | 1799 | PEBBLE BROOK DR,True,
2025-126636 OL,Short Term Rental Type 2 Residential,BLOCK OF 11000 YUCCA DR,AUSTIN,TX,78759,6,11000 | 11099 | YUCCA DR,True,
2025-143719 OL,Short Term Rental Type 2 Residential,BLOCK OF 10000 DOBBIN DR,AUSTIN,TX,78748,5,10000 | 10099 | DOBBIN DR,True,official street range corridor
2025-020032 OL,Short Term Rental Type 2 Residential,BLOCK OF 2500 GIVENS AVE,AUSTIN,TX,78722,1,2500 | 2599 | GIVENS AVE,True,
2013-011392 OL,Short Term Rental Type 1-Secondary,BLOCK OF 200 PARK LN,AUSTIN,TX,78704,9,200 | 299 | PARK LN,True,
2026-124315 OL,Short Term Rental Type 1,BLOCK OF 3000 E 18TH ST,AUSTIN,TX,78702,1,3000 | 3099 | E 18TH ST,True,official street range corridor
2015-051125 OL,Short Term Rental Type 1,BLOCK OF 4400 MARATHON BLVD,AUSTIN,TX,78756,10,4400 | 4499 | MARATHON BLVD,True,
2026-050135 OL,Short Term Rental Type 3,BLOCK OF 5000 CONVICT HILL RD,AUSTIN,TX,78749,8,5000 | 5099 | CONVICT HILL RD,True,
2024-057701 OL,Short Term Rental Type 2 Residential,BLOCK OF 1000 DANIEL DR,AUSTIN,TX,78704,9,1000 | 1099 | DANIEL DR,True,
2025-060049 OL,Short Term Rental Type 2 Residential,BLOCK OF 1100 GUNTER ST,AUSTIN,TX,78721,1,1100 | 1199 | GUNTER ST,True,
2021-204792 OL,Short Term Rental Type 2 Residential,BLOCK OF 1400 COTTON ST,AUSTIN,TX,78702,1,1400 | 1499 | COTTON ST,True,
2023-128202 OL,Short Term Rental Type 2 Residential,BLOCK OF 3000 E 14TH ST,AUSTIN,TX,78702,1,3000 | 3099 | E 14TH ST,True,official street range corridor
2025-129725 OL,Short Term Rental Type 2 Residential,BLOCK OF 600 W JOHANNA ST,AUSTIN,TX,78704,3,600 | 699 | W JOHANNA ST,True,
2018-021035 OL,Short Term Rental Type 3,BLOCK OF 500 W 8TH ST,AUSTIN,TX,78701,9,500 | 599 | W 8TH ST,True,official street range corridor
2021-072054 OL,Short Term Rental Type 1,BLOCK OF 2400 KINNEY RD,AUSTIN,TX,78704,5,2400 | 2499 | KINNEY RD,True,
2017-026011 OL,Short Term Rental Type 1-Secondary,BLOCK OF 2100 GARDEN ST,AUSTIN,TX,78702,3,2100 | 2199 | GARDEN ST,True,
2026-034936 OL,Short Term Rental Type 3,BLOCK OF 2200 MONTOPOLIS DR,AUSTIN,TX,78741,3,2200 | 2299 | MONTOPOLIS DR,True,official street range corridor
2026-029596 OL,Short Term Rental Type 3,BLOCK OF 800 BLANCO ST,AUSTIN,TX,78703,9,800 | 899 | BLANCO ST,True,
2023-148658 OL,Short Term Rental Type 2 Residential,BLOCK OF 5300 HARMON AVE,AUSTIN,TX,78751,4,5300 | 5399 | HARMON AVE,True,
2026-124418 OL,Short Term Rental Type 1,BLOCK OF 4800 CASWELL AVE,AUSTIN,TX,78751,9,4800 | 4899 | CASWELL AVE,True,
2026-036172 OL,Short Term Rental Type 3,BLOCK OF 5900 CAMERON RD,AUSTIN,TX,78723,4,5900 | 5999 | CAMERON RD,True,
2026-039395 OL,Short Term Rental Type 2 Residential,BLOCK OF 4100 ROSEDALE AVE,AUSTIN,TX,78756,10,4100 | 4199 | ROSEDALE AVE,True,
2018-185155 OL,Short Term Rental Type 1,BLOCK OF 500 E MONROE ST,AUSTIN,TX,78704,9,500 | 599 | E MONROE ST,True,
2019-215544 OL,Short Term Rental Type 3,BLOCK OF 200 E 4TH ST,AUSTIN,TX,78701,9,200 | 299 | E 4TH ST,True,official street range corridor
2023-158999 OL,Short Term Rental Type 2 Residential,BLOCK OF 1200 OAK GROVE AVE,AUSTIN,TX,78702,1,1200 | 1299 | OAK GROVE AVE,True,official street range corridor
2025-133404 OL,Short Term Rental Type 3,BLOCK OF 600 BRUSHY ST,AUSTIN,TX,78702,3,600 | 699 | BRUSHY ST,True,official street range corridor
2026-040726 OL,Short Term Rental Type 3,BLOCK OF 600 BLANCO ST,AUSTIN,TX,78703,9,600 | 699 | BLANCO ST,True,
2024-141637 OL,Short Term Rental Type 1,BLOCK OF 2600 COTTONWOOD SHORES DR,AUSTIN,TX,78725,3,2600 | 2699 | COTTONWOOD SHORES DR,True,
2026-024968 OL,Short Term Rental Type 1,BLOCK OF 4700 OLDFORT HILL DR,AUSTIN,TX,78723,1,4700 | 4799 | OLDFORT HILL DR,True,
2025-039468 OL,Short Term Rental Type 1,BLOCK OF 1700 NASH AVE,AUSTIN,TX,78704,5,1700 | 1799 | NASH AVE,True,
2025-158022 OL,Short Term Rental Type 3,BLOCK OF 100 RAINEY ST,AUSTIN,TX,78701,9,100 | 199 | RAINEY ST,True,official street range corridor
2018-021079 OL,Short Term Rental Type 3,BLOCK OF 500 W 8TH ST,AUSTIN,TX,78701,9,500 | 599 | W 8TH ST,True,official street range corridor
2025-117694 OL,Short Term Rental Type 2 Residential,BLOCK OF 6200 BETTY COOK DR,AUSTIN,TX,78723,4,6200 | 6299 | BETTY COOK DR,True,
2024-006841 OL,Short Term Rental Type 2 Residential,BLOCK OF 100 HERGOTZ LN,AUSTIN,TX,78742,3,100 | 199 | HERGOTZ LN,True,
2026-074280 OL,Short Term Rental Type 2 Residential,BLOCK OF 5800 AVENUE G,AUSTIN,TX,78752,4,5800 | 5899 | AVE G,True,
2026-033853 OL,Short Term Rental Type 1-A,BLOCK OF 9400 MOUNTAIN QUAIL RD,AUSTIN,TX,78758,4,9400 | 9499 | MOUNTAIN QUAIL RD,True,
2025-125188 OL,Short Term Rental Type 1,BLOCK OF 2600 W 45TH ST,AUSTIN,TX,78731,10,2600 | 2699 | W 45TH ST,True,official street range corridor
2014-007838 OL,Short Term Rental Type 3,BLOCK OF 2200 TRAILSIDE DR,AUSTIN,TX,78704,5,2200 | 2299 | TRAILSIDE DR,True,
2026-032000 OL,Short Term Rental Type 3,BLOCK OF 1600 E 6TH ST,AUSTIN,TX,78702,3,1600 | 1699 | E 6TH ST,True,official street range corridor
2020-038503 OL,Short Term Rental Type 3,BLOCK OF 400 W 3RD ST,AUSTIN,TX,78701,9,400 | 499 | W 3RD ST,True,official street range corridor
2025-129075 OL,Short Term Rental Type 2 Residential,BLOCK OF 800 NORTHWESTERN AVE,AUSTIN,TX,78702,1,800 | 899 | NORTHWESTERN AVE,True,
2024-123210 OL,Short Term Rental Type 2 Residential,BLOCK OF 800 NILE ST,AUSTIN,TX,78702,1,800 | 899 | NILE ST,True,
2026-093735 OL,Short Term Rental Type 1,BLOCK OF 3400 ROBINSON AVE,AUSTIN,TX,78722,9,3400 | 3499 | ROBINSON AVE,True,
2022-056076 OL,Short Term Rental Type 1,BLOCK OF 2700 CREST AVE,AUSTIN,TX,78702,1,2700 | 2799 | CREST AVE,True,
2026-009782 OL,Short Term Rental Type 1,BLOCK OF 3500 ENFIELD RD,AUSTIN,TX,78703,10,3500 | 3599 | ENFIELD RD,True,
2025-008008 OL,Short Term Rental Type 2 Residential,BLOCK OF 1600 NASH AVE,AUSTIN,TX,78704,5,1600 | 1699 | NASH AVE,True,
2025-146038 OL,Short Term Rental Type 2 Residential,BLOCK OF 4900 PROCK LN,AUSTIN,TX,78721,3,4900 | 4999 | PROCK LN,True,
2026-073880 OL,Short Term Rental Type 1,BLOCK OF 3700 GOVALLE AVE,AUSTIN,TX,78702,3,3700 | 3799 | GOVALLE AVE,True,
2015-130826 OL,Short Term Rental Type 1-Secondary,BLOCK OF 4400 GARNETT ST,AUSTIN,TX,78745,3,4400 | 4499 | GARNETT ST,True,
2024-138628 OL,Short Term Rental Type 1-A,BLOCK OF 1500 KENWOOD AVE,AUSTIN,TX,78704,9,1500 | 1599 | KENWOOD AVE,True,
2026-058991 OL,Short Term Rental Type 2 Residential,BLOCK OF 2000 GATHRIGHT CV,AUSTIN,TX,78704,5,2000 | 2099 | GATHRIGHT CV,True,
2018-020950 OL,Short Term Rental Type 3,BLOCK OF 500 W 8TH ST,AUSTIN,TX,78701,9,500 | 599 | W 8TH ST,True,official street range corridor
2026-105604 OL,Short Term Rental Type 1-A,BLOCK OF 7900 CHRYSLER BND,AUSTIN,TX,78744,2,7900 | 7999 | CHRYSLER BND,True,
2026-056803 OL,Short Term Rental Type 1,BLOCK OF 1100 E 9TH ST,AUSTIN,TX,78702,1,1100 | 1199 | E 9TH ST,True,official street range corridor
2026-069257 OL,Short Term Rental Type 2 Residential,BLOCK OF 1900 E 11TH ST,AUSTIN,TX,78702,1,1900 | 1999 | E 11TH ST,True,official street range corridor
2026-099435 OL,Short Term Rental Type 2 Residential,BLOCK OF 900 TILLERY ST,AUSTIN,TX,78702,3,900 | 999 | TILLERY ST,True,
2026-071921 OL,Short Term Rental Type 2 Residential,BLOCK OF 2000 MAGAZINE ST,AUSTIN,TX,78727,7,2000 | 2099 | MAGAZINE ST,True,
2021-178023 OL,Short Term Rental Type 1,BLOCK OF 5000 LANSING DR,AUSTIN,TX,78745,5,5000 | 5099 | LANSING DR,True,
2023-081234 OL,Short Term Rental Type 1-Secondary,BLOCK OF 1500 CHELSEA LN,AUSTIN,TX,78704,9,1500 | 1599 | CHELSEA LN,True,
2026-036902 OL,Short Term Rental Type 3,BLOCK OF 1300 CROSSING PL,AUSTIN,TX,78741,3,1300 | 1399 | CROSSING PL,True,
2026-033192 OL,Short Term Rental Type 2 Residential,BLOCK OF 5200 KNIGHT CIR,AUSTIN,TX,78723,4,5200 | 5299 | KNIGHT CIR,True,
2025-030948 OL,Short Term Rental Type 2 Residential,BLOCK OF 3400 BEARTREE CIR,AUSTIN,TX,78730,10,3400 | 3499 | BEARTREE CIR,True,
2026-046146 OL,Short Term Rental Type 1,BLOCK OF 2600 MARIA ANNA RD,AUSTIN,TX,78703,10,2600 | 2699 | MARIA ANNA RD,True,
2026-063508 OL,Short Term Rental Type 2 Residential,BLOCK OF 5800 BURROUGH DR,AUSTIN,TX,78745,5,5800 | 5899 | BURROUGH DR,True,
2023-039349 OL,Short Term Rental Type 1,BLOCK OF 2200 SANTA ROSA ST,AUSTIN,TX,78702,3,2200 | 2299 | SANTA ROSA ST,True,
2026-062154 OL,Short Term Rental Type 1-Secondary,BLOCK OF 6800 WESTERN OAKS BLVD,AUSTIN,TX,78749,8,6800 | 6899 | WESTERN OAKS BLVD,True,
2025-052863 OL,Short Term Rental Type 3,BLOCK OF 2500 THORNTON RD,AUSTIN,TX,78704,5,2500 | 2599 | THORNTON RD,True,
2026-036273 OL,Short Term Rental Type 3,BLOCK OF 1200 BARTON HILLS DR,AUSTIN,TX,78704,5,1200 | 1299 | BARTON HILLS DR,True,
2026-016055 OL,Short Term Rental Type 1,BLOCK OF 5400 SHOAL CREEK BLVD,AUSTIN,TX,78756,7,5400 | 5499 | SHOAL CREEK BLVD,True,
2026-057196 OL,Short Term Rental Type 3,BLOCK OF 6100 E RIVERSIDE DR,AUSTIN,TX,78741,3,6100 | 6199 | E RIVERSIDE DR,True,
2023-125662 OL,Short Term Rental Type 2 Residential,BLOCK OF 7700 PONOMA TRL,AUSTIN,TX,78749,8,7700 | 7799 | PONOMA TRL,True,
2024-015184 OL,Short Term Rental Type 2 Residential,BLOCK OF 114000 GUNTER ST,AUSTIN,TX,78721,3,114000 | 114099 | GUNTER ST,False,
2026-028577 OL,Short Term Rental Type 2 Residential,BLOCK OF 5000 PACK SADDLE PASS,AUSTIN,TX,78745,5,5000 | 5099 | PACK SADDLE PASS,True,official street range corridor
2024-161564 OL,Short Term Rental Type 2 Residential,BLOCK OF 2800 GARWOOD ST,AUSTIN,TX,78702,3,2800 | 2899 | GARWOOD ST,True,
2023-004296 OL,Short Term Rental Type 1,BLOCK OF 400 W ALPINE RD,AUSTIN,TX,78704,3,400 | 499 | W ALPINE RD,True,
2025-157945 OL,Short Term Rental Type 3,BLOCK OF 100 RAINEY ST,AUSTIN,TX,78701,9,100 | 199 | RAINEY ST,True,official street range corridor
2023-161461 OL,Short Term Rental Type 2 Residential,BLOCK OF 1500 BROADMOOR DR,AUSTIN,TX,78723,4,1500 | 1599 | BROADMOOR DR,True,
2026-034954 OL,Short Term Rental Type 2 Residential,BLOCK OF 1900 E 16TH ST,AUSTIN,TX,78702,1,1900 | 1999 | E 16TH ST,True,official street range corridor
2025-129345 OL,Short Term Rental Type 2 Residential,BLOCK OF 7100 COMANCHE TRL,AUSTIN,TX,78732,10,7100 | 7199 | COMANCHE TRL,True,
2024-048095 OL,Short Term Rental Type 2 Residential,BLOCK OF 700 OAKLAND AVE,AUSTIN,TX,78703,9,700 | 799 | OAKLAND AVE,True,
2019-053938 OL,Short Term Rental Type 1,BLOCK OF 1100 INLAND GREENS,AUSTIN,TX,78758,4,1100 | 1199 | INLAND GREENS,True,
2023-012853 OL,Short Term Rental Type 1,BLOCK OF 8300 S 1ST ST,AUSTIN,TX,78748,2,8300 | 8399 | S 1ST ST,True,official street range corridor
2026-118999 OL,Short Term Rental Type 2 Residential,BLOCK OF 12000 FERRYSTONE GLEN DR,AUSTIN,TX,78617,2,12000 | 12099 | FERRYSTONE GLEN DR,True,official street range corridor
2026-075186 OL,Short Term Rental Type 1,BLOCK OF 1900 FOREST HILL DR,AUSTIN,TX,78745,5,1900 | 1999 | FOREST HILL DR,True,
2017-036412 OL,Short Term Rental Type 1,BLOCK OF 5800 AVENUE G,AUSTIN,TX,78752,4,5800 | 5899 | AVE G,True,
2026-036944 OL,Short Term Rental Type 1,BLOCK OF 2500 TYDINGS CV,AUSTIN,TX,78730,10,2500 | 2599 | TYDINGS CV,True,
2026-099255 OL,Short Term Rental Type 1,BLOCK OF 2100 NICKERSON ST,AUSTIN,TX,78704,9,2100 | 2199 | NICKERSON ST,True,
2025-132543 OL,Short Term Rental Type 2 Residential,BLOCK OF 1900 WESTRIDGE DR,AUSTIN,TX,78704,5,1900 | 1999 | WESTRIDGE DR,True,
2026-099151 OL,Short Term Rental Type 1,BLOCK OF 2800 ALLISON DR,AUSTIN,TX,78741,3,2800 | 2899 | ALLISON DR,True,
2023-067656 OL,Short Term Rental Type 1,BLOCK OF 4800 HILLDALE DR,AUSTIN,TX,78723,1,4800 | 4899 | HILLDALE DR,True,
2012-122380 OL,Short Term Rental Type 1-Secondary,BLOCK OF 2000 WRIGHT ST,AUSTIN,TX,78704,5,2000 | 2099 | WRIGHT ST,True,
2020-169452 OL,Short Term Rental Type 3,BLOCK OF 400 W 3RD ST,AUSTIN,TX,78701,9,400 | 499 | W 3RD ST,True,official street range corridor
2026-059962 OL,Short Term Rental Type 2 Residential,BLOCK OF 3000 S 5TH ST,AUSTIN,TX,78704,3,3000 | 3099 | S 5TH ST,True,official street range corridor
2023-018014 OL,Short Term Rental Type 1,BLOCK OF 2300 E 9TH ST,AUSTIN,TX,78702,1,2300 | 2399 | E 9TH ST,True,official street range corridor
2026-009915 OL,Short Term Rental Type 2 Residential,BLOCK OF 12000 TALLOW FIELD WAY,AUSTIN,TX,78758,7,12000 | 12099 | TALLOW FIELD WAY,False,
2026-004317 OL,Short Term Rental Type 1,BLOCK OF 5900 AURORA DR,AUSTIN,TX,78757,7,5900 | 5999 | AURORA DR,True,
2023-103544 OL,Short Term Rental Type 2 Residential,BLOCK OF 1900 FORD ST,AUSTIN,TX,78704,5,1900 | 1999 | FORD ST,True,
2024-044237 OL,Short Term Rental Type 1,BLOCK OF 6400 BRIDGEWATER DR,AUSTIN,TX,78723,1,6400 | 6499 | BRIDGEWATER DR,True,
2026-110374 OL,Short Term Rental Type 2 Residential,BLOCK OF 2200 E 9TH ST,AUSTIN,TX,78702,1,2200 | 2299 | E 9TH ST,True,official street range corridor
2026-106532 OL,Short Term Rental Type 2 Residential,BLOCK OF 5900 PARKWOOD DR,AUSTIN,TX,78735,8,5900 | 5999 | PARKWOOD DR,True,
2026-030111 OL,Short Term Rental Type 1,BLOCK OF 3300 LOCKE LN,AUSTIN,TX,78704,3,3300 | 3399 | LOCKE LN,True,
2025-163244 OL,Short Term Rental Type 2 Residential,BLOCK OF 3400 GOODWIN AVE,AUSTIN,TX,78702,3,3400 | 3499 | GOODWIN AVE,True,
2025-032127 OL,Short Term Rental Type 2 Residential,BLOCK OF 3300 BENGSTON ST,AUSTIN,TX,78702,3,3300 | 3399 | BENGSTON ST,True,
2025-094822 OL,Short Term Rental Type 3,BLOCK OF 1300 TOWN CREEK DR,AUSTIN,TX,78741,3,1300 | 1399 | TOWN CREEK DR,True,
2026-119848 OL,Short Term Rental Type 2 Residential,BLOCK OF 700 W CRESTLAND DR,AUSTIN,TX,78752,4,700 | 799 | W CRESTLAND DR,True,
2026-041365 OL,Short Term Rental Type 2 Residential,BLOCK OF 4400 JINX AVE,AUSTIN,TX,78745,5,4400 | 4499 | JINX AVE,True,
2022-056772 OL,Short Term Rental Type 1,BLOCK OF 800 EBERHART LN,AUSTIN,TX,78745,2,800 | 899 | EBERHART LN,True,
2026-066287 OL,Short Term Rental Type 2 Residential,BLOCK OF 15000 RIDGETOP TER,AUSTIN,TX,78732,10,15000 | 15099 | RIDGETOP TER,False,
2026-057350 OL,Short Term Rental Type 3,BLOCK OF 6100 E RIVERSIDE DR,AUSTIN,TX,78741,3,6100 | 6199 | E RIVERSIDE DR,True,
2016-068375 OL,Short Term Rental Type 1,BLOCK OF 2300 WESTOAK DR,AUSTIN,TX,78704,5,2300 | 2399 | WESTOAK DR,True,
2025-157955 OL,Short Term Rental Type 3,BLOCK OF 100 RAINEY ST,AUSTIN,TX,78701,9,100 | 199 | RAINEY ST,True,official street range corridor
2024-151130 OL,Short Term Rental Type 2 Residential,BLOCK OF 3400 TOMMIE LEE WYATT LN,AUSTIN,TX,78745,8,3400 | 3499 | TOMMIE LEE WYATT LN,True,official street range corridor
2026-060446 OL,Short Term Rental Type 2 Residential,BLOCK OF 2200 SANTA RITA ST,AUSTIN,TX,78702,3,2200 | 2299 | SANTA RITA ST,True,
2024-155914 OL,Short Term Rental Type 1,BLOCK OF 800 CAPITOL CT,AUSTIN,TX,78756,7,800 | 899 | CAPITOL CT,True,
2023-003693 OL,Short Term Rental Type 2 Residential,BLOCK OF 14000 BULLICK HOLLOW RD,AUSTIN,TX,78732,10,14000 | 14099 | BULLICK HOLLOW RD,False,
2025-155700 OL,Short Term Rental Type 3,BLOCK OF 100 RAINEY ST,AUSTIN,TX,78701,9,100 | 199 | RAINEY ST,True,official street range corridor
2020-026496 OL,Short Term Rental Type 1,BLOCK OF 2000 OXFORD AVE,AUSTIN,TX,78704,5,2000 | 2099 | OXFORD AVE,True,
2021-169781 OL,Short Term Rental Type 1-Secondary,BLOCK OF 3000 CATALINA DR,AUSTIN,TX,78741,3,3000 | 3099 | CATALINA DR,True,
2023-035570 OL,Short Term Rental Type 3,BLOCK OF 2100 BURTON DR,AUSTIN,TX,78741,3,2100 | 2199 | BURTON DR,True,
2026-035042 OL,Short Term Rental Type 3,BLOCK OF 2200 MONTOPOLIS DR,AUSTIN,TX,78741,3,2200 | 2299 | MONTOPOLIS DR,True,official street range corridor
2026-014482 OL,Short Term Rental Type 2 Residential,BLOCK OF 7300 GROVER AVE,AUSTIN,TX,78757,7,7300 | 7399 | GROVER AVE,True,
2022-165191 OL,Short Term Rental Type 1,BLOCK OF 2800 SAN GABRIEL ST,AUSTIN,TX,78705,9,2800 | 2899 | SAN GABRIEL ST,True,
2025-111021 OL,Short Term Rental Type 3,BLOCK OF 3100 SCOFIELD RIDGE PKWY,AUSTIN,TX,78727,7,3100 | 3199 | SCOFIELD RIDGE PKWY,True,
2018-087815 OL,Short Term Rental Type 1,BLOCK OF 500 UPSON ST,AUSTIN,TX,78703,10,500 | 599 | UPSON ST,True,
2026-030821 OL,Short Term Rental Type 1,BLOCK OF 5500 PROCK LN,AUSTIN,TX,78721,3,5500 | 5599 | PROCK LN,True,
2026-069792 OL,Short Term Rental Type 3,BLOCK OF 1300 WEST AVE,AUSTIN,TX,78701,9,1300 | 1399 | W AVE,True,
2026-059120 OL,Short Term Rental Type 2 Residential,BLOCK OF 300 RIDGEWOOD RD,AUSTIN,TX,78746,8,300 | 399 | RIDGEWOOD RD,True,
2026-042771 OL,Short Term Rental Type 2 Residential,BLOCK OF 2900 TAVERN DR,AUSTIN,TX,78660,1,2900 | 2999 | TAVERN DR,True,
2026-030204 OL,Short Term Rental Type 1,BLOCK OF 1100 SALINA ST,AUSTIN,TX,78702,1,1100 | 1199 | SALINA ST,True,
2026-008374 OL,Short Term Rental Type 2 Residential,BLOCK OF 600 W 31ST HALF ST,AUSTIN,TX,78705,9,600 | 699 | W 31ST HALF ST,True,official street range corridor
2026-040128 OL,Short Term Rental Type 1,BLOCK OF 5800 VAN WINKLE LN,AUSTIN,TX,78739,8,5800 | 5899 | VAN WINKLE LN,True,
2025-134009 OL,Short Term Rental Type 3,BLOCK OF 1100 CHICON ST,AUSTIN,TX,78702,1,1100 | 1199 | CHICON ST,True,
2026-031438 OL,Short Term Rental Type 1-Secondary,BLOCK OF 7500 MEADOWVIEW LN,AUSTIN,TX,78752,4,7500 | 7599 | MEADOWVIEW LN,True,
2026-069354 OL,Short Term Rental Type 1-A,BLOCK OF 100 METEOR DR,AUSTIN,TX,78745,2,100 | 199 | METEOR DR,True,
2018-056816 OL,Short Term Rental Type 1,BLOCK OF 1200 HILLSIDE AVE,AUSTIN,TX,78704,9,1200 | 1299 | HILLSIDE AVE,True,
2026-079471 OL,Short Term Rental Type 1-Secondary,BLOCK OF 1000 LITTLE ELM PARK,AUSTIN,TX,78758,4,1000 | 1099 | LITTLE ELM PARK,True,
2026-065499 OL,Short Term Rental Type 2 Residential,BLOCK OF 1100 MANSELL AVE,AUSTIN,TX,78721,1,1100 | 1199 | MANSELL AVE,True,
2014-007845 OL,Short Term Rental Type 3,BLOCK OF 4000 DUVAL ST,AUSTIN,TX,78751,9,4000 | 4099 | DUVAL ST,True,
2025-139500 OL,Short Term Rental Type 2 Residential,BLOCK OF 3000 S 4TH ST,AUSTIN,TX,78704,3,3000 | 3099 | S 4TH ST,True,official street range corridor
2025-008056 OL,Short Term Rental Type 2 Residential,BLOCK OF 1600 DEXTER ST,AUSTIN,TX,78704,5,1600 | 1699 | DEXTER ST,True,
2026-034772 OL,Short Term Rental Type 3,BLOCK OF 6500 ED BLUESTEIN BLVD NB,AUSTIN,TX,78724,1,6500 | 6599 | ED BLUESTEIN BLVD NB,True,official street range corridor
2026-043616 OL,Short Term Rental Type 3,BLOCK OF 500 E OLTORF ST,AUSTIN,TX,78704,3,500 | 599 | E OLTORF ST,True,
2026-043486 OL,Short Term Rental Type 3,BLOCK OF 500 CONGRESS AVE,AUSTIN,TX,78701,9,500 | 599 | CONGRESS AVE,True,
2026-068665 OL,Short Term Rental Type 2 Residential,BLOCK OF 7400 SPARKLING LIGHT DR,AUSTIN,TX,78617,2,7400 | 7499 | SPARKLING LIGHT DR,True,official street range corridor
2019-189112 OL,Short Term Rental Type 3,BLOCK OF 1200 E 5TH ST,AUSTIN,TX,78702,3,1200 | 1299 | E 5TH ST,True,official street range corridor
2026-074479 OL,Short Term Rental Type 1,BLOCK OF 9400 CIRCLE DR,AUSTIN,TX,78736,8,9400 | 9499 | CIR DR,True,
2025-161265 OL,Short Term Rental Type 1,BLOCK OF 4100 SHOAL CREEK BLVD,AUSTIN,TX,78756,10,4100 | 4199 | SHOAL CREEK BLVD,True,
2021-087732 OL,Short Term Rental Type 1,BLOCK OF 400 W MARY ST,AUSTIN,TX,78704,3,400 | 499 | W MARY ST,True,
2022-186230 OL,Short Term Rental Type 1,BLOCK OF 1400 BOULDIN AVE,AUSTIN,TX,78704,9,1400 | 1499 | BOULDIN AVE,True,
2016-032510 OL,Short Term Rental Type 1-Secondary,BLOCK OF 5400 MONTVIEW ST,AUSTIN,TX,78756,7,5400 | 5499 | MONTVIEW ST,True,
2025-004703 OL,Short Term Rental Type 2 Commercial,BLOCK OF 13000 LUCIDA LN,AUSTIN,TX,78753,1,13000 | 13099 | LUCIDA LN,False,
2025-071580 OL,Short Term Rental Type 2 Residential,BLOCK OF 1200 WILLOW ST,AUSTIN,TX,78702,3,1200 | 1299 | WILLOW ST,True,
2024-135701 OL,Short Term Rental Type 2 Residential,BLOCK OF 2400 S 3RD ST,AUSTIN,TX,78704,3,2400 | 2499 | S 3RD ST,True,official street range corridor
2026-095205 OL,Short Term Rental Type 2 Residential,BLOCK OF 1300 QUAIL PARK DR,AUSTIN,TX,78758,4,1300 | 1399 | QUAIL PARK DR,True,
2014-061074 OL,Short Term Rental Type 3,BLOCK OF 700 S 1ST ST,AUSTIN,TX,78704,9,700 | 799 | S 1ST ST,True,official street range corridor
2026-042219 OL,Short Term Rental Type 2 Residential,BLOCK OF 7000 TEABERRY DR,AUSTIN,TX,78745,2,7000 | 7099 | TEABERRY DR,True,
2018-024225 OL,Short Term Rental Type 3,BLOCK OF 500 W 8TH ST,AUSTIN,TX,78701,9,500 | 599 | W 8TH ST,True,official street range corridor
2019-036839 OL,Short Term Rental Type 3,BLOCK OF 400 W 3RD ST,AUSTIN,TX,78701,9,400 | 499 | W 3RD ST,True,official street range corridor
2024-063870 OL,Short Term Rental Type 2 Residential,BLOCK OF 1600 CHELSEA LN,AUSTIN,TX,78704,9,1600 | 1699 | CHELSEA LN,True,
2024-022677 OL,Short Term Rental Type 3,BLOCK OF 1200 HOLLOW CREEK DR,AUSTIN,TX,78704,5,1200 | 1299 | HOLLOW CREEK DR,True,
2026-031597 OL,Short Term Rental Type 1,BLOCK OF 2400 RIDGEVIEW ST,AUSTIN,TX,78704,5,2400 | 2499 | RIDGEVIEW ST,True,
2024-091477 OL,Short Term Rental Type 3,BLOCK OF 7100 CREEKSIDE DR,AUSTIN,TX,78752,1,7100 | 7199 | CREEKSIDE DR,True,
2026-088298 OL,Short Term Rental Type 1,BLOCK OF 4800 CARSONHILL DR,AUSTIN,TX,78723,1,4800 | 4899 | CARSONHILL DR,True,
2025-007870 OL,Short Term Rental Type 2 Residential,BLOCK OF 1800 MIRIAM AVE,AUSTIN,TX,78702,1,1800 | 1899 | MIRIAM AVE,True,
2026-034031 OL,Short Term Rental Type 1-Secondary,BLOCK OF 3300 MERRIE LYNN AVE,AUSTIN,TX,78722,9,3300 | 3399 | MERRIE LYNN AVE,True,
2026-024988 OL,Short Term Rental Type 2 Residential,BLOCK OF 100 WALLER ST,AUSTIN,TX,78702,3,100 | 199 | WALLER ST,True,
2017-142067 OL,Short Term Rental Type 1,BLOCK OF 500 ACADEMY DR,AUSTIN,TX,78704,9,500 | 599 | ACADEMY DR,True,
2026-101731 OL,Short Term Rental Type 2 Residential,BLOCK OF 13000 TREE LINE DR,AUSTIN,TX,78729,6,13000 | 13099 | TREE LINE DR,False,
2026-037935 OL,Short Term Rental Type 1-Secondary,BLOCK OF 2500 E 2ND ST,AUSTIN,TX,78702,3,2500 | 2599 | E 2ND ST,True,official street range corridor
2024-132796 OL,Short Term Rental Type 2 Residential,BLOCK OF 6400 SKYCREST DR,AUSTIN,TX,78745,2,6400 | 6499 | SKYCREST DR,True,
2026-083854 OL,Short Term Rental Type 3,BLOCK OF 1600 E 6TH ST,AUSTIN,TX,78702,3,1600 | 1699 | E 6TH ST,True,official street range corridor
2025-075927 OL,Short Term Rental Type 2 Residential,BLOCK OF 2500 DOVE SPRINGS DR,AUSTIN,TX,78744,2,2500 | 2599 | DOVE SPRINGS DR,True,
2014-028609 OL,Short Term Rental Type 3,BLOCK OF 500 BOULDIN AVE,AUSTIN,TX,78704,9,500 | 599 | BOULDIN AVE,True,
2026-044710 OL,Short Term Rental Type 2 Residential,BLOCK OF 14000 HUMMINGBIRD LN,AUSTIN,TX,78732,10,14000 | 14099 | HUMMINGBIRD LN,True,
2026-037753 OL,Short Term Rental Type 1,BLOCK OF 12000 LOS INDIOS TRL,AUSTIN,TX,78729,6,12000 | 12099 | LOS INDIOS TRL,True,official street range corridor
2023-042377 OL,Short Term Rental Type 1,BLOCK OF 1600 WOODLAWN BLVD,AUSTIN,TX,78703,10,1600 | 1699 | WOODLAWN BLVD,True,
2026-031954 OL,Short Term Rental Type 1,BLOCK OF 4700 PHILCO DR,AUSTIN,TX,78745,5,4700 | 4799 | PHILCO DR,True,
2026-083856 OL,Short Term Rental Type 3,BLOCK OF 1600 E 6TH ST,AUSTIN,TX,78702,3,1600 | 1699 | E 6TH ST,True,official street range corridor
2026-026415 OL,Short Term Rental Type 1,BLOCK OF 8400 BURRELL DR,AUSTIN,TX,78757,4,8400 | 8499 | BURRELL DR,True,
2018-009372 OL,Short Term Rental Type 1,BLOCK OF 400 W MARY ST,AUSTIN,TX,78704,9,400 | 499 | W MARY ST,True,
2026-119822 OL,Short Term Rental Type 2 Residential,BLOCK OF 7300 CILANTRO WAY,AUSTIN,TX,78741,3,7300 | 7399 | CILANTRO WAY,True,
2025-131040 OL,Short Term Rental Type 3,BLOCK OF 2500 THORNTON RD,AUSTIN,TX,78704,5,2500 | 2599 | THORNTON RD,True,
2024-113093 OL,Short Term Rental Type 2 Residential,BLOCK OF 7300 PROVIDENCE AVE,AUSTIN,TX,78752,4,7300 | 7399 | PROVIDENCE AVE,True,
2026-034982 OL,Short Term Rental Type 2 Residential,BLOCK OF 4600 S 1ST ST,AUSTIN,TX,78745,3,4600 | 4699 | S 1ST ST,True,official street range corridor
2025-060020 OL,Short Term Rental Type 2 Residential,BLOCK OF 3100 BURLESON RD,AUSTIN,TX,78741,3,3100 | 3199 | BURLESON RD,True,
2022-040399 OL,Short Term Rental Type 1-Secondary,BLOCK OF 500 SOUTH PARK DR,AUSTIN,TX,78704,3,500 | 599 | S PARK DR,True,
2021-169229 OL,Short Term Rental Type 1-A,BLOCK OF 3100 LYNRIDGE DR,AUSTIN,TX,78723,1,3100 | 3199 | LYNRIDGE DR,True,
2018-022024 OL,Short Term Rental Type 3,BLOCK OF 500 W 8TH ST,AUSTIN,TX,78701,9,500 | 599 | W 8TH ST,True,official street range corridor
2026-043156 OL,Short Term Rental Type 3,BLOCK OF 900 REINLI ST,AUSTIN,TX,78751,4,900 | 999 | REINLI ST,True,
2022-085301 OL,Short Term Rental Type 1-A,BLOCK OF 4200 BELLVUE AVE,AUSTIN,TX,78756,10,4200 | 4299 | BELLVUE AVE,True,
2026-123871 OL,Short Term Rental Type 2 Residential,BLOCK OF 8100 CATTLE DR,AUSTIN,TX,78749,8,8100 | 8199 | CATTLE DR,True,
2025-029789 OL,Short Term Rental Type 2 Residential,BLOCK OF 4600 SANTA ANNA ST,AUSTIN,TX,78721,1,4600 | 4699 | SANTA ANNA ST,True,
2023-011040 OL,Short Term Rental Type 1,BLOCK OF 11000 SIERRA OAKS,AUSTIN,TX,78759,10,11000 | 11099 | SIERRA OAKS,False,
2024-016199 OL,Short Term Rental Type 2 Residential,BLOCK OF 7300 BERING CV,AUSTIN,TX,78759,10,7300 | 7399 | BERING CV,True,
2026-127456 OL,Short Term Rental Type 1-Secondary,BLOCK OF 8100 CORRIGAN PASS,AUSTIN,TX,78744,2,8100 | 8199 | CORRIGAN PASS,True,
2025-158125 OL,Short Term Rental Type 3,BLOCK OF 100 RAINEY ST,AUSTIN,TX,78701,9,100 | 199 | RAINEY ST,True,official street range corridor
2026-067768 OL,Short Term Rental Type 2 Residential,BLOCK OF 7700 WYNNE LN,AUSTIN,TX,78745,5,7700 | 7799 | WYNNE LN,True,
2026-044782 OL,Short Term Rental Type 3,BLOCK OF 4400 AIRPORT BLVD,AUSTIN,TX,78722,9,4400 | 4499 | AIRPORT BLVD,True,
2026-117397 OL,Short Term Rental Type 1,BLOCK OF 4400 DIANE DR,AUSTIN,TX,78745,5,4400 | 4499 | DIANE DR,True,
2026-107793 OL,Short Term Rental Type 2 Residential,BLOCK OF 100 ROBERT T MARTINEZ JR ST,AUSTIN,TX,78702,3,100 | 199 | ROBERT T MARTINEZ JR ST,True,official street range corridor
2026-090541 OL,Short Term Rental Type 1,BLOCK OF 600 HARTHAN ST,AUSTIN,TX,78703,9,600 | 699 | HARTHAN ST,True,
2026-038676 OL,Short Term Rental Type 1,BLOCK OF 1100 LAMBIE ST,AUSTIN,TX,78702,3,1100 | 1199 | LAMBIE ST,True,
2026-083858 OL,Short Term Rental Type 3,BLOCK OF 1600 E 6TH ST,AUSTIN,TX,78702,3,1600 | 1699 | E 6TH ST,True,official street range corridor
2026-053127 OL,Short Term Rental Type 2 Residential,BLOCK OF 2800 GOODWIN AVE,AUSTIN,TX,78702,3,2800 | 2899 | GOODWIN AVE,True,
2026-110418 OL,Short Term Rental Type 2 Residential,BLOCK OF 4600 MOOSE DR,AUSTIN,TX,78749,8,4600 | 4699 | MOOSE DR,True,
2026-036166 OL,Short Term Rental Type 3,BLOCK OF 5900 CAMERON RD,AUSTIN,TX,78723,4,5900 | 5999 | CAMERON RD,True,
2024-150594 OL,Short Term Rental Type 2 Residential,BLOCK OF 3200 WHITES DR,AUSTIN,TX,78735,5,3200 | 3299 | WHITES DR,True,
2026-018343 OL,Short Term Rental Type 2 Residential,BLOCK OF 1300 S MEADOWS DR,AUSTIN,TX,78758,4,1300 | 1399 | S MEADOWS DR,True,
2025-113105 OL,Short Term Rental Type 2 Residential,BLOCK OF 1100 LEONA ST,AUSTIN,TX,78702,1,1100 | 1199 | LEONA ST,True,
2019-189069 OL,Short Term Rental Type 3,BLOCK OF 1200 E 5TH ST,AUSTIN,TX,78702,3,1200 | 1299 | E 5TH ST,True,official street range corridor
2026-109629 OL,Short Term Rental Type 1,BLOCK OF 3600 MUNSON ST,AUSTIN,TX,78721,1,3600 | 3699 | MUNSON ST,True,
2014-061169 OL,Short Term Rental Type 3,BLOCK OF 800 S 1ST ST,AUSTIN,TX,78704,9,800 | 899 | S 1ST ST,True,official street range corridor
2026-028825 OL,Short Term Rental Type 2 Residential,BLOCK OF 3000 E MARTIN LUTHER KING JR BLVD,AUSTIN,TX,78702,1,3000 | 3099 | E MARTIN LUTHER KING JR BLVD,True,official street range corridor
2026-024152 OL,Short Term Rental Type 2 Residential,BLOCK OF 1100 E 12TH ST,AUSTIN,TX,78702,1,1100 | 1199 | E 12TH ST,True,official street range corridor
2025-121863 OL,Short Term Rental Type 2 Residential,BLOCK OF 5300 SAMUEL HUSTON AVE,AUSTIN,TX,78721,1,5300 | 5399 | SAMUEL HUSTON AVE,True,
2021-164048 OL,Short Term Rental Type 1-A,BLOCK OF 4700 PELHAM DR,AUSTIN,TX,78727,7,4700 | 4799 | PELHAM DR,True,
2022-028431 OL,Short Term Rental Type 1,BLOCK OF 2100 E 17TH ST,AUSTIN,TX,78702,1,2100 | 2199 | E 17TH ST,True,official street range corridor
2026-037036 OL,Short Term Rental Type 1,BLOCK OF 1200 GARDEN ST,AUSTIN,TX,78702,3,1200 | 1299 | GARDEN ST,True,
2025-131587 OL,Short Term Rental Type 2 Residential,BLOCK OF 100 SAN SABA ST,AUSTIN,TX,78702,3,100 | 199 | SAN SABA ST,True,official street range corridor
2026-030637 OL,Short Term Rental Type 1,BLOCK OF 1700 ROYAL HILL DR,AUSTIN,TX,78741,3,1700 | 1799 | ROYAL HILL DR,True,
2026-058421 OL,Short Term Rental Type 1,BLOCK OF 1500 RUTH AVE,AUSTIN,TX,78757,7,1500 | 1599 | RUTH AVE,True,
2019-189530 OL,Short Term Rental Type 3,BLOCK OF 1200 E 5TH ST,AUSTIN,TX,78702,3,1200 | 1299 | E 5TH ST,True,official street range corridor
2025-038551 OL,Short Term Rental Type 2 Residential,BLOCK OF 900 VASQUEZ ST,AUSTIN,TX,78741,3,900 | 999 | VASQUEZ ST,True,
2015-107140 OL,Short Term Rental Type 1,BLOCK OF 500 LELAND ST,AUSTIN,TX,78704,9,500 | 599 | LELAND ST,True,
2026-116256 OL,Short Term Rental Type 1,BLOCK OF 1100 LEONA ST,AUSTIN,TX,78702,1,1100 | 1199 | LEONA ST,True,
2026-091202 OL,Short Term Rental Type 3,BLOCK OF 4600 AVENUE A,AUSTIN,TX,78751,9,4600 | 4699 | AVE A,True,
2022-057515 OL,Short Term Rental Type 1-A,BLOCK OF 2900 WINDSOR RD,AUSTIN,TX,78703,10,2900 | 2999 | WINDSOR RD,True,
2012-103436 OL,Short Term Rental Type 1,BLOCK OF 1100 BLUEBONNET LN,AUSTIN,TX,78704,5,1100 | 1199 | BLUEBONNET LN,True,
2017-039399 OL,Short Term Rental Type 1,BLOCK OF 8300 BIG VIEW DR,AUSTIN,TX,78732,10,8300 | 8399 | BIG VIEW DR,True,official street range corridor
2025-156703 OL,Short Term Rental Type 2 Residential,BLOCK OF 2100 HORSE WAGON DR,AUSTIN,TX,78754,1,2100 | 2199 | HORSE WAGON DR,True,
2025-114519 OL,Short Term Rental Type 2 Residential,BLOCK OF 1900 E 2ND ST,AUSTIN,TX,78702,3,1900 | 1999 | E 2ND ST,True,official street range corridor
2025-019912 OL,Short Term Rental Type 2 Residential,BLOCK OF 2000 E 10TH ST,AUSTIN,TX,78702,1,2000 | 2099 | E 10TH ST,True,official street range corridor
2026-019276 OL,Short Term Rental Type 1,BLOCK OF 4800 CREEKWOOD RD,AUSTIN,TX,78723,1,4800 | 4899 | CREEKWOOD RD,True,
2026-072987 OL,Short Term Rental Type 3,BLOCK OF 500 W 16TH ST,AUSTIN,TX,78701,9,500 | 599 | W 16TH ST,True,official street range corridor
2023-017621 OL,Short Term Rental Type 1,BLOCK OF 1300 GARNER AVE,AUSTIN,TX,78704,5,1300 | 1399 | GARNER AVE,True,
2023-082965 OL,Short Term Rental Type 2 Residential,BLOCK OF 2400 SANTA RITA ST,AUSTIN,TX,78702,3,2400 | 2499 | SANTA RITA ST,True,
2025-010844 OL,Short Term Rental Type 2 Residential,BLOCK OF 1300 CEDAR AVE,AUSTIN,TX,78702,1,1300 | 1399 | CEDAR AVE,True,
2024-048407 OL,Short Term Rental Type 1,BLOCK OF 2100 EVA ST,AUSTIN,TX,78704,3,2100 | 2199 | EVA ST,True,
2026-042196 OL,Short Term Rental Type 2 Residential,BLOCK OF 400 W MILTON ST,AUSTIN,TX,78704,9,400 | 499 | W MILTON ST,True,
2026-004450 OL,Short Term Rental Type 2 Residential,BLOCK OF 4800 PROCK LN,AUSTIN,TX,78721,3,4800 | 4899 | PROCK LN,True,
2023-164085 OL,Short Term Rental Type 2 Residential,BLOCK OF 4100 TRAVIS COUNTRY CIR,AUSTIN,TX,78735,8,4100 | 4199 | TRAVIS COUNTRY CIR,True,
2023-007296 OL,Short Term Rental Type 1,BLOCK OF 1900 E 11TH ST,AUSTIN,TX,78702,1,1900 | 1999 | E 11TH ST,True,official street range corridor
2026-123622 OL,Short Term Rental Type 2 Residential,BLOCK OF 2200 PENNSYLVANIA AVE,AUSTIN,TX,78702,1,2200 | 2299 | PENNSYLVANIA AVE,True,
2024-088718 OL,Short Term Rental Type 2 Residential,BLOCK OF 12000 SNOW FINCH RD,AUSTIN,TX,78758,7,12000 | 12099 | SNOW FINCH RD,False,
2026-102861 OL,Short Term Rental Type 2 Residential,BLOCK OF 5700 CHINA BERRY RD,AUSTIN,TX,78744,2,5700 | 5799 | CHINA BERRY RD,True,
2025-020067 OL,Short Term Rental Type 2 Residential,BLOCK OF 2200 LANGFORD CV,AUSTIN,TX,78723,4,2200 | 2299 | LANGFORD CV,True,
2026-033991 OL,Short Term Rental Type 1,BLOCK OF 800 KINNEY AVE,AUSTIN,TX,78704,9,800 | 899 | KINNEY AVE,True,
2026-028932 OL,Short Term Rental Type 3,BLOCK OF 700 W 34TH ST,AUSTIN,TX,78705,9,700 | 799 | W 34TH ST,True,official street range corridor
2026-087917 OL,Short Term Rental Type 3,BLOCK OF 2500 THORNTON RD,AUSTIN,TX,78704,5,2500 | 2599 | THORNTON RD,True,
2023-129351 OL,Short Term Rental Type 2 Residential,BLOCK OF 1100 BROOKSWOOD AVE,AUSTIN,TX,78721,3,1100 | 1199 | BROOKSWOOD AVE,True,
2025-037367 OL,Short Term Rental Type 1,BLOCK OF 1200 BICKLER RD,AUSTIN,TX,78704,9,1200 | 1299 | BICKLER RD,True,
2026-106247 OL,Short Term Rental Type 2 Residential,BLOCK OF 5700 TURA LN,AUSTIN,TX,78721,1,5700 | 5799 | TURA LN,True,
2023-038702 OL,Short Term Rental Type 1-Secondary,BLOCK OF 1900 CANTERBURY ST,AUSTIN,TX,78702,3,1900 | 1999 | CANTERBURY ST,True,
2014-016198 OL,Short Term Rental Type 2 Residential,BLOCK OF 2100 WINSTED LN,AUSTIN,TX,78703,10,2100 | 2199 | WINSTED LN,True,
2026-123761 OL,Short Term Rental Type 2 Residential,BLOCK OF 2000 PRATHER LN,AUSTIN,TX,78704,5,2000 | 2099 | PRATHER LN,True,
2026-036167 OL,Short Term Rental Type 3,BLOCK OF 5900 CAMERON RD,AUSTIN,TX,78723,4,5900 | 5999 | CAMERON RD,True,
2013-125650 OL,Short Term Rental Type 1,BLOCK OF 2300 RUNDELL PL,AUSTIN,TX,78704,5,2300 | 2399 | RUNDELL PL,True,
2026-123656 OL,Short Term Rental Type 2 Residential,BLOCK OF 12000 ALOE VERA TRL,AUSTIN,TX,78750,6,12000 | 12099 | ALOE VERA TRL,False,
2014-001268 OL,Short Term Rental Type 2 Residential,BLOCK OF 200 E 41ST ST,AUSTIN,TX,78751,9,200 | 299 | E 41ST ST,True,official street range corridor
2026-049763 OL,Short Term Rental Type 1,BLOCK OF 8200 BELCLAIRE LN,AUSTIN,TX,78748,2,8200 | 8299 | BELCLAIRE LN,True,
2026-112660 OL,Short Term Rental Type 1,BLOCK OF 3000 CHENNAULT ST,AUSTIN,TX,78723,9,3000 | 3099 | CHENNAULT ST,True,
2026-036289 OL,Short Term Rental Type 3,BLOCK OF 2500 RIO GRANDE ST,AUSTIN,TX,78705,9,2500 | 2599 | RIO GRANDE ST,True,
2019-186466 OL,Short Term Rental Type 1,BLOCK OF 200 W MILTON ST,AUSTIN,TX,78704,9,200 | 299 | W MILTON ST,True,official street range corridor
2022-162689 OL,Short Term Rental Type 1,BLOCK OF 1800 NEWTON ST,AUSTIN,TX,78704,9,1800 | 1899 | NEWTON ST,True,
2026-083777 OL,Short Term Rental Type 3,BLOCK OF 1600 E 6TH ST,AUSTIN,TX,78702,3,1600 | 1699 | E 6TH ST,True,official street range corridor
2022-056177 OL,Short Term Rental Type 1-A,BLOCK OF 2200 RUNDELL PL,AUSTIN,TX,78704,5,2200 | 2299 | RUNDELL PL,True,
2026-036483 OL,Short Term Rental Type 2 Residential,BLOCK OF 2400 ANN ARBOR AVE,AUSTIN,TX,78704,5,2400 | 2499 | ANN ARBOR AVE,True,official street range corridor
2026-124503 OL,Short Term Rental Type 1,BLOCK OF 3900 BRECKENRIDGE DR,AUSTIN,TX,78744,2,3900 | 3999 | BRECKENRIDGE DR,True,
2025-066127 OL,Short Term Rental Type 2 Residential,BLOCK OF 2900 GLEN RAE ST,AUSTIN,TX,78702,1,2900 | 2999 | GLEN RAE ST,True,
2026-044003 OL,Short Term Rental Type 2 Residential,BLOCK OF 5500 MONTVIEW ST,AUSTIN,TX,78756,7,5500 | 5599 | MONTVIEW ST,True,
2026-020782 OL,Short Term Rental Type 3,BLOCK OF 12000 CENTURY OAKS TER,AUSTIN,TX,78758,7,12000 | 12099 | CENTURY OAKS TER,False,
2026-080576 OL,Short Term Rental Type 2 Residential,BLOCK OF 1800 PARKER LN,AUSTIN,TX,78741,3,1800 | 1899 | PARKER LN,True,
2026-076233 OL,Short Term Rental Type 2 Residential,BLOCK OF 900 FLORADALE DR,AUSTIN,TX,78753,1,900 | 999 | FLORADALE DR,True,
2023-114785 OL,Short Term Rental Type 2 Residential,BLOCK OF 5200 WOODROW AVE,AUSTIN,TX,78756,7,5200 | 5299 | WOODROW AVE,True,
2026-027746 OL,Short Term Rental Type 2 Residential,BLOCK OF 100 WALLER ST,AUSTIN,TX,78702,3,100 | 199 | WALLER ST,True,
2024-091625 OL,Short Term Rental Type 2 Residential,BLOCK OF 1500 EVA ST,AUSTIN,TX,78704,9,1500 | 1599 | EVA ST,True,
2014-007837 OL,Short Term Rental Type 3,BLOCK OF 2200 TRAILSIDE DR,AUSTIN,TX,78704,5,2200 | 2299 | TRAILSIDE DR,True,
2014-018138 OL,Short Term Rental Type 1-Secondary,BLOCK OF 1000 E 9TH ST,AUSTIN,TX,78702,1,1000 | 1099 | E 9TH ST,True,official street range corridor
2026-010581 OL,Short Term Rental Type 2 Residential,BLOCK OF 1500 RABB RD,AUSTIN,TX,78704,5,1500 | 1599 | RABB RD,True,
2026-079346 OL,Short Term Rental Type 1,BLOCK OF 4800 ABERDEEN DR,AUSTIN,TX,78745,3,4800 | 4899 | ABERDEEN DR,True,
2023-116212 OL,Short Term Rental Type 2 Residential,BLOCK OF 5900 BURROUGH DR,AUSTIN,TX,78745,5,5900 | 5999 | BURROUGH DR,True,
2026-087784 OL,Short Term Rental Type 2 Residential,BLOCK OF 5500 AVENUE F,AUSTIN,TX,78751,4,5500 | 5599 | AVE F,True,
2026-072630 OL,Short Term Rental Type 2 Residential,BLOCK OF 2300 TRAILSIDE DR,AUSTIN,TX,78704,5,2300 | 2399 | TRAILSIDE DR,True,
2026-031076 OL,Short Term Rental Type 1,BLOCK OF 10000 GRIZZLY OAK DR,AUSTIN,TX,78748,5,10000 | 10099 | GRIZZLY OAK DR,True,
2024-012345 OL,Short Term Rental Type 2 Residential,BLOCK OF 1200 COMETA ST,AUSTIN,TX,78721,1,1200 | 1299 | COMETA ST,True,
2026-098776 OL,Short Term Rental Type 1-Secondary,BLOCK OF 1300 RUTH AVE,AUSTIN,TX,78757,7,1300 | 1399 | RUTH AVE,True,
2022-071480 OL,Short Term Rental Type 3,BLOCK OF 1200 HOLLOW CREEK DR,AUSTIN,TX,78704,5,1200 | 1299 | HOLLOW CREEK DR,True,
2026-004283 OL,Short Term Rental Type 1-Secondary,BLOCK OF 7400 EASTCREST DR,AUSTIN,TX,78752,4,7400 | 7499 | EASTCREST DR,True,official street range corridor
2019-233021 OL,Short Term Rental Type 3,BLOCK OF 200 LAVACA ST,AUSTIN,TX,78701,9,200 | 299 | LAVACA ST,True,official street range corridor
2024-073954 OL,Short Term Rental Type 3,BLOCK OF 2700 HALCYON DR,AUSTIN,TX,78702,3,2700 | 2799 | HALCYON DR,True,official street range corridor
2022-069584 OL,Short Term Rental Type 1,BLOCK OF 300 BRAESWOOD RD,AUSTIN,TX,78704,3,300 | 399 | BRAESWOOD RD,True,
2025-047524 OL,Short Term Rental Type 1,BLOCK OF 2000 FORD ST,AUSTIN,TX,78704,5,2000 | 2099 | FORD ST,True,
2014-110878 OL,Short Term Rental Type 1-Secondary,BLOCK OF 600 W 11TH ST,AUSTIN,TX,78701,9,600 | 699 | W 11TH ST,True,official street range corridor
2021-103983 OL,Short Term Rental Type 1,BLOCK OF 1100 CLERMONT AVE,AUSTIN,TX,78702,3,1100 | 1199 | CLERMONT AVE,True,
2026-108455 OL,Short Term Rental Type 2 Residential,BLOCK OF 5400 TIPTON DR,AUSTIN,TX,78723,1,5400 | 5499 | TIPTON DR,True,
2025-157887 OL,Short Term Rental Type 3,BLOCK OF 100 RAINEY ST,AUSTIN,TX,78701,9,100 | 199 | RAINEY ST,True,official street range corridor
2026-036712 OL,Short Term Rental Type 1,BLOCK OF 1200 TAYLOR ST,AUSTIN,TX,78702,3,1200 | 1299 | TAYLOR ST,True,
2026-005255 OL,Short Term Rental Type 1,BLOCK OF 2800 LAFAYETTE AVE,AUSTIN,TX,78722,9,2800 | 2899 | LAFAYETTE AVE,True,
2012-100853 OL,Short Term Rental Type 2 Residential,BLOCK OF 1700 DRAKE AVE,AUSTIN,TX,78704,9,1700 | 1799 | DRAKE AVE,True,
2026-032860 OL,Short Term Rental Type 2 Residential,BLOCK OF 14000 HUMMINGBIRD LN,AUSTIN,TX,78732,10,14000 | 14099 | HUMMINGBIRD LN,True,
2026-037778 OL,Short Term Rental Type 1,BLOCK OF 1900 DAUPHINE CV,AUSTIN,TX,78727,7,1900 | 1999 | DAUPHINE CV,True,
2026-024172 OL,Short Term Rental Type 2 Residential,BLOCK OF 2600 DIAZ ST,AUSTIN,TX,78702,3,2600 | 2699 | DIAZ ST,True,
2025-157838 OL,Short Term Rental Type 3,BLOCK OF 100 RAINEY ST,AUSTIN,TX,78701,9,100 | 199 | RAINEY ST,True,official street range corridor
2018-130010 OL,Short Term Rental Type 1,BLOCK OF 6100 LOST HORIZON DR,AUSTIN,TX,78759,10,6100 | 6199 | LOST HORIZON DR,True,
2026-043462 OL,Short Term Rental Type 3,BLOCK OF 500 S CONGRESS AVE,AUSTIN,TX,78704,9,500 | 599 | S CONGRESS AVE,True,
2026-029000 OL,Short Term Rental Type 1-Secondary,BLOCK OF 2000 GARDEN ST,AUSTIN,TX,78702,3,2000 | 2099 | GARDEN ST,True,
2021-100215 OL,Short Term Rental Type 1-A,BLOCK OF 1700 RABB RD,AUSTIN,TX,78704,5,1700 | 1799 | RABB RD,True,
2025-043050 OL,Short Term Rental Type 2 Residential,BLOCK OF 12000 CEDAR BEND CV,AUSTIN,TX,78758,7,12000 | 12099 | CEDAR BEND CV,True,official street range corridor
2026-050148 OL,Short Term Rental Type 3,BLOCK OF 5000 CONVICT HILL RD,AUSTIN,TX,78749,8,5000 | 5099 | CONVICT HILL RD,True,
2023-028505 OL,Short Term Rental Type 2 Residential,BLOCK OF 1000 DANIEL DR,AUSTIN,TX,78704,9,1000 | 1099 | DANIEL DR,True,
2026-038530 OL,Short Term Rental Type 2 Residential,BLOCK OF 2300 E 2ND ST,AUSTIN,TX,78702,3,2300 | 2399 | E 2ND ST,True,official street range corridor
2026-119021 OL,Short Term Rental Type 2 Residential,BLOCK OF 1100 WOODLAND AVE,AUSTIN,TX,78704,9,1100 | 1199 | WOODLAND AVE,True,
2024-030535 OL,Short Term Rental Type 1-Secondary,BLOCK OF 2900 E 14TH ST,AUSTIN,TX,78702,1,2900 | 2999 | E 14TH ST,True,official street range corridor
2023-122293 OL,Short Term Rental Type 3,BLOCK OF 600 W 7TH ST,AUSTIN,TX,78701,9,600 | 699 | W 7TH ST,True,official street range corridor
2019-233040 OL,Short Term Rental Type 3,BLOCK OF 200 LAVACA ST,AUSTIN,TX,78701,9,200 | 299 | LAVACA ST,True,official street range corridor
2025-121087 OL,Short Term Rental Type 2 Residential,BLOCK OF 1700 WATERSTON AVE,AUSTIN,TX,78703,9,1700 | 1799 | WATERSTON AVE,True,
2025-013740 OL,Short Term Rental Type 3,BLOCK OF 1100 CLAYTON LN,AUSTIN,TX,78723,4,1100 | 1199 | CLAYTON LN,True,
2023-116353 OL,Short Term Rental Type 2 Residential,BLOCK OF 7200 TEABERRY DR,AUSTIN,TX,78745,2,7200 | 7299 | TEABERRY DR,True,
2026-094640 OL,Short Term Rental Type 2 Residential,BLOCK OF 3400 BRECKENRIDGE DR,AUSTIN,TX,78744,2,3400 | 3499 | BRECKENRIDGE DR,True,
2026-045514 OL,Short Term Rental Type 1,BLOCK OF 4700 ROWENA AVE,AUSTIN,TX,78751,9,4700 | 4799 | ROWENA AVE,True,
2026-050154 OL,Short Term Rental Type 3,BLOCK OF 5000 CONVICT HILL RD,AUSTIN,TX,78749,8,5000 | 5099 | CONVICT HILL RD,True,
2026-043745 OL,Short Term Rental Type 3,BLOCK OF 7100 GUADALUPE ST,AUSTIN,TX,78752,4,7100 | 7199 | GUADALUPE ST,True,
2025-158704 OL,Short Term Rental Type 2 Residential,BLOCK OF 400 ACADEMY DR,AUSTIN,TX,78704,9,400 | 499 | ACADEMY DR,True,
2026-069343 OL,Short Term Rental Type 2 Residential,BLOCK OF 5500 PALO BLANCO LN,AUSTIN,TX,78744,2,5500 | 5599 | PALO BLANCO LN,True,
2026-095535 OL,Short Term Rental Type 1,BLOCK OF 14000 CANTARRA DR,AUSTIN,TX,78660,1,14000 | 14099 | CANTARRA DR,True,official street range corridor
2026-103923 OL,Short Term Rental Type 2 Residential,BLOCK OF 1100 SALINA ST,AUSTIN,TX,78702,1,1100 | 1199 | SALINA ST,True,
2025-121062 OL,Short Term Rental Type 2 Residential,BLOCK OF 13000 SILVER CREEK DR,AUSTIN,TX,78727,7,13000 | 13099 | SILVER CREEK DR,True,
2018-024211 OL,Short Term Rental Type 3,BLOCK OF 500 W 8TH ST,AUSTIN,TX,78701,9,500 | 599 | W 8TH ST,True,official street range corridor
2015-051246 OL,Short Term Rental Type 3,BLOCK OF 600 HARTHAN ST,AUSTIN,TX,78703,9,600 | 699 | HARTHAN ST,True,
2026-068204 OL,Short Term Rental Type 2 Residential,BLOCK OF 100 LYNN ST,AUSTIN,TX,78702,3,100 | 199 | LYNN ST,True,official street range corridor
2024-008270 OL,Short Term Rental Type 2 Residential,BLOCK OF 1500 E 2ND ST,AUSTIN,TX,78702,3,1500 | 1599 | E 2ND ST,True,official street range corridor
2026-032023 OL,Short Term Rental Type 2 Residential,BLOCK OF 4000 WRIGHTWOOD RD,AUSTIN,TX,78722,9,4000 | 4099 | WRIGHTWOOD RD,True,
2026-006063 OL,Short Term Rental Type 3,BLOCK OF 1800 E 4TH ST,AUSTIN,TX,78702,3,1800 | 1899 | E 4TH ST,True,official street range corridor
2026-044599 OL,Short Term Rental Type 2 Residential,BLOCK OF 2300 SANTA MARIA ST,AUSTIN,TX,78702,3,2300 | 2399 | SANTA MARIA ST,True,
2025-143529 OL,Short Term Rental Type 3,BLOCK OF 1200 E 52ND ST,AUSTIN,TX,78723,4,1200 | 1299 | E 52ND ST,True,official street range corridor
2021-053915 OL,Short Term Rental Type 3,BLOCK OF 3800 SOUTHWAY DR,AUSTIN,TX,78704,3,3800 | 3899 | SOUTHWAY DR,True,
2024-051754 OL,Short Term Rental Type 2 Residential,BLOCK OF 6600 ISABELLE DR,AUSTIN,TX,78752,4,6600 | 6699 | ISABELLE DR,True,
2026-099497 OL,Short Term Rental Type 1,BLOCK OF 2000 E 8TH ST,AUSTIN,TX,78702,1,2000 | 2099 | E 8TH ST,True,official street range corridor
2026-123778 OL,Short Term Rental Type 2 Residential,BLOCK OF 2000 PRATHER LN,AUSTIN,TX,78704,5,2000 | 2099 | PRATHER LN,True,
2013-032121 OL,Short Term Rental Type 1-Secondary,BLOCK OF 3700 ENFIELD RD,AUSTIN,TX,78703,10,3700 | 3799 | ENFIELD RD,True,
2018-020983 OL,Short Term Rental Type 3,BLOCK OF 500 W 8TH ST,AUSTIN,TX,78701,9,500 | 599 | W 8TH ST,True,official street range corridor
2026-042299 OL,Short Term Rental Type 2 Residential,BLOCK OF 10000 PARLIAMENT HOUSE RD,AUSTIN,TX,78729,6,10000 | 10099 | PARLIAMENT HOUSE RD,True,official street range corridor
2024-125910 OL,Short Term Rental Type 1,BLOCK OF 3800 SOUTHRIDGE DR,AUSTIN,TX,78704,5,3800 | 3899 | SOUTHRIDGE DR,True,
2026-020538 OL,Short Term Rental Type 2 Residential,BLOCK OF 1600 GARDEN ST,AUSTIN,TX,78702,3,1600 | 1699 | GARDEN ST,True,
2026-050192 OL,Short Term Rental Type 3,BLOCK OF 13000 HEINEMANN DR,AUSTIN,TX,78727,6,13000 | 13099 | HEINEMANN DR,True,
2022-186793 OL,Short Term Rental Type 3,BLOCK OF 1400 W 39TH HALF ST,AUSTIN,TX,78756,10,1400 | 1499 | W 39TH HALF ST,True,official street range corridor
2025-158001 OL,Short Term Rental Type 3,BLOCK OF 100 RAINEY ST,AUSTIN,TX,78701,9,100 | 199 | RAINEY ST,True,official street range corridor
2025-016943 OL,Short Term Rental Type 2 Residential,BLOCK OF 6900 REESE LN,AUSTIN,TX,78757,7,6900 | 6999 | REESE LN,True,
2022-170191 OL,Short Term Rental Type 1,BLOCK OF 1200 ANGELINA ST,AUSTIN,TX,78702,1,1200 | 1299 | ANGELINA ST,True,
2026-059715 OL,Short Term Rental Type 2 Residential,BLOCK OF 11000 WALNUT RIDGE DR,AUSTIN,TX,78753,1,11000 | 11099 | WALNUT RIDGE DR,True,official street range corridor
2021-169804 OL,Short Term Rental Type 1,BLOCK OF 2100 MAPLE AVE,AUSTIN,TX,78722,1,2100 | 2199 | MAPLE AVE,True,
2019-241732 OL,Short Term Rental Type 2 Residential,BLOCK OF 2200 HOLLY ST,AUSTIN,TX,78702,3,2200 | 2299 | HOLLY ST,True,
2025-143267 OL,Short Term Rental Type 1,BLOCK OF 700 MALTESE CROSS DR,AUSTIN,TX,78748,5,700 | 799 | MALTESE CROSS DR,True,
2018-174589 OL,Short Term Rental Type 2 Residential,BLOCK OF 1100 E RIVERSIDE DR,AUSTIN,TX,78704,9,1100 | 1199 | E RIVERSIDE DR,True,
2025-031937 OL,Short Term Rental Type 1-Secondary,BLOCK OF 3000 CLAWSON RD,AUSTIN,TX,78704,5,3000 | 3099 | CLAWSON RD,True,
2026-040297 OL,Short Term Rental Type 3,BLOCK OF 2000 BLUEBONNET LN,AUSTIN,TX,78704,5,2000 | 2099 | BLUEBONNET LN,True,
2022-033664 OL,Short Term Rental Type 1,BLOCK OF 3200 WALNUT AVE,AUSTIN,TX,78722,9,3200 | 3299 | WALNUT AVE,True,
2026-031995 OL,Short Term Rental Type 3,BLOCK OF 1600 E 6TH ST,AUSTIN,TX,78702,3,1600 | 1699 | E 6TH ST,True,official street range corridor
2026-025264 OL,Short Term Rental Type 3,BLOCK OF 1100 SHOAL CREEK BLVD,AUSTIN,TX,78701,9,1100 | 1199 | SHOAL CREEK BLVD,True,official street range corridor
2026-029202 OL,Short Term Rental Type 1,BLOCK OF 1700 HOLLY ST,AUSTIN,TX,78702,3,1700 | 1799 | HOLLY ST,True,
2026-070582 OL,Short Term Rental Type 1,BLOCK OF 12000 HORNSBY ST,AUSTIN,TX,78753,7,12000 | 12099 | HORNSBY ST,False,
2025-025839 OL,Short Term Rental Type 1,BLOCK OF 2700 STACY LN,AUSTIN,TX,78704,3,2700 | 2799 | STACY LN,True,
2023-103251 OL,Short Term Rental Type 3,BLOCK OF 5300 ST GEORGES GREEN,AUSTIN,TX,78745,5,5300 | 5399 | ST GEORGES GREEN,True,
2025-022125 OL,Short Term Rental Type 1,BLOCK OF 5400 SPRING MEADOW RD,AUSTIN,TX,78744,2,5400 | 5499 | SPRING MEADOW RD,True,
2023-049850 OL,Short Term Rental Type 1-Secondary,BLOCK OF 4600 RAMSEY AVE,AUSTIN,TX,78756,7,4600 | 4699 | RAMSEY AVE,True,
2026-039243 OL,Short Term Rental Type 2 Residential,BLOCK OF 5700 NANCY DR,AUSTIN,TX,78745,2,5700 | 5799 | NANCY DR,True,
2013-016135 OL,Short Term Rental Type 2 Residential,BLOCK OF 1800 KENWOOD AVE,AUSTIN,TX,78704,9,1800 | 1899 | KENWOOD AVE,True,
2025-001860 OL,Short Term Rental Type 1,BLOCK OF 1300 JUSTIN LN,AUSTIN,TX,78757,7,1300 | 1399 | JUSTIN LN,True,
2025-138995 OL,Short Term Rental Type 1,BLOCK OF 700 LANDON LN,AUSTIN,TX,78705,9,700 | 799 | LANDON LN,True,
2018-004534 OL,Short Term Rental Type 1,BLOCK OF 400 PARK LN,AUSTIN,TX,78704,9,400 | 499 | PARK LN,True,
2026-064640 OL,Short Term Rental Type 1,BLOCK OF 12000 BELL AVE,AUSTIN,TX,78727,6,12000 | 12099 | BELL AVE,True,
2023-150560 OL,Short Term Rental Type 2 Residential,BLOCK OF 400 E ANNIE ST,AUSTIN,TX,78704,9,400 | 499 | E ANNIE ST,True,
2021-113480 OL,Short Term Rental Type 1,BLOCK OF 1500 ROCKDALE CIR,AUSTIN,TX,78704,5,1500 | 1599 | ROCKDALE CIR,True,
2018-024259 OL,Short Term Rental Type 3,BLOCK OF 500 W 8TH ST,AUSTIN,TX,78701,9,500 | 599 | W 8TH ST,True,official street range corridor
2026-103905 OL,Short Term Rental Type 2 Residential,BLOCK OF 1600 E 9TH ST,AUSTIN,TX,78702,1,1600 | 1699 | E 9TH ST,True,official street range corridor
2026-034964 OL,Short Term Rental Type 2 Residential,BLOCK OF 1400 CANTERBURY ST,AUSTIN,TX,78702,3,1400 | 1499 | CANTERBURY ST,True,
2024-112827 OL,Short Term Rental Type 2 Residential,BLOCK OF 1800 CEDAR RIDGE DR,AUSTIN,TX,78741,3,1800 | 1899 | CEDAR RIDGE DR,True,
2021-074563 OL,Short Term Rental Type 3,BLOCK OF 300 BRAZOS ST,AUSTIN,TX,78701,9,300 | 399 | BRAZOS ST,True,
2026-032478 OL,Short Term Rental Type 2 Residential,BLOCK OF 2100 HASKELL ST,AUSTIN,TX,78702,3,2100 | 2199 | HASKELL ST,True,
2026-046068 OL,Short Term Rental Type 1,BLOCK OF 8100 CORRIGAN PASS,AUSTIN,TX,78744,2,8100 | 8199 | CORRIGAN PASS,True,
2019-010101 OL,Short Term Rental Type 1,BLOCK OF 4600 PHILCO DR,AUSTIN,TX,78745,5,4600 | 4699 | PHILCO DR,True,
2026-030995 OL,Short Term Rental Type 1,BLOCK OF 9000 IPSWICH BAY DR,AUSTIN,TX,78747,2,9000 | 9099 | IPSWICH BAY DR,True,
2025-005518 OL,Short Term Rental Type 3,BLOCK OF 1100 SABINE ST,AUSTIN,TX,78701,9,1100 | 1199 | SABINE ST,True,official street range corridor
2025-011385 OL,Short Term Rental Type 2 Residential,BLOCK OF 2400 VENTURA DR,AUSTIN,TX,78741,3,2400 | 2499 | VENTURA DR,True,
2026-070905 OL,Short Term Rental Type 1,BLOCK OF 4600 CREEK BEND DR,AUSTIN,TX,78744,2,4600 | 4699 | CREEK BEND DR,True,
2026-119740 OL,Short Term Rental Type 1,BLOCK OF 4400 RUSSELL DR,AUSTIN,TX,78745,5,4400 | 4499 | RUSSELL DR,True,
2026-020413 OL,Short Term Rental Type 2 Residential,BLOCK OF 3400 CEDAR ST,AUSTIN,TX,78705,9,3400 | 3499 | CEDAR ST,True,
2026-069314 OL,Short Term Rental Type 2 Residential,BLOCK OF 12000 BITTERN HOLW,AUSTIN,TX,78758,7,12000 | 12099 | BITTERN HOLW,True,
2026-083773 OL,Short Term Rental Type 3,BLOCK OF 1600 E 6TH ST,AUSTIN,TX,78702,3,1600 | 1699 | E 6TH ST,True,official street range corridor
2024-023940 OL,Short Term Rental Type 1,BLOCK OF 500 BRAMBLE DR,AUSTIN,TX,78745,2,500 | 599 | BRAMBLE DR,True,
2023-158370 OL,Short Term Rental Type 2 Residential,BLOCK OF 6100 CARNATION TER,AUSTIN,TX,78741,3,6100 | 6199 | CARNATION TER,True,
2025-016845 OL,Short Term Rental Type 2 Residential,BLOCK OF 7600 NORTHCREST BLVD,AUSTIN,TX,78752,4,7600 | 7699 | NORTHCREST BLVD,True,
2026-080910 OL,Short Term Rental Type 1,BLOCK OF 6900 HORSESHOE POND DR,AUSTIN,TX,78617,2,6900 | 6999 | HORSESHOE POND DR,True,
2017-104481 OL,Short Term Rental Type 1-Secondary,BLOCK OF 800 E 48TH ST,AUSTIN,TX,78751,9,800 | 899 | E 48TH ST,True,official street range corridor
2019-175447 OL,Short Term Rental Type 1-Secondary,BLOCK OF 4000 AVENUE A,AUSTIN,TX,78751,9,4000 | 4099 | AVE A,True,
2025-048847 OL,Short Term Rental Type 1-Secondary,BLOCK OF 700 W ANNIE ST,AUSTIN,TX,78704,9,700 | 799 | W ANNIE ST,True,
2022-144535 OL,Short Term Rental Type 1,BLOCK OF 900 SPENCE ST,AUSTIN,TX,78702,3,900 | 999 | SPENCE ST,True,
2019-189688 OL,Short Term Rental Type 3,BLOCK OF 1200 E 5TH ST,AUSTIN,TX,78702,3,1200 | 1299 | E 5TH ST,True,official street range corridor
2026-040439 OL,Short Term Rental Type 2 Residential,BLOCK OF 6700 ARIES LN,AUSTIN,TX,78724,1,6700 | 6799 | ARIES LN,True,
2025-007916 OL,Short Term Rental Type 2 Residential,BLOCK OF 4600 TANNEY ST,AUSTIN,TX,78721,3,4600 | 4699 | TANNEY ST,True,
2026-031593 OL,Short Term Rental Type 3,BLOCK OF 1600 E 6TH ST,AUSTIN,TX,78702,3,1600 | 1699 | E 6TH ST,True,official street range corridor
2017-158242 OL,Short Term Rental Type 1-Secondary,BLOCK OF 900 E 55TH ST,AUSTIN,TX,78751,4,900 | 999 | E 55TH ST,True,official street range corridor
2023-123977 OL,Short Term Rental Type 2 Residential,BLOCK OF 6700 MOUNTAIN TRL,AUSTIN,TX,78732,10,6700 | 6799 | MOUNTAIN TRL,True,
2022-153925 OL,Short Term Rental Type 1-A,BLOCK OF 1000 W JOHANNA ST,AUSTIN,TX,78704,3,1000 | 1099 | W JOHANNA ST,True,
2026-066910 OL,Short Term Rental Type 2 Residential,BLOCK OF 8000 MELLENCAMP DR,AUSTIN,TX,78744,2,8000 | 8099 | MELLENCAMP DR,True,official street range corridor
2022-054423 OL,Short Term Rental Type 1,BLOCK OF 8100 SHENANDOAH DR,AUSTIN,TX,78753,4,8100 | 8199 | SHENANDOAH DR,True,
2025-035338 OL,Short Term Rental Type 2 Residential,BLOCK OF 800 CHICON ST,AUSTIN,TX,78702,1,800 | 899 | CHICON ST,True,
2026-117712 OL,Short Term Rental Type 2 Residential,BLOCK OF 1200 SHORT HACKBERRY,AUSTIN,TX,78702,1,1200 | 1299 | SHORT HACKBERRY,True,
2021-029065 OL,Short Term Rental Type 3,BLOCK OF 400 W 3RD ST,AUSTIN,TX,78701,9,400 | 499 | W 3RD ST,True,official street range corridor
2014-007844 OL,Short Term Rental Type 3,BLOCK OF 4000 DUVAL ST,AUSTIN,TX,78751,9,4000 | 4099 | DUVAL ST,True,
2026-090505 OL,Short Term Rental Type 1-Secondary,BLOCK OF 1600 ROCKMOOR AVE,AUSTIN,TX,78703,10,1600 | 1699 | ROCKMOOR AVE,True,
2026-057183 OL,Short Term Rental Type 3,BLOCK OF 6100 E RIVERSIDE DR,AUSTIN,TX,78741,3,6100 | 6199 | E RIVERSIDE DR,True,
2019-030689 OL,Short Term Rental Type 1,BLOCK OF 3900 CHAMISA DR,AUSTIN,TX,78730,10,3900 | 3999 | CHAMISA DR,True,
2020-019328 OL,Short Term Rental Type 1,BLOCK OF 1000 E 13TH ST,AUSTIN,TX,78702,1,1000 | 1099 | E 13TH ST,True,official street range corridor
2026-063397 OL,Short Term Rental Type 2 Residential,BLOCK OF 1100 W MARY ST,AUSTIN,TX,78704,3,1100 | 1199 | W MARY ST,True,
2020-062543 OL,Short Term Rental Type 1,BLOCK OF 1500 OAK HEIGHTS DR,AUSTIN,TX,78741,9,1500 | 1599 | OAK HEIGHTS DR,True,
2025-157741 OL,Short Term Rental Type 3,BLOCK OF 1400 E 51ST ST,AUSTIN,TX,78723,4,1400 | 1499 | E 51ST ST,True,official street range corridor
2023-039230 OL,Short Term Rental Type 1,BLOCK OF 1800 FRAZIER AVE,AUSTIN,TX,78704,5,1800 | 1899 | FRAZIER AVE,True,
2026-022159 OL,Short Term Rental Type 3,BLOCK OF 6300 S 1ST ST,AUSTIN,TX,78745,2,6300 | 6399 | S 1ST ST,True,
2024-128727 OL,Short Term Rental Type 2 Residential,BLOCK OF 1700 NASH AVE,AUSTIN,TX,78704,5,1700 | 1799 | NASH AVE,True,
2019-021856 OL,Short Term Rental Type 1,BLOCK OF 900 TERRELL HILL DR,AUSTIN,TX,78704,3,900 | 999 | TERRELL HILL DR,True,
2026-058875 OL,Short Term Rental Type 1,BLOCK OF 2900 PANNELL ST,AUSTIN,TX,78722,1,2900 | 2999 | PANNELL ST,True,
2026-088701 OL,Short Term Rental Type 1,BLOCK OF 9800 CHILDRESS DR,AUSTIN,TX,78753,4,9800 | 9899 | CHILDRESS DR,True,
2026-119570 OL,Short Term Rental Type 1,BLOCK OF 900 W LIVE OAK ST,AUSTIN,TX,78704,3,900 | 999 | W LIVE OAK ST,True,
2018-024111 OL,Short Term Rental Type 3,BLOCK OF 500 W 8TH ST,AUSTIN,TX,78701,9,500 | 599 | W 8TH ST,True,official street range corridor
2025-131946 OL,Short Term Rental Type 1-Secondary,BLOCK OF 6500 SUNSTRIP DR,AUSTIN,TX,78745,2,6500 | 6599 | SUNSTRIP DR,True,
2026-099116 OL,Short Term Rental Type 1-Secondary,BLOCK OF 600 KINNEY AVE,AUSTIN,TX,78704,9,600 | 699 | KINNEY AVE,True,
2024-060558 OL,Short Term Rental Type 2 Commercial,BLOCK OF 1000 CONCORDIA AVE,AUSTIN,TX,78705,9,1000 | 1099 | CONCORDIA AVE,True,
2020-042223 OL,Short Term Rental Type 1,BLOCK OF 5800 CITY PARK RD,AUSTIN,TX,78730,10,5800 | 5899 | CITY PARK RD,True,official street range corridor
2026-008689 OL,Short Term Rental Type 1,BLOCK OF 2000 FORD ST,AUSTIN,TX,78704,5,2000 | 2099 | FORD ST,True,
2024-001280 OL,Short Term Rental Type 2 Residential,BLOCK OF 100 HERGOTZ LN,AUSTIN,TX,78742,3,100 | 199 | HERGOTZ LN,True,
2025-136347 OL,Short Term Rental Type 2 Residential,BLOCK OF 1800 KINGWOOD CV,AUSTIN,TX,78757,4,1800 | 1899 | KINGWOOD CV,True,
2026-035239 OL,Short Term Rental Type 3,BLOCK OF 500 PECAN GROVE RD,AUSTIN,TX,78704,9,500 | 599 | PECAN GROVE RD,True,
2026-017641 OL,Short Term Rental Type 2 Residential,BLOCK OF 6400 WAGON SPRING ST,AUSTIN,TX,78617,2,6400 | 6499 | WAGON SPRING ST,True,
2023-051625 OL,Short Term Rental Type 1-Secondary,BLOCK OF 2400 S 5TH ST,AUSTIN,TX,78704,3,2400 | 2499 | S 5TH ST,True,official street range corridor
2026-033182 OL,Short Term Rental Type 1,BLOCK OF 5600 BULL CREEK RD,AUSTIN,TX,78756,7,5600 | 5699 | BULL CREEK RD,True,
2024-071283 OL,Short Term Rental Type 2 Residential,BLOCK OF 1400 MINNIE DR,AUSTIN,TX,78732,10,1400 | 1499 | MINNIE DR,True,
2026-043640 OL,Short Term Rental Type 3,BLOCK OF 500 E OLTORF ST,AUSTIN,TX,78704,3,500 | 599 | E OLTORF ST,True,
2020-194678 OL,Short Term Rental Type 1,BLOCK OF 900 SPENCE ST,AUSTIN,TX,78702,3,900 | 999 | SPENCE ST,True,
2019-039169 OL,Short Term Rental Type 1,BLOCK OF 3200 SMOKY RIDGE,AUSTIN,TX,78730,10,3200 | 3299 | SMOKY RIDGE,True,official street range corridor
2023-014640 OL,Short Term Rental Type 1,BLOCK OF 2700 E 3RD ST,AUSTIN,TX,78702,3,2700 | 2799 | E 3RD ST,True,official street range corridor
2021-192382 OL,Short Term Rental Type 1-A,BLOCK OF 4000 CAMACHO ST,AUSTIN,TX,78723,9,4000 | 4099 | CAMACHO ST,True,
2025-139375 OL,Short Term Rental Type 2 Residential,BLOCK OF 4000 BRIONES ST,AUSTIN,TX,78723,9,4000 | 4099 | BRIONES ST,True,
2025-151446 OL,Short Term Rental Type 2 Residential,BLOCK OF 7100 THANNAS WAY,AUSTIN,TX,78744,2,7100 | 7199 | THANNAS WAY,True,
2016-141279 OL,Short Term Rental Type 1-Secondary,BLOCK OF 1600 DRAKE AVE,AUSTIN,TX,78704,9,1600 | 1699 | DRAKE AVE,True,
2024-022218 OL,Short Term Rental Type 2 Residential,BLOCK OF 1100 EBERT AVE,AUSTIN,TX,78721,3,1100 | 1199 | EBERT AVE,True,
2026-061656 OL,Short Term Rental Type 1,BLOCK OF 1100 LAMBIE ST,AUSTIN,TX,78702,3,1100 | 1199 | LAMBIE ST,True,
2023-021199 OL,Short Term Rental Type 2 Residential,BLOCK OF 600 CLIFFORD DR,AUSTIN,TX,78745,3,600 | 699 | CLIFFORD DR,True,
2026-065443 OL,Short Term Rental Type 2 Residential,BLOCK OF 7300 SHADYWOOD DR,AUSTIN,TX,78745,2,7300 | 7399 | SHADYWOOD DR,True,
2016-106754 OL,Short Term Rental Type 1,BLOCK OF 1900 WILLOW ST,AUSTIN,TX,78702,3,1900 | 1999 | WILLOW ST,True,
2019-153235 OL,Short Term Rental Type 1,BLOCK OF 12000 LOSTWOOD CIR,AUSTIN,TX,78748,8,12000 | 12099 | LOSTWOOD CIR,True,official street range corridor
2026-031566 OL,Short Term Rental Type 3,BLOCK OF 1600 E 6TH ST,AUSTIN,TX,78702,3,1600 | 1699 | E 6TH ST,True,official street range corridor
2026-088996 OL,Short Term Rental Type 1,BLOCK OF 500 FRANKLIN BLVD,AUSTIN,TX,78751,9,500 | 599 | FRANKLIN BLVD,True,
2026-109486 OL,Short Term Rental Type 1,BLOCK OF 9200 GRANT FOREST DR,AUSTIN,TX,78744,5,9200 | 9299 | GRANT FOREST DR,True,
2025-101813 OL,Short Term Rental Type 1,BLOCK OF 1700 SAN GABRIEL ST,AUSTIN,TX,78701,9,1700 | 1799 | SAN GABRIEL ST,True,
2026-090985 OL,Short Term Rental Type 3,BLOCK OF 1400 S LAMAR BLVD,AUSTIN,TX,78704,9,1400 | 1499 | S LAMAR BLVD,True,
2025-144776 OL,Short Term Rental Type 2 Residential,BLOCK OF 100 ANTHONY ST,AUSTIN,TX,78702,3,100 | 199 | ANTHONY ST,True,official street range corridor
2022-177048 OL,Short Term Rental Type 3,BLOCK OF 800 BLANCO ST,AUSTIN,TX,78703,9,800 | 899 | BLANCO ST,True,
2015-127994 OL,Short Term Rental Type 2 Residential,BLOCK OF 1900 E 14TH ST,AUSTIN,TX,78702,1,1900 | 1999 | E 14TH ST,True,official street range corridor
2026-101636 OL,Short Term Rental Type 2 Residential,BLOCK OF 2400 BURLESON CT,AUSTIN,TX,78741,3,2400 | 2499 | BURLESON CT,True,
2026-020444 OL,Short Term Rental Type 2 Residential,BLOCK OF 12000 DILLON FALLS DR,AUSTIN,TX,78747,5,12000 | 12099 | DILLON FALLS DR,True,
2026-096013 OL,Short Term Rental Type 1-Secondary,BLOCK OF 1700 CANTERBURY ST,AUSTIN,TX,78702,3,1700 | 1799 | CANTERBURY ST,True,
2025-115693 OL,Short Term Rental Type 2 Residential,BLOCK OF 1400 HOLLY ST,AUSTIN,TX,78702,3,1400 | 1499 | HOLLY ST,True,
2024-044695 OL,Short Term Rental Type 2 Residential,BLOCK OF 4500 AVENUE G,AUSTIN,TX,78751,9,4500 | 4599 | AVE G,True,
2025-117908 OL,Short Term Rental Type 2 Residential,BLOCK OF 7300 BENNETT AVE,AUSTIN,TX,78752,4,7300 | 7399 | BENNETT AVE,True,
2021-137800 OL,Short Term Rental Type 1,BLOCK OF 700 W MARY ST,AUSTIN,TX,78704,3,700 | 799 | W MARY ST,True,
2026-037815 OL,Short Term Rental Type 1-Secondary,BLOCK OF 2100 RIVERVIEW ST,AUSTIN,TX,78702,3,2100 | 2199 | RIVERVIEW ST,True,
2026-035081 OL,Short Term Rental Type 3,BLOCK OF 2300 GROVE BLVD,AUSTIN,TX,78741,3,2300 | 2399 | GROVE BLVD,True,
2023-113422 OL,Short Term Rental Type 2 Residential,BLOCK OF 8700 DITTMAR OAKS DR,AUSTIN,TX,78748,5,8700 | 8799 | DITTMAR OAKS DR,True,
2026-119614 OL,Short Term Rental Type 2 Residential,BLOCK OF 4900 SYLVANDALE DR,AUSTIN,TX,78745,5,4900 | 4999 | SYLVANDALE DR,True,
2023-119716 OL,Short Term Rental Type 2 Residential,BLOCK OF 3000 MATADOR DR,AUSTIN,TX,78741,3,3000 | 3099 | MATADOR DR,True,
2012-102245 OL,Short Term Rental Type 1-Secondary,BLOCK OF 3500 SPEEDWAY,AUSTIN,TX,78705,9,3500 | 3599 | SPEEDWAY,True,
2012-116102 OL,Short Term Rental Type 2 Residential,BLOCK OF 11000 NUTWOOD CV,AUSTIN,TX,78726,6,11000 | 11099 | NUTWOOD CV,True,official street range corridor
2026-090966 OL,Short Term Rental Type 1,BLOCK OF 7100 GREENOCK ST,AUSTIN,TX,78749,8,7100 | 7199 | GREENOCK ST,True,
2026-026080 OL,Short Term Rental Type 2 Residential,BLOCK OF 2100 HOMEDALE DR,AUSTIN,TX,78704,5,2100 | 2199 | HOMEDALE DR,True,
2026-107059 OL,Short Term Rental Type 2 Residential,BLOCK OF 3400 ROBINSON AVE,AUSTIN,TX,78722,9,3400 | 3499 | ROBINSON AVE,True,
2024-137628 OL,Short Term Rental Type 1,BLOCK OF 1800 MORNING QUAIL DR,AUSTIN,TX,78758,7,1800 | 1899 | MORNING QUAIL DR,True,
2026-067267 OL,Short Term Rental Type 1,BLOCK OF 2200 E 8TH ST,AUSTIN,TX,78702,1,2200 | 2299 | E 8TH ST,True,official street range corridor
2025-140883 OL,Short Term Rental Type 2 Residential,BLOCK OF 4600 FAWNWOOD CV,AUSTIN,TX,78735,8,4600 | 4699 | FAWNWOOD CV,True,
2023-143277 OL,Short Term Rental Type 1,BLOCK OF 9400 MOUNTAIN QUAIL RD,AUSTIN,TX,78758,4,9400 | 9499 | MOUNTAIN QUAIL RD,True,
2026-045470 OL,Short Term Rental Type 3,BLOCK OF 600 HIGHLAND AVE,AUSTIN,TX,78703,9,600 | 699 | HIGHLAND AVE,True,
2019-202160 OL,Short Term Rental Type 2 Residential,BLOCK OF 400 N PLEASANT VALLEY RD,AUSTIN,TX,78702,3,400 | 499 | N PLEASANT VALLEY RD,True,
2026-031774 OL,Short Term Rental Type 3,BLOCK OF 1600 E 6TH ST,AUSTIN,TX,78702,3,1600 | 1699 | E 6TH ST,True,official street range corridor
2025-125437 OL,Short Term Rental Type 1-Secondary,BLOCK OF 1500 TRAVIS HEIGHTS BLVD,AUSTIN,TX,78704,9,1500 | 1599 | TRAVIS HEIGHTS BLVD,True,
2026-103596 OL,Short Term Rental Type 1,BLOCK OF 4900 LANSING DR,AUSTIN,TX,78745,5,4900 | 4999 | LANSING DR,True,
2021-190787 OL,Short Term Rental Type 3,BLOCK OF 1800 SOUTH LAKESHORE BLVD,AUSTIN,TX,78741,3,1800 | 1899 | S LAKESHORE BLVD,False,
2026-034940 OL,Short Term Rental Type 2 Residential,BLOCK OF 1100 UPLAND DR,AUSTIN,TX,78741,9,1100 | 1199 | UPLAND DR,True,
2026-030735 OL,Short Term Rental Type 1,BLOCK OF 1000 LAMBIE ST,AUSTIN,TX,78702,3,1000 | 1099 | LAMBIE ST,True,
2026-065112 OL,Short Term Rental Type 3,BLOCK OF 9100 RESEARCH BLVD SVRD NB,AUSTIN,TX,78758,7,9100 | 9199 | RESEARCH BLVD SVRD NB,True,official street range corridor
2026-013329 OL,Short Term Rental Type 2 Residential,BLOCK OF 400 BATTLE BEND BLVD,AUSTIN,TX,78745,3,400 | 499 | BATTLE BEND BLVD,True,
2025-019615 OL,Short Term Rental Type 1-Secondary,BLOCK OF 1800 MIRIAM AVE,AUSTIN,TX,78702,1,1800 | 1899 | MIRIAM AVE,True,
2026-051093 OL,Short Term Rental Type 3,BLOCK OF 8900 TALLWOOD DR,AUSTIN,TX,78759,10,8900 | 8999 | TALLWOOD DR,False,
2026-033037 OL,Short Term Rental Type 2 Residential,BLOCK OF 7100 COMANCHE TRL,AUSTIN,TX,78732,10,7100 | 7199 | COMANCHE TRL,True,
2026-119467 OL,Short Term Rental Type 2 Residential,BLOCK OF 2000 CHESHIRE DR,AUSTIN,TX,78723,4,2000 | 2099 | CHESHIRE DR,True,
2026-043573 OL,Short Term Rental Type 3,BLOCK OF 500 CONGRESS AVE,AUSTIN,TX,78701,9,500 | 599 | CONGRESS AVE,True,
2023-161382 OL,Short Term Rental Type 2 Residential,BLOCK OF 400 LIGHTSEY RD,AUSTIN,TX,78704,3,400 | 499 | LIGHTSEY RD,True,
2025-158527 OL,Short Term Rental Type 2 Residential,BLOCK OF 1100 BRASS ST,AUSTIN,TX,78702,3,1100 | 1199 | BRASS ST,True,
2017-027854 OL,Short Term Rental Type 1-A,BLOCK OF 6900 RYAN DR,AUSTIN,TX,78757,7,6900 | 6999 | RYAN DR,True,
2026-035292 OL,Short Term Rental Type 3,BLOCK OF 3500 S 1ST ST,AUSTIN,TX,78704,3,3500 | 3599 | S 1ST ST,True,official street range corridor
2024-060397 OL,Short Term Rental Type 2 Residential,BLOCK OF 1800 W 8TH ST,AUSTIN,TX,78703,9,1800 | 1899 | W 8TH ST,True,official street range corridor
2023-007363 OL,Short Term Rental Type 1,BLOCK OF 1700 W 10TH ST,AUSTIN,TX,78703,9,1700 | 1799 | W 10TH ST,True,official street range corridor
2026-100378 OL,Short Term Rental Type 2 Residential,BLOCK OF 1800 W 11TH ST,AUSTIN,TX,78703,9,1800 | 1899 | W 11TH ST,True,official street range corridor
2019-189361 OL,Short Term Rental Type 3,BLOCK OF 1200 E 5TH ST,AUSTIN,TX,78702,3,1200 | 1299 | E 5TH ST,True,official street range corridor
2025-038483 OL,Short Term Rental Type 2 Residential,BLOCK OF 1700 WEBBERVILLE RD,AUSTIN,TX,78721,1,1700 | 1799 | WEBBERVILLE RD,True,
2026-008234 OL,Short Term Rental Type 2 Residential,BLOCK OF 2200 POQUITO ST,AUSTIN,TX,78722,1,2200 | 2299 | POQUITO ST,True,official street range corridor
2026-066327 OL,Short Term Rental Type 3,BLOCK OF 6300 S 1ST ST,AUSTIN,TX,78745,2,6300 | 6399 | S 1ST ST,True,
2019-234734 OL,Short Term Rental Type 3,BLOCK OF 200 LAVACA ST,AUSTIN,TX,78701,9,200 | 299 | LAVACA ST,True,official street range corridor
2022-174460 OL,Short Term Rental Type 1,BLOCK OF 1300 S 6TH ST,AUSTIN,TX,78704,9,1300 | 1399 | S 6TH ST,True,
2025-145509 OL,Short Term Rental Type 2 Residential,BLOCK OF 2000 WILLOW ST,AUSTIN,TX,78702,3,2000 | 2099 | WILLOW ST,True,
2026-083948 OL,Short Term Rental Type 1,BLOCK OF 500 LOCKHART DR,AUSTIN,TX,78704,9,500 | 599 | LOCKHART DR,True,
2026-031682 OL,Short Term Rental Type 2 Residential,BLOCK OF 6600 HART LN,AUSTIN,TX,78731,10,6600 | 6699 | HART LN,True,
2025-013656 OL,Short Term Rental Type 3,BLOCK OF 2500 THORNTON RD,AUSTIN,TX,78704,5,2500 | 2599 | THORNTON RD,True,
2023-027611 OL,Short Term Rental Type 1,BLOCK OF 200 SHERATON AVE,AUSTIN,TX,78745,3,200 | 299 | SHERATON AVE,True,
2025-137381 OL,Short Term Rental Type 2 Residential,BLOCK OF 6000 THAMES DR,AUSTIN,TX,78723,4,6000 | 6099 | THAMES DR,True,
2026-059386 OL,Short Term Rental Type 2 Residential,BLOCK OF 1700 CHICON ST,AUSTIN,TX,78702,1,1700 | 1799 | CHICON ST,True,
2023-116171 OL,Short Term Rental Type 2 Residential,BLOCK OF 1800 WOODLAND AVE,AUSTIN,TX,78741,3,1800 | 1899 | WOODLAND AVE,True,
2022-147036 OL,Short Term Rental Type 1,BLOCK OF 6600 CRUZ ST,AUSTIN,TX,78741,3,6600 | 6699 | CRUZ ST,True,
2026-057388 OL,Short Term Rental Type 1,BLOCK OF 2700 E 22ND ST,AUSTIN,TX,78722,1,2700 | 2799 | E 22ND ST,True,official street range corridor
2015-040123 OL,Short Term Rental Type 1,BLOCK OF 1200 CANTERBURY ST,AUSTIN,TX,78702,3,1200 | 1299 | CANTERBURY ST,True,
2026-024112 OL,Short Term Rental Type 2 Residential,BLOCK OF 600 W NORTH LOOP BLVD,AUSTIN,TX,78751,9,600 | 699 | W N LOOP BLVD,True,
2026-100614 OL,Short Term Rental Type 1,BLOCK OF 2300 BENDRIDGE TRL,AUSTIN,TX,78744,2,2300 | 2399 | BENDRIDGE TRL,True,
2024-133372 OL,Short Term Rental Type 2 Residential,BLOCK OF 14000 LAKE VIEW DR,AUSTIN,TX,78732,10,14000 | 14099 | LAKE VIEW DR,True,
2026-066328 OL,Short Term Rental Type 3,BLOCK OF 6300 S 1ST ST,AUSTIN,TX,78745,2,6300 | 6399 | S 1ST ST,True,
2024-031927 OL,Short Term Rental Type 2 Residential,BLOCK OF 1500 KINNEY AVE,AUSTIN,TX,78704,5,1500 | 1599 | KINNEY AVE,True,
2023-010320 OL,Short Term Rental Type 1,BLOCK OF 6500 ALASAN CV,AUSTIN,TX,78730,10,6500 | 6599 | ALASAN CV,True,
2026-036363 OL,Short Term Rental Type 1,BLOCK OF 2300 DEL CURTO RD,AUSTIN,TX,78704,5,2300 | 2399 | DEL CURTO RD,True,
2025-070712 OL,Short Term Rental Type 3,BLOCK OF 1600 E 6TH ST,AUSTIN,TX,78702,3,1600 | 1699 | E 6TH ST,True,official street range corridor
2022-167409 OL,Short Term Rental Type 3,BLOCK OF 1100 HOLLOW CREEK DR,AUSTIN,TX,78704,5,1100 | 1199 | HOLLOW CREEK DR,True,
2019-190174 OL,Short Term Rental Type 2 Residential,BLOCK OF 800 W MARY ST,AUSTIN,TX,78704,3,800 | 899 | W MARY ST,True,
2024-005114 OL,Short Term Rental Type 1,BLOCK OF 1900 HAMILTON AVE,AUSTIN,TX,78702,1,1900 | 1999 | HAMILTON AVE,True,
2024-135827 OL,Short Term Rental Type 2 Commercial,BLOCK OF 1700 LAGUNA LOMA CV,AUSTIN,TX,78746,8,1700 | 1799 | LAGUNA LOMA CV,True,
2022-178181 OL,Short Term Rental Type 2 Residential,BLOCK OF 2500 COATBRIDGE DR,AUSTIN,TX,78745,5,2500 | 2599 | COATBRIDGE DR,True,
2023-110704 OL,Short Term Rental Type 2 Residential,BLOCK OF 1200 GREENWOOD AVE,AUSTIN,TX,78721,1,1200 | 1299 | GREENWOOD AVE,True,
2026-017718 OL,Short Term Rental Type 2 Residential,BLOCK OF 1200 COLETO ST,AUSTIN,TX,78702,1,1200 | 1299 | COLETO ST,True,
2025-151362 OL,Short Term Rental Type 2 Residential,BLOCK OF 1800 MAPLE AVE,AUSTIN,TX,78702,1,1800 | 1899 | MAPLE AVE,True,
2026-074730 OL,Short Term Rental Type 2 Residential,BLOCK OF 12000 MAROGOT RUN,AUSTIN,TX,78758,7,12000 | 12099 | MAROGOT RUN,True,official street range corridor
2022-032164 OL,Short Term Rental Type 1-Secondary,BLOCK OF 3300 ALDWYCHE DR,AUSTIN,TX,78704,5,3300 | 3399 | ALDWYCHE DR,True,
2025-013304 OL,Short Term Rental Type 2 Residential,BLOCK OF 11000 HUNTERS LN,AUSTIN,TX,78753,7,11000 | 11099 | HUNTERS LN,True,official street range corridor
2026-114235 OL,Short Term Rental Type 1,BLOCK OF 2000 HASKELL ST,AUSTIN,TX,78702,3,2000 | 2099 | HASKELL ST,True,
2026-084926 OL,Short Term Rental Type 2 Residential,BLOCK OF 7000 SHUMARD CIR,AUSTIN,TX,78759,10,7000 | 7099 | SHUMARD CIR,True,
2026-121124 OL,Short Term Rental Type 1,BLOCK OF 3700 BLACK GRANITE DR,AUSTIN,TX,78744,2,3700 | 3799 | BLACK GRANITE DR,True,
2018-056320 OL,Short Term Rental Type 1-A,BLOCK OF 2300 SANTA ROSA ST,AUSTIN,TX,78702,3,2300 | 2399 | SANTA ROSA ST,True,
2025-136286 OL,Short Term Rental Type 3,BLOCK OF 1500 W 6TH ST,AUSTIN,TX,78703,9,1500 | 1599 | W 6TH ST,True,official street range corridor
2026-108414 OL,Short Term Rental Type 2 Residential,BLOCK OF 2400 E 2ND ST,AUSTIN,TX,78702,3,2400 | 2499 | E 2ND ST,True,official street range corridor
2025-062217 OL,Short Term Rental Type 1,BLOCK OF 4600 RAMSEY AVE,AUSTIN,TX,78756,7,4600 | 4699 | RAMSEY AVE,True,
2025-148345 OL,Short Term Rental Type 2 Residential,BLOCK OF 9500 WOODSHIRE DR,AUSTIN,TX,78748,5,9500 | 9599 | WOODSHIRE DR,True,
2026-035258 OL,Short Term Rental Type 3,BLOCK OF 3500 S 1ST ST,AUSTIN,TX,78704,3,3500 | 3599 | S 1ST ST,True,official street range corridor
2016-145682 OL,Short Term Rental Type 1-Secondary,BLOCK OF 1000 E 9TH ST,AUSTIN,TX,78702,1,1000 | 1099 | E 9TH ST,True,official street range corridor
2025-126335 OL,Short Term Rental Type 1,BLOCK OF 6100 CLUB TER,AUSTIN,TX,78741,3,6100 | 6199 | CLUB TER,True,
2017-031322 OL,Short Term Rental Type 1,BLOCK OF 13000 BULLICK HOLLOW RD,AUSTIN,TX,78732,10,13000 | 13099 | BULLICK HOLLOW RD,True,official street range corridor
2019-189284 OL,Short Term Rental Type 3,BLOCK OF 1200 E 5TH ST,AUSTIN,TX,78702,3,1200 | 1299 | E 5TH ST,True,official street range corridor
2017-008580 OL,Short Term Rental Type 1-Secondary,BLOCK OF 1700 GARDEN ST,AUSTIN,TX,78702,3,1700 | 1799 | GARDEN ST,True,
2014-008399 OL,Short Term Rental Type 2 Residential,BLOCK OF 8400 BANGOR BND,AUSTIN,TX,78758,4,8400 | 8499 | BANGOR BND,True,
2024-082436 OL,Short Term Rental Type 2 Residential,BLOCK OF 3200 CUPID DR,AUSTIN,TX,78735,5,3200 | 3299 | CUPID DR,True,
2025-042332 OL,Short Term Rental Type 2 Residential,BLOCK OF 1200 BOULDIN AVE,AUSTIN,TX,78704,9,1200 | 1299 | BOULDIN AVE,True,
2025-114632 OL,Short Term Rental Type 2 Residential,BLOCK OF 1900 E 2ND ST,AUSTIN,TX,78702,3,1900 | 1999 | E 2ND ST,True,official street range corridor
2022-038048 OL,Short Term Rental Type 1,BLOCK OF 1600 S 3RD ST,AUSTIN,TX,78704,9,1600 | 1699 | S 3RD ST,True,official street range corridor
2025-031603 OL,Short Term Rental Type 1,BLOCK OF 900 SCREECH OWL DR,AUSTIN,TX,78660,7,900 | 999 | SCREECH OWL DR,True,
2026-083311 OL,Short Term Rental Type 2 Residential,BLOCK OF 12000 CEDARSPUR RD,AUSTIN,TX,78758,7,12000 | 12099 | CEDARSPUR RD,True,official street range corridor
2025-121831 OL,Short Term Rental Type 2 Residential,BLOCK OF 1500 HOLLY ST,AUSTIN,TX,78702,3,1500 | 1599 | HOLLY ST,True,
2025-115655 OL,Short Term Rental Type 2 Residential,BLOCK OF 12000 DUNDEE DR,AUSTIN,TX,78759,10,12000 | 12099 | DUNDEE DR,True,official street range corridor
2023-006119 OL,Short Term Rental Type 1-Secondary,BLOCK OF 1500 CANTERBURY ST,AUSTIN,TX,78702,3,1500 | 1599 | CANTERBURY ST,True,
2025-162144 OL,Short Term Rental Type 3,BLOCK OF 600 BRUSHY ST,AUSTIN,TX,78702,3,600 | 699 | BRUSHY ST,True,official street range corridor
2026-032330 OL,Short Term Rental Type 2 Residential,BLOCK OF 1200 SAN BERNARD ST,AUSTIN,TX,78702,1,1200 | 1299 | SAN BERNARD ST,True,
2024-053763 OL,Short Term Rental Type 3,BLOCK OF 1900 ALBURY CV,AUSTIN,TX,78758,7,1900 | 1999 | ALBURY CV,True,
2021-037436 OL,Short Term Rental Type 3,BLOCK OF 1700 E MARTIN LUTHER KING JR BLVD,AUSTIN,TX,78702,1,1700 | 1799 | E MARTIN LUTHER KING JR BLVD,True,official street range corridor
2025-009980 OL,Short Term Rental Type 2 Residential,BLOCK OF 2400 S 5TH ST,AUSTIN,TX,78704,3,2400 | 2499 | S 5TH ST,True,official street range corridor
2024-112235 OL,Short Term Rental Type 1,BLOCK OF 800 W 17TH ST,AUSTIN,TX,78701,9,800 | 899 | W 17TH ST,True,official street range corridor
2026-098614 OL,Short Term Rental Type 2 Residential,BLOCK OF 5900 NANCY DR,AUSTIN,TX,78745,2,5900 | 5999 | NANCY DR,True,
2026-034855 OL,Short Term Rental Type 2 Residential,BLOCK OF 1300 E 2ND ST,AUSTIN,TX,78702,3,1300 | 1399 | E 2ND ST,True,official street range corridor
2026-060402 OL,Short Term Rental Type 2 Residential,BLOCK OF 6000 SEVILLE DR,AUSTIN,TX,78724,1,6000 | 6099 | SEVILLE DR,True,
2026-012267 OL,Short Term Rental Type 2 Commercial,BLOCK OF 5000 IRVINE LN,AUSTIN,TX,78617,2,5000 | 5099 | IRVINE LN,True,
2021-206473 OL,Short Term Rental Type 3,BLOCK OF 3500 GRIFFITH ST,AUSTIN,TX,78705,9,3500 | 3599 | GRIFFITH ST,True,official street range corridor
2026-001269 OL,Short Term Rental Type 2 Residential,BLOCK OF 1100 NORTHWESTERN AVE,AUSTIN,TX,78702,1,1100 | 1199 | NORTHWESTERN AVE,True,
2026-119033 OL,Short Term Rental Type 2 Residential,BLOCK OF 6800 MONTANA ST,AUSTIN,TX,78741,3,6800 | 6899 | MONTANA ST,True,
2026-043401 OL,Short Term Rental Type 3,BLOCK OF 500 S CONGRESS AVE,AUSTIN,TX,78704,9,500 | 599 | S CONGRESS AVE,True,
2026-045415 OL,Short Term Rental Type 1,BLOCK OF 2000 E 11TH ST,AUSTIN,TX,78702,1,2000 | 2099 | E 11TH ST,True,official street range corridor
2023-129447 OL,Short Term Rental Type 2 Residential,BLOCK OF 1100 BROOKSWOOD AVE,AUSTIN,TX,78721,3,1100 | 1199 | BROOKSWOOD AVE,True,
2025-145361 OL,Short Term Rental Type 2 Residential,BLOCK OF 1400 E 2ND ST,AUSTIN,TX,78702,3,1400 | 1499 | E 2ND ST,True,official street range corridor
2019-233002 OL,Short Term Rental Type 3,BLOCK OF 200 LAVACA ST,AUSTIN,TX,78701,9,200 | 299 | LAVACA ST,True,official street range corridor
2022-130298 OL,Short Term Rental Type 1,BLOCK OF 2400 W 12TH ST,AUSTIN,TX,78703,10,2400 | 2499 | W 12TH ST,True,official street range corridor
2023-027385 OL,Short Term Rental Type 3,BLOCK OF 7400 N LAMAR BLVD,AUSTIN,TX,78757,7,7400 | 7499 | N LAMAR BLVD,True,official street range corridor
2019-215520 OL,Short Term Rental Type 3,BLOCK OF 200 E 4TH ST,AUSTIN,TX,78701,9,200 | 299 | E 4TH ST,True,official street range corridor
2023-064931 OL,Short Term Rental Type 1,BLOCK OF 3500 COOKSTOWN DR,AUSTIN,TX,78759,7,3500 | 3599 | COOKSTOWN DR,True,
2026-043867 OL,Short Term Rental Type 3,BLOCK OF 1400 S LAMAR BLVD,AUSTIN,TX,78704,9,1400 | 1499 | S LAMAR BLVD,True,
2026-117464 OL,Short Term Rental Type 1,BLOCK OF 1100 ARTHUR STILES RD,AUSTIN,TX,78721,3,1100 | 1199 | ARTHUR STILES RD,True,
2026-110502 OL,Short Term Rental Type 1,BLOCK OF 300 HACKBERRY LN,AUSTIN,TX,78753,4,300 | 399 | HACKBERRY LN,True,
2026-044746 OL,Short Term Rental Type 2 Residential,BLOCK OF 1100 MINNIE DR,AUSTIN,TX,78732,10,1100 | 1199 | MINNIE DR,True,
2026-091590 OL,Short Term Rental Type 1,BLOCK OF 4700 OAK CLIFF DR,AUSTIN,TX,78721,1,4700 | 4799 | OAK CLIFF DR,True,
2017-041055 OL,Short Term Rental Type 1,BLOCK OF 1100 W 6TH ST,AUSTIN,TX,78703,9,1100 | 1199 | W 6TH ST,True,official street range corridor
2025-155453 OL,Short Term Rental Type 3,BLOCK OF 1800 BURTON DR,AUSTIN,TX,78741,3,1800 | 1899 | BURTON DR,True,
2026-096824 OL,Short Term Rental Type 1,BLOCK OF 2600 GWENDOLYN LN,AUSTIN,TX,78748,5,2600 | 2699 | GWENDOLYN LN,True,
2026-096912 OL,Short Term Rental Type 2 Residential,BLOCK OF 5900 NANCY DR,AUSTIN,TX,78745,2,5900 | 5999 | NANCY DR,True,
2014-015228 OL,Short Term Rental Type 1,BLOCK OF 1100 MISSION RIDGE,AUSTIN,TX,78704,9,1100 | 1199 | MISSION RIDGE,True,official street range corridor
2026-105815 OL,Short Term Rental Type 2 Residential,BLOCK OF 1400 HASKELL ST,AUSTIN,TX,78702,3,1400 | 1499 | HASKELL ST,True,
2022-056189 OL,Short Term Rental Type 1,BLOCK OF 1700 HASKELL ST,AUSTIN,TX,78702,3,1700 | 1799 | HASKELL ST,True,
2026-078452 OL,Short Term Rental Type 1,BLOCK OF 7000 ALEGRE PASS,AUSTIN,TX,78744,2,7000 | 7099 | ALEGRE PASS,True,
2026-083862 OL,Short Term Rental Type 3,BLOCK OF 1600 E 6TH ST,AUSTIN,TX,78702,3,1600 | 1699 | E 6TH ST,True,official street range corridor
2026-046356 OL,Short Term Rental Type 3,BLOCK OF 5900 CAMERON RD,AUSTIN,TX,78723,4,5900 | 5999 | CAMERON RD,True,
2019-189550 OL,Short Term Rental Type 3,BLOCK OF 1200 E 5TH ST,AUSTIN,TX,78702,3,1200 | 1299 | E 5TH ST,True,official street range corridor
2023-155236 OL,Short Term Rental Type 3,BLOCK OF 700 W 34TH ST,AUSTIN,TX,78705,9,700 | 799 | W 34TH ST,True,official street range corridor
2015-127991 OL,Short Term Rental Type 2 Residential,BLOCK OF 1900 E 14TH ST,AUSTIN,TX,78702,1,1900 | 1999 | E 14TH ST,True,official street range corridor
2026-118139 OL,Short Term Rental Type 1,BLOCK OF 2000 GOODRICH AVE,AUSTIN,TX,78704,5,2000 | 2099 | GOODRICH AVE,True,
2025-139379 OL,Short Term Rental Type 1,BLOCK OF 1800 WATERSTON AVE,AUSTIN,TX,78703,9,1800 | 1899 | WATERSTON AVE,True,
2026-036575 OL,Short Term Rental Type 3,BLOCK OF 2300 GROVE BLVD,AUSTIN,TX,78741,3,2300 | 2399 | GROVE BLVD,True,
2026-105498 OL,Short Term Rental Type 2 Residential,BLOCK OF 2900 E 3RD ST,AUSTIN,TX,78702,3,2900 | 2999 | E 3RD ST,True,official street range corridor
2026-029753 OL,Short Term Rental Type 1,BLOCK OF 4700 CLAWSON RD,AUSTIN,TX,78745,5,4700 | 4799 | CLAWSON RD,True,
2026-056831 OL,Short Term Rental Type 1,BLOCK OF 2700 E 2ND ST,AUSTIN,TX,78702,3,2700 | 2799 | E 2ND ST,True,official street range corridor
2026-094057 OL,Short Term Rental Type 2 Residential,BLOCK OF 6900 WINEDALE DR,AUSTIN,TX,78759,10,6900 | 6999 | WINEDALE DR,True,
2026-118469 OL,Short Term Rental Type 1,BLOCK OF 2900 KASSARINE PASS,AUSTIN,TX,78704,5,2900 | 2999 | KASSARINE PASS,True,
2026-088741 OL,Short Term Rental Type 1,BLOCK OF 1500 CHELSEA LN,AUSTIN,TX,78704,9,1500 | 1599 | CHELSEA LN,True,
2026-044872 OL,Short Term Rental Type 3,BLOCK OF 2200 TOWN LAKE CIR,AUSTIN,TX,78741,3,2200 | 2299 | TOWN LAKE CIR,True,
2026-009426 OL,Short Term Rental Type 3,BLOCK OF 800 BLANCO ST,AUSTIN,TX,78703,9,800 | 899 | BLANCO ST,True,
2022-069559 OL,Short Term Rental Type 1,BLOCK OF 1400 HASKELL ST,AUSTIN,TX,78702,3,1400 | 1499 | HASKELL ST,True,
2023-140844 OL,Short Term Rental Type 2 Residential,BLOCK OF 1500 DRAKE AVE,AUSTIN,TX,78704,9,1500 | 1599 | DRAKE AVE,True,
2023-051055 OL,Short Term Rental Type 1,BLOCK OF 7000 COMANCHE TRL,AUSTIN,TX,78732,10,7000 | 7099 | COMANCHE TRL,True,
2019-189630 OL,Short Term Rental Type 3,BLOCK OF 1200 E 5TH ST,AUSTIN,TX,78702,3,1200 | 1299 | E 5TH ST,True,official street range corridor
2025-016859 OL,Short Term Rental Type 2 Residential,BLOCK OF 1800 KENWOOD AVE,AUSTIN,TX,78704,9,1800 | 1899 | KENWOOD AVE,True,
2026-028488 OL,Short Term Rental Type 2 Residential,BLOCK OF 2500 E 11TH ST,AUSTIN,TX,78702,1,2500 | 2599 | E 11TH ST,True,official street range corridor
2025-120924 OL,Short Term Rental Type 3,BLOCK OF 2100 BURTON DR,AUSTIN,TX,78741,3,2100 | 2199 | BURTON DR,True,
2026-059975 OL,Short Term Rental Type 2 Residential,BLOCK OF 6700 GOLD MOSS CV,AUSTIN,TX,78745,2,6700 | 6799 | GOLD MOSS CV,True,
2024-126051 OL,Short Term Rental Type 2 Residential,BLOCK OF 2000 PRATHER LN,AUSTIN,TX,78704,5,2000 | 2099 | PRATHER LN,True,
2025-139443 OL,Short Term Rental Type 2 Residential,BLOCK OF 500 CHAPARRAL RD,AUSTIN,TX,78745,2,500 | 599 | CHAPARRAL RD,True,
2025-026659 OL,Short Term Rental Type 2 Residential,BLOCK OF 1600 RAVEY ST,AUSTIN,TX,78704,5,1600 | 1699 | RAVEY ST,True,
2025-158161 OL,Short Term Rental Type 3,BLOCK OF 100 RAINEY ST,AUSTIN,TX,78701,9,100 | 199 | RAINEY ST,True,official street range corridor
2026-118002 OL,Short Term Rental Type 2 Residential,BLOCK OF 7200 TWISTED OAKS DR,AUSTIN,TX,78745,5,7200 | 7299 | TWISTED OAKS DR,True,
2025-155736 OL,Short Term Rental Type 3,BLOCK OF 100 RAINEY ST,AUSTIN,TX,78701,9,100 | 199 | RAINEY ST,True,official street range corridor
2026-057093 OL,Short Term Rental Type 2 Residential,BLOCK OF 3200 TWINBERRY CV,AUSTIN,TX,78746,8,3200 | 3299 | TWINBERRY CV,True,
2026-059280 OL,Short Term Rental Type 2 Residential,BLOCK OF 7600 BROOKHOLLOW CV,AUSTIN,TX,78752,1,7600 | 7699 | BROOKHOLLOW CV,True,
2023-132830 OL,Short Term Rental Type 2 Residential,BLOCK OF 600 W JOHANNA ST,AUSTIN,TX,78704,3,600 | 699 | W JOHANNA ST,True,
2026-050201 OL,Short Term Rental Type 3,BLOCK OF 13000 HEINEMANN DR,AUSTIN,TX,78727,6,13000 | 13099 | HEINEMANN DR,True,
2017-142759 OL,Short Term Rental Type 1-Secondary,BLOCK OF 1200 HILLSIDE AVE,AUSTIN,TX,78704,9,1200 | 1299 | HILLSIDE AVE,True,
2025-158676 OL,Short Term Rental Type 1-Secondary,BLOCK OF 400 OERTLI LN,AUSTIN,TX,78753,4,400 | 499 | OERTLI LN,True,
2024-109804 OL,Short Term Rental Type 2 Residential,BLOCK OF 600 KEMP ST,AUSTIN,TX,78741,3,600 | 699 | KEMP ST,True,
2026-035225 OL,Short Term Rental Type 3,BLOCK OF 500 PECAN GROVE RD,AUSTIN,TX,78704,9,500 | 599 | PECAN GROVE RD,True,
2018-207669 OL,Short Term Rental Type 1,BLOCK OF 1700 HOLLY ST,AUSTIN,TX,78702,3,1700 | 1799 | HOLLY ST,True,
2026-112102 OL,Short Term Rental Type 2 Residential,BLOCK OF 7200 WHITE PANDA RUN,AUSTIN,TX,78617,2,7200 | 7299 | WHITE PANDA RUN,True,
2025-005499 OL,Short Term Rental Type 1,BLOCK OF 2200 ENFIELD RD,AUSTIN,TX,78703,10,2200 | 2299 | ENFIELD RD,True,
2025-162733 OL,Short Term Rental Type 1-Secondary,BLOCK OF 1100 W ANNIE ST,AUSTIN,TX,78704,9,1100 | 1199 | W ANNIE ST,True,
2025-011170 OL,Short Term Rental Type 2 Residential,BLOCK OF 1100 MYRTLE ST,AUSTIN,TX,78702,1,1100 | 1199 | MYRTLE ST,True,
2025-157915 OL,Short Term Rental Type 3,BLOCK OF 100 RAINEY ST,AUSTIN,TX,78701,9,100 | 199 | RAINEY ST,True,official street range corridor
2022-033793 OL,Short Term Rental Type 1,BLOCK OF 2700 S 2ND ST,AUSTIN,TX,78704,3,2700 | 2799 | S 2ND ST,True,official street range corridor
2021-158867 OL,Short Term Rental Type 3,BLOCK OF 2500 S LAMAR BLVD,AUSTIN,TX,78704,5,2500 | 2599 | S LAMAR BLVD,True,
2019-176122 OL,Short Term Rental Type 3,BLOCK OF 200 LAVACA ST,AUSTIN,TX,78701,9,200 | 299 | LAVACA ST,True,official street range corridor
2026-031320 OL,Short Term Rental Type 1,BLOCK OF 6800 MINI CIR,AUSTIN,TX,78745,5,6800 | 6899 | MINI CIR,True,
2018-021946 OL,Short Term Rental Type 3,BLOCK OF 500 W 8TH ST,AUSTIN,TX,78701,9,500 | 599 | W 8TH ST,True,official street range corridor
2018-024221 OL,Short Term Rental Type 3,BLOCK OF 500 W 8TH ST,AUSTIN,TX,78701,9,500 | 599 | W 8TH ST,True,official street range corridor
2025-134499 OL,Short Term Rental Type 1,BLOCK OF 12000 LAGUARDIA LN,AUSTIN,TX,78617,2,12000 | 12099 | LAGUARDIA LN,True,official street range corridor
2020-027196 OL,Short Term Rental Type 1,BLOCK OF 3800 WILSON ST,AUSTIN,TX,78704,3,3800 | 3899 | WILSON ST,True,
2025-008159 OL,Short Term Rental Type 2 Residential,BLOCK OF 2800 PRADO ST,AUSTIN,TX,78702,3,2800 | 2899 | PRADO ST,True,
2026-101421 OL,Short Term Rental Type 2 Residential,BLOCK OF 2500 E 2ND ST,AUSTIN,TX,78702,3,2500 | 2599 | E 2ND ST,True,official street range corridor
2024-079989 OL,Short Term Rental Type 2 Residential,BLOCK OF 4700 DELORES AVE,AUSTIN,TX,78721,1,4700 | 4799 | DELORES AVE,True,
2022-146197 OL,Short Term Rental Type 3,BLOCK OF 1600 E 6TH ST,AUSTIN,TX,78702,3,1600 | 1699 | E 6TH ST,True,official street range corridor
2026-113401 OL,Short Term Rental Type 1,BLOCK OF 4700 AVENUE H,AUSTIN,TX,78751,9,4700 | 4799 | AVE H,True,
2013-016151 OL,Short Term Rental Type 2 Residential,BLOCK OF 1100 REAGAN TER,AUSTIN,TX,78704,9,1100 | 1199 | REAGAN TER,True,
2024-161931 OL,Short Term Rental Type 3,BLOCK OF 900 ROMERIA DR,AUSTIN,TX,78757,7,900 | 999 | ROMERIA DR,True,
2026-094618 OL,Short Term Rental Type 1,BLOCK OF 2700 E 22ND ST,AUSTIN,TX,78722,1,2700 | 2799 | E 22ND ST,True,official street range corridor
2023-010231 OL,Short Term Rental Type 1,BLOCK OF 1000 E 43RD ST,AUSTIN,TX,78751,9,1000 | 1099 | E 43RD ST,True,official street range corridor
2015-008040 OL,Short Term Rental Type 2 Residential,BLOCK OF 2500 WILLOW ST,AUSTIN,TX,78702,3,2500 | 2599 | WILLOW ST,True,
2025-132014 OL,Short Term Rental Type 1,BLOCK OF 2000 COLETO ST,AUSTIN,TX,78722,1,2000 | 2099 | COLETO ST,True,
2023-150751 OL,Short Term Rental Type 2 Residential,BLOCK OF 1200 COMAL ST,AUSTIN,TX,78702,1,1200 | 1299 | COMAL ST,True,
2025-029903 OL,Short Term Rental Type 2 Residential,BLOCK OF 5800 GLEN MEADOW DR,AUSTIN,TX,78745,2,5800 | 5899 | GLEN MEADOW DR,True,
2013-016147 OL,Short Term Rental Type 2 Residential,BLOCK OF 1800 KENWOOD AVE,AUSTIN,TX,78704,9,1800 | 1899 | KENWOOD AVE,True,
2025-108049 OL,Short Term Rental Type 2 Residential,BLOCK OF 12000 BELL AVE,AUSTIN,TX,78759,10,12000 | 12099 | BELL AVE,True,
2026-097813 OL,Short Term Rental Type 1,BLOCK OF 7300 FOREST WOOD RD,AUSTIN,TX,78745,5,7300 | 7399 | FOREST WOOD RD,True,
2026-082354 OL,Short Term Rental Type 1-A,BLOCK OF 1300 E 13TH ST,AUSTIN,TX,78702,1,1300 | 1399 | E 13TH ST,True,official street range corridor
2021-166193 OL,Short Term Rental Type 1,BLOCK OF 1300 E CESAR CHAVEZ ST,AUSTIN,TX,78702,3,1300 | 1399 | E CESAR CHAVEZ ST,True,
2025-163483 OL,Short Term Rental Type 2 Residential,BLOCK OF 1300 SPYGLASS DR,AUSTIN,TX,78746,8,1300 | 1399 | SPYGLASS DR,True,
2024-022318 OL,Short Term Rental Type 2 Residential,BLOCK OF 3300 DALTON ST,AUSTIN,TX,78745,5,3300 | 3399 | DALTON ST,True,
2022-031119 OL,Short Term Rental Type 1,BLOCK OF 900 EBONY ST,AUSTIN,TX,78704,9,900 | 999 | EBONY ST,True,
2026-046248 OL,Short Term Rental Type 1,BLOCK OF 1300 BENTWOOD RD,AUSTIN,TX,78722,9,1300 | 1399 | BENTWOOD RD,True,
2025-013137 OL,Short Term Rental Type 1,BLOCK OF 3400 CATALINA DR,AUSTIN,TX,78741,3,3400 | 3499 | CATALINA DR,True,
2026-037335 OL,Short Term Rental Type 1,BLOCK OF 1900 PALO DURO RD,AUSTIN,TX,78757,7,1900 | 1999 | PALO DURO RD,True,
2026-057193 OL,Short Term Rental Type 3,BLOCK OF 6100 E RIVERSIDE DR,AUSTIN,TX,78741,3,6100 | 6199 | E RIVERSIDE DR,True,
2026-119692 OL,Short Term Rental Type 2 Residential,BLOCK OF 1900 TILLOTSON AVE,AUSTIN,TX,78702,1,1900 | 1999 | TILLOTSON AVE,True,
2025-159004 OL,Short Term Rental Type 2 Residential,BLOCK OF 500 ARBOR LN,AUSTIN,TX,78745,3,500 | 599 | ARBOR LN,True,
2023-058359 OL,Short Term Rental Type 2 Residential,BLOCK OF 2800 E 22ND ST,AUSTIN,TX,78722,1,2800 | 2899 | E 22ND ST,True,official street range corridor
2026-009050 OL,Short Term Rental Type 2 Residential,BLOCK OF 3400 ELIJA ST,AUSTIN,TX,78745,8,3400 | 3499 | ELIJA ST,True,
2019-009772 OL,Short Term Rental Type 1,BLOCK OF 2100 PENNSYLVANIA AVE,AUSTIN,TX,78702,1,2100 | 2199 | PENNSYLVANIA AVE,True,
2025-131736 OL,Short Term Rental Type 2 Residential,BLOCK OF 4800 PROCK LN,AUSTIN,TX,78721,3,4800 | 4899 | PROCK LN,True,
2024-002055 OL,Short Term Rental Type 2 Residential,BLOCK OF 1300 WESTMOOR DR,AUSTIN,TX,78723,4,1300 | 1399 | WESTMOOR DR,True,
2026-050200 OL,Short Term Rental Type 3,BLOCK OF 13000 HEINEMANN DR,AUSTIN,TX,78727,6,13000 | 13099 | HEINEMANN DR,True,
2019-215604 OL,Short Term Rental Type 3,BLOCK OF 300 E 4TH ST,AUSTIN,TX,78701,9,300 | 399 | E 4TH ST,True,official street range corridor
2025-108214 OL,Short Term Rental Type 2 Residential,BLOCK OF 3700 MUNSON ST,AUSTIN,TX,78721,1,3700 | 3799 | MUNSON ST,True,
2025-011102 OL,Short Term Rental Type 2 Residential,BLOCK OF 3600 E 12TH ST,AUSTIN,TX,78721,1,3600 | 3699 | E 12TH ST,True,official street range corridor
2025-111211 OL,Short Term Rental Type 3,BLOCK OF 3100 SCOFIELD RIDGE PKWY,AUSTIN,TX,78727,7,3100 | 3199 | SCOFIELD RIDGE PKWY,True,
2025-070718 OL,Short Term Rental Type 3,BLOCK OF 1600 E 6TH ST,AUSTIN,TX,78702,3,1600 | 1699 | E 6TH ST,True,official street range corridor
2026-050273 OL,Short Term Rental Type 1,BLOCK OF 3300 FAR VIEW DR,AUSTIN,TX,78730,10,3300 | 3399 | FAR VIEW DR,True,
2024-008939 OL,Short Term Rental Type 3,BLOCK OF 6400 RIALTO BLVD,AUSTIN,TX,78735,8,6400 | 6499 | RIALTO BLVD,True,
2025-082226 OL,Short Term Rental Type 2 Residential,BLOCK OF 100 LYNN ST,AUSTIN,TX,78702,3,100 | 199 | LYNN ST,True,official street range corridor
2026-024829 OL,Short Term Rental Type 1,BLOCK OF 13000 INDIGO CV,AUSTIN,TX,78732,10,13000 | 13099 | INDIGO CV,True,official street range corridor
2026-056413 OL,Short Term Rental Type 2 Residential,BLOCK OF 100 WALLER ST,AUSTIN,TX,78702,3,100 | 199 | WALLER ST,True,
2026-008279 OL,Short Term Rental Type 2 Residential,BLOCK OF 1200 LEONA ST,AUSTIN,TX,78702,1,1200 | 1299 | LEONA ST,True,
2021-145499 OL,Short Term Rental Type 1,BLOCK OF 3800 AVENUE F,AUSTIN,TX,78751,9,3800 | 3899 | AVE F,True,
2019-205731 OL,Short Term Rental Type 1-Secondary,BLOCK OF 8000 TISDALE DR,AUSTIN,TX,78757,4,8000 | 8099 | TISDALE DR,True,
2025-021766 OL,Short Term Rental Type 1,BLOCK OF 11000 UKAOMA WAY,AUSTIN,TX,78754,1,11000 | 11099 | UKAOMA WAY,True,
2026-003818 OL,Short Term Rental Type 2 Residential,BLOCK OF 1500 SUMMIT ST,AUSTIN,TX,78741,9,1500 | 1599 | SUMMIT ST,True,
2026-118974 OL,Short Term Rental Type 2 Residential,BLOCK OF 16000 PEWTER LUSTER CV,AUSTIN,TX,78617,2,16000 | 16099 | PEWTER LUSTER CV,False,
2026-118954 OL,Short Term Rental Type 1,BLOCK OF 4500 KITTY AVE,AUSTIN,TX,78721,1,4500 | 4599 | KITTY AVE,True,
2022-096738 OL,Short Term Rental Type 3,BLOCK OF 5600 WOODROW AVE,AUSTIN,TX,78756,7,5600 | 5699 | WOODROW AVE,True,
2026-098588 OL,Short Term Rental Type 1,BLOCK OF 1000 CHERICO ST,AUSTIN,TX,78702,3,1000 | 1099 | CHERICO ST,True,
2025-156265 OL,Short Term Rental Type 3,BLOCK OF 100 RAINEY ST,AUSTIN,TX,78701,9,100 | 199 | RAINEY ST,True,official street range corridor
2025-151868 OL,Short Term Rental Type 2 Residential,BLOCK OF 3100 WHITEWAY DR,AUSTIN,TX,78757,7,3100 | 3199 | WHITEWAY DR,True,
2025-161344 OL,Short Term Rental Type 1,BLOCK OF 2600 CARNARVON LN,AUSTIN,TX,78704,3,2600 | 2699 | CARNARVON LN,True,
2026-046293 OL,Short Term Rental Type 1,BLOCK OF 2300 W 7TH ST,AUSTIN,TX,78703,10,2300 | 2399 | W 7TH ST,True,official street range corridor
2025-139255 OL,Short Term Rental Type 1,BLOCK OF 12000 CHARING CROSS RD,AUSTIN,TX,78759,10,12000 | 12099 | CHARING CROSS RD,True,
2026-043641 OL,Short Term Rental Type 3,BLOCK OF 500 E OLTORF ST,AUSTIN,TX,78704,3,500 | 599 | E OLTORF ST,True,
2026-043873 OL,Short Term Rental Type 3,BLOCK OF 1400 S LAMAR BLVD,AUSTIN,TX,78704,9,1400 | 1499 | S LAMAR BLVD,True,
2025-108136 OL,Short Term Rental Type 2 Residential,BLOCK OF 1800 DYWER AVE,AUSTIN,TX,78704,5,1800 | 1899 | DYWER AVE,True,
2024-002301 OL,Short Term Rental Type 1,BLOCK OF 2400 ELMGLEN DR,AUSTIN,TX,78704,5,2400 | 2499 | ELMGLEN DR,True,
2026-056106 OL,Short Term Rental Type 2 Residential,BLOCK OF 7900 HILLOCK TER,AUSTIN,TX,78744,2,7900 | 7999 | HILLOCK TER,True,
2026-045854 OL,Short Term Rental Type 2 Residential,BLOCK OF 13000 DEARBONNE DR,AUSTIN,TX,78617,2,13000 | 13099 | DEARBONNE DR,True,
2026-040945 OL,Short Term Rental Type 2 Residential,BLOCK OF 1900 E 10TH ST,AUSTIN,TX,78702,1,1900 | 1999 | E 10TH ST,True,official street range corridor
2026-096712 OL,Short Term Rental Type 2 Residential,BLOCK OF 700 W ELIZABETH ST,AUSTIN,TX,78704,9,700 | 799 | W ELIZABETH ST,True,
2026-032828 OL,Short Term Rental Type 3,BLOCK OF 1700 NUECES ST,AUSTIN,TX,78701,9,1700 | 1799 | NUECES ST,True,
2025-032781 OL,Short Term Rental Type 1-Secondary,BLOCK OF 2200 CANTERBURY ST,AUSTIN,TX,78702,3,2200 | 2299 | CANTERBURY ST,True,
2026-081501 OL,Short Term Rental Type 2 Residential,BLOCK OF 8000 SPANDERA CV,AUSTIN,TX,78759,10,8000 | 8099 | SPANDERA CV,True,
2021-192396 OL,Short Term Rental Type 1,BLOCK OF 4700 GONZALES ST,AUSTIN,TX,78702,3,4700 | 4799 | GONZALES ST,True,
2025-118777 OL,Short Term Rental Type 2 Residential,BLOCK OF 7200 BENNETT AVE,AUSTIN,TX,78752,4,7200 | 7299 | BENNETT AVE,True,
2026-057197 OL,Short Term Rental Type 3,BLOCK OF 6100 E RIVERSIDE DR,AUSTIN,TX,78741,3,6100 | 6199 | E RIVERSIDE DR,True,
2025-151351 OL,Short Term Rental Type 2 Residential,BLOCK OF 800 NEWCASTLE DR,AUSTIN,TX,78745,3,800 | 899 | NEWCASTLE DR,True,
2014-013684 OL,Short Term Rental Type 2 Residential,BLOCK OF 500 SACRAMENTO DR,AUSTIN,TX,78704,3,500 | 599 | SACRAMENTO DR,True,
2026-092444 OL,Short Term Rental Type 1,BLOCK OF 200 CHAPARRAL RD,AUSTIN,TX,78745,2,200 | 299 | CHAPARRAL RD,True,
2024-135234 OL,Short Term Rental Type 1,BLOCK OF 6300 COLINA LN,AUSTIN,TX,78759,10,6300 | 6399 | COLINA LN,True,
2026-087068 OL,Short Term Rental Type 2 Residential,BLOCK OF 1700 PENNSYLVANIA AVE,AUSTIN,TX,78702,1,1700 | 1799 | PENNSYLVANIA AVE,True,
2025-047034 OL,Short Term Rental Type 1,BLOCK OF 4400 EILERS AVE,AUSTIN,TX,78751,9,4400 | 4499 | EILERS AVE,True,
2020-169535 OL,Short Term Rental Type 3,BLOCK OF 400 W 3RD ST,AUSTIN,TX,78701,9,400 | 499 | W 3RD ST,True,official street range corridor
2026-061751 OL,Short Term Rental Type 1,BLOCK OF 2100 ROBERT BROWNING ST,AUSTIN,TX,78723,9,2100 | 2199 | ROBERT BROWNING ST,True,
2025-151243 OL,Short Term Rental Type 2 Commercial,BLOCK OF 12000 BITTERN HOLW,AUSTIN,TX,78758,7,12000 | 12099 | BITTERN HOLW,True,
2025-134244 OL,Short Term Rental Type 2 Residential,BLOCK OF 2400 S 3RD ST,AUSTIN,TX,78704,3,2400 | 2499 | S 3RD ST,True,official street range corridor
2026-009451 OL,Short Term Rental Type 3,BLOCK OF 1200 E 11TH ST,AUSTIN,TX,78702,1,1200 | 1299 | E 11TH ST,True,official street range corridor
2026-098675 OL,Short Term Rental Type 1-A,BLOCK OF 2700 LYONS RD,AUSTIN,TX,78702,3,2700 | 2799 | LYONS RD,True,
2021-069332 OL,Short Term Rental Type 1-A,BLOCK OF 2400 ANN ARBOR AVE,AUSTIN,TX,78704,5,2400 | 2499 | ANN ARBOR AVE,True,official street range corridor
2023-149867 OL,Short Term Rental Type 2 Residential,BLOCK OF 8700 DAVIS OAKS TRL,AUSTIN,TX,78748,5,8700 | 8799 | DAVIS OAKS TRL,True,
2025-137150 OL,Short Term Rental Type 2 Residential,BLOCK OF 2700 E 2ND ST,AUSTIN,TX,78702,3,2700 | 2799 | E 2ND ST,True,official street range corridor
2026-119575 OL,Short Term Rental Type 2 Residential,BLOCK OF 9000 BANCROFT TRL,AUSTIN,TX,78729,6,9000 | 9099 | BANCROFT TRL,True,official street range corridor
2022-040349 OL,Short Term Rental Type 1,BLOCK OF 1300 NORWALK LN,AUSTIN,TX,78703,10,1300 | 1399 | NORWALK LN,True,
2026-090984 OL,Short Term Rental Type 3,BLOCK OF 1400 S LAMAR BLVD,AUSTIN,TX,78704,9,1400 | 1499 | S LAMAR BLVD,True,
2026-087231 OL,Short Term Rental Type 3,BLOCK OF 9100 RESEARCH BLVD SVRD NB,AUSTIN,TX,78758,7,9100 | 9199 | RESEARCH BLVD SVRD NB,True,official street range corridor
2026-079690 OL,Short Term Rental Type 2 Residential,BLOCK OF 2300 SANTA ROSA ST,AUSTIN,TX,78702,3,2300 | 2399 | SANTA ROSA ST,True,
2023-104036 OL,Short Term Rental Type 1,BLOCK OF 4600 COBBLER CV,AUSTIN,TX,78744,2,4600 | 4699 | COBBLER CV,True,
2026-083252 OL,Short Term Rental Type 2 Residential,BLOCK OF 3600 MARCAE CT,AUSTIN,TX,78704,3,3600 | 3699 | MARCAE CT,True,
2026-045585 OL,Short Term Rental Type 2 Residential,BLOCK OF 6200 SEVILLE DR,AUSTIN,TX,78724,1,6200 | 6299 | SEVILLE DR,True,
2025-146141 OL,Short Term Rental Type 3,BLOCK OF 400 E 34TH ST,AUSTIN,TX,78705,9,400 | 499 | E 34TH ST,True,official street range corridor
2019-009924 OL,Short Term Rental Type 1-Secondary,BLOCK OF 100 E 47TH ST,AUSTIN,TX,78751,9,100 | 199 | E 47TH ST,True,official street range corridor
2026-004170 OL,Short Term Rental Type 2 Residential,BLOCK OF 100 LYNN ST,AUSTIN,TX,78702,3,100 | 199 | LYNN ST,True,official street range corridor
2026-105679 OL,Short Term Rental Type 2 Residential,BLOCK OF 1700 VIRGINIA AVE,AUSTIN,TX,78704,5,1700 | 1799 | VIRGINIA AVE,True,
2026-065401 OL,Short Term Rental Type 2 Residential,BLOCK OF 13000 LIMERICK AVE,AUSTIN,TX,78727,7,13000 | 13099 | LIMERICK AVE,False,
2025-138792 OL,Short Term Rental Type 3,BLOCK OF 2500 THORNTON RD,AUSTIN,TX,78704,5,2500 | 2599 | THORNTON RD,True,
2025-156136 OL,Short Term Rental Type 2 Residential,BLOCK OF 900 RED CLIFF DR,AUSTIN,TX,78758,4,900 | 999 | RED CLIFF DR,True,
2013-001757 OL,Short Term Rental Type 2 Residential,BLOCK OF 1800 KENWOOD AVE,AUSTIN,TX,78704,9,1800 | 1899 | KENWOOD AVE,True,
2022-151849 OL,Short Term Rental Type 3,BLOCK OF 1100 WEBBERVILLE RD,AUSTIN,TX,78721,1,1100 | 1199 | WEBBERVILLE RD,True,
2026-073978 OL,Short Term Rental Type 2 Residential,BLOCK OF 7300 PUSCH RIDGE LOOP,AUSTIN,TX,78749,8,7300 | 7399 | PUSCH RIDGE LOOP,True,
2026-009625 OL,Short Term Rental Type 2 Residential,BLOCK OF 6300 CRUMLEY LN,AUSTIN,TX,78741,3,6300 | 6399 | CRUMLEY LN,True,
2024-129388 OL,Short Term Rental Type 2 Residential,BLOCK OF 700 LANDON LN,AUSTIN,TX,78705,9,700 | 799 | LANDON LN,True,
2026-001179 OL,Short Term Rental Type 2 Residential,BLOCK OF 13000 CORTARO CV,AUSTIN,TX,78729,6,13000 | 13099 | CORTARO CV,False,
2024-079231 OL,Short Term Rental Type 3,BLOCK OF 6800 OLD BEE CAVES RD,AUSTIN,TX,78735,8,6800 | 6899 | OLD BEE CAVES RD,True,
2026-043874 OL,Short Term Rental Type 3,BLOCK OF 1400 S LAMAR BLVD,AUSTIN,TX,78704,9,1400 | 1499 | S LAMAR BLVD,True,
2021-055325 OL,Short Term Rental Type 1,BLOCK OF 3100 RAY WOOD DR,AUSTIN,TX,78704,3,3100 | 3199 | RAY WOOD DR,True,
2026-063717 OL,Short Term Rental Type 1,BLOCK OF 1700 POQUITO ST,AUSTIN,TX,78702,1,1700 | 1799 | POQUITO ST,True,
2025-112692 OL,Short Term Rental Type 2 Residential,BLOCK OF 14000 WILLIAM KENNEDY DR,AUSTIN,TX,78727,7,14000 | 14099 | WILLIAM KENNEDY DR,False,
2026-035093 OL,Short Term Rental Type 3,BLOCK OF 2400 GROVE BLVD,AUSTIN,TX,78741,3,2400 | 2499 | GROVE BLVD,True,
2026-083747 OL,Short Term Rental Type 3,BLOCK OF 1600 E 6TH ST,AUSTIN,TX,78702,3,1600 | 1699 | E 6TH ST,True,official street range corridor
2019-189730 OL,Short Term Rental Type 3,BLOCK OF 1200 E 5TH ST,AUSTIN,TX,78702,3,1200 | 1299 | E 5TH ST,True,official street range corridor
2021-071964 OL,Short Term Rental Type 3,BLOCK OF 400 W 3RD ST,AUSTIN,TX,78701,9,400 | 499 | W 3RD ST,True,official street range corridor
2023-022445 OL,Short Term Rental Type 1,BLOCK OF 1200 HOLLOW CREEK DR,AUSTIN,TX,78704,5,1200 | 1299 | HOLLOW CREEK DR,True,
2025-119781 OL,Short Term Rental Type 2 Residential,BLOCK OF 1200 W OLTORF ST,AUSTIN,TX,78704,3,1200 | 1299 | W OLTORF ST,True,
2025-006726 OL,Short Term Rental Type 1,BLOCK OF 3500 CHERRY LN,AUSTIN,TX,78703,10,3500 | 3599 | CHERRY LN,True,
2023-014114 OL,Short Term Rental Type 2 Residential,BLOCK OF 1000 ECHO LN,AUSTIN,TX,78745,2,1000 | 1099 | ECHO LN,True,
2025-156609 OL,Short Term Rental Type 2 Residential,BLOCK OF 4600 HIGHLAND TER,AUSTIN,TX,78731,7,4600 | 4699 | HIGHLAND TER,True,
2026-083778 OL,Short Term Rental Type 3,BLOCK OF 1600 E 6TH ST,AUSTIN,TX,78702,3,1600 | 1699 | E 6TH ST,True,official street range corridor
2026-043383 OL,Short Term Rental Type 3,BLOCK OF 500 CONGRESS AVE,AUSTIN,TX,78701,9,500 | 599 | CONGRESS AVE,True,
2026-068762 OL,Short Term Rental Type 2 Residential,BLOCK OF 2300 E 9TH ST,AUSTIN,TX,78702,1,2300 | 2399 | E 9TH ST,True,official street range corridor
2024-165861 OL,Short Term Rental Type 2 Residential,BLOCK OF 2700 CREST AVE,AUSTIN,TX,78702,1,2700 | 2799 | CREST AVE,True,
2023-040235 OL,Short Term Rental Type 2 Residential,BLOCK OF 500 VERMONT RD,AUSTIN,TX,78702,3,500 | 599 | VERMONT RD,True,
2025-129993 OL,Short Term Rental Type 2 Residential,BLOCK OF 1700 WILLOW ST,AUSTIN,TX,78702,3,1700 | 1799 | WILLOW ST,True,
2026-102112 OL,Short Term Rental Type 2 Residential,BLOCK OF 1100 KINNEY AVE,AUSTIN,TX,78704,5,1100 | 1199 | KINNEY AVE,True,
2025-144144 OL,Short Term Rental Type 2 Residential,BLOCK OF 1400 THEODORA CV,AUSTIN,TX,78753,1,1400 | 1499 | THEODORA CV,True,
2026-104011 OL,Short Term Rental Type 2 Residential,BLOCK OF 5800 MISTY HILL CV,AUSTIN,TX,78759,10,5800 | 5899 | MISTY HILL CV,True,
2025-016426 OL,Short Term Rental Type 1-Secondary,BLOCK OF 3200 CENTRALIA CV,AUSTIN,TX,78745,5,3200 | 3299 | CENTRALIA CV,True,
2026-073031 OL,Short Term Rental Type 3,BLOCK OF 6500 ED BLUESTEIN BLVD NB,AUSTIN,TX,78724,1,6500 | 6599 | ED BLUESTEIN BLVD NB,True,official street range corridor
2024-018679 OL,Short Term Rental Type 2 Residential,BLOCK OF 200 E 33RD ST,AUSTIN,TX,78705,9,200 | 299 | E 33RD ST,True,official street range corridor
2026-116234 OL,Short Term Rental Type 2 Residential,BLOCK OF 2500 BAXTER DR,AUSTIN,TX,78745,5,2500 | 2599 | BAXTER DR,True,
2026-036910 OL,Short Term Rental Type 3,BLOCK OF 600 W 7TH ST,AUSTIN,TX,78701,9,600 | 699 | W 7TH ST,True,official street range corridor
2026-110798 OL,Short Term Rental Type 2 Residential,BLOCK OF 13000 SKY HARBOR DR,AUSTIN,TX,78617,2,13000 | 13099 | SKY HARBOR DR,False,
2026-030173 OL,Short Term Rental Type 1,BLOCK OF 6300 MIDDLEHAM PL,AUSTIN,TX,78745,2,6300 | 6399 | MIDDLEHAM PL,True,
2026-027758 OL,Short Term Rental Type 2 Residential,BLOCK OF 800 FLORADALE DR,AUSTIN,TX,78753,1,800 | 899 | FLORADALE DR,True,
2025-019879 OL,Short Term Rental Type 2 Residential,BLOCK OF 2500 GONZALES ST,AUSTIN,TX,78702,3,2500 | 2599 | GONZALES ST,True,
2025-004200 OL,Short Term Rental Type 1,BLOCK OF 8900 RAVELLO PASS,AUSTIN,TX,78749,8,8900 | 8999 | RAVELLO PASS,True,
2019-233049 OL,Short Term Rental Type 3,BLOCK OF 200 LAVACA ST,AUSTIN,TX,78701,9,200 | 299 | LAVACA ST,True,official street range corridor
2025-026914 OL,Short Term Rental Type 2 Residential,BLOCK OF 2000 JONES RD,AUSTIN,TX,78745,5,2000 | 2099 | JONES RD,True,
2023-124165 OL,Short Term Rental Type 1,BLOCK OF 2100 DALESIDE LN,AUSTIN,TX,78754,1,2100 | 2199 | DALESIDE LN,True,
2016-002094 OL,Short Term Rental Type 1,BLOCK OF 9400 COLLAZO WAY,AUSTIN,TX,78749,8,9400 | 9499 | COLLAZO WAY,True,
2024-007182 OL,Short Term Rental Type 1,BLOCK OF 1600 SYLVAN DR,AUSTIN,TX,78741,9,1600 | 1699 | SYLVAN DR,True,
2026-071137 OL,Short Term Rental Type 1,BLOCK OF 2900 PECAN SPRINGS RD,AUSTIN,TX,78723,1,2900 | 2999 | PECAN SPRINGS RD,True,
2018-024238 OL,Short Term Rental Type 3,BLOCK OF 500 W 8TH ST,AUSTIN,TX,78701,9,500 | 599 | W 8TH ST,True,official street range corridor
2024-018495 OL,Short Term Rental Type 2 Residential,BLOCK OF 7600 PROVIDENCE AVE,AUSTIN,TX,78752,4,7600 | 7699 | PROVIDENCE AVE,True,
2025-021819 OL,Short Term Rental Type 2 Residential,BLOCK OF 1200 ANGELINA ST,AUSTIN,TX,78702,1,1200 | 1299 | ANGELINA ST,True,
2019-176256 OL,Short Term Rental Type 3,BLOCK OF 200 LAVACA ST,AUSTIN,TX,78701,9,200 | 299 | LAVACA ST,True,official street range corridor
2023-147275 OL,Short Term Rental Type 2 Residential,BLOCK OF 1100 EBERT AVE,AUSTIN,TX,78721,3,1100 | 1199 | EBERT AVE,True,
2026-109860 OL,Short Term Rental Type 1,BLOCK OF 4700 CLAWSON RD,AUSTIN,TX,78745,5,4700 | 4799 | CLAWSON RD,True,
2019-189018 OL,Short Term Rental Type 3,BLOCK OF 1200 E 5TH ST,AUSTIN,TX,78702,3,1200 | 1299 | E 5TH ST,True,official street range corridor
2025-157850 OL,Short Term Rental Type 3,BLOCK OF 100 RAINEY ST,AUSTIN,TX,78701,9,100 | 199 | RAINEY ST,True,official street range corridor
2026-034799 OL,Short Term Rental Type 3,BLOCK OF 6500 ED BLUESTEIN BLVD NB,AUSTIN,TX,78724,1,6500 | 6599 | ED BLUESTEIN BLVD NB,True,official street range corridor
2026-032084 OL,Short Term Rental Type 2 Residential,BLOCK OF 1700 S 2ND ST,AUSTIN,TX,78704,9,1700 | 1799 | S 2ND ST,True,official street range corridor
2026-075248 OL,Short Term Rental Type 2 Residential,BLOCK OF 5900 NANCY DR,AUSTIN,TX,78745,2,5900 | 5999 | NANCY DR,True,
2024-023642 OL,Short Term Rental Type 1,BLOCK OF 2600 E 3RD ST,AUSTIN,TX,78702,3,2600 | 2699 | E 3RD ST,True,official street range corridor
2025-161782 OL,Short Term Rental Type 2 Residential,BLOCK OF 1200 BICKLER RD,AUSTIN,TX,78704,9,1200 | 1299 | BICKLER RD,True,
2024-141347 OL,Short Term Rental Type 1-Secondary,BLOCK OF 7500 ST LOUIS ST,AUSTIN,TX,78757,7,7500 | 7599 | ST LOUIS ST,True,
2025-158106 OL,Short Term Rental Type 3,BLOCK OF 100 RAINEY ST,AUSTIN,TX,78701,9,100 | 199 | RAINEY ST,True,official street range corridor
2026-032011 OL,Short Term Rental Type 3,BLOCK OF 1600 E 6TH ST,AUSTIN,TX,78702,3,1600 | 1699 | E 6TH ST,True,official street range corridor
2023-147411 OL,Short Term Rental Type 2 Residential,BLOCK OF 500 ALLEN ST,AUSTIN,TX,78702,3,500 | 599 | ALLEN ST,True,
2026-077229 OL,Short Term Rental Type 1-A,BLOCK OF 7200 NUTRIA RUN,AUSTIN,TX,78744,2,7200 | 7299 | NUTRIA RUN,True,
2024-080076 OL,Short Term Rental Type 3,BLOCK OF 6800 OLD BEE CAVES RD,AUSTIN,TX,78735,8,6800 | 6899 | OLD BEE CAVES RD,True,
2026-041816 OL,Short Term Rental Type 2 Residential,BLOCK OF 1200 TAYLOR ST,AUSTIN,TX,78702,3,1200 | 1299 | TAYLOR ST,True,
2025-049025 OL,Short Term Rental Type 2 Residential,BLOCK OF 7300 FRED MORSE DR,AUSTIN,TX,78723,1,7300 | 7399 | FRED MORSE DR,True,
2025-008262 OL,Short Term Rental Type 2 Residential,BLOCK OF 4500 RUSSELL DR,AUSTIN,TX,78745,5,4500 | 4599 | RUSSELL DR,True,
2026-026074 OL,Short Term Rental Type 2 Residential,BLOCK OF 2100 HOMEDALE DR,AUSTIN,TX,78704,5,2100 | 2199 | HOMEDALE DR,True,
2015-025539 OL,Short Term Rental Type 1-A,BLOCK OF 3800 RED RIVER ST,AUSTIN,TX,78751,9,3800 | 3899 | RED RIVER ST,True,
2026-074499 OL,Short Term Rental Type 1,BLOCK OF 9400 CIRCLE DR,AUSTIN,TX,78736,8,9400 | 9499 | CIR DR,True,
2019-041141 OL,Short Term Rental Type 1-Secondary,BLOCK OF 2100 MAPLE AVE,AUSTIN,TX,78722,1,2100 | 2199 | MAPLE AVE,True,
2026-074168 OL,Short Term Rental Type 2 Residential,BLOCK OF 1200 GARDEN ST,AUSTIN,TX,78702,3,1200 | 1299 | GARDEN ST,True,
2020-011885 OL,Short Term Rental Type 1-Secondary,BLOCK OF 2300 WILLOW ST,AUSTIN,TX,78702,3,2300 | 2399 | WILLOW ST,True,
2026-117769 OL,Short Term Rental Type 2 Residential,BLOCK OF 1700 MATTHEWS LN,AUSTIN,TX,78745,5,1700 | 1799 | MATTHEWS LN,True,
2025-115725 OL,Short Term Rental Type 2 Residential,BLOCK OF 3100 SKI SHORES TER,AUSTIN,TX,78730,10,3100 | 3199 | SKI SHORES TER,True,
2018-024093 OL,Short Term Rental Type 3,BLOCK OF 500 W 8TH ST,AUSTIN,TX,78701,9,500 | 599 | W 8TH ST,True,official street range corridor
2026-095285 OL,Short Term Rental Type 1,BLOCK OF 1200 VALDEZ ST,AUSTIN,TX,78741,3,1200 | 1299 | VALDEZ ST,True,
2026-051453 OL,Short Term Rental Type 2 Residential,BLOCK OF 5600 WAGON TRAIN RD,AUSTIN,TX,78749,8,5600 | 5699 | WAGON TRAIN RD,True,
2026-053297 OL,Short Term Rental Type 1,BLOCK OF 4300 GREYSTONE DR,AUSTIN,TX,78731,10,4300 | 4399 | GREYSTONE DR,True,
2016-052629 OL,Short Term Rental Type 1-A,BLOCK OF 3300 CLAWSON RD,AUSTIN,TX,78704,5,3300 | 3399 | CLAWSON RD,True,
2026-069654 OL,Short Term Rental Type 2 Residential,BLOCK OF 6400 SUNSTRIP DR,AUSTIN,TX,78745,2,6400 | 6499 | SUNSTRIP DR,True,
2019-182364 OL,Short Term Rental Type 1,BLOCK OF 1200 E 2ND ST,AUSTIN,TX,78702,3,1200 | 1299 | E 2ND ST,True,official street range corridor
2025-011277 OL,Short Term Rental Type 3,BLOCK OF 1900 ALBURY CV,AUSTIN,TX,78758,7,1900 | 1999 | ALBURY CV,True,
2025-142577 OL,Short Term Rental Type 3,BLOCK OF 400 WOODWARD ST,AUSTIN,TX,78704,3,400 | 499 | WOODWARD ST,True,
2018-086057 OL,Short Term Rental Type 1,BLOCK OF 1700 GARAMOND LN,AUSTIN,TX,78753,1,1700 | 1799 | GARAMOND LN,True,
2023-049040 OL,Short Term Rental Type 1-A,BLOCK OF 1600 E 10TH ST,AUSTIN,TX,78702,1,1600 | 1699 | E 10TH ST,True,official street range corridor
2026-107401 OL,Short Term Rental Type 2 Residential,BLOCK OF 4700 SURREY DR,AUSTIN,TX,78745,3,4700 | 4799 | SURREY DR,True,
2025-005609 OL,Short Term Rental Type 3,BLOCK OF 1100 SABINE ST,AUSTIN,TX,78701,9,1100 | 1199 | SABINE ST,True,official street range corridor
2026-043639 OL,Short Term Rental Type 3,BLOCK OF 500 E OLTORF ST,AUSTIN,TX,78704,3,500 | 599 | E OLTORF ST,True,
2026-103741 OL,Short Term Rental Type 1,BLOCK OF 6900 CANNONLEAGUE DR,AUSTIN,TX,78745,5,6900 | 6999 | CANNONLEAGUE DR,True,
2024-035075 OL,Short Term Rental Type 3,BLOCK OF 400 W 3RD ST,AUSTIN,TX,78701,9,400 | 499 | W 3RD ST,True,official street range corridor
2025-153019 OL,Short Term Rental Type 3,BLOCK OF 500 E 40TH ST,AUSTIN,TX,78751,9,500 | 599 | E 40TH ST,True,official street range corridor
2026-083768 OL,Short Term Rental Type 3,BLOCK OF 1600 E 6TH ST,AUSTIN,TX,78702,3,1600 | 1699 | E 6TH ST,True,official street range corridor
2018-024129 OL,Short Term Rental Type 3,BLOCK OF 500 W 8TH ST,AUSTIN,TX,78701,9,500 | 599 | W 8TH ST,True,official street range corridor
2026-056390 OL,Short Term Rental Type 1,BLOCK OF 900 FIESTA ST,AUSTIN,TX,78702,3,900 | 999 | FIESTA ST,True,
2023-084285 OL,Short Term Rental Type 3,BLOCK OF 2000 BLUEBONNET LN,AUSTIN,TX,78704,5,2000 | 2099 | BLUEBONNET LN,True,
2026-045842 OL,Short Term Rental Type 2 Residential,BLOCK OF 13000 WINTERS CV,AUSTIN,TX,78617,2,13000 | 13099 | WINTERS CV,True,official street range corridor
2018-022004 OL,Short Term Rental Type 3,BLOCK OF 500 W 8TH ST,AUSTIN,TX,78701,9,500 | 599 | W 8TH ST,True,official street range corridor
2019-189346 OL,Short Term Rental Type 3,BLOCK OF 1200 E 5TH ST,AUSTIN,TX,78702,3,1200 | 1299 | E 5TH ST,True,official street range corridor
2020-009981 OL,Short Term Rental Type 3,BLOCK OF 400 W 3RD ST,AUSTIN,TX,78701,9,400 | 499 | W 3RD ST,True,official street range corridor
2026-096724 OL,Short Term Rental Type 1,BLOCK OF 13000 TIMBER HEIGHTS DR,AUSTIN,TX,78754,1,13000 | 13099 | TIMBER HEIGHTS DR,False,
2022-033802 OL,Short Term Rental Type 1,BLOCK OF 6700 MELAVA CT,AUSTIN,TX,78749,8,6700 | 6799 | MELAVA CT,True,
2025-115635 OL,Short Term Rental Type 2 Residential,BLOCK OF 1200 ANGELINA ST,AUSTIN,TX,78702,1,1200 | 1299 | ANGELINA ST,True,
2025-163530 OL,Short Term Rental Type 2 Residential,BLOCK OF 900 W LIVE OAK ST,AUSTIN,TX,78704,3,900 | 999 | W LIVE OAK ST,True,
2026-066332 OL,Short Term Rental Type 3,BLOCK OF 6300 S 1ST ST,AUSTIN,TX,78745,2,6300 | 6399 | S 1ST ST,True,
2026-041516 OL,Short Term Rental Type 2 Residential,BLOCK OF 2800 GOODWIN AVE,AUSTIN,TX,78702,3,2800 | 2899 | GOODWIN AVE,True,
2026-071061 OL,Short Term Rental Type 1,BLOCK OF 4500 AQUA VERDE DR,AUSTIN,TX,78746,10,4500 | 4599 | AQUA VERDE DR,True,
2025-100195 OL,Short Term Rental Type 3,BLOCK OF 100 RAINEY ST,AUSTIN,TX,78701,9,100 | 199 | RAINEY ST,True,official street range corridor
2013-000588 OL,Short Term Rental Type 2 Residential,BLOCK OF 2000 LA CASA DR,AUSTIN,TX,78704,5,2000 | 2099 | LA CASA DR,True,
2026-034736 OL,Short Term Rental Type 2 Residential,BLOCK OF 900 E 53RD HALF ST,AUSTIN,TX,78751,4,900 | 999 | E 53RD HALF ST,True,official street range corridor
2026-066723 OL,Short Term Rental Type 2 Residential,BLOCK OF 1400 W 6TH ST,AUSTIN,TX,78703,9,1400 | 1499 | W 6TH ST,True,official street range corridor
2019-215570 OL,Short Term Rental Type 3,BLOCK OF 300 E 4TH ST,AUSTIN,TX,78701,9,300 | 399 | E 4TH ST,True,official street range corridor
2025-152709 OL,Short Term Rental Type 3,BLOCK OF 1100 CHICON ST,AUSTIN,TX,78702,1,1100 | 1199 | CHICON ST,True,
2026-043605 OL,Short Term Rental Type 3,BLOCK OF 500 E OLTORF ST,AUSTIN,TX,78704,3,500 | 599 | E OLTORF ST,True,
2026-009854 OL,Short Term Rental Type 2 Residential,BLOCK OF 100 WALLER ST,AUSTIN,TX,78702,3,100 | 199 | WALLER ST,True,
2022-045656 OL,Short Term Rental Type 2 Residential,BLOCK OF 3100 GLEN ORA,AUSTIN,TX,78704,5,3100 | 3199 | GLEN ORA,True,official street range corridor
2026-042632 OL,Short Term Rental Type 2 Residential,BLOCK OF 7800 CROFTWOOD DR,AUSTIN,TX,78749,8,7800 | 7899 | CROFTWOOD DR,True,
2025-129726 OL,Short Term Rental Type 2 Residential,BLOCK OF 5300 HARVEST LN,AUSTIN,TX,78745,3,5300 | 5399 | HARVEST LN,True,
2025-158090 OL,Short Term Rental Type 3,BLOCK OF 100 RAINEY ST,AUSTIN,TX,78701,9,100 | 199 | RAINEY ST,True,official street range corridor
2025-070695 OL,Short Term Rental Type 3,BLOCK OF 1600 E 6TH ST,AUSTIN,TX,78702,3,1600 | 1699 | E 6TH ST,True,official street range corridor
2026-006181 OL,Short Term Rental Type 2 Residential,BLOCK OF 800 LATTERIDGE DR,AUSTIN,TX,78748,2,800 | 899 | LATTERIDGE DR,True,
2023-012704 OL,Short Term Rental Type 3,BLOCK OF 4900 BRIGHTON RD,AUSTIN,TX,78745,5,4900 | 4999 | BRIGHTON RD,True,
2020-011019 OL,Short Term Rental Type 1,BLOCK OF 1300 WEST AVE,AUSTIN,TX,78701,9,1300 | 1399 | W AVE,True,
2026-040270 OL,Short Term Rental Type 2 Residential,BLOCK OF 3000 DEL CURTO RD,AUSTIN,TX,78704,5,3000 | 3099 | DEL CURTO RD,True,
2025-131771 OL,Short Term Rental Type 2 Residential,BLOCK OF 4800 PROCK LN,AUSTIN,TX,78721,3,4800 | 4899 | PROCK LN,True,
2026-072605 OL,Short Term Rental Type 2 Residential,BLOCK OF 2300 TRAILSIDE DR,AUSTIN,TX,78704,5,2300 | 2399 | TRAILSIDE DR,True,
2026-041203 OL,Short Term Rental Type 1,BLOCK OF 1800 RICHCREEK RD,AUSTIN,TX,78757,7,1800 | 1899 | RICHCREEK RD,True,
2025-035295 OL,Short Term Rental Type 2 Residential,BLOCK OF 1000 HUNTRIDGE DR,AUSTIN,TX,78758,7,1000 | 1099 | HUNTRIDGE DR,True,
2022-042910 OL,Short Term Rental Type 1-A,BLOCK OF 3100 ARMIDALE DR,AUSTIN,TX,78660,1,3100 | 3199 | ARMIDALE DR,True,
2025-107657 OL,Short Term Rental Type 2 Residential,BLOCK OF 1400 FAIRWOOD RD,AUSTIN,TX,78722,9,1400 | 1499 | FAIRWOOD RD,True,
2026-070855 OL,Short Term Rental Type 1,BLOCK OF 400 LOCKHART DR,AUSTIN,TX,78704,9,400 | 499 | LOCKHART DR,True,
2019-189690 OL,Short Term Rental Type 3,BLOCK OF 1200 E 5TH ST,AUSTIN,TX,78702,3,1200 | 1299 | E 5TH ST,True,official street range corridor
2025-131892 OL,Short Term Rental Type 2 Residential,BLOCK OF 400 W MONROE ST,AUSTIN,TX,78704,9,400 | 499 | W MONROE ST,True,
2022-172159 OL,Short Term Rental Type 1,BLOCK OF 3000 MICHOACAN DR,AUSTIN,TX,78617,2,3000 | 3099 | MICHOACAN DR,True,
2020-166308 OL,Short Term Rental Type 1-Secondary,BLOCK OF 700 GARNER AVE,AUSTIN,TX,78704,5,700 | 799 | GARNER AVE,True,
2026-088329 OL,Short Term Rental Type 1,BLOCK OF 2200 SCHRIBER ST,AUSTIN,TX,78704,9,2200 | 2299 | SCHRIBER ST,True,
2026-045326 OL,Short Term Rental Type 1,BLOCK OF 8500 DONGAN DR,AUSTIN,TX,78744,2,8500 | 8599 | DONGAN DR,True,
2026-034824 OL,Short Term Rental Type 3,BLOCK OF 6500 ED BLUESTEIN BLVD NB,AUSTIN,TX,78724,1,6500 | 6599 | ED BLUESTEIN BLVD NB,True,official street range corridor
2026-110626 OL,Short Term Rental Type 2 Residential,BLOCK OF 1100 BRIARGATE DR,AUSTIN,TX,78753,7,1100 | 1199 | BRIARGATE DR,True,
2025-142270 OL,Short Term Rental Type 3,BLOCK OF 8100 BLUE GOOSE RD,AUSTIN,TX,78653,1,8100 | 8199 | BLUE GOOSE RD,True,official street range corridor
2024-102402 OL,Short Term Rental Type 2 Residential,BLOCK OF 1900 ESPINO CV,AUSTIN,TX,78744,2,1900 | 1999 | ESPINO CV,True,
2025-032188 OL,Short Term Rental Type 2 Residential,BLOCK OF 200 W NORTH LOOP BLVD,AUSTIN,TX,78751,9,200 | 299 | W N LOOP BLVD,True,
2024-156009 OL,Short Term Rental Type 2 Residential,BLOCK OF 1600 WILLOW ST,AUSTIN,TX,78702,3,1600 | 1699 | WILLOW ST,True,
2025-016784 OL,Short Term Rental Type 2 Commercial,BLOCK OF 2800 OAK SPRINGS DR,AUSTIN,TX,78702,1,2800 | 2899 | OAK SPRINGS DR,True,
2019-209558 OL,Short Term Rental Type 1,BLOCK OF 4800 CASWELL AVE,AUSTIN,TX,78751,9,4800 | 4899 | CASWELL AVE,True,
2024-051767 OL,Short Term Rental Type 2 Residential,BLOCK OF 6600 ISABELLE DR,AUSTIN,TX,78752,4,6600 | 6699 | ISABELLE DR,True,
2026-095950 OL,Short Term Rental Type 1-Secondary,BLOCK OF 2100 E 14TH ST,AUSTIN,TX,78702,1,2100 | 2199 | E 14TH ST,True,official street range corridor
2024-141622 OL,Short Term Rental Type 1,BLOCK OF 2100 N LAMAR BLVD,AUSTIN,TX,78705,9,2100 | 2199 | N LAMAR BLVD,True,official street range corridor
2018-012001 OL,Short Term Rental Type 1-A,BLOCK OF 1000 W MILTON ST,AUSTIN,TX,78704,9,1000 | 1099 | W MILTON ST,True,
2025-035698 OL,Short Term Rental Type 3,BLOCK OF 6300 N LAMAR BLVD,AUSTIN,TX,78757,7,6300 | 6399 | N LAMAR BLVD,True,official street range corridor
2025-111363 OL,Short Term Rental Type 3,BLOCK OF 3100 SCOFIELD RIDGE PKWY,AUSTIN,TX,78727,7,3100 | 3199 | SCOFIELD RIDGE PKWY,True,
2026-030237 OL,Short Term Rental Type 1,BLOCK OF 1700 ANISE DR,AUSTIN,TX,78741,3,1700 | 1799 | ANISE DR,True,
2017-112766 OL,Short Term Rental Type 1,BLOCK OF 1100 MANLOVE ST,AUSTIN,TX,78741,9,1100 | 1199 | MANLOVE ST,True,
2026-073030 OL,Short Term Rental Type 3,BLOCK OF 6500 ED BLUESTEIN BLVD NB,AUSTIN,TX,78724,1,6500 | 6599 | ED BLUESTEIN BLVD NB,True,official street range corridor
2026-019935 OL,Short Term Rental Type 2 Residential,BLOCK OF 3200 CHERRYWOOD RD,AUSTIN,TX,78722,9,3200 | 3299 | CHERRYWOOD RD,True,
2026-030375 OL,Short Term Rental Type 1,BLOCK OF 8900 APOGEE BLVD,AUSTIN,TX,78744,2,8900 | 8999 | APOGEE BLVD,True,
2026-102315 OL,Short Term Rental Type 2 Residential,BLOCK OF 1400 MARCUS PL,AUSTIN,TX,78721,1,1400 | 1499 | MARCUS PL,True,
2024-001456 OL,Short Term Rental Type 2 Residential,BLOCK OF 11000 LITTLE PEBBLE DR,AUSTIN,TX,78758,4,11000 | 11099 | LITTLE PEBBLE DR,False,
2018-020942 OL,Short Term Rental Type 3,BLOCK OF 500 W 8TH ST,AUSTIN,TX,78701,9,500 | 599 | W 8TH ST,True,official street range corridor
2025-159742 OL,Short Term Rental Type 3,BLOCK OF 1800 BURTON DR,AUSTIN,TX,78741,3,1800 | 1899 | BURTON DR,True,
2023-120758 OL,Short Term Rental Type 2 Residential,BLOCK OF 2200 BIG HORN DR,AUSTIN,TX,78734,10,2200 | 2299 | BIG HORN DR,True,
2017-159468 OL,Short Term Rental Type 1,BLOCK OF 3600 ROBBINS RD,AUSTIN,TX,78730,10,3600 | 3699 | ROBBINS RD,True,
2026-045444 OL,Short Term Rental Type 1,BLOCK OF 12000 DOVE HAVEN DR,AUSTIN,TX,78753,1,12000 | 12099 | DOVE HAVEN DR,True,
2017-059584 OL,Short Term Rental Type 1,BLOCK OF 1400 KENWOOD AVE,AUSTIN,TX,78704,9,1400 | 1499 | KENWOOD AVE,True,
2025-008520 OL,Short Term Rental Type 3,BLOCK OF 900 E 51ST ST,AUSTIN,TX,78751,9,900 | 999 | E 51ST ST,True,official street range corridor
2026-104495 OL,Short Term Rental Type 2 Residential,BLOCK OF 1000 CHERICO ST,AUSTIN,TX,78702,3,1000 | 1099 | CHERICO ST,True,
2018-004645 OL,Short Term Rental Type 1,BLOCK OF 500 E ANNIE ST,AUSTIN,TX,78704,9,500 | 599 | E ANNIE ST,True,
2026-096605 OL,Short Term Rental Type 1,BLOCK OF 5100 NORTH HEARSEY DR,AUSTIN,TX,78744,2,5100 | 5199 | N HEARSEY DR,True,
2026-121975 OL,Short Term Rental Type 2 Residential,BLOCK OF 6600 VINE ST,AUSTIN,TX,78757,7,6600 | 6699 | VINE ST,True,
2025-042653 OL,Short Term Rental Type 2 Residential,BLOCK OF 1800 DRAKE AVE,AUSTIN,TX,78704,9,1800 | 1899 | DRAKE AVE,True,
2020-047074 OL,Short Term Rental Type 1,BLOCK OF 1400 NORTH ST,AUSTIN,TX,78756,7,1400 | 1499 | N ST,True,
2026-100478 OL,Short Term Rental Type 3,BLOCK OF 4100 E 12TH ST,AUSTIN,TX,78721,1,4100 | 4199 | E 12TH ST,True,official street range corridor
2023-109961 OL,Short Term Rental Type 2 Residential,BLOCK OF 12000 NATRONA DR,AUSTIN,TX,78759,6,12000 | 12099 | NATRONA DR,False,
2019-188981 OL,Short Term Rental Type 3,BLOCK OF 1200 E 5TH ST,AUSTIN,TX,78702,3,1200 | 1299 | E 5TH ST,True,official street range corridor
2026-035088 OL,Short Term Rental Type 2 Residential,BLOCK OF 7100 CREIGHTON LN,AUSTIN,TX,78723,1,7100 | 7199 | CREIGHTON LN,True,
2024-098792 OL,Short Term Rental Type 2 Residential,BLOCK OF 5400 SPRING MEADOW RD,AUSTIN,TX,78744,2,5400 | 5499 | SPRING MEADOW RD,True,
2026-042587 OL,Short Term Rental Type 2 Residential,BLOCK OF 4400 MARATHON BLVD,AUSTIN,TX,78756,10,4400 | 4499 | MARATHON BLVD,True,
2025-005601 OL,Short Term Rental Type 3,BLOCK OF 1100 SABINE ST,AUSTIN,TX,78701,9,1100 | 1199 | SABINE ST,True,official street range corridor
2026-047025 OL,Short Term Rental Type 2 Residential,BLOCK OF 1900 E 16TH ST,AUSTIN,TX,78702,1,1900 | 1999 | E 16TH ST,True,official street range corridor
2023-113240 OL,Short Term Rental Type 2 Residential,BLOCK OF 500 MONTOPOLIS DR,AUSTIN,TX,78741,3,500 | 599 | MONTOPOLIS DR,True,
2019-189703 OL,Short Term Rental Type 3,BLOCK OF 1200 E 5TH ST,AUSTIN,TX,78702,3,1200 | 1299 | E 5TH ST,True,official street range corridor
2025-017486 OL,Short Term Rental Type 3,BLOCK OF 8700 N MOPAC EXPY SVRD SB,AUSTIN,TX,78759,10,8700 | 8799 | N MOPAC EXPY SVRD SB,True,official street range corridor
2025-138840 OL,Short Term Rental Type 3,BLOCK OF 4500 TERRY O LN,AUSTIN,TX,78745,3,4500 | 4599 | TERRY O LN,True,
2026-021496 OL,Short Term Rental Type 1,BLOCK OF 2000 DEXTER ST,AUSTIN,TX,78704,5,2000 | 2099 | DEXTER ST,True,
2026-100558 OL,Short Term Rental Type 2 Residential,BLOCK OF 2000 WINSTED LN,AUSTIN,TX,78703,10,2000 | 2099 | WINSTED LN,True,
2026-042873 OL,Short Term Rental Type 2 Residential,BLOCK OF 1600 HOLLY ST,AUSTIN,TX,78702,3,1600 | 1699 | HOLLY ST,True,
2023-138404 OL,Short Term Rental Type 2 Residential,BLOCK OF 1400 BRAES RIDGE DR,AUSTIN,TX,78723,4,1400 | 1499 | BRAES RIDGE DR,True,
2026-041520 OL,Short Term Rental Type 2 Residential,BLOCK OF 9000 BILL HICKCOCK PASS,AUSTIN,TX,78748,5,9000 | 9099 | BILL HICKCOCK PASS,True,
2022-028736 OL,Short Term Rental Type 2 Residential,BLOCK OF 100 LYNN ST,AUSTIN,TX,78702,3,100 | 199 | LYNN ST,True,official street range corridor
2023-007114 OL,Short Term Rental Type 2 Residential,BLOCK OF 14000 BULLICK HOLLOW RD,AUSTIN,TX,78732,10,14000 | 14099 | BULLICK HOLLOW RD,False,
2026-081088 OL,Short Term Rental Type 1,BLOCK OF 1100 POQUITO ST,AUSTIN,TX,78702,1,1100 | 1199 | POQUITO ST,True,
2025-035309 OL,Short Term Rental Type 2 Residential,BLOCK OF 1400 COMETA ST,AUSTIN,TX,78721,1,1400 | 1499 | COMETA ST,True,
2018-021115 OL,Short Term Rental Type 3,BLOCK OF 500 W 8TH ST,AUSTIN,TX,78701,9,500 | 599 | W 8TH ST,True,official street range corridor
2025-151279 OL,Short Term Rental Type 1,BLOCK OF 5400 HUNTERS GLN,AUSTIN,TX,78745,2,5400 | 5499 | HUNTERS GLN,True,official street range corridor
2025-007931 OL,Short Term Rental Type 2 Residential,BLOCK OF 100 ANTHONY ST,AUSTIN,TX,78702,3,100 | 199 | ANTHONY ST,True,official street range corridor
2026-032817 OL,Short Term Rental Type 3,BLOCK OF 1700 NUECES ST,AUSTIN,TX,78701,9,1700 | 1799 | NUECES ST,True,
2026-119719 OL,Short Term Rental Type 1,BLOCK OF 4600 GONZALES ST,AUSTIN,TX,78702,3,4600 | 4699 | GONZALES ST,True,
2026-045977 OL,Short Term Rental Type 3,BLOCK OF 3300 ROGERS RD,AUSTIN,TX,78758,7,3300 | 3399 | ROGERS RD,True,official street range corridor
2025-016881 OL,Short Term Rental Type 2 Residential,BLOCK OF 1900 NEWTON ST,AUSTIN,TX,78704,3,1900 | 1999 | NEWTON ST,True,
2026-075309 OL,Short Term Rental Type 2 Residential,BLOCK OF 5800 HIGHLAND HILLS TER,AUSTIN,TX,78731,10,5800 | 5899 | HIGHLAND HILLS TER,True,
2026-047106 OL,Short Term Rental Type 2 Residential,BLOCK OF 1200 LUNA ST,AUSTIN,TX,78721,1,1200 | 1299 | LUNA ST,True,
2024-166208 OL,Short Term Rental Type 1,BLOCK OF 300 DELMAR AVE,AUSTIN,TX,78752,4,300 | 399 | DELMAR AVE,True,
2021-074680 OL,Short Term Rental Type 3,BLOCK OF 300 BRAZOS ST,AUSTIN,TX,78701,9,300 | 399 | BRAZOS ST,True,
2025-157853 OL,Short Term Rental Type 3,BLOCK OF 100 RAINEY ST,AUSTIN,TX,78701,9,100 | 199 | RAINEY ST,True,official street range corridor
2026-022044 OL,Short Term Rental Type 3,BLOCK OF 6300 S 1ST ST,AUSTIN,TX,78745,2,6300 | 6399 | S 1ST ST,True,
2020-060234 OL,Short Term Rental Type 1,BLOCK OF 100 CROSS ST,AUSTIN,TX,78702,3,100 | 199 | CROSS ST,True,official street range corridor
2025-052632 OL,Short Term Rental Type 2 Residential,BLOCK OF 114000 GUNTER ST,AUSTIN,TX,78721,1,114000 | 114099 | GUNTER ST,False,
2025-032206 OL,Short Term Rental Type 2 Residential,BLOCK OF 9000 FROSTWOOD TRL,AUSTIN,TX,78729,6,9000 | 9099 | FROSTWOOD TRL,True,official street range corridor
2023-118293 OL,Short Term Rental Type 1,BLOCK OF 2700 E 12TH ST,AUSTIN,TX,78702,1,2700 | 2799 | E 12TH ST,True,official street range corridor
2026-077126 OL,Short Term Rental Type 2 Residential,BLOCK OF 2400 WILSON ST,AUSTIN,TX,78704,3,2400 | 2499 | WILSON ST,True,
2026-072328 OL,Short Term Rental Type 1,BLOCK OF 2300 SHELBY OAK LN,AUSTIN,TX,78748,5,2300 | 2399 | SHELBY OAK LN,True,
2026-012779 OL,Short Term Rental Type 1,BLOCK OF 4900 DUVAL ST,AUSTIN,TX,78751,9,4900 | 4999 | DUVAL ST,True,
2024-082611 OL,Short Term Rental Type 2 Residential,BLOCK OF 1200 WALLER ST,AUSTIN,TX,78702,1,1200 | 1299 | WALLER ST,True,official street range corridor
2014-061065 OL,Short Term Rental Type 3,BLOCK OF 700 S 1ST ST,AUSTIN,TX,78704,9,700 | 799 | S 1ST ST,True,official street range corridor
2024-122604 OL,Short Term Rental Type 2 Residential,BLOCK OF 6200 SHADOW VALLEY DR,AUSTIN,TX,78731,10,6200 | 6299 | SHADOW VALLEY DR,True,
2026-034109 OL,Short Term Rental Type 1-A,BLOCK OF 1700 CINNAMON PATH,AUSTIN,TX,78704,5,1700 | 1799 | CINNAMON PATH,True,
2025-125727 OL,Short Term Rental Type 1,BLOCK OF 1700 E 13TH ST,AUSTIN,TX,78702,1,1700 | 1799 | E 13TH ST,True,official street range corridor
2025-143817 OL,Short Term Rental Type 2 Residential,BLOCK OF 5400 SUNSHINE DR,AUSTIN,TX,78756,7,5400 | 5499 | SUNSHINE DR,True,
2025-157606 OL,Short Term Rental Type 3,BLOCK OF 1300 EXPOSITION BLVD,AUSTIN,TX,78703,10,1300 | 1399 | EXPOSITION BLVD,True,official street range corridor
2024-021330 OL,Short Term Rental Type 1,BLOCK OF 2700 CARNARVON LN,AUSTIN,TX,78704,3,2700 | 2799 | CARNARVON LN,True,
2026-036786 OL,Short Term Rental Type 1,BLOCK OF 2700 HIGHLAND HAVEN DR,AUSTIN,TX,78725,3,2700 | 2799 | HIGHLAND HAVEN DR,True,
2025-155968 OL,Short Term Rental Type 2 Residential,BLOCK OF 12000 MURCIA DR,AUSTIN,TX,78759,7,12000 | 12099 | MURCIA DR,False,
2021-152125 OL,Short Term Rental Type 1-A,BLOCK OF 1800 BROADMOOR DR,AUSTIN,TX,78723,4,1800 | 1899 | BROADMOOR DR,True,
2025-111590 OL,Short Term Rental Type 3,BLOCK OF 3100 SCOFIELD RIDGE PKWY,AUSTIN,TX,78727,7,3100 | 3199 | SCOFIELD RIDGE PKWY,True,
2017-067040 OL,Short Term Rental Type 3,BLOCK OF 200 LAVACA ST,AUSTIN,TX,78701,9,200 | 299 | LAVACA ST,True,official street range corridor
2020-046873 OL,Short Term Rental Type 1-A,BLOCK OF 2900 E 12TH ST,AUSTIN,TX,78702,1,2900 | 2999 | E 12TH ST,True,official street range corridor
2025-135750 OL,Short Term Rental Type 2 Residential,BLOCK OF 4400 DUVAL ST,AUSTIN,TX,78751,9,4400 | 4499 | DUVAL ST,True,
2026-101555 OL,Short Term Rental Type 2 Residential,BLOCK OF 2100 ARBORSIDE DR,AUSTIN,TX,78754,1,2100 | 2199 | ARBORSIDE DR,True,
2014-007841 OL,Short Term Rental Type 3,BLOCK OF 2200 TRAILSIDE DR,AUSTIN,TX,78704,5,2200 | 2299 | TRAILSIDE DR,True,
2026-091632 OL,Short Term Rental Type 1,BLOCK OF 2200 LEAR LN,AUSTIN,TX,78745,5,2200 | 2299 | LEAR LN,True,
2025-005240 OL,Short Term Rental Type 3,BLOCK OF 1100 SABINE ST,AUSTIN,TX,78701,9,1100 | 1199 | SABINE ST,True,official street range corridor
2026-014469 OL,Short Term Rental Type 2 Residential,BLOCK OF 200 BEN HOWELL DR,AUSTIN,TX,78704,3,200 | 299 | BEN HOWELL DR,True,
2025-142709 OL,Short Term Rental Type 3,BLOCK OF 8100 BLUE GOOSE RD,AUSTIN,TX,78653,1,8100 | 8199 | BLUE GOOSE RD,True,official street range corridor
2026-107273 OL,Short Term Rental Type 2 Residential,BLOCK OF 1900 CEDAR RIDGE DR,AUSTIN,TX,78741,3,1900 | 1999 | CEDAR RIDGE DR,True,
2024-147812 OL,Short Term Rental Type 2 Residential,BLOCK OF 12000 EUBANK DR,AUSTIN,TX,78758,7,12000 | 12099 | EUBANK DR,False,
2023-117557 OL,Short Term Rental Type 2 Residential,BLOCK OF 2200 BIG HORN DR,AUSTIN,TX,78734,10,2200 | 2299 | BIG HORN DR,True,
2026-082459 OL,Short Term Rental Type 1-Secondary,BLOCK OF 2000 RABB GLEN ST,AUSTIN,TX,78704,5,2000 | 2099 | RABB GLEN ST,True,
2026-125200 OL,Short Term Rental Type 1,BLOCK OF 8600 SWANSON LN,AUSTIN,TX,78748,2,8600 | 8699 | SWANSON LN,True,
2026-057949 OL,Short Term Rental Type 1,BLOCK OF 12000 SCRIBE DR,AUSTIN,TX,78759,7,12000 | 12099 | SCRIBE DR,True,
2021-151731 OL,Short Term Rental Type 3,BLOCK OF 600 W 30TH ST,AUSTIN,TX,78705,9,600 | 699 | W 30TH ST,True,official street range corridor
2025-154990 OL,Short Term Rental Type 2 Residential,BLOCK OF 2200 TRAILSIDE DR,AUSTIN,TX,78704,5,2200 | 2299 | TRAILSIDE DR,True,
2026-022665 OL,Short Term Rental Type 2 Residential,BLOCK OF 1400 HARVEY ST,AUSTIN,TX,78702,1,1400 | 1499 | HARVEY ST,True,
2014-001262 OL,Short Term Rental Type 2 Residential,BLOCK OF 4000 AVENUE F,AUSTIN,TX,78751,9,4000 | 4099 | AVE F,True,
2026-032122 OL,Short Term Rental Type 3,BLOCK OF 1600 E 6TH ST,AUSTIN,TX,78702,3,1600 | 1699 | E 6TH ST,True,official street range corridor
2026-106980 OL,Short Term Rental Type 2 Residential,BLOCK OF 6400 CHIMNEY CREEK CIR,AUSTIN,TX,78723,4,6400 | 6499 | CHIMNEY CREEK CIR,True,official street range corridor
2026-119676 OL,Short Term Rental Type 2 Residential,BLOCK OF 6900 HYLAND CIR,AUSTIN,TX,78744,2,6900 | 6999 | HYLAND CIR,True,
2024-023757 OL,Short Term Rental Type 1,BLOCK OF 2400 PARAMOUNT AVE,AUSTIN,TX,78704,5,2400 | 2499 | PARAMOUNT AVE,True,
2025-005554 OL,Short Term Rental Type 3,BLOCK OF 1100 SABINE ST,AUSTIN,TX,78701,9,1100 | 1199 | SABINE ST,True,official street range corridor
2024-022757 OL,Short Term Rental Type 3,BLOCK OF 2500 QUARRY RD,AUSTIN,TX,78703,10,2500 | 2599 | QUARRY RD,True,
2026-074579 OL,Short Term Rental Type 3,BLOCK OF 900 E 41ST ST,AUSTIN,TX,78751,9,900 | 999 | E 41ST ST,True,official street range corridor
2023-141313 OL,Short Term Rental Type 2 Residential,BLOCK OF 1500 DRAKE AVE,AUSTIN,TX,78704,9,1500 | 1599 | DRAKE AVE,True,
2023-110280 OL,Short Term Rental Type 2 Residential,BLOCK OF 5400 PINE PL,AUSTIN,TX,78744,2,5400 | 5499 | PINE PL,True,
2026-033108 OL,Short Term Rental Type 2 Residential,BLOCK OF 2700 E 3RD ST,AUSTIN,TX,78702,3,2700 | 2799 | E 3RD ST,True,official street range corridor
2025-137649 OL,Short Term Rental Type 2 Residential,BLOCK OF 8600 WOODSTONE DR,AUSTIN,TX,78757,4,8600 | 8699 | WOODSTONE DR,True,
2025-129248 OL,Short Term Rental Type 2 Residential,BLOCK OF 3600 TURKEY CREEK DR,AUSTIN,TX,78730,10,3600 | 3699 | TURKEY CREEK DR,True,
2026-063556 OL,Short Term Rental Type 1,BLOCK OF 5000 ROWENA AVE,AUSTIN,TX,78751,9,5000 | 5099 | ROWENA AVE,True,
2026-061725 OL,Short Term Rental Type 2 Residential,BLOCK OF 8200 DONNELLEY DR,AUSTIN,TX,78744,2,8200 | 8299 | DONNELLEY DR,True,
2017-131472 OL,Short Term Rental Type 1,BLOCK OF 2300 WESTFOREST DR,AUSTIN,TX,78704,5,2300 | 2399 | WESTFOREST DR,True,
2026-014344 OL,Short Term Rental Type 1-Secondary,BLOCK OF 800 EDGECLIFF TER,AUSTIN,TX,78704,9,800 | 899 | EDGECLIFF TER,True,
2022-140572 OL,Short Term Rental Type 1,BLOCK OF 500 BLACKSON AVE,AUSTIN,TX,78752,4,500 | 599 | BLACKSON AVE,True,
2026-004431 OL,Short Term Rental Type 2 Residential,BLOCK OF 3200 NEAL ST,AUSTIN,TX,78702,3,3200 | 3299 | NEAL ST,True,
2026-067021 OL,Short Term Rental Type 2 Residential,BLOCK OF 4900 LEDESMA RD,AUSTIN,TX,78721,3,4900 | 4999 | LEDESMA RD,True,
2024-073764 OL,Short Term Rental Type 3,BLOCK OF 1100 SPRINGDALE RD,AUSTIN,TX,78721,3,1100 | 1199 | SPRINGDALE RD,True,
2026-081773 OL,Short Term Rental Type 1,BLOCK OF 6800 SKYNOOK DR,AUSTIN,TX,78745,2,6800 | 6899 | SKYNOOK DR,True,
2023-163458 OL,Short Term Rental Type 2 Residential,BLOCK OF 1600 WILLOW ST,AUSTIN,TX,78702,3,1600 | 1699 | WILLOW ST,True,
2025-154131 OL,Short Term Rental Type 2 Residential,BLOCK OF 3500 FLEETWOOD DR,AUSTIN,TX,78704,5,3500 | 3599 | FLEETWOOD DR,True,
2025-151400 OL,Short Term Rental Type 1,BLOCK OF 4900 HOWDEN CIR,AUSTIN,TX,78723,1,4900 | 4999 | HOWDEN CIR,True,
2026-091993 OL,Short Term Rental Type 1,BLOCK OF 4600 LASSO PATH,AUSTIN,TX,78745,5,4600 | 4699 | LASSO PATH,True,
2026-064137 OL,Short Term Rental Type 1,BLOCK OF 6500 WAGON SPRING ST,AUSTIN,TX,78617,2,6500 | 6599 | WAGON SPRING ST,True,
2025-151471 OL,Short Term Rental Type 2 Residential,BLOCK OF 1000 SPENCE ST,AUSTIN,TX,78702,3,1000 | 1099 | SPENCE ST,True,
2022-162740 OL,Short Term Rental Type 1,BLOCK OF 7100 COMANCHE TRL,AUSTIN,TX,78732,10,7100 | 7199 | COMANCHE TRL,True,
2024-018548 OL,Short Term Rental Type 2 Residential,BLOCK OF 6700 COLORADO BLUFFS RD,AUSTIN,TX,78744,2,6700 | 6799 | COLORADO BLUFFS RD,True,
2026-097095 OL,Short Term Rental Type 2 Residential,BLOCK OF 12000 JUNE DR,AUSTIN,TX,78753,1,12000 | 12099 | JUNE DR,False,
2025-153237 OL,Short Term Rental Type 2 Residential,BLOCK OF 3500 HIGHLAND VIEW DR,AUSTIN,TX,78731,10,3500 | 3599 | HIGHLAND VIEW DR,True,
2025-070359 OL,Short Term Rental Type 3,BLOCK OF 1600 E 6TH ST,AUSTIN,TX,78702,3,1600 | 1699 | E 6TH ST,True,official street range corridor
2016-127139 OL,Short Term Rental Type 1,BLOCK OF 700 W CRESTLAND DR,AUSTIN,TX,78752,4,700 | 799 | W CRESTLAND DR,True,
2021-159785 OL,Short Term Rental Type 1-A,BLOCK OF 2100 MAPLE AVE,AUSTIN,TX,78722,1,2100 | 2199 | MAPLE AVE,True,
2026-031571 OL,Short Term Rental Type 1-Secondary,BLOCK OF 2400 RIDGEVIEW ST,AUSTIN,TX,78704,5,2400 | 2499 | RIDGEVIEW ST,True,
2015-021340 OL,Short Term Rental Type 3,BLOCK OF 1100 W 12TH ST,AUSTIN,TX,78703,9,1100 | 1199 | W 12TH ST,True,official street range corridor
2022-020349 OL,Short Term Rental Type 1,BLOCK OF 5600 WAGON TRAIN RD,AUSTIN,TX,78749,8,5600 | 5699 | WAGON TRAIN RD,True,
2022-065890 OL,Short Term Rental Type 3,BLOCK OF 1800 SOUTH LAKESHORE BLVD,AUSTIN,TX,78741,3,1800 | 1899 | S LAKESHORE BLVD,False,
2025-022409 OL,Short Term Rental Type 2 Residential,BLOCK OF 100 CROSS ST,AUSTIN,TX,78702,3,100 | 199 | CROSS ST,True,official street range corridor
2026-114539 OL,Short Term Rental Type 1,BLOCK OF 4500 SMOOTH OAK DR,AUSTIN,TX,78759,10,4500 | 4599 | SMOOTH OAK DR,True,
2025-005570 OL,Short Term Rental Type 3,BLOCK OF 1100 SABINE ST,AUSTIN,TX,78701,9,1100 | 1199 | SABINE ST,True,official street range corridor
2026-099472 OL,Short Term Rental Type 2 Residential,BLOCK OF 14000 LAKE VIEW DR,AUSTIN,TX,78732,10,14000 | 14099 | LAKE VIEW DR,True,
2026-112021 OL,Short Term Rental Type 1-Secondary,BLOCK OF 1400 E 2ND ST,AUSTIN,TX,78702,3,1400 | 1499 | E 2ND ST,True,official street range corridor
2019-193755 OL,Short Term Rental Type 1,BLOCK OF 1700 INVERNESS BLVD,AUSTIN,TX,78745,5,1700 | 1799 | INVERNESS BLVD,True,
2026-074701 OL,Short Term Rental Type 1,BLOCK OF 2900 MOSS ST,AUSTIN,TX,78722,1,2900 | 2999 | MOSS ST,True,
2020-123993 OL,Short Term Rental Type 1-Secondary,BLOCK OF 2100 ROUNTREE DR,AUSTIN,TX,78722,1,2100 | 2199 | ROUNTREE DR,True,
2018-212909 OL,Short Term Rental Type 1-A,BLOCK OF 1900 EAST SIDE DR,AUSTIN,TX,78704,9,1900 | 1999 | E SIDE DR,True,
2024-007598 OL,Short Term Rental Type 2 Residential,BLOCK OF 100 WALLER ST,AUSTIN,TX,78702,3,100 | 199 | WALLER ST,True,
2025-111864 OL,Short Term Rental Type 3,BLOCK OF 3100 SCOFIELD RIDGE PKWY,AUSTIN,TX,78727,7,3100 | 3199 | SCOFIELD RIDGE PKWY,True,
2026-124475 OL,Short Term Rental Type 1-Secondary,BLOCK OF 8800 PINEY POINT DR,AUSTIN,TX,78729,6,8800 | 8899 | PINEY POINT DR,True,official street range corridor
2016-023662 OL,Short Term Rental Type 1,BLOCK OF 4500 S 3RD ST,AUSTIN,TX,78745,3,4500 | 4599 | S 3RD ST,True,official street range corridor
2026-033430 OL,Short Term Rental Type 3,BLOCK OF 1700 NUECES ST,AUSTIN,TX,78701,9,1700 | 1799 | NUECES ST,True,
2025-008134 OL,Short Term Rental Type 2 Residential,BLOCK OF 1100 ALAMEDA DR,AUSTIN,TX,78704,9,1100 | 1199 | ALAMEDA DR,True,
2025-136193 OL,Short Term Rental Type 3,BLOCK OF 600 BRUSHY ST,AUSTIN,TX,78702,3,600 | 699 | BRUSHY ST,True,official street range corridor
2026-046357 OL,Short Term Rental Type 3,BLOCK OF 5900 CAMERON RD,AUSTIN,TX,78723,4,5900 | 5999 | CAMERON RD,True,
2026-036432 OL,Short Term Rental Type 1,BLOCK OF 12000 OAK HAVEN CV,AUSTIN,TX,78753,1,12000 | 12099 | OAK HAVEN CV,False,
2025-131961 OL,Short Term Rental Type 2 Residential,BLOCK OF 1900 WESTRIDGE DR,AUSTIN,TX,78704,5,1900 | 1999 | WESTRIDGE DR,True,
2019-222654 OL,Short Term Rental Type 1,BLOCK OF 4800 RAMSEY AVE,AUSTIN,TX,78756,7,4800 | 4899 | RAMSEY AVE,True,
2025-070373 OL,Short Term Rental Type 3,BLOCK OF 1600 E 6TH ST,AUSTIN,TX,78702,3,1600 | 1699 | E 6TH ST,True,official street range corridor
2026-118089 OL,Short Term Rental Type 1,BLOCK OF 2100 FOUR OAKS LN,AUSTIN,TX,78704,5,2100 | 2199 | FOUR OAKS LN,True,
2026-105580 OL,Short Term Rental Type 2 Residential,BLOCK OF 12000 OAK KNOLL DR,AUSTIN,TX,78759,10,12000 | 12099 | OAK KNOLL DR,True,
2025-156245 OL,Short Term Rental Type 3,BLOCK OF 100 RAINEY ST,AUSTIN,TX,78701,9,100 | 199 | RAINEY ST,True,official street range corridor
2026-015127 OL,Short Term Rental Type 2 Residential,BLOCK OF 1000 E 38TH ST,AUSTIN,TX,78751,9,1000 | 1099 | E 38TH ST,True,official street range corridor
2022-069531 OL,Short Term Rental Type 1,BLOCK OF 3300 WESTLAND DR,AUSTIN,TX,78704,5,3300 | 3399 | WESTLAND DR,True,
2026-116312 OL,Short Term Rental Type 1,BLOCK OF 1600 ELMHURST DR,AUSTIN,TX,78741,9,1600 | 1699 | ELMHURST DR,True,
2023-103589 OL,Short Term Rental Type 2 Residential,BLOCK OF 1900 FORD ST,AUSTIN,TX,78704,5,1900 | 1999 | FORD ST,True,
2022-055030 OL,Short Term Rental Type 3,BLOCK OF 3400 WILLOWRUN DR,AUSTIN,TX,78704,3,3400 | 3499 | WILLOWRUN DR,True,
2025-120873 OL,Short Term Rental Type 2 Residential,BLOCK OF 2000 JONES RD,AUSTIN,TX,78745,5,2000 | 2099 | JONES RD,True,
2026-119020 OL,Short Term Rental Type 1,BLOCK OF 10000 ROCKING HORSE RD,AUSTIN,TX,78748,5,10000 | 10099 | ROCKING HORSE RD,True,
2025-142527 OL,Short Term Rental Type 3,BLOCK OF 3600 MENCHACA RD,AUSTIN,TX,78704,5,3600 | 3699 | MENCHACA RD,True,
2026-043580 OL,Short Term Rental Type 3,BLOCK OF 500 CONGRESS AVE,AUSTIN,TX,78701,9,500 | 599 | CONGRESS AVE,True,
2026-079299 OL,Short Term Rental Type 1,BLOCK OF 900 BRENTWOOD ST,AUSTIN,TX,78757,7,900 | 999 | BRENTWOOD ST,True,
2026-033036 OL,Short Term Rental Type 2 Residential,BLOCK OF 2100 PRATHER LN,AUSTIN,TX,78704,5,2100 | 2199 | PRATHER LN,True,
2026-059442 OL,Short Term Rental Type 1-A,BLOCK OF 1100 S 1ST ST,AUSTIN,TX,78704,9,1100 | 1199 | S 1ST ST,True,official street range corridor
2024-014902 OL,Short Term Rental Type 2 Residential,BLOCK OF 1200 WEBBERVILLE RD,AUSTIN,TX,78721,1,1200 | 1299 | WEBBERVILLE RD,True,
2026-030274 OL,Short Term Rental Type 1,BLOCK OF 8300 REEDA LN,AUSTIN,TX,78757,4,8300 | 8399 | REEDA LN,True,
2023-117201 OL,Short Term Rental Type 1-Secondary,BLOCK OF 8000 CORRIGAN PASS,AUSTIN,TX,78744,2,8000 | 8099 | CORRIGAN PASS,True,
2023-045947 OL,Short Term Rental Type 1,BLOCK OF 5100 MARSHALL FORD RD,AUSTIN,TX,78732,10,5100 | 5199 | MARSHALL FORD RD,True,
2025-029715 OL,Short Term Rental Type 2 Residential,BLOCK OF 4600 S 2ND ST,AUSTIN,TX,78745,3,4600 | 4699 | S 2ND ST,True,official street range corridor
2020-186401 OL,Short Term Rental Type 3,BLOCK OF 5400 WILLIAM HOLLAND AVE,AUSTIN,TX,78756,7,5400 | 5499 | WILLIAM HOLLAND AVE,True,
2024-080059 OL,Short Term Rental Type 3,BLOCK OF 3500 ALPINE CIR,AUSTIN,TX,78704,3,3500 | 3599 | ALPINE CIR,True,
2025-157995 OL,Short Term Rental Type 3,BLOCK OF 100 RAINEY ST,AUSTIN,TX,78701,9,100 | 199 | RAINEY ST,True,official street range corridor
2025-028577 OL,Short Term Rental Type 1,BLOCK OF 5700 PINON VISTA DR,AUSTIN,TX,78724,1,5700 | 5799 | PINON VISTA DR,True,
2025-120815 OL,Short Term Rental Type 2 Residential,BLOCK OF 5300 KING HENRY DR,AUSTIN,TX,78724,1,5300 | 5399 | KING HENRY DR,True,
2024-015095 OL,Short Term Rental Type 2 Residential,BLOCK OF 2900 E 3RD ST,AUSTIN,TX,78702,3,2900 | 2999 | E 3RD ST,True,official street range corridor
2025-120416 OL,Short Term Rental Type 1-A,BLOCK OF 200 MONTOPOLIS DR,AUSTIN,TX,78741,3,200 | 299 | MONTOPOLIS DR,True,
2026-045773 OL,Short Term Rental Type 3,BLOCK OF 2100 ELMONT DR,AUSTIN,TX,78741,3,2100 | 2199 | ELMONT DR,True,official street range corridor
2025-120804 OL,Short Term Rental Type 2 Residential,BLOCK OF 12000 MEADOWFIRE DR,AUSTIN,TX,78758,7,12000 | 12099 | MEADOWFIRE DR,False,
2026-036962 OL,Short Term Rental Type 2 Residential,BLOCK OF 500 THRASHER LN,AUSTIN,TX,78741,3,500 | 599 | THRASHER LN,True,
2022-072897 OL,Short Term Rental Type 1,BLOCK OF 1500 W 39TH HALF ST,AUSTIN,TX,78756,10,1500 | 1599 | W 39TH HALF ST,True,official street range corridor
2026-103642 OL,Short Term Rental Type 2 Residential,BLOCK OF 5300 ROBINSDALE LN,AUSTIN,TX,78723,4,5300 | 5399 | ROBINSDALE LN,True,
2024-006564 OL,Short Term Rental Type 2 Residential,BLOCK OF 1300 NEWNING AVE,AUSTIN,TX,78704,9,1300 | 1399 | NEWNING AVE,True,
2024-129315 OL,Short Term Rental Type 2 Residential,BLOCK OF 1200 COMAL ST,AUSTIN,TX,78702,1,1200 | 1299 | COMAL ST,True,
2026-062501 OL,Short Term Rental Type 1,BLOCK OF 1300 WILLOW ST,AUSTIN,TX,78702,3,1300 | 1399 | WILLOW ST,True,
2018-021955 OL,Short Term Rental Type 3,BLOCK OF 500 W 8TH ST,AUSTIN,TX,78701,9,500 | 599 | W 8TH ST,True,official street range corridor
2014-061200 OL,Short Term Rental Type 3,BLOCK OF 800 S 1ST ST,AUSTIN,TX,78704,9,800 | 899 | S 1ST ST,True,official street range corridor
2020-025572 OL,Short Term Rental Type 1,BLOCK OF 2800 CLEARVIEW DR,AUSTIN,TX,78703,10,2800 | 2899 | CLEARVIEW DR,True,
2026-088884 OL,Short Term Rental Type 1,BLOCK OF 1400 ANISE DR,AUSTIN,TX,78741,3,1400 | 1499 | ANISE DR,True,
2022-170472 OL,Short Term Rental Type 1-Secondary,BLOCK OF 1200 LORRAIN ST,AUSTIN,TX,78703,9,1200 | 1299 | LORRAIN ST,True,
2026-124354 OL,Short Term Rental Type 1-A,BLOCK OF 6900 DEBORAH DR,AUSTIN,TX,78752,4,6900 | 6999 | DEBORAH DR,True,
2025-137861 OL,Short Term Rental Type 2 Residential,BLOCK OF 4600 SARA DR,AUSTIN,TX,78721,3,4600 | 4699 | SARA DR,True,
2025-157891 OL,Short Term Rental Type 3,BLOCK OF 100 RAINEY ST,AUSTIN,TX,78701,9,100 | 199 | RAINEY ST,True,official street range corridor
2026-043561 OL,Short Term Rental Type 3,BLOCK OF 500 CONGRESS AVE,AUSTIN,TX,78701,9,500 | 599 | CONGRESS AVE,True,
2017-122953 OL,Short Term Rental Type 3,BLOCK OF 400 W 3RD ST,AUSTIN,TX,78701,9,400 | 499 | W 3RD ST,True,official street range corridor
2024-102720 OL,Short Term Rental Type 2 Residential,BLOCK OF 8100 CEBERRY DR,AUSTIN,TX,78759,10,8100 | 8199 | CEBERRY DR,True,
2023-156044 OL,Short Term Rental Type 1,BLOCK OF 1900 CANTERBURY ST,AUSTIN,TX,78702,3,1900 | 1999 | CANTERBURY ST,True,
2026-042357 OL,Short Term Rental Type 2 Residential,BLOCK OF 1200 GARDEN ST,AUSTIN,TX,78702,3,1200 | 1299 | GARDEN ST,True,
2026-074495 OL,Short Term Rental Type 1,BLOCK OF 1300 ALGUNO RD,AUSTIN,TX,78757,7,1300 | 1399 | ALGUNO RD,True,
2026-056589 OL,Short Term Rental Type 1,BLOCK OF 5200 ST GEORGES GREEN,AUSTIN,TX,78745,5,5200 | 5299 | ST GEORGES GREEN,True,
2014-007821 OL,Short Term Rental Type 1,BLOCK OF 1000 DANIEL DR,AUSTIN,TX,78704,9,1000 | 1099 | DANIEL DR,True,
2026-107318 OL,Short Term Rental Type 2 Residential,BLOCK OF 2500 E 4TH ST,AUSTIN,TX,78702,3,2500 | 2599 | E 4TH ST,True,official street range corridor
2026-091704 OL,Short Term Rental Type 1,BLOCK OF 13000 TOMANET TRL,AUSTIN,TX,78727,7,13000 | 13099 | TOMANET TRL,False,
2018-020877 OL,Short Term Rental Type 3,BLOCK OF 200 LAVACA ST,AUSTIN,TX,78701,9,200 | 299 | LAVACA ST,True,official street range corridor
2025-156159 OL,Short Term Rental Type 3,BLOCK OF 100 RAINEY ST,AUSTIN,TX,78701,9,100 | 199 | RAINEY ST,True,official street range corridor
2025-011289 OL,Short Term Rental Type 3,BLOCK OF 5600 GROVER AVE,AUSTIN,TX,78756,7,5600 | 5699 | GROVER AVE,True,
2025-156028 OL,Short Term Rental Type 3,BLOCK OF 100 RAINEY ST,AUSTIN,TX,78701,9,100 | 199 | RAINEY ST,True,official street range corridor
2025-147788 OL,Short Term Rental Type 2 Residential,BLOCK OF 1300 DELANO ST,AUSTIN,TX,78721,1,1300 | 1399 | DELANO ST,True,
2023-158561 OL,Short Term Rental Type 2 Residential,BLOCK OF 8500 KANSAS RIVER DR,AUSTIN,TX,78745,5,8500 | 8599 | KANSAS RIVER DR,True,
2026-077785 OL,Short Term Rental Type 3,BLOCK OF 5000 CONVICT HILL RD,AUSTIN,TX,78749,8,5000 | 5099 | CONVICT HILL RD,True,
2026-036170 OL,Short Term Rental Type 3,BLOCK OF 5900 CAMERON RD,AUSTIN,TX,78723,4,5900 | 5999 | CAMERON RD,True,
2026-055331 OL,Short Term Rental Type 2 Residential,BLOCK OF 13000 RIVER BND,AUSTIN,TX,78732,10,13000 | 13099 | RIVER BND,True,
2025-005433 OL,Short Term Rental Type 3,BLOCK OF 1100 SABINE ST,AUSTIN,TX,78701,9,1100 | 1199 | SABINE ST,True,official street range corridor
2025-070715 OL,Short Term Rental Type 3,BLOCK OF 1600 E 6TH ST,AUSTIN,TX,78702,3,1600 | 1699 | E 6TH ST,True,official street range corridor
2018-021048 OL,Short Term Rental Type 3,BLOCK OF 500 W 8TH ST,AUSTIN,TX,78701,9,500 | 599 | W 8TH ST,True,official street range corridor
2025-119775 OL,Short Term Rental Type 2 Residential,BLOCK OF 1200 W OLTORF ST,AUSTIN,TX,78704,3,1200 | 1299 | W OLTORF ST,True,
2024-078942 OL,Short Term Rental Type 3,BLOCK OF 6800 OLD BEE CAVES RD,AUSTIN,TX,78735,8,6800 | 6899 | OLD BEE CAVES RD,True,
2026-040538 OL,Short Term Rental Type 2 Residential,BLOCK OF 12000 PRAIRIE HEN LN,AUSTIN,TX,78758,7,12000 | 12099 | PRAIRIE HEN LN,False,
2026-107345 OL,Short Term Rental Type 2 Residential,BLOCK OF 100 E 48TH ST,AUSTIN,TX,78751,9,100 | 199 | E 48TH ST,True,official street range corridor
2025-135744 OL,Short Term Rental Type 2 Residential,BLOCK OF 6900 COMANCHE TRL,AUSTIN,TX,78732,10,6900 | 6999 | COMANCHE TRL,True,
2025-025749 OL,Short Term Rental Type 1,BLOCK OF 1800 SOUTH LAKESHORE BLVD,AUSTIN,TX,78741,3,1800 | 1899 | S LAKESHORE BLVD,False,
2026-095911 OL,Short Term Rental Type 1-Secondary,BLOCK OF 600 DENSON DR,AUSTIN,TX,78752,4,600 | 699 | DENSON DR,True,
2025-131325 OL,Short Term Rental Type 2 Residential,BLOCK OF 800 E 45TH ST,AUSTIN,TX,78751,9,800 | 899 | E 45TH ST,True,official street range corridor
2026-043868 OL,Short Term Rental Type 3,BLOCK OF 1400 S LAMAR BLVD,AUSTIN,TX,78704,9,1400 | 1499 | S LAMAR BLVD,True,
2025-134878 OL,Short Term Rental Type 2 Residential,BLOCK OF 900 WALTER ST,AUSTIN,TX,78702,1,900 | 999 | WALTER ST,True,
2021-164191 OL,Short Term Rental Type 1,BLOCK OF 14000 LAKE VIEW DR,AUSTIN,TX,78732,10,14000 | 14099 | LAKE VIEW DR,True,
2025-111241 OL,Short Term Rental Type 2 Residential,BLOCK OF 4400 AIRPORT BLVD,AUSTIN,TX,78722,9,4400 | 4499 | AIRPORT BLVD,True,
2025-131269 OL,Short Term Rental Type 2 Residential,BLOCK OF 2500 W 7TH ST,AUSTIN,TX,78703,10,2500 | 2599 | W 7TH ST,True,official street range corridor
2020-194125 OL,Short Term Rental Type 3,BLOCK OF 400 W 3RD ST,AUSTIN,TX,78701,9,400 | 499 | W 3RD ST,True,official street range corridor
2022-072392 OL,Short Term Rental Type 1,BLOCK OF 1600 MORGAN LN,AUSTIN,TX,78704,5,1600 | 1699 | MORGAN LN,True,
2023-063482 OL,Short Term Rental Type 1,BLOCK OF 11000 MERIS LN,AUSTIN,TX,78754,1,11000 | 11099 | MERIS LN,False,
2024-006219 OL,Short Term Rental Type 1-Secondary,BLOCK OF 4600 MUNSON ST,AUSTIN,TX,78721,3,4600 | 4699 | MUNSON ST,True,
2025-150254 OL,Short Term Rental Type 1,BLOCK OF 7300 SPARKLING LIGHT DR,AUSTIN,TX,78617,2,7300 | 7399 | SPARKLING LIGHT DR,True,official street range corridor
2026-068643 OL,Short Term Rental Type 2 Residential,BLOCK OF 1600 ELMIRA RD,AUSTIN,TX,78721,1,1600 | 1699 | ELMIRA RD,True,
2023-036210 OL,Short Term Rental Type 1,BLOCK OF 2300 S 3RD ST,AUSTIN,TX,78704,3,2300 | 2399 | S 3RD ST,True,official street range corridor
2025-130824 OL,Short Term Rental Type 2 Residential,BLOCK OF 2100 THORNTON RD,AUSTIN,TX,78704,5,2100 | 2199 | THORNTON RD,True,
2026-068398 OL,Short Term Rental Type 1-A,BLOCK OF 6900 CHERRY MEADOW DR,AUSTIN,TX,78745,5,6900 | 6999 | CHERRY MEADOW DR,True,
2026-118122 OL,Short Term Rental Type 2 Residential,BLOCK OF 6700 DEATONHILL DR,AUSTIN,TX,78745,5,6700 | 6799 | DEATONHILL DR,True,
2022-152257 OL,Short Term Rental Type 1,BLOCK OF 5500 S PLEASANT VALLEY RD,AUSTIN,TX,78744,2,5500 | 5599 | S PLEASANT VALLEY RD,True,
2014-111041 OL,Short Term Rental Type 2 Residential,BLOCK OF 100 E 48TH ST,AUSTIN,TX,78751,9,100 | 199 | E 48TH ST,True,official street range corridor
2025-157372 OL,Short Term Rental Type 1-Secondary,BLOCK OF 300 W OLTORF ST,AUSTIN,TX,78704,3,300 | 399 | W OLTORF ST,True,
2026-008818 OL,Short Term Rental Type 2 Residential,BLOCK OF 1400 HASKELL ST,AUSTIN,TX,78702,3,1400 | 1499 | HASKELL ST,True,
2026-019233 OL,Short Term Rental Type 1,BLOCK OF 5100 HEDGEWOOD DR,AUSTIN,TX,78745,3,5100 | 5199 | HEDGEWOOD DR,True,
2025-077834 OL,Short Term Rental Type 2 Commercial,BLOCK OF 2400 WEBBERVILLE RD,AUSTIN,TX,78702,1,2400 | 2499 | WEBBERVILLE RD,True,
2023-125906 OL,Short Term Rental Type 2 Residential,BLOCK OF 1100 W 10TH ST,AUSTIN,TX,78703,9,1100 | 1199 | W 10TH ST,True,official street range corridor
2026-031704 OL,Short Term Rental Type 3,BLOCK OF 1600 E 6TH ST,AUSTIN,TX,78702,3,1600 | 1699 | E 6TH ST,True,official street range corridor
2025-045087 OL,Short Term Rental Type 2 Residential,BLOCK OF 1900 E 16TH ST,AUSTIN,TX,78702,1,1900 | 1999 | E 16TH ST,True,official street range corridor
2024-032533 OL,Short Term Rental Type 2 Residential,BLOCK OF 4800 SHOALWOOD AVE,AUSTIN,TX,78756,7,4800 | 4899 | SHOALWOOD AVE,True,
2026-044954 OL,Short Term Rental Type 2 Residential,BLOCK OF 2600 SHERWOOD LN,AUSTIN,TX,78704,3,2600 | 2699 | SHERWOOD LN,True,
2021-072811 OL,Short Term Rental Type 1-A,BLOCK OF 500 SUNNY LN,AUSTIN,TX,78704,9,500 | 599 | SUNNY LN,True,
2026-055852 OL,Short Term Rental Type 1,BLOCK OF 1000 GLEN OAKS CT,AUSTIN,TX,78702,1,1000 | 1099 | GLEN OAKS CT,True,
2026-073033 OL,Short Term Rental Type 3,BLOCK OF 6500 ED BLUESTEIN BLVD NB,AUSTIN,TX,78724,1,6500 | 6599 | ED BLUESTEIN BLVD NB,True,official street range corridor
2026-030875 OL,Short Term Rental Type 3,BLOCK OF 6300 S 1ST ST,AUSTIN,TX,78745,2,6300 | 6399 | S 1ST ST,True,
2026-036477 OL,Short Term Rental Type 3,BLOCK OF 6800 GREAT NORTHERN BLVD,AUSTIN,TX,78757,7,6800 | 6899 | GREAT NORTHERN BLVD,True,
2023-013230 OL,Short Term Rental Type 1,BLOCK OF 2200 SANTA ROSA ST,AUSTIN,TX,78702,3,2200 | 2299 | SANTA ROSA ST,True,
2026-071876 OL,Short Term Rental Type 1,BLOCK OF 6600 GREENSBORO DR,AUSTIN,TX,78723,1,6600 | 6699 | GREENSBORO DR,True,
2025-159180 OL,Short Term Rental Type 2 Residential,BLOCK OF 1000 CONCORDIA AVE,AUSTIN,TX,78705,9,1000 | 1099 | CONCORDIA AVE,True,
2026-022545 OL,Short Term Rental Type 1,BLOCK OF 5500 PROCK LN,AUSTIN,TX,78721,3,5500 | 5599 | PROCK LN,True,
2026-094509 OL,Short Term Rental Type 1,BLOCK OF 7900 ORIZZONTE ST,AUSTIN,TX,78744,2,7900 | 7999 | ORIZZONTE ST,True,
2026-058749 OL,Short Term Rental Type 2 Residential,BLOCK OF 200 EL PASO ST,AUSTIN,TX,78704,3,200 | 299 | EL PASO ST,True,
2019-182323 OL,Short Term Rental Type 1,BLOCK OF 800 W 30TH ST,AUSTIN,TX,78705,9,800 | 899 | W 30TH ST,True,official street range corridor
2026-050483 OL,Short Term Rental Type 2 Residential,BLOCK OF 4400 DOVEMEADOW DR,AUSTIN,TX,78744,2,4400 | 4499 | DOVEMEADOW DR,True,
2025-163639 OL,Short Term Rental Type 2 Residential,BLOCK OF 1100 W OLTORF ST,AUSTIN,TX,78704,3,1100 | 1199 | W OLTORF ST,True,
2019-189712 OL,Short Term Rental Type 3,BLOCK OF 1200 E 5TH ST,AUSTIN,TX,78702,3,1200 | 1299 | E 5TH ST,True,official street range corridor
2026-057192 OL,Short Term Rental Type 3,BLOCK OF 6100 E RIVERSIDE DR,AUSTIN,TX,78741,3,6100 | 6199 | E RIVERSIDE DR,True,
2026-062678 OL,Short Term Rental Type 2 Residential,BLOCK OF 1400 E 3RD ST,AUSTIN,TX,78702,3,1400 | 1499 | E 3RD ST,True,official street range corridor
2026-035449 OL,Short Term Rental Type 3,BLOCK OF 3500 S 1ST ST,AUSTIN,TX,78704,3,3500 | 3599 | S 1ST ST,True,official street range corridor
2026-019780 OL,Short Term Rental Type 2 Residential,BLOCK OF 2900 NORTHEAST DR,AUSTIN,TX,78723,4,2900 | 2999 | NORTHEAST DR,True,
2023-012751 OL,Short Term Rental Type 1-A,BLOCK OF 6100 WAGON BEND TRL,AUSTIN,TX,78744,2,6100 | 6199 | WAGON BEND TRL,True,
2020-011022 OL,Short Term Rental Type 1,BLOCK OF 1000 EDGECLIFF TER,AUSTIN,TX,78704,9,1000 | 1099 | EDGECLIFF TER,True,
2026-014042 OL,Short Term Rental Type 2 Commercial,BLOCK OF 1600 GARDEN ST,AUSTIN,TX,78702,3,1600 | 1699 | GARDEN ST,True,
2023-006064 OL,Short Term Rental Type 2 Residential,BLOCK OF 6800 BEAUFORD DR,AUSTIN,TX,78750,10,6800 | 6899 | BEAUFORD DR,True,
2022-140769 OL,Short Term Rental Type 1,BLOCK OF 200 LELAND ST,AUSTIN,TX,78704,9,200 | 299 | LELAND ST,True,
2026-022141 OL,Short Term Rental Type 3,BLOCK OF 6300 S 1ST ST,AUSTIN,TX,78745,2,6300 | 6399 | S 1ST ST,True,
2026-073485 OL,Short Term Rental Type 2 Residential,BLOCK OF 1100 EBERT AVE,AUSTIN,TX,78721,3,1100 | 1199 | EBERT AVE,True,
2018-078712 OL,Short Term Rental Type 1-Secondary,BLOCK OF 1200 HILLSIDE AVE,AUSTIN,TX,78704,9,1200 | 1299 | HILLSIDE AVE,True,
2017-126183 OL,Short Term Rental Type 1,BLOCK OF 600 PEACOCK LN,AUSTIN,TX,78704,3,600 | 699 | PEACOCK LN,True,
2022-062914 OL,Short Term Rental Type 1,BLOCK OF 1500 ROCKCLIFF RD,AUSTIN,TX,78746,8,1500 | 1599 | ROCKCLIFF RD,True,
2026-034472 OL,Short Term Rental Type 1-Secondary,BLOCK OF 2600 MC BEE ST,AUSTIN,TX,78723,9,2600 | 2699 | MC BEE ST,True,official street range corridor
2025-043447 OL,Short Term Rental Type 2 Residential,BLOCK OF 2000 BIG HORN DR,AUSTIN,TX,78734,10,2000 | 2099 | BIG HORN DR,True,
2026-030691 OL,Short Term Rental Type 1,BLOCK OF 4800 BRASSIEWOOD DR,AUSTIN,TX,78744,2,4800 | 4899 | BRASSIEWOOD DR,True,
2025-052645 OL,Short Term Rental Type 2 Residential,BLOCK OF 4800 PEWTER LN,AUSTIN,TX,78744,2,4800 | 4899 | PEWTER LN,True,
2023-124111 OL,Short Term Rental Type 1-Secondary,BLOCK OF 100 W ELIZABETH ST,AUSTIN,TX,78704,9,100 | 199 | W ELIZABETH ST,True,
2026-081020 OL,Short Term Rental Type 2 Residential,BLOCK OF 1600 HETHER ST,AUSTIN,TX,78704,5,1600 | 1699 | HETHER ST,True,
2026-112989 OL,Short Term Rental Type 1,BLOCK OF 7600 CRESTON LN,AUSTIN,TX,78752,4,7600 | 7699 | CRESTON LN,True,
2026-031089 OL,Short Term Rental Type 3,BLOCK OF 6300 S 1ST ST,AUSTIN,TX,78745,2,6300 | 6399 | S 1ST ST,True,
2024-138946 OL,Short Term Rental Type 2 Residential,BLOCK OF 11000 DENELL CIR,AUSTIN,TX,78753,1,11000 | 11099 | DENELL CIR,False,
2018-021026 OL,Short Term Rental Type 3,BLOCK OF 500 W 8TH ST,AUSTIN,TX,78701,9,500 | 599 | W 8TH ST,True,official street range corridor
2026-094005 OL,Short Term Rental Type 1,BLOCK OF 600 JEWELL ST,AUSTIN,TX,78704,9,600 | 699 | JEWELL ST,True,
2025-038435 OL,Short Term Rental Type 3,BLOCK OF 2200 ENFIELD RD,AUSTIN,TX,78703,10,2200 | 2299 | ENFIELD RD,True,
2026-024078 OL,Short Term Rental Type 2 Residential,BLOCK OF 1200 NAVASOTA ST,AUSTIN,TX,78702,1,1200 | 1299 | NAVASOTA ST,True,
2023-048598 OL,Short Term Rental Type 1,BLOCK OF 5000 BUFFALO PASS,AUSTIN,TX,78745,5,5000 | 5099 | BUFFALO PASS,True,
2026-069366 OL,Short Term Rental Type 2 Residential,BLOCK OF 2000 HASKELL ST,AUSTIN,TX,78702,3,2000 | 2099 | HASKELL ST,True,
2021-196135 OL,Short Term Rental Type 1-A,BLOCK OF 2600 OAK HAVEN DR,AUSTIN,TX,78704,5,2600 | 2699 | OAK HAVEN DR,True,official street range corridor
2025-019480 OL,Short Term Rental Type 2 Residential,BLOCK OF 8700 MOUNTAIN CREST DR,AUSTIN,TX,78735,8,8700 | 8799 | MOUNTAIN CREST DR,True,
2013-016139 OL,Short Term Rental Type 2 Residential,BLOCK OF 1100 REAGAN TER,AUSTIN,TX,78704,9,1100 | 1199 | REAGAN TER,True,
2024-109841 OL,Short Term Rental Type 2 Residential,BLOCK OF 3000 DEL CURTO RD,AUSTIN,TX,78704,5,3000 | 3099 | DEL CURTO RD,True,
2026-024171 OL,Short Term Rental Type 2 Residential,BLOCK OF 1700 DRAKE AVE,AUSTIN,TX,78704,9,1700 | 1799 | DRAKE AVE,True,
2018-026660 OL,Short Term Rental Type 1,BLOCK OF 1500 NEWNING AVE,AUSTIN,TX,78704,9,1500 | 1599 | NEWNING AVE,True,
2025-111825 OL,Short Term Rental Type 3,BLOCK OF 3100 SCOFIELD RIDGE PKWY,AUSTIN,TX,78727,7,3100 | 3199 | SCOFIELD RIDGE PKWY,True,
2023-130788 OL,Short Term Rental Type 1-Secondary,BLOCK OF 3200 FRENCH PL,AUSTIN,TX,78722,9,3200 | 3299 | FRENCH PL,True,
2026-088925 OL,Short Term Rental Type 2 Residential,BLOCK OF 1700 TAYLOR GAINES ST,AUSTIN,TX,78741,9,1700 | 1799 | TAYLOR GAINES ST,True,
2026-002070 OL,Short Term Rental Type 2 Residential,BLOCK OF 1800 PALO DURO RD,AUSTIN,TX,78757,7,1800 | 1899 | PALO DURO RD,True,
2026-060052 OL,Short Term Rental Type 1,BLOCK OF 2200 DONAHUE LN,AUSTIN,TX,78744,2,2200 | 2299 | DONAHUE LN,True,
2023-142169 OL,Short Term Rental Type 2 Residential,BLOCK OF 1900 GLENCLIFF DR,AUSTIN,TX,78704,5,1900 | 1999 | GLENCLIFF DR,True,
2026-109699 OL,Short Term Rental Type 1,BLOCK OF 2000 ALGUNO RD,AUSTIN,TX,78757,7,2000 | 2099 | ALGUNO RD,True,
2026-045989 OL,Short Term Rental Type 3,BLOCK OF 500 E OLTORF ST,AUSTIN,TX,78704,3,500 | 599 | E OLTORF ST,True,
2026-021695 OL,Short Term Rental Type 1,BLOCK OF 5200 SAMUEL HUSTON AVE,AUSTIN,TX,78721,1,5200 | 5299 | SAMUEL HUSTON AVE,True,
2023-025773 OL,Short Term Rental Type 1-Secondary,BLOCK OF 5200 ROBINSDALE LN,AUSTIN,TX,78723,4,5200 | 5299 | ROBINSDALE LN,True,
2023-044681 OL,Short Term Rental Type 2 Residential,BLOCK OF 10000 QUAIL RIDGE DR,AUSTIN,TX,78758,4,10000 | 10099 | QUAIL RIDGE DR,True,official street range corridor
2025-163098 OL,Short Term Rental Type 3,BLOCK OF 600 BRUSHY ST,AUSTIN,TX,78702,3,600 | 699 | BRUSHY ST,True,official street range corridor
2019-189313 OL,Short Term Rental Type 3,BLOCK OF 1200 E 5TH ST,AUSTIN,TX,78702,3,1200 | 1299 | E 5TH ST,True,official street range corridor
2026-034123 OL,Short Term Rental Type 2 Residential,BLOCK OF 12000 SEA LION CV,AUSTIN,TX,78754,1,12000 | 12099 | SEA LION CV,False,
2018-212943 OL,Short Term Rental Type 1,BLOCK OF 1000 AVONDALE RD,AUSTIN,TX,78704,9,1000 | 1099 | AVONDALE RD,True,
2022-067897 OL,Short Term Rental Type 3,BLOCK OF 700 HIGHLAND AVE,AUSTIN,TX,78703,9,700 | 799 | HIGHLAND AVE,True,
2026-117598 OL,Short Term Rental Type 2 Residential,BLOCK OF 1600 SINGLETON AVE,AUSTIN,TX,78702,1,1600 | 1699 | SINGLETON AVE,True,
2021-105535 OL,Short Term Rental Type 3,BLOCK OF 1700 E MARTIN LUTHER KING JR BLVD,AUSTIN,TX,78702,1,1700 | 1799 | E MARTIN LUTHER KING JR BLVD,True,official street range corridor
2026-024018 OL,Short Term Rental Type 2 Residential,BLOCK OF 2700 E 22ND ST,AUSTIN,TX,78722,1,2700 | 2799 | E 22ND ST,True,official street range corridor
2026-047346 OL,Short Term Rental Type 2 Residential,BLOCK OF 6700 SKYNOOK DR,AUSTIN,TX,78745,2,6700 | 6799 | SKYNOOK DR,True,
2017-125312 OL,Short Term Rental Type 1-Secondary,BLOCK OF 1600 WATERSTON AVE,AUSTIN,TX,78703,9,1600 | 1699 | WATERSTON AVE,True,
