listing_id,url,saved_search_tiles
5456,https://www.airbnb.com/rooms/5456,2
6448,https://www.airbnb.com/rooms/6448,2
8502,https://www.airbnb.com/rooms/8502,2
50334,https://www.airbnb.com/rooms/50334,2
57187,https://www.airbnb.com/rooms/57187,1
69303,https://www.airbnb.com/rooms/69303,2
72833,https://www.airbnb.com/rooms/72833,1
76501,https://www.airbnb.com/rooms/76501,4
77639,https://www.airbnb.com/rooms/77639,6
78422,https://www.airbnb.com/rooms/78422,2
79603,https://www.airbnb.com/rooms/79603,2
80742,https://www.airbnb.com/rooms/80742,4
83643,https://www.airbnb.com/rooms/83643,2
113779,https://www.airbnb.com/rooms/113779,1
128326,https://www.airbnb.com/rooms/128326,1
140474,https://www.airbnb.com/rooms/140474,1
140504,https://www.airbnb.com/rooms/140504,1
154103,https://www.airbnb.com/rooms/154103,4
174828,https://www.airbnb.com/rooms/174828,4
202187,https://www.airbnb.com/rooms/202187,3
207054,https://www.airbnb.com/rooms/207054,1
208897,https://www.airbnb.com/rooms/208897,4
216473,https://www.airbnb.com/rooms/216473,1
233930,https://www.airbnb.com/rooms/233930,1
238657,https://www.airbnb.com/rooms/238657,4
248515,https://www.airbnb.com/rooms/248515,2
254232,https://www.airbnb.com/rooms/254232,2
271052,https://www.airbnb.com/rooms/271052,2
277028,https://www.airbnb.com/rooms/277028,2
281182,https://www.airbnb.com/rooms/281182,1
300574,https://www.airbnb.com/rooms/300574,1
304808,https://www.airbnb.com/rooms/304808,2
304866,https://www.airbnb.com/rooms/304866,2
315239,https://www.airbnb.com/rooms/315239,4
319759,https://www.airbnb.com/rooms/319759,1
319894,https://www.airbnb.com/rooms/319894,2
321069,https://www.airbnb.com/rooms/321069,4
325889,https://www.airbnb.com/rooms/325889,1
329172,https://www.airbnb.com/rooms/329172,1
329306,https://www.airbnb.com/rooms/329306,4
330034,https://www.airbnb.com/rooms/330034,1
330301,https://www.airbnb.com/rooms/330301,1
333442,https://www.airbnb.com/rooms/333442,3
333815,https://www.airbnb.com/rooms/333815,2
341596,https://www.airbnb.com/rooms/341596,1
342039,https://www.airbnb.com/rooms/342039,1
343258,https://www.airbnb.com/rooms/343258,6
343462,https://www.airbnb.com/rooms/343462,1
345473,https://www.airbnb.com/rooms/345473,2
345536,https://www.airbnb.com/rooms/345536,1
347654,https://www.airbnb.com/rooms/347654,2
349447,https://www.airbnb.com/rooms/349447,3
354263,https://www.airbnb.com/rooms/354263,2
355232,https://www.airbnb.com/rooms/355232,3
356837,https://www.airbnb.com/rooms/356837,3
357529,https://www.airbnb.com/rooms/357529,2
363944,https://www.airbnb.com/rooms/363944,1
364269,https://www.airbnb.com/rooms/364269,1
365471,https://www.airbnb.com/rooms/365471,1
406911,https://www.airbnb.com/rooms/406911,2
433996,https://www.airbnb.com/rooms/433996,2
461404,https://www.airbnb.com/rooms/461404,1
485360,https://www.airbnb.com/rooms/485360,1
501861,https://www.airbnb.com/rooms/501861,3
510168,https://www.airbnb.com/rooms/510168,2
517430,https://www.airbnb.com/rooms/517430,1
525231,https://www.airbnb.com/rooms/525231,1
560094,https://www.airbnb.com/rooms/560094,4
587572,https://www.airbnb.com/rooms/587572,2
628034,https://www.airbnb.com/rooms/628034,4
632659,https://www.airbnb.com/rooms/632659,4
644051,https://www.airbnb.com/rooms/644051,2
651301,https://www.airbnb.com/rooms/651301,2
660425,https://www.airbnb.com/rooms/660425,2
666423,https://www.airbnb.com/rooms/666423,4
666768,https://www.airbnb.com/rooms/666768,4
668301,https://www.airbnb.com/rooms/668301,4
685361,https://www.airbnb.com/rooms/685361,2
699018,https://www.airbnb.com/rooms/699018,1
702825,https://www.airbnb.com/rooms/702825,1
705858,https://www.airbnb.com/rooms/705858,2
711149,https://www.airbnb.com/rooms/711149,1
720315,https://www.airbnb.com/rooms/720315,1
728502,https://www.airbnb.com/rooms/728502,3
731024,https://www.airbnb.com/rooms/731024,1
731070,https://www.airbnb.com/rooms/731070,2
733203,https://www.airbnb.com/rooms/733203,2
735592,https://www.airbnb.com/rooms/735592,2
739963,https://www.airbnb.com/rooms/739963,2
746317,https://www.airbnb.com/rooms/746317,1
747499,https://www.airbnb.com/rooms/747499,1
763084,https://www.airbnb.com/rooms/763084,2
764675,https://www.airbnb.com/rooms/764675,2
765450,https://www.airbnb.com/rooms/765450,1
769527,https://www.airbnb.com/rooms/769527,2
784944,https://www.airbnb.com/rooms/784944,1
785963,https://www.airbnb.com/rooms/785963,2
801521,https://www.airbnb.com/rooms/801521,2
813709,https://www.airbnb.com/rooms/813709,1
814908,https://www.airbnb.com/rooms/814908,1
846780,https://www.airbnb.com/rooms/846780,2
883802,https://www.airbnb.com/rooms/883802,6
883970,https://www.airbnb.com/rooms/883970,2
910250,https://www.airbnb.com/rooms/910250,1
914572,https://www.airbnb.com/rooms/914572,2
932231,https://www.airbnb.com/rooms/932231,2
936349,https://www.airbnb.com/rooms/936349,1
942734,https://www.airbnb.com/rooms/942734,1
952932,https://www.airbnb.com/rooms/952932,2
954116,https://www.airbnb.com/rooms/954116,1
955612,https://www.airbnb.com/rooms/955612,2
959270,https://www.airbnb.com/rooms/959270,2
959630,https://www.airbnb.com/rooms/959630,4
960315,https://www.airbnb.com/rooms/960315,2
964330,https://www.airbnb.com/rooms/964330,2
967451,https://www.airbnb.com/rooms/967451,1
968817,https://www.airbnb.com/rooms/968817,4
975992,https://www.airbnb.com/rooms/975992,1
977906,https://www.airbnb.com/rooms/977906,1
980424,https://www.airbnb.com/rooms/980424,3
981928,https://www.airbnb.com/rooms/981928,3
1034604,https://www.airbnb.com/rooms/1034604,3
1043212,https://www.airbnb.com/rooms/1043212,1
1135629,https://www.airbnb.com/rooms/1135629,1
1148536,https://www.airbnb.com/rooms/1148536,3
1195493,https://www.airbnb.com/rooms/1195493,2
1213690,https://www.airbnb.com/rooms/1213690,3
1278532,https://www.airbnb.com/rooms/1278532,3
1299849,https://www.airbnb.com/rooms/1299849,2
1305257,https://www.airbnb.com/rooms/1305257,1
1307181,https://www.airbnb.com/rooms/1307181,1
1342654,https://www.airbnb.com/rooms/1342654,2
1349780,https://www.airbnb.com/rooms/1349780,2
1388265,https://www.airbnb.com/rooms/1388265,2
1397983,https://www.airbnb.com/rooms/1397983,2
1398635,https://www.airbnb.com/rooms/1398635,2
1417524,https://www.airbnb.com/rooms/1417524,2
1428582,https://www.airbnb.com/rooms/1428582,1
1441538,https://www.airbnb.com/rooms/1441538,2
1461266,https://www.airbnb.com/rooms/1461266,1
1462311,https://www.airbnb.com/rooms/1462311,2
1462557,https://www.airbnb.com/rooms/1462557,2
1495265,https://www.airbnb.com/rooms/1495265,2
1577342,https://www.airbnb.com/rooms/1577342,3
1578787,https://www.airbnb.com/rooms/1578787,1
1579405,https://www.airbnb.com/rooms/1579405,2
1593451,https://www.airbnb.com/rooms/1593451,2
1608994,https://www.airbnb.com/rooms/1608994,1
1612438,https://www.airbnb.com/rooms/1612438,3
1627417,https://www.airbnb.com/rooms/1627417,1
1673142,https://www.airbnb.com/rooms/1673142,2
1681072,https://www.airbnb.com/rooms/1681072,1
1683574,https://www.airbnb.com/rooms/1683574,1
1699415,https://www.airbnb.com/rooms/1699415,1
1704436,https://www.airbnb.com/rooms/1704436,3
1717090,https://www.airbnb.com/rooms/1717090,1
1717777,https://www.airbnb.com/rooms/1717777,1
1720604,https://www.airbnb.com/rooms/1720604,1
1733137,https://www.airbnb.com/rooms/1733137,1
1737139,https://www.airbnb.com/rooms/1737139,1
1742558,https://www.airbnb.com/rooms/1742558,2
1793471,https://www.airbnb.com/rooms/1793471,2
1825193,https://www.airbnb.com/rooms/1825193,4
1850914,https://www.airbnb.com/rooms/1850914,2
1875121,https://www.airbnb.com/rooms/1875121,1
1880094,https://www.airbnb.com/rooms/1880094,4
1892933,https://www.airbnb.com/rooms/1892933,1
1927188,https://www.airbnb.com/rooms/1927188,1
1935282,https://www.airbnb.com/rooms/1935282,5
1953384,https://www.airbnb.com/rooms/1953384,1
2048537,https://www.airbnb.com/rooms/2048537,1
2098455,https://www.airbnb.com/rooms/2098455,2
2124726,https://www.airbnb.com/rooms/2124726,6
2174970,https://www.airbnb.com/rooms/2174970,1
2189688,https://www.airbnb.com/rooms/2189688,2
2198635,https://www.airbnb.com/rooms/2198635,1
2223634,https://www.airbnb.com/rooms/2223634,2
2248559,https://www.airbnb.com/rooms/2248559,1
2254712,https://www.airbnb.com/rooms/2254712,5
2273233,https://www.airbnb.com/rooms/2273233,2
2277691,https://www.airbnb.com/rooms/2277691,2
2284306,https://www.airbnb.com/rooms/2284306,2
2292322,https://www.airbnb.com/rooms/2292322,1
2322667,https://www.airbnb.com/rooms/2322667,1
2336368,https://www.airbnb.com/rooms/2336368,2
2357311,https://www.airbnb.com/rooms/2357311,1
2380947,https://www.airbnb.com/rooms/2380947,2
2387160,https://www.airbnb.com/rooms/2387160,1
2406891,https://www.airbnb.com/rooms/2406891,2
2432292,https://www.airbnb.com/rooms/2432292,4
2452800,https://www.airbnb.com/rooms/2452800,2
2464759,https://www.airbnb.com/rooms/2464759,2
2467367,https://www.airbnb.com/rooms/2467367,2
2500385,https://www.airbnb.com/rooms/2500385,2
2501888,https://www.airbnb.com/rooms/2501888,2
2506482,https://www.airbnb.com/rooms/2506482,2
2516299,https://www.airbnb.com/rooms/2516299,4
2521003,https://www.airbnb.com/rooms/2521003,2
2524101,https://www.airbnb.com/rooms/2524101,2
2529203,https://www.airbnb.com/rooms/2529203,4
2532215,https://www.airbnb.com/rooms/2532215,2
2650844,https://www.airbnb.com/rooms/2650844,2
2665394,https://www.airbnb.com/rooms/2665394,2
2677765,https://www.airbnb.com/rooms/2677765,4
2789144,https://www.airbnb.com/rooms/2789144,2
2855422,https://www.airbnb.com/rooms/2855422,5
2885662,https://www.airbnb.com/rooms/2885662,1
2926708,https://www.airbnb.com/rooms/2926708,3
2984602,https://www.airbnb.com/rooms/2984602,2
2989481,https://www.airbnb.com/rooms/2989481,1
2992224,https://www.airbnb.com/rooms/2992224,1
2994424,https://www.airbnb.com/rooms/2994424,1
3032156,https://www.airbnb.com/rooms/3032156,1
3041605,https://www.airbnb.com/rooms/3041605,1
3049743,https://www.airbnb.com/rooms/3049743,2
3111194,https://www.airbnb.com/rooms/3111194,3
3124593,https://www.airbnb.com/rooms/3124593,1
3139275,https://www.airbnb.com/rooms/3139275,1
3214547,https://www.airbnb.com/rooms/3214547,4
3230604,https://www.airbnb.com/rooms/3230604,2
3349126,https://www.airbnb.com/rooms/3349126,2
3386939,https://www.airbnb.com/rooms/3386939,5
3424259,https://www.airbnb.com/rooms/3424259,3
3432834,https://www.airbnb.com/rooms/3432834,2
3475010,https://www.airbnb.com/rooms/3475010,2
3478000,https://www.airbnb.com/rooms/3478000,2
3539968,https://www.airbnb.com/rooms/3539968,2
3543410,https://www.airbnb.com/rooms/3543410,1
3561885,https://www.airbnb.com/rooms/3561885,2
3689085,https://www.airbnb.com/rooms/3689085,1
3720498,https://www.airbnb.com/rooms/3720498,1
3757576,https://www.airbnb.com/rooms/3757576,1
3801572,https://www.airbnb.com/rooms/3801572,3
3840726,https://www.airbnb.com/rooms/3840726,2
3916923,https://www.airbnb.com/rooms/3916923,4
3959242,https://www.airbnb.com/rooms/3959242,1
4013309,https://www.airbnb.com/rooms/4013309,10
4014472,https://www.airbnb.com/rooms/4014472,2
4030864,https://www.airbnb.com/rooms/4030864,1
4050950,https://www.airbnb.com/rooms/4050950,1
4054044,https://www.airbnb.com/rooms/4054044,3
4076557,https://www.airbnb.com/rooms/4076557,2
4121676,https://www.airbnb.com/rooms/4121676,1
4163685,https://www.airbnb.com/rooms/4163685,2
4171708,https://www.airbnb.com/rooms/4171708,2
4174180,https://www.airbnb.com/rooms/4174180,1
4184049,https://www.airbnb.com/rooms/4184049,2
4198303,https://www.airbnb.com/rooms/4198303,1
4202378,https://www.airbnb.com/rooms/4202378,2
4217792,https://www.airbnb.com/rooms/4217792,1
4219001,https://www.airbnb.com/rooms/4219001,4
4224800,https://www.airbnb.com/rooms/4224800,4
4236671,https://www.airbnb.com/rooms/4236671,1
4248385,https://www.airbnb.com/rooms/4248385,2
4338853,https://www.airbnb.com/rooms/4338853,1
4340903,https://www.airbnb.com/rooms/4340903,1
4431533,https://www.airbnb.com/rooms/4431533,1
4441722,https://www.airbnb.com/rooms/4441722,2
4464432,https://www.airbnb.com/rooms/4464432,1
4587557,https://www.airbnb.com/rooms/4587557,1
4645766,https://www.airbnb.com/rooms/4645766,1
4756372,https://www.airbnb.com/rooms/4756372,1
4774398,https://www.airbnb.com/rooms/4774398,2
4795682,https://www.airbnb.com/rooms/4795682,4
4820267,https://www.airbnb.com/rooms/4820267,1
4848222,https://www.airbnb.com/rooms/4848222,4
4855450,https://www.airbnb.com/rooms/4855450,4
4874855,https://www.airbnb.com/rooms/4874855,2
4931574,https://www.airbnb.com/rooms/4931574,1
4941458,https://www.airbnb.com/rooms/4941458,1
4955455,https://www.airbnb.com/rooms/4955455,1
5020354,https://www.airbnb.com/rooms/5020354,3
5031470,https://www.airbnb.com/rooms/5031470,2
5048523,https://www.airbnb.com/rooms/5048523,4
5050692,https://www.airbnb.com/rooms/5050692,4
5085831,https://www.airbnb.com/rooms/5085831,4
5094445,https://www.airbnb.com/rooms/5094445,2
5126932,https://www.airbnb.com/rooms/5126932,3
5144584,https://www.airbnb.com/rooms/5144584,1
5154230,https://www.airbnb.com/rooms/5154230,1
5169603,https://www.airbnb.com/rooms/5169603,2
5185181,https://www.airbnb.com/rooms/5185181,1
5221313,https://www.airbnb.com/rooms/5221313,2
5221542,https://www.airbnb.com/rooms/5221542,2
5235691,https://www.airbnb.com/rooms/5235691,2
5262010,https://www.airbnb.com/rooms/5262010,5
5277988,https://www.airbnb.com/rooms/5277988,3
5288423,https://www.airbnb.com/rooms/5288423,1
5303804,https://www.airbnb.com/rooms/5303804,1
5307348,https://www.airbnb.com/rooms/5307348,2
5335157,https://www.airbnb.com/rooms/5335157,2
5367201,https://www.airbnb.com/rooms/5367201,1
5372361,https://www.airbnb.com/rooms/5372361,3
5391565,https://www.airbnb.com/rooms/5391565,1
5396676,https://www.airbnb.com/rooms/5396676,1
5418428,https://www.airbnb.com/rooms/5418428,1
5420782,https://www.airbnb.com/rooms/5420782,4
5421249,https://www.airbnb.com/rooms/5421249,2
5434918,https://www.airbnb.com/rooms/5434918,2
5445354,https://www.airbnb.com/rooms/5445354,1
5457288,https://www.airbnb.com/rooms/5457288,2
5466113,https://www.airbnb.com/rooms/5466113,6
5476443,https://www.airbnb.com/rooms/5476443,2
5482391,https://www.airbnb.com/rooms/5482391,2
5495934,https://www.airbnb.com/rooms/5495934,1
5521345,https://www.airbnb.com/rooms/5521345,1
5524588,https://www.airbnb.com/rooms/5524588,1
5530513,https://www.airbnb.com/rooms/5530513,1
5539034,https://www.airbnb.com/rooms/5539034,4
5552689,https://www.airbnb.com/rooms/5552689,2
5567132,https://www.airbnb.com/rooms/5567132,1
5580439,https://www.airbnb.com/rooms/5580439,2
5593294,https://www.airbnb.com/rooms/5593294,2
5673145,https://www.airbnb.com/rooms/5673145,3
5715331,https://www.airbnb.com/rooms/5715331,4
5755416,https://www.airbnb.com/rooms/5755416,1
5757067,https://www.airbnb.com/rooms/5757067,1
5768833,https://www.airbnb.com/rooms/5768833,4
5794015,https://www.airbnb.com/rooms/5794015,1
5813732,https://www.airbnb.com/rooms/5813732,2
5819674,https://www.airbnb.com/rooms/5819674,4
5869022,https://www.airbnb.com/rooms/5869022,1
5873238,https://www.airbnb.com/rooms/5873238,3
5928709,https://www.airbnb.com/rooms/5928709,2
5992071,https://www.airbnb.com/rooms/5992071,2
6092667,https://www.airbnb.com/rooms/6092667,4
6116865,https://www.airbnb.com/rooms/6116865,4
6120864,https://www.airbnb.com/rooms/6120864,1
6153373,https://www.airbnb.com/rooms/6153373,1
6187395,https://www.airbnb.com/rooms/6187395,2
6291810,https://www.airbnb.com/rooms/6291810,4
6345673,https://www.airbnb.com/rooms/6345673,1
6391710,https://www.airbnb.com/rooms/6391710,4
6490112,https://www.airbnb.com/rooms/6490112,4
6570493,https://www.airbnb.com/rooms/6570493,1
6638084,https://www.airbnb.com/rooms/6638084,1
6744307,https://www.airbnb.com/rooms/6744307,1
6782834,https://www.airbnb.com/rooms/6782834,1
6820899,https://www.airbnb.com/rooms/6820899,2
6833719,https://www.airbnb.com/rooms/6833719,1
6849900,https://www.airbnb.com/rooms/6849900,2
6854195,https://www.airbnb.com/rooms/6854195,2
6935869,https://www.airbnb.com/rooms/6935869,4
6975186,https://www.airbnb.com/rooms/6975186,2
6981552,https://www.airbnb.com/rooms/6981552,1
7052919,https://www.airbnb.com/rooms/7052919,1
7094484,https://www.airbnb.com/rooms/7094484,1
7146530,https://www.airbnb.com/rooms/7146530,4
7279240,https://www.airbnb.com/rooms/7279240,2
7330232,https://www.airbnb.com/rooms/7330232,4
7345104,https://www.airbnb.com/rooms/7345104,2
7431430,https://www.airbnb.com/rooms/7431430,2
7435259,https://www.airbnb.com/rooms/7435259,5
7496659,https://www.airbnb.com/rooms/7496659,1
7531639,https://www.airbnb.com/rooms/7531639,2
7532068,https://www.airbnb.com/rooms/7532068,2
7672843,https://www.airbnb.com/rooms/7672843,1
7690676,https://www.airbnb.com/rooms/7690676,2
7730776,https://www.airbnb.com/rooms/7730776,1
7797703,https://www.airbnb.com/rooms/7797703,1
7802292,https://www.airbnb.com/rooms/7802292,2
7811193,https://www.airbnb.com/rooms/7811193,2
7837707,https://www.airbnb.com/rooms/7837707,2
7839215,https://www.airbnb.com/rooms/7839215,1
7859434,https://www.airbnb.com/rooms/7859434,2
7872804,https://www.airbnb.com/rooms/7872804,4
7937786,https://www.airbnb.com/rooms/7937786,1
7971903,https://www.airbnb.com/rooms/7971903,2
8032556,https://www.airbnb.com/rooms/8032556,2
8034552,https://www.airbnb.com/rooms/8034552,2
8047312,https://www.airbnb.com/rooms/8047312,1
8118902,https://www.airbnb.com/rooms/8118902,1
8124387,https://www.airbnb.com/rooms/8124387,2
8185376,https://www.airbnb.com/rooms/8185376,2
8189065,https://www.airbnb.com/rooms/8189065,2
8208157,https://www.airbnb.com/rooms/8208157,2
8235178,https://www.airbnb.com/rooms/8235178,6
8253159,https://www.airbnb.com/rooms/8253159,1
8272629,https://www.airbnb.com/rooms/8272629,2
8294952,https://www.airbnb.com/rooms/8294952,2
8355807,https://www.airbnb.com/rooms/8355807,4
8356007,https://www.airbnb.com/rooms/8356007,1
8370503,https://www.airbnb.com/rooms/8370503,2
8389915,https://www.airbnb.com/rooms/8389915,1
8390607,https://www.airbnb.com/rooms/8390607,1
8423582,https://www.airbnb.com/rooms/8423582,3
8438090,https://www.airbnb.com/rooms/8438090,2
8459820,https://www.airbnb.com/rooms/8459820,2
8480556,https://www.airbnb.com/rooms/8480556,2
8531225,https://www.airbnb.com/rooms/8531225,2
8567050,https://www.airbnb.com/rooms/8567050,2
8607291,https://www.airbnb.com/rooms/8607291,2
8666980,https://www.airbnb.com/rooms/8666980,2
8668966,https://www.airbnb.com/rooms/8668966,1
8713025,https://www.airbnb.com/rooms/8713025,1
8866139,https://www.airbnb.com/rooms/8866139,1
8869738,https://www.airbnb.com/rooms/8869738,1
8926402,https://www.airbnb.com/rooms/8926402,3
8985401,https://www.airbnb.com/rooms/8985401,1
8986977,https://www.airbnb.com/rooms/8986977,2
9032094,https://www.airbnb.com/rooms/9032094,4
9113180,https://www.airbnb.com/rooms/9113180,2
9128884,https://www.airbnb.com/rooms/9128884,1
9157222,https://www.airbnb.com/rooms/9157222,1
9182645,https://www.airbnb.com/rooms/9182645,2
9184089,https://www.airbnb.com/rooms/9184089,6
9281212,https://www.airbnb.com/rooms/9281212,4
9294854,https://www.airbnb.com/rooms/9294854,4
9360039,https://www.airbnb.com/rooms/9360039,2
9471596,https://www.airbnb.com/rooms/9471596,3
9491998,https://www.airbnb.com/rooms/9491998,4
9713167,https://www.airbnb.com/rooms/9713167,3
10015237,https://www.airbnb.com/rooms/10015237,4
10042925,https://www.airbnb.com/rooms/10042925,1
10069202,https://www.airbnb.com/rooms/10069202,2
10143001,https://www.airbnb.com/rooms/10143001,4
10254489,https://www.airbnb.com/rooms/10254489,3
10331035,https://www.airbnb.com/rooms/10331035,1
10415975,https://www.airbnb.com/rooms/10415975,2
10426783,https://www.airbnb.com/rooms/10426783,2
10547715,https://www.airbnb.com/rooms/10547715,1
10592588,https://www.airbnb.com/rooms/10592588,2
10609096,https://www.airbnb.com/rooms/10609096,2
10644981,https://www.airbnb.com/rooms/10644981,5
10707904,https://www.airbnb.com/rooms/10707904,2
10733649,https://www.airbnb.com/rooms/10733649,2
10766260,https://www.airbnb.com/rooms/10766260,2
10767302,https://www.airbnb.com/rooms/10767302,2
10769659,https://www.airbnb.com/rooms/10769659,2
10806723,https://www.airbnb.com/rooms/10806723,2
10859293,https://www.airbnb.com/rooms/10859293,1
10876539,https://www.airbnb.com/rooms/10876539,1
10876672,https://www.airbnb.com/rooms/10876672,1
10878105,https://www.airbnb.com/rooms/10878105,1
10922191,https://www.airbnb.com/rooms/10922191,2
11008164,https://www.airbnb.com/rooms/11008164,5
11069420,https://www.airbnb.com/rooms/11069420,1
11099786,https://www.airbnb.com/rooms/11099786,2
11103461,https://www.airbnb.com/rooms/11103461,3
11112402,https://www.airbnb.com/rooms/11112402,2
11117722,https://www.airbnb.com/rooms/11117722,1
11144738,https://www.airbnb.com/rooms/11144738,3
11175220,https://www.airbnb.com/rooms/11175220,4
11207672,https://www.airbnb.com/rooms/11207672,5
11220779,https://www.airbnb.com/rooms/11220779,1
11227253,https://www.airbnb.com/rooms/11227253,1
11276300,https://www.airbnb.com/rooms/11276300,2
11415694,https://www.airbnb.com/rooms/11415694,1
11424382,https://www.airbnb.com/rooms/11424382,1
11439003,https://www.airbnb.com/rooms/11439003,2
11441798,https://www.airbnb.com/rooms/11441798,1
11442375,https://www.airbnb.com/rooms/11442375,2
11505260,https://www.airbnb.com/rooms/11505260,1
11513639,https://www.airbnb.com/rooms/11513639,2
11548530,https://www.airbnb.com/rooms/11548530,1
11583653,https://www.airbnb.com/rooms/11583653,4
11587536,https://www.airbnb.com/rooms/11587536,1
11589978,https://www.airbnb.com/rooms/11589978,2
11605217,https://www.airbnb.com/rooms/11605217,2
11611131,https://www.airbnb.com/rooms/11611131,4
11621413,https://www.airbnb.com/rooms/11621413,5
11694690,https://www.airbnb.com/rooms/11694690,2
11757228,https://www.airbnb.com/rooms/11757228,1
11791397,https://www.airbnb.com/rooms/11791397,2
11815241,https://www.airbnb.com/rooms/11815241,2
11859193,https://www.airbnb.com/rooms/11859193,1
12016436,https://www.airbnb.com/rooms/12016436,2
12021271,https://www.airbnb.com/rooms/12021271,4
12034873,https://www.airbnb.com/rooms/12034873,1
12288693,https://www.airbnb.com/rooms/12288693,1
12308357,https://www.airbnb.com/rooms/12308357,6
12309900,https://www.airbnb.com/rooms/12309900,2
12356632,https://www.airbnb.com/rooms/12356632,2
12431608,https://www.airbnb.com/rooms/12431608,1
12491762,https://www.airbnb.com/rooms/12491762,1
12513831,https://www.airbnb.com/rooms/12513831,1
12534356,https://www.airbnb.com/rooms/12534356,1
12560425,https://www.airbnb.com/rooms/12560425,1
12582089,https://www.airbnb.com/rooms/12582089,2
12601763,https://www.airbnb.com/rooms/12601763,1
12798760,https://www.airbnb.com/rooms/12798760,1
12813352,https://www.airbnb.com/rooms/12813352,2
12813585,https://www.airbnb.com/rooms/12813585,2
12815288,https://www.airbnb.com/rooms/12815288,4
12847393,https://www.airbnb.com/rooms/12847393,6
12852724,https://www.airbnb.com/rooms/12852724,1
12912837,https://www.airbnb.com/rooms/12912837,1
12916636,https://www.airbnb.com/rooms/12916636,2
12941286,https://www.airbnb.com/rooms/12941286,2
12964897,https://www.airbnb.com/rooms/12964897,2
13030639,https://www.airbnb.com/rooms/13030639,1
13095803,https://www.airbnb.com/rooms/13095803,2
13115533,https://www.airbnb.com/rooms/13115533,1
13124561,https://www.airbnb.com/rooms/13124561,4
13128065,https://www.airbnb.com/rooms/13128065,1
13139002,https://www.airbnb.com/rooms/13139002,1
13392592,https://www.airbnb.com/rooms/13392592,2
13462200,https://www.airbnb.com/rooms/13462200,1
13465393,https://www.airbnb.com/rooms/13465393,2
13480874,https://www.airbnb.com/rooms/13480874,2
13571814,https://www.airbnb.com/rooms/13571814,1
13624434,https://www.airbnb.com/rooms/13624434,1
13631037,https://www.airbnb.com/rooms/13631037,2
13641416,https://www.airbnb.com/rooms/13641416,2
13658208,https://www.airbnb.com/rooms/13658208,2
13669238,https://www.airbnb.com/rooms/13669238,2
13685912,https://www.airbnb.com/rooms/13685912,3
13698295,https://www.airbnb.com/rooms/13698295,5
13843877,https://www.airbnb.com/rooms/13843877,4
13848702,https://www.airbnb.com/rooms/13848702,4
13866655,https://www.airbnb.com/rooms/13866655,4
13913337,https://www.airbnb.com/rooms/13913337,2
13978025,https://www.airbnb.com/rooms/13978025,2
14068513,https://www.airbnb.com/rooms/14068513,2
14069226,https://www.airbnb.com/rooms/14069226,2
14069620,https://www.airbnb.com/rooms/14069620,2
14069917,https://www.airbnb.com/rooms/14069917,2
14070258,https://www.airbnb.com/rooms/14070258,2
14071933,https://www.airbnb.com/rooms/14071933,2
14072370,https://www.airbnb.com/rooms/14072370,2
14072680,https://www.airbnb.com/rooms/14072680,2
14073051,https://www.airbnb.com/rooms/14073051,2
14073415,https://www.airbnb.com/rooms/14073415,2
14073594,https://www.airbnb.com/rooms/14073594,2
14074010,https://www.airbnb.com/rooms/14074010,2
14074230,https://www.airbnb.com/rooms/14074230,2
14127190,https://www.airbnb.com/rooms/14127190,1
14149815,https://www.airbnb.com/rooms/14149815,2
14155186,https://www.airbnb.com/rooms/14155186,2
14249052,https://www.airbnb.com/rooms/14249052,2
14281779,https://www.airbnb.com/rooms/14281779,2
14304274,https://www.airbnb.com/rooms/14304274,2
14317978,https://www.airbnb.com/rooms/14317978,1
14474805,https://www.airbnb.com/rooms/14474805,1
14488932,https://www.airbnb.com/rooms/14488932,3
14501733,https://www.airbnb.com/rooms/14501733,4
14556731,https://www.airbnb.com/rooms/14556731,2
14656022,https://www.airbnb.com/rooms/14656022,1
14671731,https://www.airbnb.com/rooms/14671731,8
14697359,https://www.airbnb.com/rooms/14697359,3
14706958,https://www.airbnb.com/rooms/14706958,1
14739365,https://www.airbnb.com/rooms/14739365,2
14740227,https://www.airbnb.com/rooms/14740227,1
14741664,https://www.airbnb.com/rooms/14741664,1
14784589,https://www.airbnb.com/rooms/14784589,2
14844106,https://www.airbnb.com/rooms/14844106,4
14900580,https://www.airbnb.com/rooms/14900580,2
14915418,https://www.airbnb.com/rooms/14915418,2
14927066,https://www.airbnb.com/rooms/14927066,2
14949492,https://www.airbnb.com/rooms/14949492,2
14969194,https://www.airbnb.com/rooms/14969194,5
14982247,https://www.airbnb.com/rooms/14982247,1
14991271,https://www.airbnb.com/rooms/14991271,1
15035937,https://www.airbnb.com/rooms/15035937,2
15083250,https://www.airbnb.com/rooms/15083250,1
15086376,https://www.airbnb.com/rooms/15086376,1
15113719,https://www.airbnb.com/rooms/15113719,1
15131298,https://www.airbnb.com/rooms/15131298,4
15191175,https://www.airbnb.com/rooms/15191175,3
15194730,https://www.airbnb.com/rooms/15194730,2
15201434,https://www.airbnb.com/rooms/15201434,1
15208205,https://www.airbnb.com/rooms/15208205,2
15232948,https://www.airbnb.com/rooms/15232948,4
15241699,https://www.airbnb.com/rooms/15241699,2
15254330,https://www.airbnb.com/rooms/15254330,1
15315326,https://www.airbnb.com/rooms/15315326,2
15362182,https://www.airbnb.com/rooms/15362182,1
15395312,https://www.airbnb.com/rooms/15395312,1
15395320,https://www.airbnb.com/rooms/15395320,2
15418447,https://www.airbnb.com/rooms/15418447,1
15422675,https://www.airbnb.com/rooms/15422675,1
15485824,https://www.airbnb.com/rooms/15485824,3
15493915,https://www.airbnb.com/rooms/15493915,1
15552468,https://www.airbnb.com/rooms/15552468,1
15552668,https://www.airbnb.com/rooms/15552668,1
15632001,https://www.airbnb.com/rooms/15632001,2
15634528,https://www.airbnb.com/rooms/15634528,1
15706510,https://www.airbnb.com/rooms/15706510,2
15886011,https://www.airbnb.com/rooms/15886011,1
15916842,https://www.airbnb.com/rooms/15916842,2
15918079,https://www.airbnb.com/rooms/15918079,1
15942648,https://www.airbnb.com/rooms/15942648,2
15956612,https://www.airbnb.com/rooms/15956612,2
16094172,https://www.airbnb.com/rooms/16094172,1
16157135,https://www.airbnb.com/rooms/16157135,2
16194494,https://www.airbnb.com/rooms/16194494,1
16207501,https://www.airbnb.com/rooms/16207501,4
16222316,https://www.airbnb.com/rooms/16222316,1
16236845,https://www.airbnb.com/rooms/16236845,4
16254209,https://www.airbnb.com/rooms/16254209,1
16255356,https://www.airbnb.com/rooms/16255356,2
16266984,https://www.airbnb.com/rooms/16266984,2
16273289,https://www.airbnb.com/rooms/16273289,3
16325486,https://www.airbnb.com/rooms/16325486,1
16338748,https://www.airbnb.com/rooms/16338748,1
16379302,https://www.airbnb.com/rooms/16379302,2
16415063,https://www.airbnb.com/rooms/16415063,2
16479513,https://www.airbnb.com/rooms/16479513,4
16534724,https://www.airbnb.com/rooms/16534724,4
16568745,https://www.airbnb.com/rooms/16568745,1
16585918,https://www.airbnb.com/rooms/16585918,1
16742309,https://www.airbnb.com/rooms/16742309,1
16768276,https://www.airbnb.com/rooms/16768276,1
16768495,https://www.airbnb.com/rooms/16768495,2
16827775,https://www.airbnb.com/rooms/16827775,2
16831133,https://www.airbnb.com/rooms/16831133,1
16840195,https://www.airbnb.com/rooms/16840195,1
16842314,https://www.airbnb.com/rooms/16842314,1
16844630,https://www.airbnb.com/rooms/16844630,1
16846660,https://www.airbnb.com/rooms/16846660,2
16858716,https://www.airbnb.com/rooms/16858716,2
16899052,https://www.airbnb.com/rooms/16899052,1
16914049,https://www.airbnb.com/rooms/16914049,4
16943185,https://www.airbnb.com/rooms/16943185,2
16999421,https://www.airbnb.com/rooms/16999421,1
17029970,https://www.airbnb.com/rooms/17029970,3
17031093,https://www.airbnb.com/rooms/17031093,2
17046910,https://www.airbnb.com/rooms/17046910,2
17103933,https://www.airbnb.com/rooms/17103933,2
17134518,https://www.airbnb.com/rooms/17134518,2
17173166,https://www.airbnb.com/rooms/17173166,1
17211643,https://www.airbnb.com/rooms/17211643,1
17217284,https://www.airbnb.com/rooms/17217284,2
17232532,https://www.airbnb.com/rooms/17232532,2
17255053,https://www.airbnb.com/rooms/17255053,1
17263419,https://www.airbnb.com/rooms/17263419,2
17280819,https://www.airbnb.com/rooms/17280819,6
17323446,https://www.airbnb.com/rooms/17323446,1
17358165,https://www.airbnb.com/rooms/17358165,4
17365159,https://www.airbnb.com/rooms/17365159,2
17378122,https://www.airbnb.com/rooms/17378122,1
17379305,https://www.airbnb.com/rooms/17379305,1
17387404,https://www.airbnb.com/rooms/17387404,2
17421057,https://www.airbnb.com/rooms/17421057,3
17437940,https://www.airbnb.com/rooms/17437940,1
17446923,https://www.airbnb.com/rooms/17446923,1
17498517,https://www.airbnb.com/rooms/17498517,2
17506283,https://www.airbnb.com/rooms/17506283,2
17510305,https://www.airbnb.com/rooms/17510305,5
17511653,https://www.airbnb.com/rooms/17511653,3
17515887,https://www.airbnb.com/rooms/17515887,1
17532925,https://www.airbnb.com/rooms/17532925,2
17545365,https://www.airbnb.com/rooms/17545365,3
17557972,https://www.airbnb.com/rooms/17557972,3
17574920,https://www.airbnb.com/rooms/17574920,4
17576092,https://www.airbnb.com/rooms/17576092,2
17590487,https://www.airbnb.com/rooms/17590487,2
17592822,https://www.airbnb.com/rooms/17592822,2
17625534,https://www.airbnb.com/rooms/17625534,1
17655820,https://www.airbnb.com/rooms/17655820,4
17713996,https://www.airbnb.com/rooms/17713996,1
17717661,https://www.airbnb.com/rooms/17717661,2
17794919,https://www.airbnb.com/rooms/17794919,2
17826920,https://www.airbnb.com/rooms/17826920,5
17895385,https://www.airbnb.com/rooms/17895385,3
17994877,https://www.airbnb.com/rooms/17994877,1
18005480,https://www.airbnb.com/rooms/18005480,4
18041548,https://www.airbnb.com/rooms/18041548,8
18110012,https://www.airbnb.com/rooms/18110012,4
18122977,https://www.airbnb.com/rooms/18122977,4
18126281,https://www.airbnb.com/rooms/18126281,1
18172832,https://www.airbnb.com/rooms/18172832,4
18250952,https://www.airbnb.com/rooms/18250952,1
18255361,https://www.airbnb.com/rooms/18255361,5
18270230,https://www.airbnb.com/rooms/18270230,2
18288929,https://www.airbnb.com/rooms/18288929,2
18307247,https://www.airbnb.com/rooms/18307247,2
18357021,https://www.airbnb.com/rooms/18357021,1
18405855,https://www.airbnb.com/rooms/18405855,8
18427534,https://www.airbnb.com/rooms/18427534,1
18431719,https://www.airbnb.com/rooms/18431719,4
18459192,https://www.airbnb.com/rooms/18459192,1
18459353,https://www.airbnb.com/rooms/18459353,1
18504283,https://www.airbnb.com/rooms/18504283,2
18522797,https://www.airbnb.com/rooms/18522797,2
18547601,https://www.airbnb.com/rooms/18547601,2
18563602,https://www.airbnb.com/rooms/18563602,1
18584106,https://www.airbnb.com/rooms/18584106,6
18594935,https://www.airbnb.com/rooms/18594935,1
18613534,https://www.airbnb.com/rooms/18613534,1
18617668,https://www.airbnb.com/rooms/18617668,1
18650111,https://www.airbnb.com/rooms/18650111,1
18650682,https://www.airbnb.com/rooms/18650682,1
18651060,https://www.airbnb.com/rooms/18651060,1
18684918,https://www.airbnb.com/rooms/18684918,2
18718148,https://www.airbnb.com/rooms/18718148,1
18720910,https://www.airbnb.com/rooms/18720910,1
18746803,https://www.airbnb.com/rooms/18746803,1
18820514,https://www.airbnb.com/rooms/18820514,1
18834915,https://www.airbnb.com/rooms/18834915,4
18857336,https://www.airbnb.com/rooms/18857336,1
18895377,https://www.airbnb.com/rooms/18895377,1
18914792,https://www.airbnb.com/rooms/18914792,2
18927615,https://www.airbnb.com/rooms/18927615,2
18936099,https://www.airbnb.com/rooms/18936099,3
18949669,https://www.airbnb.com/rooms/18949669,1
19017960,https://www.airbnb.com/rooms/19017960,1
19030405,https://www.airbnb.com/rooms/19030405,2
19032678,https://www.airbnb.com/rooms/19032678,2
19038266,https://www.airbnb.com/rooms/19038266,2
19086489,https://www.airbnb.com/rooms/19086489,3
19111839,https://www.airbnb.com/rooms/19111839,2
19132841,https://www.airbnb.com/rooms/19132841,2
19138140,https://www.airbnb.com/rooms/19138140,2
19140052,https://www.airbnb.com/rooms/19140052,2
19141267,https://www.airbnb.com/rooms/19141267,4
19205496,https://www.airbnb.com/rooms/19205496,2
19243254,https://www.airbnb.com/rooms/19243254,5
19271012,https://www.airbnb.com/rooms/19271012,3
19272687,https://www.airbnb.com/rooms/19272687,1
19295842,https://www.airbnb.com/rooms/19295842,4
19297733,https://www.airbnb.com/rooms/19297733,1
19329015,https://www.airbnb.com/rooms/19329015,1
19355450,https://www.airbnb.com/rooms/19355450,4
19414906,https://www.airbnb.com/rooms/19414906,1
19415719,https://www.airbnb.com/rooms/19415719,1
19466953,https://www.airbnb.com/rooms/19466953,2
19473894,https://www.airbnb.com/rooms/19473894,2
19496305,https://www.airbnb.com/rooms/19496305,1
19496423,https://www.airbnb.com/rooms/19496423,3
19497035,https://www.airbnb.com/rooms/19497035,5
19546107,https://www.airbnb.com/rooms/19546107,1
19547270,https://www.airbnb.com/rooms/19547270,4
19547838,https://www.airbnb.com/rooms/19547838,2
19662891,https://www.airbnb.com/rooms/19662891,2
19695459,https://www.airbnb.com/rooms/19695459,4
19712479,https://www.airbnb.com/rooms/19712479,3
19766891,https://www.airbnb.com/rooms/19766891,2
19767987,https://www.airbnb.com/rooms/19767987,2
19840017,https://www.airbnb.com/rooms/19840017,1
19863514,https://www.airbnb.com/rooms/19863514,2
19875868,https://www.airbnb.com/rooms/19875868,2
19892325,https://www.airbnb.com/rooms/19892325,9
19962072,https://www.airbnb.com/rooms/19962072,4
19994783,https://www.airbnb.com/rooms/19994783,1
20017883,https://www.airbnb.com/rooms/20017883,2
20030852,https://www.airbnb.com/rooms/20030852,1
20033689,https://www.airbnb.com/rooms/20033689,1
20122299,https://www.airbnb.com/rooms/20122299,4
20171877,https://www.airbnb.com/rooms/20171877,1
20265582,https://www.airbnb.com/rooms/20265582,1
20279336,https://www.airbnb.com/rooms/20279336,2
20295292,https://www.airbnb.com/rooms/20295292,2
20351755,https://www.airbnb.com/rooms/20351755,1
20353321,https://www.airbnb.com/rooms/20353321,1
20394484,https://www.airbnb.com/rooms/20394484,1
20396222,https://www.airbnb.com/rooms/20396222,1
20406990,https://www.airbnb.com/rooms/20406990,2
20498178,https://www.airbnb.com/rooms/20498178,1
20523873,https://www.airbnb.com/rooms/20523873,2
20537657,https://www.airbnb.com/rooms/20537657,1
20538021,https://www.airbnb.com/rooms/20538021,2
20587024,https://www.airbnb.com/rooms/20587024,3
20607756,https://www.airbnb.com/rooms/20607756,1
20639952,https://www.airbnb.com/rooms/20639952,2
20652492,https://www.airbnb.com/rooms/20652492,1
20664448,https://www.airbnb.com/rooms/20664448,1
20665067,https://www.airbnb.com/rooms/20665067,1
20693118,https://www.airbnb.com/rooms/20693118,2
20705420,https://www.airbnb.com/rooms/20705420,2
20786738,https://www.airbnb.com/rooms/20786738,1
20794343,https://www.airbnb.com/rooms/20794343,2
20801999,https://www.airbnb.com/rooms/20801999,4
20817466,https://www.airbnb.com/rooms/20817466,4
20825440,https://www.airbnb.com/rooms/20825440,2
20826811,https://www.airbnb.com/rooms/20826811,1
20828528,https://www.airbnb.com/rooms/20828528,2
20829166,https://www.airbnb.com/rooms/20829166,1
20882883,https://www.airbnb.com/rooms/20882883,4
20884525,https://www.airbnb.com/rooms/20884525,1
20886470,https://www.airbnb.com/rooms/20886470,1
20890370,https://www.airbnb.com/rooms/20890370,2
20903126,https://www.airbnb.com/rooms/20903126,2
20929723,https://www.airbnb.com/rooms/20929723,2
20932887,https://www.airbnb.com/rooms/20932887,3
20956567,https://www.airbnb.com/rooms/20956567,2
20994703,https://www.airbnb.com/rooms/20994703,4
21004527,https://www.airbnb.com/rooms/21004527,4
21026388,https://www.airbnb.com/rooms/21026388,2
21040294,https://www.airbnb.com/rooms/21040294,3
21053193,https://www.airbnb.com/rooms/21053193,1
21056878,https://www.airbnb.com/rooms/21056878,2
21066752,https://www.airbnb.com/rooms/21066752,1
21076161,https://www.airbnb.com/rooms/21076161,2
21078945,https://www.airbnb.com/rooms/21078945,1
21095942,https://www.airbnb.com/rooms/21095942,4
21111228,https://www.airbnb.com/rooms/21111228,2
21111497,https://www.airbnb.com/rooms/21111497,1
21124794,https://www.airbnb.com/rooms/21124794,1
21128602,https://www.airbnb.com/rooms/21128602,2
21150134,https://www.airbnb.com/rooms/21150134,2
21152440,https://www.airbnb.com/rooms/21152440,1
21153296,https://www.airbnb.com/rooms/21153296,4
21154279,https://www.airbnb.com/rooms/21154279,2
21159303,https://www.airbnb.com/rooms/21159303,1
21163397,https://www.airbnb.com/rooms/21163397,1
21216827,https://www.airbnb.com/rooms/21216827,1
21218304,https://www.airbnb.com/rooms/21218304,2
21227986,https://www.airbnb.com/rooms/21227986,1
21228175,https://www.airbnb.com/rooms/21228175,1
21228351,https://www.airbnb.com/rooms/21228351,1
21228573,https://www.airbnb.com/rooms/21228573,1
21231281,https://www.airbnb.com/rooms/21231281,2
21263903,https://www.airbnb.com/rooms/21263903,1
21266843,https://www.airbnb.com/rooms/21266843,1
21266938,https://www.airbnb.com/rooms/21266938,1
21267034,https://www.airbnb.com/rooms/21267034,1
21274494,https://www.airbnb.com/rooms/21274494,2
21278627,https://www.airbnb.com/rooms/21278627,1
21280278,https://www.airbnb.com/rooms/21280278,2
21282912,https://www.airbnb.com/rooms/21282912,1
21295435,https://www.airbnb.com/rooms/21295435,2
21305694,https://www.airbnb.com/rooms/21305694,1
21360822,https://www.airbnb.com/rooms/21360822,2
21371195,https://www.airbnb.com/rooms/21371195,1
21371197,https://www.airbnb.com/rooms/21371197,1
21383010,https://www.airbnb.com/rooms/21383010,2
21383011,https://www.airbnb.com/rooms/21383011,2
21513891,https://www.airbnb.com/rooms/21513891,2
21622623,https://www.airbnb.com/rooms/21622623,1
21645336,https://www.airbnb.com/rooms/21645336,1
21696485,https://www.airbnb.com/rooms/21696485,1
21950186,https://www.airbnb.com/rooms/21950186,1
21963671,https://www.airbnb.com/rooms/21963671,3
21983159,https://www.airbnb.com/rooms/21983159,2
22164007,https://www.airbnb.com/rooms/22164007,2
22181357,https://www.airbnb.com/rooms/22181357,2
22241805,https://www.airbnb.com/rooms/22241805,2
22262987,https://www.airbnb.com/rooms/22262987,2
22363938,https://www.airbnb.com/rooms/22363938,2
22408939,https://www.airbnb.com/rooms/22408939,4
22417324,https://www.airbnb.com/rooms/22417324,5
22439136,https://www.airbnb.com/rooms/22439136,2
22456140,https://www.airbnb.com/rooms/22456140,1
22471766,https://www.airbnb.com/rooms/22471766,4
22477918,https://www.airbnb.com/rooms/22477918,1
22481500,https://www.airbnb.com/rooms/22481500,2
22496776,https://www.airbnb.com/rooms/22496776,6
22545371,https://www.airbnb.com/rooms/22545371,2
22561297,https://www.airbnb.com/rooms/22561297,1
22598844,https://www.airbnb.com/rooms/22598844,2
22600123,https://www.airbnb.com/rooms/22600123,2
22600871,https://www.airbnb.com/rooms/22600871,2
22668715,https://www.airbnb.com/rooms/22668715,1
22687071,https://www.airbnb.com/rooms/22687071,2
22687970,https://www.airbnb.com/rooms/22687970,2
22716452,https://www.airbnb.com/rooms/22716452,1
22764072,https://www.airbnb.com/rooms/22764072,1
22814799,https://www.airbnb.com/rooms/22814799,2
22842952,https://www.airbnb.com/rooms/22842952,2
22843720,https://www.airbnb.com/rooms/22843720,2
22869183,https://www.airbnb.com/rooms/22869183,2
22888465,https://www.airbnb.com/rooms/22888465,1
22902780,https://www.airbnb.com/rooms/22902780,2
22928078,https://www.airbnb.com/rooms/22928078,2
22938571,https://www.airbnb.com/rooms/22938571,2
23006316,https://www.airbnb.com/rooms/23006316,4
23019627,https://www.airbnb.com/rooms/23019627,4
23019704,https://www.airbnb.com/rooms/23019704,1
23038138,https://www.airbnb.com/rooms/23038138,2
23039068,https://www.airbnb.com/rooms/23039068,4
23059459,https://www.airbnb.com/rooms/23059459,1
23078135,https://www.airbnb.com/rooms/23078135,5
23086278,https://www.airbnb.com/rooms/23086278,5
23091683,https://www.airbnb.com/rooms/23091683,1
23102061,https://www.airbnb.com/rooms/23102061,2
23106397,https://www.airbnb.com/rooms/23106397,2
23107704,https://www.airbnb.com/rooms/23107704,2
23119244,https://www.airbnb.com/rooms/23119244,2
23120071,https://www.airbnb.com/rooms/23120071,2
23121094,https://www.airbnb.com/rooms/23121094,6
23121260,https://www.airbnb.com/rooms/23121260,2
23122022,https://www.airbnb.com/rooms/23122022,8
23124821,https://www.airbnb.com/rooms/23124821,2
23139922,https://www.airbnb.com/rooms/23139922,1
23166868,https://www.airbnb.com/rooms/23166868,2
23216551,https://www.airbnb.com/rooms/23216551,1
23238849,https://www.airbnb.com/rooms/23238849,1
23256690,https://www.airbnb.com/rooms/23256690,1
23257141,https://www.airbnb.com/rooms/23257141,1
23257468,https://www.airbnb.com/rooms/23257468,2
23258461,https://www.airbnb.com/rooms/23258461,1
23304367,https://www.airbnb.com/rooms/23304367,2
23326905,https://www.airbnb.com/rooms/23326905,2
23345378,https://www.airbnb.com/rooms/23345378,2
23374656,https://www.airbnb.com/rooms/23374656,1
23375683,https://www.airbnb.com/rooms/23375683,2
23394896,https://www.airbnb.com/rooms/23394896,2
23400546,https://www.airbnb.com/rooms/23400546,2
23420686,https://www.airbnb.com/rooms/23420686,1
23449881,https://www.airbnb.com/rooms/23449881,1
23452161,https://www.airbnb.com/rooms/23452161,2
23455540,https://www.airbnb.com/rooms/23455540,1
23468465,https://www.airbnb.com/rooms/23468465,2
23481891,https://www.airbnb.com/rooms/23481891,2
23496157,https://www.airbnb.com/rooms/23496157,2
23527962,https://www.airbnb.com/rooms/23527962,1
23529911,https://www.airbnb.com/rooms/23529911,2
23529922,https://www.airbnb.com/rooms/23529922,2
23549508,https://www.airbnb.com/rooms/23549508,4
23579624,https://www.airbnb.com/rooms/23579624,1
23580084,https://www.airbnb.com/rooms/23580084,2
23596047,https://www.airbnb.com/rooms/23596047,1
23596373,https://www.airbnb.com/rooms/23596373,2
23609897,https://www.airbnb.com/rooms/23609897,2
23615403,https://www.airbnb.com/rooms/23615403,1
23625540,https://www.airbnb.com/rooms/23625540,11
23629432,https://www.airbnb.com/rooms/23629432,1
23631978,https://www.airbnb.com/rooms/23631978,2
23644254,https://www.airbnb.com/rooms/23644254,4
23682481,https://www.airbnb.com/rooms/23682481,2
23683402,https://www.airbnb.com/rooms/23683402,2
23687606,https://www.airbnb.com/rooms/23687606,1
23696016,https://www.airbnb.com/rooms/23696016,1
23730452,https://www.airbnb.com/rooms/23730452,2
23768043,https://www.airbnb.com/rooms/23768043,3
23834195,https://www.airbnb.com/rooms/23834195,2
23860926,https://www.airbnb.com/rooms/23860926,4
23881196,https://www.airbnb.com/rooms/23881196,2
23899244,https://www.airbnb.com/rooms/23899244,2
23963513,https://www.airbnb.com/rooms/23963513,4
23995750,https://www.airbnb.com/rooms/23995750,1
24012577,https://www.airbnb.com/rooms/24012577,1
24013455,https://www.airbnb.com/rooms/24013455,1
24013723,https://www.airbnb.com/rooms/24013723,1
24021734,https://www.airbnb.com/rooms/24021734,1
24032315,https://www.airbnb.com/rooms/24032315,4
24041110,https://www.airbnb.com/rooms/24041110,4
24041651,https://www.airbnb.com/rooms/24041651,2
24044028,https://www.airbnb.com/rooms/24044028,2
24064713,https://www.airbnb.com/rooms/24064713,3
24121174,https://www.airbnb.com/rooms/24121174,1
24179296,https://www.airbnb.com/rooms/24179296,2
24229434,https://www.airbnb.com/rooms/24229434,1
24240282,https://www.airbnb.com/rooms/24240282,3
24304417,https://www.airbnb.com/rooms/24304417,2
24379201,https://www.airbnb.com/rooms/24379201,1
24430879,https://www.airbnb.com/rooms/24430879,4
24492464,https://www.airbnb.com/rooms/24492464,2
24608111,https://www.airbnb.com/rooms/24608111,4
24614680,https://www.airbnb.com/rooms/24614680,1
24649925,https://www.airbnb.com/rooms/24649925,1
24655175,https://www.airbnb.com/rooms/24655175,5
24692374,https://www.airbnb.com/rooms/24692374,2
24735383,https://www.airbnb.com/rooms/24735383,4
24799668,https://www.airbnb.com/rooms/24799668,1
24854477,https://www.airbnb.com/rooms/24854477,4
24870358,https://www.airbnb.com/rooms/24870358,1
24945475,https://www.airbnb.com/rooms/24945475,1
25010946,https://www.airbnb.com/rooms/25010946,3
25024738,https://www.airbnb.com/rooms/25024738,2
25140428,https://www.airbnb.com/rooms/25140428,1
25287914,https://www.airbnb.com/rooms/25287914,1
25344755,https://www.airbnb.com/rooms/25344755,6
25454554,https://www.airbnb.com/rooms/25454554,2
25456126,https://www.airbnb.com/rooms/25456126,4
25588281,https://www.airbnb.com/rooms/25588281,2
25627777,https://www.airbnb.com/rooms/25627777,3
25840498,https://www.airbnb.com/rooms/25840498,3
25842709,https://www.airbnb.com/rooms/25842709,1
25870401,https://www.airbnb.com/rooms/25870401,1
25894289,https://www.airbnb.com/rooms/25894289,2
26007796,https://www.airbnb.com/rooms/26007796,2
26010785,https://www.airbnb.com/rooms/26010785,1
26033929,https://www.airbnb.com/rooms/26033929,1
26075986,https://www.airbnb.com/rooms/26075986,2
26079316,https://www.airbnb.com/rooms/26079316,2
26106813,https://www.airbnb.com/rooms/26106813,1
26107354,https://www.airbnb.com/rooms/26107354,4
26138249,https://www.airbnb.com/rooms/26138249,1
26150600,https://www.airbnb.com/rooms/26150600,1
26169515,https://www.airbnb.com/rooms/26169515,2
26236182,https://www.airbnb.com/rooms/26236182,2
26259302,https://www.airbnb.com/rooms/26259302,1
26293461,https://www.airbnb.com/rooms/26293461,5
26296849,https://www.airbnb.com/rooms/26296849,1
26336484,https://www.airbnb.com/rooms/26336484,1
26363900,https://www.airbnb.com/rooms/26363900,2
26464524,https://www.airbnb.com/rooms/26464524,2
26495184,https://www.airbnb.com/rooms/26495184,2
26503275,https://www.airbnb.com/rooms/26503275,2
26564312,https://www.airbnb.com/rooms/26564312,1
26629680,https://www.airbnb.com/rooms/26629680,1
26641435,https://www.airbnb.com/rooms/26641435,1
26643434,https://www.airbnb.com/rooms/26643434,4
26655796,https://www.airbnb.com/rooms/26655796,2
26661054,https://www.airbnb.com/rooms/26661054,5
26718562,https://www.airbnb.com/rooms/26718562,3
26816767,https://www.airbnb.com/rooms/26816767,1
26894880,https://www.airbnb.com/rooms/26894880,1
26914567,https://www.airbnb.com/rooms/26914567,2
26918145,https://www.airbnb.com/rooms/26918145,4
26958666,https://www.airbnb.com/rooms/26958666,2
27025549,https://www.airbnb.com/rooms/27025549,2
27065512,https://www.airbnb.com/rooms/27065512,2
27134726,https://www.airbnb.com/rooms/27134726,4
27190808,https://www.airbnb.com/rooms/27190808,1
27250780,https://www.airbnb.com/rooms/27250780,1
27303213,https://www.airbnb.com/rooms/27303213,4
27307442,https://www.airbnb.com/rooms/27307442,2
27318014,https://www.airbnb.com/rooms/27318014,1
27331682,https://www.airbnb.com/rooms/27331682,2
27431039,https://www.airbnb.com/rooms/27431039,1
27486300,https://www.airbnb.com/rooms/27486300,2
27487781,https://www.airbnb.com/rooms/27487781,3
27524298,https://www.airbnb.com/rooms/27524298,2
27545483,https://www.airbnb.com/rooms/27545483,1
27554103,https://www.airbnb.com/rooms/27554103,1
27556416,https://www.airbnb.com/rooms/27556416,1
27584472,https://www.airbnb.com/rooms/27584472,1
27636411,https://www.airbnb.com/rooms/27636411,3
27662181,https://www.airbnb.com/rooms/27662181,1
27673991,https://www.airbnb.com/rooms/27673991,2
27729695,https://www.airbnb.com/rooms/27729695,4
27730184,https://www.airbnb.com/rooms/27730184,2
27756323,https://www.airbnb.com/rooms/27756323,4
27775728,https://www.airbnb.com/rooms/27775728,2
27810333,https://www.airbnb.com/rooms/27810333,1
27892604,https://www.airbnb.com/rooms/27892604,4
27894886,https://www.airbnb.com/rooms/27894886,2
27913304,https://www.airbnb.com/rooms/27913304,6
27927993,https://www.airbnb.com/rooms/27927993,1
27929560,https://www.airbnb.com/rooms/27929560,1
27933897,https://www.airbnb.com/rooms/27933897,4
27957811,https://www.airbnb.com/rooms/27957811,1
27979704,https://www.airbnb.com/rooms/27979704,1
27989668,https://www.airbnb.com/rooms/27989668,1
28003194,https://www.airbnb.com/rooms/28003194,1
28053221,https://www.airbnb.com/rooms/28053221,2
28081355,https://www.airbnb.com/rooms/28081355,2
28096662,https://www.airbnb.com/rooms/28096662,1
28163068,https://www.airbnb.com/rooms/28163068,1
28182587,https://www.airbnb.com/rooms/28182587,1
28184779,https://www.airbnb.com/rooms/28184779,1
28253567,https://www.airbnb.com/rooms/28253567,2
28254684,https://www.airbnb.com/rooms/28254684,2
28257171,https://www.airbnb.com/rooms/28257171,2
28334732,https://www.airbnb.com/rooms/28334732,1
28355549,https://www.airbnb.com/rooms/28355549,1
28362968,https://www.airbnb.com/rooms/28362968,1
28366970,https://www.airbnb.com/rooms/28366970,4
28379054,https://www.airbnb.com/rooms/28379054,1
28408030,https://www.airbnb.com/rooms/28408030,7
28428513,https://www.airbnb.com/rooms/28428513,1
28443182,https://www.airbnb.com/rooms/28443182,2
28458297,https://www.airbnb.com/rooms/28458297,1
28463789,https://www.airbnb.com/rooms/28463789,1
28466259,https://www.airbnb.com/rooms/28466259,1
28466469,https://www.airbnb.com/rooms/28466469,1
28467963,https://www.airbnb.com/rooms/28467963,1
28490380,https://www.airbnb.com/rooms/28490380,1
28491861,https://www.airbnb.com/rooms/28491861,2
28513815,https://www.airbnb.com/rooms/28513815,1
28524816,https://www.airbnb.com/rooms/28524816,1
28540104,https://www.airbnb.com/rooms/28540104,1
28580619,https://www.airbnb.com/rooms/28580619,1
28635902,https://www.airbnb.com/rooms/28635902,2
28640193,https://www.airbnb.com/rooms/28640193,1
28699103,https://www.airbnb.com/rooms/28699103,2
28796943,https://www.airbnb.com/rooms/28796943,1
28837193,https://www.airbnb.com/rooms/28837193,1
28897994,https://www.airbnb.com/rooms/28897994,6
28898451,https://www.airbnb.com/rooms/28898451,6
28909212,https://www.airbnb.com/rooms/28909212,1
28921050,https://www.airbnb.com/rooms/28921050,1
28932789,https://www.airbnb.com/rooms/28932789,2
29010142,https://www.airbnb.com/rooms/29010142,1
29058712,https://www.airbnb.com/rooms/29058712,2
29076053,https://www.airbnb.com/rooms/29076053,1
29079904,https://www.airbnb.com/rooms/29079904,2
29096662,https://www.airbnb.com/rooms/29096662,2
29302404,https://www.airbnb.com/rooms/29302404,5
29303326,https://www.airbnb.com/rooms/29303326,2
29538555,https://www.airbnb.com/rooms/29538555,2
29625496,https://www.airbnb.com/rooms/29625496,2
29651467,https://www.airbnb.com/rooms/29651467,1
29657338,https://www.airbnb.com/rooms/29657338,1
29659880,https://www.airbnb.com/rooms/29659880,1
29662560,https://www.airbnb.com/rooms/29662560,1
29674314,https://www.airbnb.com/rooms/29674314,1
29736245,https://www.airbnb.com/rooms/29736245,1
29762127,https://www.airbnb.com/rooms/29762127,2
29774978,https://www.airbnb.com/rooms/29774978,6
29794430,https://www.airbnb.com/rooms/29794430,1
29797445,https://www.airbnb.com/rooms/29797445,4
29877523,https://www.airbnb.com/rooms/29877523,1
29919160,https://www.airbnb.com/rooms/29919160,2
29947173,https://www.airbnb.com/rooms/29947173,1
29965151,https://www.airbnb.com/rooms/29965151,1
29986605,https://www.airbnb.com/rooms/29986605,1
30043996,https://www.airbnb.com/rooms/30043996,3
30065781,https://www.airbnb.com/rooms/30065781,1
30089598,https://www.airbnb.com/rooms/30089598,13
30090770,https://www.airbnb.com/rooms/30090770,4
30104242,https://www.airbnb.com/rooms/30104242,4
30108036,https://www.airbnb.com/rooms/30108036,1
30145361,https://www.airbnb.com/rooms/30145361,2
30203165,https://www.airbnb.com/rooms/30203165,2
30287319,https://www.airbnb.com/rooms/30287319,4
30313956,https://www.airbnb.com/rooms/30313956,1
30319588,https://www.airbnb.com/rooms/30319588,2
30345034,https://www.airbnb.com/rooms/30345034,2
30414000,https://www.airbnb.com/rooms/30414000,1
30459552,https://www.airbnb.com/rooms/30459552,4
30465379,https://www.airbnb.com/rooms/30465379,1
30540254,https://www.airbnb.com/rooms/30540254,2
30560123,https://www.airbnb.com/rooms/30560123,4
30577487,https://www.airbnb.com/rooms/30577487,2
30590667,https://www.airbnb.com/rooms/30590667,2
30694169,https://www.airbnb.com/rooms/30694169,1
30720406,https://www.airbnb.com/rooms/30720406,1
30740060,https://www.airbnb.com/rooms/30740060,1
30741345,https://www.airbnb.com/rooms/30741345,1
30760932,https://www.airbnb.com/rooms/30760932,1
30764241,https://www.airbnb.com/rooms/30764241,1
30765529,https://www.airbnb.com/rooms/30765529,2
30811015,https://www.airbnb.com/rooms/30811015,1
30905012,https://www.airbnb.com/rooms/30905012,1
30913064,https://www.airbnb.com/rooms/30913064,2
31005465,https://www.airbnb.com/rooms/31005465,2
31014454,https://www.airbnb.com/rooms/31014454,1
31015780,https://www.airbnb.com/rooms/31015780,1
31016886,https://www.airbnb.com/rooms/31016886,1
31019216,https://www.airbnb.com/rooms/31019216,1
31039810,https://www.airbnb.com/rooms/31039810,2
31041676,https://www.airbnb.com/rooms/31041676,1
31122191,https://www.airbnb.com/rooms/31122191,2
31145312,https://www.airbnb.com/rooms/31145312,2
31232379,https://www.airbnb.com/rooms/31232379,2
31270775,https://www.airbnb.com/rooms/31270775,1
31286222,https://www.airbnb.com/rooms/31286222,2
31337958,https://www.airbnb.com/rooms/31337958,2
31382915,https://www.airbnb.com/rooms/31382915,2
31410509,https://www.airbnb.com/rooms/31410509,4
31467534,https://www.airbnb.com/rooms/31467534,4
31515982,https://www.airbnb.com/rooms/31515982,1
31544027,https://www.airbnb.com/rooms/31544027,2
31609555,https://www.airbnb.com/rooms/31609555,3
31668518,https://www.airbnb.com/rooms/31668518,2
31672566,https://www.airbnb.com/rooms/31672566,2
31673156,https://www.airbnb.com/rooms/31673156,2
31838560,https://www.airbnb.com/rooms/31838560,2
31862289,https://www.airbnb.com/rooms/31862289,1
31903170,https://www.airbnb.com/rooms/31903170,1
31903670,https://www.airbnb.com/rooms/31903670,1
31928824,https://www.airbnb.com/rooms/31928824,1
31949702,https://www.airbnb.com/rooms/31949702,1
31962660,https://www.airbnb.com/rooms/31962660,2
32074029,https://www.airbnb.com/rooms/32074029,1
32106405,https://www.airbnb.com/rooms/32106405,1
32106693,https://www.airbnb.com/rooms/32106693,7
32125293,https://www.airbnb.com/rooms/32125293,2
32154019,https://www.airbnb.com/rooms/32154019,1
32161243,https://www.airbnb.com/rooms/32161243,1
32210620,https://www.airbnb.com/rooms/32210620,2
32213105,https://www.airbnb.com/rooms/32213105,2
32216321,https://www.airbnb.com/rooms/32216321,2
32240197,https://www.airbnb.com/rooms/32240197,3
32240694,https://www.airbnb.com/rooms/32240694,2
32312311,https://www.airbnb.com/rooms/32312311,1
32359519,https://www.airbnb.com/rooms/32359519,1
32362636,https://www.airbnb.com/rooms/32362636,1
32367301,https://www.airbnb.com/rooms/32367301,2
32377577,https://www.airbnb.com/rooms/32377577,1
32379276,https://www.airbnb.com/rooms/32379276,3
32417547,https://www.airbnb.com/rooms/32417547,2
32423750,https://www.airbnb.com/rooms/32423750,1
32489731,https://www.airbnb.com/rooms/32489731,1
32502524,https://www.airbnb.com/rooms/32502524,4
32528913,https://www.airbnb.com/rooms/32528913,2
32593239,https://www.airbnb.com/rooms/32593239,2
32615462,https://www.airbnb.com/rooms/32615462,2
32635384,https://www.airbnb.com/rooms/32635384,1
32642437,https://www.airbnb.com/rooms/32642437,4
32642588,https://www.airbnb.com/rooms/32642588,4
32646959,https://www.airbnb.com/rooms/32646959,4
32664093,https://www.airbnb.com/rooms/32664093,1
32664554,https://www.airbnb.com/rooms/32664554,2
32666944,https://www.airbnb.com/rooms/32666944,1
32667583,https://www.airbnb.com/rooms/32667583,2
32690326,https://www.airbnb.com/rooms/32690326,2
32696235,https://www.airbnb.com/rooms/32696235,4
32720821,https://www.airbnb.com/rooms/32720821,1
32744342,https://www.airbnb.com/rooms/32744342,2
32789163,https://www.airbnb.com/rooms/32789163,1
32789292,https://www.airbnb.com/rooms/32789292,1
32789348,https://www.airbnb.com/rooms/32789348,1
32789397,https://www.airbnb.com/rooms/32789397,1
32789457,https://www.airbnb.com/rooms/32789457,1
32835679,https://www.airbnb.com/rooms/32835679,3
32848219,https://www.airbnb.com/rooms/32848219,1
32858558,https://www.airbnb.com/rooms/32858558,2
32866140,https://www.airbnb.com/rooms/32866140,1
32871278,https://www.airbnb.com/rooms/32871278,2
32875635,https://www.airbnb.com/rooms/32875635,1
32888284,https://www.airbnb.com/rooms/32888284,1
32891450,https://www.airbnb.com/rooms/32891450,1
32898594,https://www.airbnb.com/rooms/32898594,1
32901053,https://www.airbnb.com/rooms/32901053,2
32944280,https://www.airbnb.com/rooms/32944280,4
32966360,https://www.airbnb.com/rooms/32966360,1
33043270,https://www.airbnb.com/rooms/33043270,4
33153055,https://www.airbnb.com/rooms/33153055,4
33191880,https://www.airbnb.com/rooms/33191880,1
33318561,https://www.airbnb.com/rooms/33318561,1
33319633,https://www.airbnb.com/rooms/33319633,2
33361564,https://www.airbnb.com/rooms/33361564,2
33411474,https://www.airbnb.com/rooms/33411474,1
33434719,https://www.airbnb.com/rooms/33434719,1
33613905,https://www.airbnb.com/rooms/33613905,2
33619758,https://www.airbnb.com/rooms/33619758,2
33634526,https://www.airbnb.com/rooms/33634526,3
33664380,https://www.airbnb.com/rooms/33664380,2
33716003,https://www.airbnb.com/rooms/33716003,2
33913605,https://www.airbnb.com/rooms/33913605,2
33996993,https://www.airbnb.com/rooms/33996993,2
34061524,https://www.airbnb.com/rooms/34061524,1
34143842,https://www.airbnb.com/rooms/34143842,2
34168882,https://www.airbnb.com/rooms/34168882,1
34209897,https://www.airbnb.com/rooms/34209897,2
34220164,https://www.airbnb.com/rooms/34220164,2
34342493,https://www.airbnb.com/rooms/34342493,2
34343420,https://www.airbnb.com/rooms/34343420,1
34344067,https://www.airbnb.com/rooms/34344067,6
34368002,https://www.airbnb.com/rooms/34368002,2
34440077,https://www.airbnb.com/rooms/34440077,1
34459248,https://www.airbnb.com/rooms/34459248,2
34555958,https://www.airbnb.com/rooms/34555958,2
34574891,https://www.airbnb.com/rooms/34574891,4
34684047,https://www.airbnb.com/rooms/34684047,2
34686146,https://www.airbnb.com/rooms/34686146,1
34742229,https://www.airbnb.com/rooms/34742229,5
34751101,https://www.airbnb.com/rooms/34751101,2
34780559,https://www.airbnb.com/rooms/34780559,2
34807046,https://www.airbnb.com/rooms/34807046,1
34807587,https://www.airbnb.com/rooms/34807587,1
34817766,https://www.airbnb.com/rooms/34817766,2
34820735,https://www.airbnb.com/rooms/34820735,1
34835894,https://www.airbnb.com/rooms/34835894,2
34864514,https://www.airbnb.com/rooms/34864514,2
34892188,https://www.airbnb.com/rooms/34892188,1
34895820,https://www.airbnb.com/rooms/34895820,1
34936273,https://www.airbnb.com/rooms/34936273,1
34969093,https://www.airbnb.com/rooms/34969093,2
34978642,https://www.airbnb.com/rooms/34978642,3
35066602,https://www.airbnb.com/rooms/35066602,2
35160706,https://www.airbnb.com/rooms/35160706,1
35166021,https://www.airbnb.com/rooms/35166021,1
35259022,https://www.airbnb.com/rooms/35259022,2
35315648,https://www.airbnb.com/rooms/35315648,2
35616280,https://www.airbnb.com/rooms/35616280,2
35650640,https://www.airbnb.com/rooms/35650640,2
35653758,https://www.airbnb.com/rooms/35653758,1
35689647,https://www.airbnb.com/rooms/35689647,8
35717558,https://www.airbnb.com/rooms/35717558,6
35770227,https://www.airbnb.com/rooms/35770227,4
35794364,https://www.airbnb.com/rooms/35794364,6
35798331,https://www.airbnb.com/rooms/35798331,2
35801269,https://www.airbnb.com/rooms/35801269,2
35808266,https://www.airbnb.com/rooms/35808266,1
35833887,https://www.airbnb.com/rooms/35833887,2
35844996,https://www.airbnb.com/rooms/35844996,1
35870872,https://www.airbnb.com/rooms/35870872,4
35881491,https://www.airbnb.com/rooms/35881491,1
35916464,https://www.airbnb.com/rooms/35916464,1
35937190,https://www.airbnb.com/rooms/35937190,1
35938028,https://www.airbnb.com/rooms/35938028,1
36071439,https://www.airbnb.com/rooms/36071439,2
36072039,https://www.airbnb.com/rooms/36072039,6
36075592,https://www.airbnb.com/rooms/36075592,1
36172188,https://www.airbnb.com/rooms/36172188,1
36205206,https://www.airbnb.com/rooms/36205206,3
36268563,https://www.airbnb.com/rooms/36268563,2
36298316,https://www.airbnb.com/rooms/36298316,1
36529204,https://www.airbnb.com/rooms/36529204,1
36560058,https://www.airbnb.com/rooms/36560058,4
36560092,https://www.airbnb.com/rooms/36560092,14
36560124,https://www.airbnb.com/rooms/36560124,2
36566180,https://www.airbnb.com/rooms/36566180,2
36660633,https://www.airbnb.com/rooms/36660633,4
36666816,https://www.airbnb.com/rooms/36666816,2
36700041,https://www.airbnb.com/rooms/36700041,1
36754637,https://www.airbnb.com/rooms/36754637,2
36766311,https://www.airbnb.com/rooms/36766311,4
36795547,https://www.airbnb.com/rooms/36795547,2
36806249,https://www.airbnb.com/rooms/36806249,1
36807370,https://www.airbnb.com/rooms/36807370,2
36807671,https://www.airbnb.com/rooms/36807671,1
36868497,https://www.airbnb.com/rooms/36868497,1
36868625,https://www.airbnb.com/rooms/36868625,1
36874378,https://www.airbnb.com/rooms/36874378,2
36880518,https://www.airbnb.com/rooms/36880518,2
37052599,https://www.airbnb.com/rooms/37052599,1
37124124,https://www.airbnb.com/rooms/37124124,1
37125884,https://www.airbnb.com/rooms/37125884,2
37255345,https://www.airbnb.com/rooms/37255345,5
37323039,https://www.airbnb.com/rooms/37323039,1
37335437,https://www.airbnb.com/rooms/37335437,3
37394101,https://www.airbnb.com/rooms/37394101,1
37463749,https://www.airbnb.com/rooms/37463749,1
37533302,https://www.airbnb.com/rooms/37533302,6
37595264,https://www.airbnb.com/rooms/37595264,2
37602940,https://www.airbnb.com/rooms/37602940,2
37659072,https://www.airbnb.com/rooms/37659072,1
37664069,https://www.airbnb.com/rooms/37664069,1
37686296,https://www.airbnb.com/rooms/37686296,1
37703984,https://www.airbnb.com/rooms/37703984,2
37711261,https://www.airbnb.com/rooms/37711261,1
37804724,https://www.airbnb.com/rooms/37804724,2
37809135,https://www.airbnb.com/rooms/37809135,4
37875339,https://www.airbnb.com/rooms/37875339,2
37898658,https://www.airbnb.com/rooms/37898658,4
37899310,https://www.airbnb.com/rooms/37899310,4
37903697,https://www.airbnb.com/rooms/37903697,1
37938759,https://www.airbnb.com/rooms/37938759,2
37962004,https://www.airbnb.com/rooms/37962004,1
37991217,https://www.airbnb.com/rooms/37991217,1
38018341,https://www.airbnb.com/rooms/38018341,1
38020361,https://www.airbnb.com/rooms/38020361,1
38023680,https://www.airbnb.com/rooms/38023680,6
38055707,https://www.airbnb.com/rooms/38055707,4
38065201,https://www.airbnb.com/rooms/38065201,1
38098824,https://www.airbnb.com/rooms/38098824,4
38102646,https://www.airbnb.com/rooms/38102646,1
38135687,https://www.airbnb.com/rooms/38135687,1
38151123,https://www.airbnb.com/rooms/38151123,1
38153497,https://www.airbnb.com/rooms/38153497,6
38192856,https://www.airbnb.com/rooms/38192856,1
38211296,https://www.airbnb.com/rooms/38211296,1
38233198,https://www.airbnb.com/rooms/38233198,1
38251338,https://www.airbnb.com/rooms/38251338,2
38294127,https://www.airbnb.com/rooms/38294127,1
38300189,https://www.airbnb.com/rooms/38300189,2
38359813,https://www.airbnb.com/rooms/38359813,2
38374065,https://www.airbnb.com/rooms/38374065,2
38383301,https://www.airbnb.com/rooms/38383301,4
38429825,https://www.airbnb.com/rooms/38429825,1
38431967,https://www.airbnb.com/rooms/38431967,2
38447033,https://www.airbnb.com/rooms/38447033,2
38482667,https://www.airbnb.com/rooms/38482667,2
38495895,https://www.airbnb.com/rooms/38495895,1
38509841,https://www.airbnb.com/rooms/38509841,1
38511590,https://www.airbnb.com/rooms/38511590,2
38517571,https://www.airbnb.com/rooms/38517571,2
38558718,https://www.airbnb.com/rooms/38558718,2
38570544,https://www.airbnb.com/rooms/38570544,1
38571237,https://www.airbnb.com/rooms/38571237,1
38580142,https://www.airbnb.com/rooms/38580142,1
38595412,https://www.airbnb.com/rooms/38595412,2
38596517,https://www.airbnb.com/rooms/38596517,2
38619660,https://www.airbnb.com/rooms/38619660,1
38626103,https://www.airbnb.com/rooms/38626103,2
38642308,https://www.airbnb.com/rooms/38642308,1
38724154,https://www.airbnb.com/rooms/38724154,2
38726831,https://www.airbnb.com/rooms/38726831,2
38743237,https://www.airbnb.com/rooms/38743237,2
38773879,https://www.airbnb.com/rooms/38773879,1
38774645,https://www.airbnb.com/rooms/38774645,2
38776369,https://www.airbnb.com/rooms/38776369,1
38781762,https://www.airbnb.com/rooms/38781762,2
38802145,https://www.airbnb.com/rooms/38802145,1
38802306,https://www.airbnb.com/rooms/38802306,1
38804959,https://www.airbnb.com/rooms/38804959,1
38818528,https://www.airbnb.com/rooms/38818528,2
38841031,https://www.airbnb.com/rooms/38841031,1
38841936,https://www.airbnb.com/rooms/38841936,1
38847876,https://www.airbnb.com/rooms/38847876,1
38878174,https://www.airbnb.com/rooms/38878174,1
38907813,https://www.airbnb.com/rooms/38907813,2
38924035,https://www.airbnb.com/rooms/38924035,4
38934574,https://www.airbnb.com/rooms/38934574,2
38979115,https://www.airbnb.com/rooms/38979115,1
38983622,https://www.airbnb.com/rooms/38983622,4
39005935,https://www.airbnb.com/rooms/39005935,2
39028901,https://www.airbnb.com/rooms/39028901,8
39029322,https://www.airbnb.com/rooms/39029322,3
39029522,https://www.airbnb.com/rooms/39029522,2
39046668,https://www.airbnb.com/rooms/39046668,4
39053132,https://www.airbnb.com/rooms/39053132,1
39053687,https://www.airbnb.com/rooms/39053687,1
39056933,https://www.airbnb.com/rooms/39056933,1
39077787,https://www.airbnb.com/rooms/39077787,4
39080620,https://www.airbnb.com/rooms/39080620,1
39084799,https://www.airbnb.com/rooms/39084799,1
39089797,https://www.airbnb.com/rooms/39089797,2
39110341,https://www.airbnb.com/rooms/39110341,4
39155115,https://www.airbnb.com/rooms/39155115,5
39158239,https://www.airbnb.com/rooms/39158239,2
39174984,https://www.airbnb.com/rooms/39174984,2
39203878,https://www.airbnb.com/rooms/39203878,2
39224270,https://www.airbnb.com/rooms/39224270,2
39229071,https://www.airbnb.com/rooms/39229071,3
39251116,https://www.airbnb.com/rooms/39251116,2
39253639,https://www.airbnb.com/rooms/39253639,7
39268450,https://www.airbnb.com/rooms/39268450,5
39277633,https://www.airbnb.com/rooms/39277633,5
39292269,https://www.airbnb.com/rooms/39292269,2
39363087,https://www.airbnb.com/rooms/39363087,13
39365878,https://www.airbnb.com/rooms/39365878,1
39389030,https://www.airbnb.com/rooms/39389030,5
39398966,https://www.airbnb.com/rooms/39398966,1
39410181,https://www.airbnb.com/rooms/39410181,6
39410286,https://www.airbnb.com/rooms/39410286,2
39410317,https://www.airbnb.com/rooms/39410317,6
39410349,https://www.airbnb.com/rooms/39410349,6
39410492,https://www.airbnb.com/rooms/39410492,6
39410587,https://www.airbnb.com/rooms/39410587,6
39410683,https://www.airbnb.com/rooms/39410683,6
39410766,https://www.airbnb.com/rooms/39410766,4
39442641,https://www.airbnb.com/rooms/39442641,1
39443000,https://www.airbnb.com/rooms/39443000,1
39444911,https://www.airbnb.com/rooms/39444911,1
39528087,https://www.airbnb.com/rooms/39528087,1
39532206,https://www.airbnb.com/rooms/39532206,2
39533293,https://www.airbnb.com/rooms/39533293,1
39558606,https://www.airbnb.com/rooms/39558606,2
39562064,https://www.airbnb.com/rooms/39562064,2
39675747,https://www.airbnb.com/rooms/39675747,1
39678647,https://www.airbnb.com/rooms/39678647,2
39702506,https://www.airbnb.com/rooms/39702506,2
39753269,https://www.airbnb.com/rooms/39753269,2
39863550,https://www.airbnb.com/rooms/39863550,1
39867825,https://www.airbnb.com/rooms/39867825,1
39870526,https://www.airbnb.com/rooms/39870526,1
39886216,https://www.airbnb.com/rooms/39886216,1
39889185,https://www.airbnb.com/rooms/39889185,1
39912188,https://www.airbnb.com/rooms/39912188,1
39912567,https://www.airbnb.com/rooms/39912567,4
39913412,https://www.airbnb.com/rooms/39913412,2
39938717,https://www.airbnb.com/rooms/39938717,4
39966219,https://www.airbnb.com/rooms/39966219,3
39974185,https://www.airbnb.com/rooms/39974185,6
40038482,https://www.airbnb.com/rooms/40038482,2
40039365,https://www.airbnb.com/rooms/40039365,2
40093183,https://www.airbnb.com/rooms/40093183,2
40097030,https://www.airbnb.com/rooms/40097030,2
40110806,https://www.airbnb.com/rooms/40110806,2
40111517,https://www.airbnb.com/rooms/40111517,2
40135819,https://www.airbnb.com/rooms/40135819,2
40173703,https://www.airbnb.com/rooms/40173703,3
40175923,https://www.airbnb.com/rooms/40175923,2
40221473,https://www.airbnb.com/rooms/40221473,1
40260493,https://www.airbnb.com/rooms/40260493,1
40260684,https://www.airbnb.com/rooms/40260684,1
40321884,https://www.airbnb.com/rooms/40321884,2
40365068,https://www.airbnb.com/rooms/40365068,2
40394734,https://www.airbnb.com/rooms/40394734,1
40492977,https://www.airbnb.com/rooms/40492977,2
40514778,https://www.airbnb.com/rooms/40514778,5
40561326,https://www.airbnb.com/rooms/40561326,2
40567916,https://www.airbnb.com/rooms/40567916,2
40569573,https://www.airbnb.com/rooms/40569573,2
40678249,https://www.airbnb.com/rooms/40678249,4
40708207,https://www.airbnb.com/rooms/40708207,6
40755013,https://www.airbnb.com/rooms/40755013,2
40755700,https://www.airbnb.com/rooms/40755700,2
40761922,https://www.airbnb.com/rooms/40761922,3
40786965,https://www.airbnb.com/rooms/40786965,3
40867337,https://www.airbnb.com/rooms/40867337,1
40875889,https://www.airbnb.com/rooms/40875889,4
40891290,https://www.airbnb.com/rooms/40891290,1
40937364,https://www.airbnb.com/rooms/40937364,1
40942081,https://www.airbnb.com/rooms/40942081,3
40944891,https://www.airbnb.com/rooms/40944891,2
40951726,https://www.airbnb.com/rooms/40951726,1
41030817,https://www.airbnb.com/rooms/41030817,1
41064875,https://www.airbnb.com/rooms/41064875,2
41085923,https://www.airbnb.com/rooms/41085923,1
41130792,https://www.airbnb.com/rooms/41130792,1
41211499,https://www.airbnb.com/rooms/41211499,2
41213255,https://www.airbnb.com/rooms/41213255,2
41231458,https://www.airbnb.com/rooms/41231458,1
41233547,https://www.airbnb.com/rooms/41233547,2
41242072,https://www.airbnb.com/rooms/41242072,1
41243032,https://www.airbnb.com/rooms/41243032,2
41286166,https://www.airbnb.com/rooms/41286166,1
41292414,https://www.airbnb.com/rooms/41292414,4
41324926,https://www.airbnb.com/rooms/41324926,2
41332040,https://www.airbnb.com/rooms/41332040,1
41346926,https://www.airbnb.com/rooms/41346926,2
41373915,https://www.airbnb.com/rooms/41373915,4
41402467,https://www.airbnb.com/rooms/41402467,4
41434469,https://www.airbnb.com/rooms/41434469,2
41460272,https://www.airbnb.com/rooms/41460272,1
41460275,https://www.airbnb.com/rooms/41460275,1
41460276,https://www.airbnb.com/rooms/41460276,1
41511557,https://www.airbnb.com/rooms/41511557,1
41511617,https://www.airbnb.com/rooms/41511617,1
41553184,https://www.airbnb.com/rooms/41553184,2
41591740,https://www.airbnb.com/rooms/41591740,1
41593101,https://www.airbnb.com/rooms/41593101,2
41609977,https://www.airbnb.com/rooms/41609977,2
41636061,https://www.airbnb.com/rooms/41636061,2
41682653,https://www.airbnb.com/rooms/41682653,2
41693007,https://www.airbnb.com/rooms/41693007,1
41772133,https://www.airbnb.com/rooms/41772133,2
41801106,https://www.airbnb.com/rooms/41801106,2
41837085,https://www.airbnb.com/rooms/41837085,3
41873306,https://www.airbnb.com/rooms/41873306,3
41877876,https://www.airbnb.com/rooms/41877876,2
41904069,https://www.airbnb.com/rooms/41904069,4
41905240,https://www.airbnb.com/rooms/41905240,2
41905296,https://www.airbnb.com/rooms/41905296,2
41905528,https://www.airbnb.com/rooms/41905528,1
41929618,https://www.airbnb.com/rooms/41929618,4
41931526,https://www.airbnb.com/rooms/41931526,1
41935943,https://www.airbnb.com/rooms/41935943,2
41952467,https://www.airbnb.com/rooms/41952467,5
41961210,https://www.airbnb.com/rooms/41961210,1
41963611,https://www.airbnb.com/rooms/41963611,3
41983088,https://www.airbnb.com/rooms/41983088,2
41984005,https://www.airbnb.com/rooms/41984005,2
41999462,https://www.airbnb.com/rooms/41999462,1
42006011,https://www.airbnb.com/rooms/42006011,2
42039191,https://www.airbnb.com/rooms/42039191,1
42052028,https://www.airbnb.com/rooms/42052028,4
42074207,https://www.airbnb.com/rooms/42074207,2
42076431,https://www.airbnb.com/rooms/42076431,2
42091432,https://www.airbnb.com/rooms/42091432,6
42159461,https://www.airbnb.com/rooms/42159461,1
42162967,https://www.airbnb.com/rooms/42162967,2
42195743,https://www.airbnb.com/rooms/42195743,2
42199972,https://www.airbnb.com/rooms/42199972,2
42200892,https://www.airbnb.com/rooms/42200892,2
42226681,https://www.airbnb.com/rooms/42226681,6
42244632,https://www.airbnb.com/rooms/42244632,3
42248745,https://www.airbnb.com/rooms/42248745,3
42255810,https://www.airbnb.com/rooms/42255810,6
42271787,https://www.airbnb.com/rooms/42271787,2
42298938,https://www.airbnb.com/rooms/42298938,1
42317364,https://www.airbnb.com/rooms/42317364,1
42338770,https://www.airbnb.com/rooms/42338770,3
42352624,https://www.airbnb.com/rooms/42352624,2
42363607,https://www.airbnb.com/rooms/42363607,1
42365628,https://www.airbnb.com/rooms/42365628,2
42379791,https://www.airbnb.com/rooms/42379791,1
42382842,https://www.airbnb.com/rooms/42382842,1
42384230,https://www.airbnb.com/rooms/42384230,2
42384705,https://www.airbnb.com/rooms/42384705,2
42385034,https://www.airbnb.com/rooms/42385034,4
42389625,https://www.airbnb.com/rooms/42389625,1
42390679,https://www.airbnb.com/rooms/42390679,8
42399869,https://www.airbnb.com/rooms/42399869,1
42437214,https://www.airbnb.com/rooms/42437214,2
42488104,https://www.airbnb.com/rooms/42488104,2
42491984,https://www.airbnb.com/rooms/42491984,2
42503996,https://www.airbnb.com/rooms/42503996,2
42508088,https://www.airbnb.com/rooms/42508088,1
42511269,https://www.airbnb.com/rooms/42511269,3
42536025,https://www.airbnb.com/rooms/42536025,2
42537433,https://www.airbnb.com/rooms/42537433,1
42541133,https://www.airbnb.com/rooms/42541133,3
42544174,https://www.airbnb.com/rooms/42544174,2
42566468,https://www.airbnb.com/rooms/42566468,2
42584265,https://www.airbnb.com/rooms/42584265,2
42591222,https://www.airbnb.com/rooms/42591222,4
42591785,https://www.airbnb.com/rooms/42591785,2
42647333,https://www.airbnb.com/rooms/42647333,1
42648985,https://www.airbnb.com/rooms/42648985,4
42661730,https://www.airbnb.com/rooms/42661730,2
42662716,https://www.airbnb.com/rooms/42662716,4
42685929,https://www.airbnb.com/rooms/42685929,1
42692733,https://www.airbnb.com/rooms/42692733,1
42718876,https://www.airbnb.com/rooms/42718876,3
42737144,https://www.airbnb.com/rooms/42737144,4
42738646,https://www.airbnb.com/rooms/42738646,1
42793871,https://www.airbnb.com/rooms/42793871,4
42812875,https://www.airbnb.com/rooms/42812875,4
42820658,https://www.airbnb.com/rooms/42820658,4
42825784,https://www.airbnb.com/rooms/42825784,1
42866299,https://www.airbnb.com/rooms/42866299,2
42926212,https://www.airbnb.com/rooms/42926212,1
42952162,https://www.airbnb.com/rooms/42952162,1
42980657,https://www.airbnb.com/rooms/42980657,2
43046327,https://www.airbnb.com/rooms/43046327,3
43057597,https://www.airbnb.com/rooms/43057597,2
43069021,https://www.airbnb.com/rooms/43069021,2
43156280,https://www.airbnb.com/rooms/43156280,2
43157490,https://www.airbnb.com/rooms/43157490,2
43236511,https://www.airbnb.com/rooms/43236511,1
43238009,https://www.airbnb.com/rooms/43238009,6
43347086,https://www.airbnb.com/rooms/43347086,2
43374509,https://www.airbnb.com/rooms/43374509,2
43397915,https://www.airbnb.com/rooms/43397915,2
43398756,https://www.airbnb.com/rooms/43398756,2
43411497,https://www.airbnb.com/rooms/43411497,2
43412294,https://www.airbnb.com/rooms/43412294,1
43421770,https://www.airbnb.com/rooms/43421770,3
43485799,https://www.airbnb.com/rooms/43485799,4
43485964,https://www.airbnb.com/rooms/43485964,1
43489864,https://www.airbnb.com/rooms/43489864,1
43515959,https://www.airbnb.com/rooms/43515959,2
43532791,https://www.airbnb.com/rooms/43532791,1
43547536,https://www.airbnb.com/rooms/43547536,2
43556982,https://www.airbnb.com/rooms/43556982,1
43569889,https://www.airbnb.com/rooms/43569889,1
43580213,https://www.airbnb.com/rooms/43580213,1
43583267,https://www.airbnb.com/rooms/43583267,5
43595691,https://www.airbnb.com/rooms/43595691,2
43603249,https://www.airbnb.com/rooms/43603249,2
43613250,https://www.airbnb.com/rooms/43613250,4
43614642,https://www.airbnb.com/rooms/43614642,1
43622216,https://www.airbnb.com/rooms/43622216,1
43643128,https://www.airbnb.com/rooms/43643128,1
43643583,https://www.airbnb.com/rooms/43643583,1
43651053,https://www.airbnb.com/rooms/43651053,2
43777229,https://www.airbnb.com/rooms/43777229,2
43777514,https://www.airbnb.com/rooms/43777514,1
43817859,https://www.airbnb.com/rooms/43817859,2
43843895,https://www.airbnb.com/rooms/43843895,1
43858970,https://www.airbnb.com/rooms/43858970,1
43895678,https://www.airbnb.com/rooms/43895678,3
43897219,https://www.airbnb.com/rooms/43897219,1
43912689,https://www.airbnb.com/rooms/43912689,1
43913939,https://www.airbnb.com/rooms/43913939,2
43944899,https://www.airbnb.com/rooms/43944899,1
44003081,https://www.airbnb.com/rooms/44003081,2
44020810,https://www.airbnb.com/rooms/44020810,1
44032074,https://www.airbnb.com/rooms/44032074,3
44045683,https://www.airbnb.com/rooms/44045683,2
44074771,https://www.airbnb.com/rooms/44074771,2
44087479,https://www.airbnb.com/rooms/44087479,2
44135942,https://www.airbnb.com/rooms/44135942,2
44152344,https://www.airbnb.com/rooms/44152344,1
44171023,https://www.airbnb.com/rooms/44171023,2
44235534,https://www.airbnb.com/rooms/44235534,1
44249811,https://www.airbnb.com/rooms/44249811,4
44280139,https://www.airbnb.com/rooms/44280139,2
44289711,https://www.airbnb.com/rooms/44289711,1
44319776,https://www.airbnb.com/rooms/44319776,4
44334709,https://www.airbnb.com/rooms/44334709,3
44334720,https://www.airbnb.com/rooms/44334720,2
44334728,https://www.airbnb.com/rooms/44334728,2
44354441,https://www.airbnb.com/rooms/44354441,2
44416489,https://www.airbnb.com/rooms/44416489,1
44419747,https://www.airbnb.com/rooms/44419747,6
44519908,https://www.airbnb.com/rooms/44519908,1
44588257,https://www.airbnb.com/rooms/44588257,2
44593097,https://www.airbnb.com/rooms/44593097,2
44593376,https://www.airbnb.com/rooms/44593376,2
44634794,https://www.airbnb.com/rooms/44634794,2
44645345,https://www.airbnb.com/rooms/44645345,2
44668583,https://www.airbnb.com/rooms/44668583,1
44677991,https://www.airbnb.com/rooms/44677991,1
44684447,https://www.airbnb.com/rooms/44684447,1
44743700,https://www.airbnb.com/rooms/44743700,1
44750738,https://www.airbnb.com/rooms/44750738,2
44841777,https://www.airbnb.com/rooms/44841777,1
44890086,https://www.airbnb.com/rooms/44890086,2
44892708,https://www.airbnb.com/rooms/44892708,1
45001128,https://www.airbnb.com/rooms/45001128,2
45035105,https://www.airbnb.com/rooms/45035105,1
45070243,https://www.airbnb.com/rooms/45070243,3
45087904,https://www.airbnb.com/rooms/45087904,2
45090722,https://www.airbnb.com/rooms/45090722,1
45102318,https://www.airbnb.com/rooms/45102318,2
45103482,https://www.airbnb.com/rooms/45103482,4
45117080,https://www.airbnb.com/rooms/45117080,2
45118552,https://www.airbnb.com/rooms/45118552,20
45221683,https://www.airbnb.com/rooms/45221683,1
45221834,https://www.airbnb.com/rooms/45221834,2
45223807,https://www.airbnb.com/rooms/45223807,4
45276565,https://www.airbnb.com/rooms/45276565,2
45335732,https://www.airbnb.com/rooms/45335732,2
45371687,https://www.airbnb.com/rooms/45371687,1
45422870,https://www.airbnb.com/rooms/45422870,1
45431197,https://www.airbnb.com/rooms/45431197,1
45432352,https://www.airbnb.com/rooms/45432352,3
45451834,https://www.airbnb.com/rooms/45451834,3
45456265,https://www.airbnb.com/rooms/45456265,2
45467121,https://www.airbnb.com/rooms/45467121,2
45467226,https://www.airbnb.com/rooms/45467226,5
45467282,https://www.airbnb.com/rooms/45467282,2
45468117,https://www.airbnb.com/rooms/45468117,1
45468626,https://www.airbnb.com/rooms/45468626,4
45469731,https://www.airbnb.com/rooms/45469731,1
45484516,https://www.airbnb.com/rooms/45484516,2
45511551,https://www.airbnb.com/rooms/45511551,1
45525221,https://www.airbnb.com/rooms/45525221,1
45533428,https://www.airbnb.com/rooms/45533428,2
45558182,https://www.airbnb.com/rooms/45558182,1
45564394,https://www.airbnb.com/rooms/45564394,1
45610693,https://www.airbnb.com/rooms/45610693,4
45634345,https://www.airbnb.com/rooms/45634345,2
45635595,https://www.airbnb.com/rooms/45635595,2
45638731,https://www.airbnb.com/rooms/45638731,1
45655787,https://www.airbnb.com/rooms/45655787,2
45674231,https://www.airbnb.com/rooms/45674231,1
45691321,https://www.airbnb.com/rooms/45691321,1
45691473,https://www.airbnb.com/rooms/45691473,6
45696200,https://www.airbnb.com/rooms/45696200,1
45696902,https://www.airbnb.com/rooms/45696902,4
45721702,https://www.airbnb.com/rooms/45721702,2
45742797,https://www.airbnb.com/rooms/45742797,2
45743722,https://www.airbnb.com/rooms/45743722,2
45749604,https://www.airbnb.com/rooms/45749604,4
45752097,https://www.airbnb.com/rooms/45752097,2
45804707,https://www.airbnb.com/rooms/45804707,2
45810860,https://www.airbnb.com/rooms/45810860,2
45831240,https://www.airbnb.com/rooms/45831240,6
45864799,https://www.airbnb.com/rooms/45864799,2
45939066,https://www.airbnb.com/rooms/45939066,1
45950504,https://www.airbnb.com/rooms/45950504,1
45953285,https://www.airbnb.com/rooms/45953285,4
45961023,https://www.airbnb.com/rooms/45961023,2
45987280,https://www.airbnb.com/rooms/45987280,2
46010410,https://www.airbnb.com/rooms/46010410,1
46011871,https://www.airbnb.com/rooms/46011871,1
46073984,https://www.airbnb.com/rooms/46073984,1
46103871,https://www.airbnb.com/rooms/46103871,3
46170784,https://www.airbnb.com/rooms/46170784,1
46181205,https://www.airbnb.com/rooms/46181205,2
46194138,https://www.airbnb.com/rooms/46194138,1
46199108,https://www.airbnb.com/rooms/46199108,2
46219932,https://www.airbnb.com/rooms/46219932,2
46239406,https://www.airbnb.com/rooms/46239406,1
46255897,https://www.airbnb.com/rooms/46255897,1
46258412,https://www.airbnb.com/rooms/46258412,1
46273136,https://www.airbnb.com/rooms/46273136,2
46300402,https://www.airbnb.com/rooms/46300402,4
46331070,https://www.airbnb.com/rooms/46331070,4
46353057,https://www.airbnb.com/rooms/46353057,1
46365249,https://www.airbnb.com/rooms/46365249,3
46398957,https://www.airbnb.com/rooms/46398957,1
46427250,https://www.airbnb.com/rooms/46427250,2
46467666,https://www.airbnb.com/rooms/46467666,1
46485666,https://www.airbnb.com/rooms/46485666,2
46490468,https://www.airbnb.com/rooms/46490468,2
46513090,https://www.airbnb.com/rooms/46513090,1
46528916,https://www.airbnb.com/rooms/46528916,2
46529406,https://www.airbnb.com/rooms/46529406,3
46534933,https://www.airbnb.com/rooms/46534933,1
46565036,https://www.airbnb.com/rooms/46565036,1
46580900,https://www.airbnb.com/rooms/46580900,1
46601193,https://www.airbnb.com/rooms/46601193,1
46602954,https://www.airbnb.com/rooms/46602954,2
46748589,https://www.airbnb.com/rooms/46748589,1
46779967,https://www.airbnb.com/rooms/46779967,1
46791390,https://www.airbnb.com/rooms/46791390,1
46794896,https://www.airbnb.com/rooms/46794896,1
46820079,https://www.airbnb.com/rooms/46820079,1
46820115,https://www.airbnb.com/rooms/46820115,1
46849423,https://www.airbnb.com/rooms/46849423,1
46864527,https://www.airbnb.com/rooms/46864527,6
46876625,https://www.airbnb.com/rooms/46876625,2
46888596,https://www.airbnb.com/rooms/46888596,2
46919733,https://www.airbnb.com/rooms/46919733,1
46921203,https://www.airbnb.com/rooms/46921203,2
46923242,https://www.airbnb.com/rooms/46923242,1
46951327,https://www.airbnb.com/rooms/46951327,1
46951737,https://www.airbnb.com/rooms/46951737,2
46970281,https://www.airbnb.com/rooms/46970281,4
47031543,https://www.airbnb.com/rooms/47031543,1
47073997,https://www.airbnb.com/rooms/47073997,1
47074377,https://www.airbnb.com/rooms/47074377,1
47096257,https://www.airbnb.com/rooms/47096257,2
47100883,https://www.airbnb.com/rooms/47100883,3
47140110,https://www.airbnb.com/rooms/47140110,1
47154632,https://www.airbnb.com/rooms/47154632,2
47156486,https://www.airbnb.com/rooms/47156486,1
47203013,https://www.airbnb.com/rooms/47203013,2
47216803,https://www.airbnb.com/rooms/47216803,1
47253690,https://www.airbnb.com/rooms/47253690,2
47272891,https://www.airbnb.com/rooms/47272891,2
47292123,https://www.airbnb.com/rooms/47292123,1
47304012,https://www.airbnb.com/rooms/47304012,1
47331054,https://www.airbnb.com/rooms/47331054,4
47394606,https://www.airbnb.com/rooms/47394606,1
47421475,https://www.airbnb.com/rooms/47421475,1
47446861,https://www.airbnb.com/rooms/47446861,2
47446946,https://www.airbnb.com/rooms/47446946,2
47450499,https://www.airbnb.com/rooms/47450499,1
47487636,https://www.airbnb.com/rooms/47487636,1
47509227,https://www.airbnb.com/rooms/47509227,2
47515383,https://www.airbnb.com/rooms/47515383,2
47515870,https://www.airbnb.com/rooms/47515870,2
47519064,https://www.airbnb.com/rooms/47519064,3
47528462,https://www.airbnb.com/rooms/47528462,2
47529558,https://www.airbnb.com/rooms/47529558,2
47529819,https://www.airbnb.com/rooms/47529819,2
47565390,https://www.airbnb.com/rooms/47565390,6
47596836,https://www.airbnb.com/rooms/47596836,1
47721386,https://www.airbnb.com/rooms/47721386,3
47721543,https://www.airbnb.com/rooms/47721543,1
47771824,https://www.airbnb.com/rooms/47771824,2
47771959,https://www.airbnb.com/rooms/47771959,2
47782518,https://www.airbnb.com/rooms/47782518,2
47783195,https://www.airbnb.com/rooms/47783195,1
47783369,https://www.airbnb.com/rooms/47783369,1
47797555,https://www.airbnb.com/rooms/47797555,1
47798455,https://www.airbnb.com/rooms/47798455,2
47800632,https://www.airbnb.com/rooms/47800632,2
47814608,https://www.airbnb.com/rooms/47814608,2
47861753,https://www.airbnb.com/rooms/47861753,3
47869382,https://www.airbnb.com/rooms/47869382,2
47869682,https://www.airbnb.com/rooms/47869682,2
47870705,https://www.airbnb.com/rooms/47870705,1
47870960,https://www.airbnb.com/rooms/47870960,7
47885632,https://www.airbnb.com/rooms/47885632,3
47893150,https://www.airbnb.com/rooms/47893150,1
47903696,https://www.airbnb.com/rooms/47903696,4
47905814,https://www.airbnb.com/rooms/47905814,1
47906996,https://www.airbnb.com/rooms/47906996,4
47922431,https://www.airbnb.com/rooms/47922431,2
47939201,https://www.airbnb.com/rooms/47939201,1
47958368,https://www.airbnb.com/rooms/47958368,2
47962649,https://www.airbnb.com/rooms/47962649,4
47965881,https://www.airbnb.com/rooms/47965881,2
47987667,https://www.airbnb.com/rooms/47987667,2
48015234,https://www.airbnb.com/rooms/48015234,1
48030468,https://www.airbnb.com/rooms/48030468,2
48039141,https://www.airbnb.com/rooms/48039141,1
48044613,https://www.airbnb.com/rooms/48044613,4
48045806,https://www.airbnb.com/rooms/48045806,1
48058950,https://www.airbnb.com/rooms/48058950,1
48080818,https://www.airbnb.com/rooms/48080818,2
48103874,https://www.airbnb.com/rooms/48103874,2
48106020,https://www.airbnb.com/rooms/48106020,1
48106239,https://www.airbnb.com/rooms/48106239,1
48106673,https://www.airbnb.com/rooms/48106673,3
48134625,https://www.airbnb.com/rooms/48134625,4
48134851,https://www.airbnb.com/rooms/48134851,2
48145872,https://www.airbnb.com/rooms/48145872,12
48145875,https://www.airbnb.com/rooms/48145875,3
48150209,https://www.airbnb.com/rooms/48150209,2
48185394,https://www.airbnb.com/rooms/48185394,4
48211944,https://www.airbnb.com/rooms/48211944,2
48231157,https://www.airbnb.com/rooms/48231157,1
48284419,https://www.airbnb.com/rooms/48284419,3
48319102,https://www.airbnb.com/rooms/48319102,1
48335672,https://www.airbnb.com/rooms/48335672,1
48343709,https://www.airbnb.com/rooms/48343709,2
48353761,https://www.airbnb.com/rooms/48353761,2
48360094,https://www.airbnb.com/rooms/48360094,1
48366805,https://www.airbnb.com/rooms/48366805,2
48381730,https://www.airbnb.com/rooms/48381730,2
48382273,https://www.airbnb.com/rooms/48382273,4
48385960,https://www.airbnb.com/rooms/48385960,2
48425879,https://www.airbnb.com/rooms/48425879,1
48452991,https://www.airbnb.com/rooms/48452991,4
48475508,https://www.airbnb.com/rooms/48475508,1
48483409,https://www.airbnb.com/rooms/48483409,2
48503161,https://www.airbnb.com/rooms/48503161,1
48509825,https://www.airbnb.com/rooms/48509825,1
48521607,https://www.airbnb.com/rooms/48521607,2
48522293,https://www.airbnb.com/rooms/48522293,2
48548399,https://www.airbnb.com/rooms/48548399,1
48551581,https://www.airbnb.com/rooms/48551581,1
48588454,https://www.airbnb.com/rooms/48588454,1
48611320,https://www.airbnb.com/rooms/48611320,2
48621066,https://www.airbnb.com/rooms/48621066,1
48622432,https://www.airbnb.com/rooms/48622432,1
48672873,https://www.airbnb.com/rooms/48672873,1
48691651,https://www.airbnb.com/rooms/48691651,1
48694052,https://www.airbnb.com/rooms/48694052,2
48701490,https://www.airbnb.com/rooms/48701490,2
48714735,https://www.airbnb.com/rooms/48714735,1
48715048,https://www.airbnb.com/rooms/48715048,3
48732777,https://www.airbnb.com/rooms/48732777,1
48735683,https://www.airbnb.com/rooms/48735683,2
48741204,https://www.airbnb.com/rooms/48741204,2
48750020,https://www.airbnb.com/rooms/48750020,1
48757081,https://www.airbnb.com/rooms/48757081,1
48759070,https://www.airbnb.com/rooms/48759070,1
48759122,https://www.airbnb.com/rooms/48759122,1
48768007,https://www.airbnb.com/rooms/48768007,1
48785105,https://www.airbnb.com/rooms/48785105,2
48803540,https://www.airbnb.com/rooms/48803540,2
48804870,https://www.airbnb.com/rooms/48804870,5
48814755,https://www.airbnb.com/rooms/48814755,2
48824805,https://www.airbnb.com/rooms/48824805,2
48826423,https://www.airbnb.com/rooms/48826423,2
48833195,https://www.airbnb.com/rooms/48833195,2
48848897,https://www.airbnb.com/rooms/48848897,3
48850243,https://www.airbnb.com/rooms/48850243,9
48854612,https://www.airbnb.com/rooms/48854612,1
48867583,https://www.airbnb.com/rooms/48867583,2
48870534,https://www.airbnb.com/rooms/48870534,3
48883595,https://www.airbnb.com/rooms/48883595,6
48900387,https://www.airbnb.com/rooms/48900387,2
48900390,https://www.airbnb.com/rooms/48900390,2
48903773,https://www.airbnb.com/rooms/48903773,3
48921430,https://www.airbnb.com/rooms/48921430,1
48933584,https://www.airbnb.com/rooms/48933584,12
48938262,https://www.airbnb.com/rooms/48938262,2
48955585,https://www.airbnb.com/rooms/48955585,2
49027293,https://www.airbnb.com/rooms/49027293,1
49029414,https://www.airbnb.com/rooms/49029414,1
49059457,https://www.airbnb.com/rooms/49059457,3
49077419,https://www.airbnb.com/rooms/49077419,3
49095955,https://www.airbnb.com/rooms/49095955,2
49114183,https://www.airbnb.com/rooms/49114183,2
49116798,https://www.airbnb.com/rooms/49116798,1
49139962,https://www.airbnb.com/rooms/49139962,1
49142013,https://www.airbnb.com/rooms/49142013,2
49146679,https://www.airbnb.com/rooms/49146679,1
49156888,https://www.airbnb.com/rooms/49156888,2
49192791,https://www.airbnb.com/rooms/49192791,2
49226854,https://www.airbnb.com/rooms/49226854,1
49234344,https://www.airbnb.com/rooms/49234344,2
49234467,https://www.airbnb.com/rooms/49234467,2
49249637,https://www.airbnb.com/rooms/49249637,2
49249948,https://www.airbnb.com/rooms/49249948,1
49276368,https://www.airbnb.com/rooms/49276368,1
49277714,https://www.airbnb.com/rooms/49277714,2
49286739,https://www.airbnb.com/rooms/49286739,2
49289174,https://www.airbnb.com/rooms/49289174,3
49294082,https://www.airbnb.com/rooms/49294082,3
49295961,https://www.airbnb.com/rooms/49295961,1
49343948,https://www.airbnb.com/rooms/49343948,2
49359891,https://www.airbnb.com/rooms/49359891,2
49367684,https://www.airbnb.com/rooms/49367684,2
49384908,https://www.airbnb.com/rooms/49384908,1
49436431,https://www.airbnb.com/rooms/49436431,2
49441315,https://www.airbnb.com/rooms/49441315,1
49467014,https://www.airbnb.com/rooms/49467014,4
49467964,https://www.airbnb.com/rooms/49467964,2
49500446,https://www.airbnb.com/rooms/49500446,1
49532236,https://www.airbnb.com/rooms/49532236,2
49533399,https://www.airbnb.com/rooms/49533399,2
49546585,https://www.airbnb.com/rooms/49546585,1
49550671,https://www.airbnb.com/rooms/49550671,1
49564280,https://www.airbnb.com/rooms/49564280,1
49611906,https://www.airbnb.com/rooms/49611906,2
49614477,https://www.airbnb.com/rooms/49614477,1
49618198,https://www.airbnb.com/rooms/49618198,4
49650125,https://www.airbnb.com/rooms/49650125,2
49667304,https://www.airbnb.com/rooms/49667304,1
49732176,https://www.airbnb.com/rooms/49732176,1
49735845,https://www.airbnb.com/rooms/49735845,2
49737284,https://www.airbnb.com/rooms/49737284,5
49739575,https://www.airbnb.com/rooms/49739575,1
49740088,https://www.airbnb.com/rooms/49740088,1
49748030,https://www.airbnb.com/rooms/49748030,4
49776582,https://www.airbnb.com/rooms/49776582,2
49778795,https://www.airbnb.com/rooms/49778795,2
49810884,https://www.airbnb.com/rooms/49810884,2
49826078,https://www.airbnb.com/rooms/49826078,2
49831627,https://www.airbnb.com/rooms/49831627,1
49834514,https://www.airbnb.com/rooms/49834514,5
49836965,https://www.airbnb.com/rooms/49836965,6
49852948,https://www.airbnb.com/rooms/49852948,4
49858444,https://www.airbnb.com/rooms/49858444,1
49860663,https://www.airbnb.com/rooms/49860663,2
49879801,https://www.airbnb.com/rooms/49879801,2
49907855,https://www.airbnb.com/rooms/49907855,2
49920123,https://www.airbnb.com/rooms/49920123,1
49944073,https://www.airbnb.com/rooms/49944073,2
49966427,https://www.airbnb.com/rooms/49966427,4
49983791,https://www.airbnb.com/rooms/49983791,2
50009541,https://www.airbnb.com/rooms/50009541,1
50012327,https://www.airbnb.com/rooms/50012327,3
50043072,https://www.airbnb.com/rooms/50043072,1
50058508,https://www.airbnb.com/rooms/50058508,2
50065125,https://www.airbnb.com/rooms/50065125,1
50069055,https://www.airbnb.com/rooms/50069055,1
50084055,https://www.airbnb.com/rooms/50084055,2
50102125,https://www.airbnb.com/rooms/50102125,2
50112377,https://www.airbnb.com/rooms/50112377,1
50175699,https://www.airbnb.com/rooms/50175699,3
50176229,https://www.airbnb.com/rooms/50176229,2
50179184,https://www.airbnb.com/rooms/50179184,2
50215624,https://www.airbnb.com/rooms/50215624,2
50217271,https://www.airbnb.com/rooms/50217271,2
50217447,https://www.airbnb.com/rooms/50217447,2
50227689,https://www.airbnb.com/rooms/50227689,1
50228438,https://www.airbnb.com/rooms/50228438,2
50228489,https://www.airbnb.com/rooms/50228489,2
50245387,https://www.airbnb.com/rooms/50245387,1
50259839,https://www.airbnb.com/rooms/50259839,1
50272036,https://www.airbnb.com/rooms/50272036,2
50289390,https://www.airbnb.com/rooms/50289390,1
50292253,https://www.airbnb.com/rooms/50292253,2
50304844,https://www.airbnb.com/rooms/50304844,1
50306562,https://www.airbnb.com/rooms/50306562,1
50325128,https://www.airbnb.com/rooms/50325128,1
50330155,https://www.airbnb.com/rooms/50330155,4
50345615,https://www.airbnb.com/rooms/50345615,4
50348062,https://www.airbnb.com/rooms/50348062,2
50360293,https://www.airbnb.com/rooms/50360293,2
50381279,https://www.airbnb.com/rooms/50381279,3
50398611,https://www.airbnb.com/rooms/50398611,3
50417387,https://www.airbnb.com/rooms/50417387,2
50434001,https://www.airbnb.com/rooms/50434001,2
50444506,https://www.airbnb.com/rooms/50444506,2
50445378,https://www.airbnb.com/rooms/50445378,1
50446002,https://www.airbnb.com/rooms/50446002,2
50469825,https://www.airbnb.com/rooms/50469825,1
50505381,https://www.airbnb.com/rooms/50505381,2
50508306,https://www.airbnb.com/rooms/50508306,1
50508583,https://www.airbnb.com/rooms/50508583,2
50574342,https://www.airbnb.com/rooms/50574342,1
50594793,https://www.airbnb.com/rooms/50594793,2
50595558,https://www.airbnb.com/rooms/50595558,2
50595812,https://www.airbnb.com/rooms/50595812,1
50603610,https://www.airbnb.com/rooms/50603610,1
50622325,https://www.airbnb.com/rooms/50622325,4
50623833,https://www.airbnb.com/rooms/50623833,3
50642252,https://www.airbnb.com/rooms/50642252,1
50644820,https://www.airbnb.com/rooms/50644820,1
50656542,https://www.airbnb.com/rooms/50656542,2
50681021,https://www.airbnb.com/rooms/50681021,1
50696116,https://www.airbnb.com/rooms/50696116,1
50704625,https://www.airbnb.com/rooms/50704625,4
50725111,https://www.airbnb.com/rooms/50725111,4
50734385,https://www.airbnb.com/rooms/50734385,4
50746982,https://www.airbnb.com/rooms/50746982,1
50747840,https://www.airbnb.com/rooms/50747840,1
50748723,https://www.airbnb.com/rooms/50748723,2
50752806,https://www.airbnb.com/rooms/50752806,4
50754186,https://www.airbnb.com/rooms/50754186,2
50755754,https://www.airbnb.com/rooms/50755754,3
50767445,https://www.airbnb.com/rooms/50767445,3
50768087,https://www.airbnb.com/rooms/50768087,3
50772497,https://www.airbnb.com/rooms/50772497,2
50790623,https://www.airbnb.com/rooms/50790623,2
50805111,https://www.airbnb.com/rooms/50805111,1
50826364,https://www.airbnb.com/rooms/50826364,1
50846668,https://www.airbnb.com/rooms/50846668,1
50853917,https://www.airbnb.com/rooms/50853917,2
50901766,https://www.airbnb.com/rooms/50901766,4
50919775,https://www.airbnb.com/rooms/50919775,4
50942296,https://www.airbnb.com/rooms/50942296,2
50942989,https://www.airbnb.com/rooms/50942989,2
50975065,https://www.airbnb.com/rooms/50975065,2
50980104,https://www.airbnb.com/rooms/50980104,3
50999830,https://www.airbnb.com/rooms/50999830,1
51001743,https://www.airbnb.com/rooms/51001743,2
51033682,https://www.airbnb.com/rooms/51033682,2
51042923,https://www.airbnb.com/rooms/51042923,2
51060141,https://www.airbnb.com/rooms/51060141,4
51071630,https://www.airbnb.com/rooms/51071630,2
51106805,https://www.airbnb.com/rooms/51106805,2
51111910,https://www.airbnb.com/rooms/51111910,1
51116245,https://www.airbnb.com/rooms/51116245,2
51169191,https://www.airbnb.com/rooms/51169191,2
51169203,https://www.airbnb.com/rooms/51169203,2
51207685,https://www.airbnb.com/rooms/51207685,1
51210075,https://www.airbnb.com/rooms/51210075,1
51244044,https://www.airbnb.com/rooms/51244044,2
51265841,https://www.airbnb.com/rooms/51265841,1
51285826,https://www.airbnb.com/rooms/51285826,2
51290219,https://www.airbnb.com/rooms/51290219,7
51298832,https://www.airbnb.com/rooms/51298832,2
51310722,https://www.airbnb.com/rooms/51310722,1
51323258,https://www.airbnb.com/rooms/51323258,1
51326417,https://www.airbnb.com/rooms/51326417,2
51328879,https://www.airbnb.com/rooms/51328879,1
51330317,https://www.airbnb.com/rooms/51330317,1
51346596,https://www.airbnb.com/rooms/51346596,2
51350104,https://www.airbnb.com/rooms/51350104,4
51353363,https://www.airbnb.com/rooms/51353363,4
51353589,https://www.airbnb.com/rooms/51353589,3
51378531,https://www.airbnb.com/rooms/51378531,6
51393877,https://www.airbnb.com/rooms/51393877,1
51396547,https://www.airbnb.com/rooms/51396547,2
51409467,https://www.airbnb.com/rooms/51409467,2
51412596,https://www.airbnb.com/rooms/51412596,1
51412923,https://www.airbnb.com/rooms/51412923,1
51433780,https://www.airbnb.com/rooms/51433780,1
51469270,https://www.airbnb.com/rooms/51469270,1
51477840,https://www.airbnb.com/rooms/51477840,2
51485659,https://www.airbnb.com/rooms/51485659,1
51494035,https://www.airbnb.com/rooms/51494035,4
51504718,https://www.airbnb.com/rooms/51504718,5
51505858,https://www.airbnb.com/rooms/51505858,1
51509201,https://www.airbnb.com/rooms/51509201,3
51527840,https://www.airbnb.com/rooms/51527840,1
51535094,https://www.airbnb.com/rooms/51535094,2
51535675,https://www.airbnb.com/rooms/51535675,1
51541560,https://www.airbnb.com/rooms/51541560,1
51554407,https://www.airbnb.com/rooms/51554407,1
51558150,https://www.airbnb.com/rooms/51558150,1
51560781,https://www.airbnb.com/rooms/51560781,3
51562673,https://www.airbnb.com/rooms/51562673,2
51566519,https://www.airbnb.com/rooms/51566519,2
51566526,https://www.airbnb.com/rooms/51566526,2
51599529,https://www.airbnb.com/rooms/51599529,1
51623210,https://www.airbnb.com/rooms/51623210,1
51625753,https://www.airbnb.com/rooms/51625753,1
51635728,https://www.airbnb.com/rooms/51635728,1
51639944,https://www.airbnb.com/rooms/51639944,1
51653764,https://www.airbnb.com/rooms/51653764,2
51668058,https://www.airbnb.com/rooms/51668058,1
51690679,https://www.airbnb.com/rooms/51690679,1
51691647,https://www.airbnb.com/rooms/51691647,4
51702548,https://www.airbnb.com/rooms/51702548,1
51712334,https://www.airbnb.com/rooms/51712334,1
51717117,https://www.airbnb.com/rooms/51717117,2
51725457,https://www.airbnb.com/rooms/51725457,3
51733197,https://www.airbnb.com/rooms/51733197,3
51751073,https://www.airbnb.com/rooms/51751073,1
51798169,https://www.airbnb.com/rooms/51798169,1
51800623,https://www.airbnb.com/rooms/51800623,1
51802621,https://www.airbnb.com/rooms/51802621,4
51803922,https://www.airbnb.com/rooms/51803922,1
51803939,https://www.airbnb.com/rooms/51803939,2
51803947,https://www.airbnb.com/rooms/51803947,2
51803955,https://www.airbnb.com/rooms/51803955,2
51806919,https://www.airbnb.com/rooms/51806919,1
51821788,https://www.airbnb.com/rooms/51821788,2
51828332,https://www.airbnb.com/rooms/51828332,1
51836616,https://www.airbnb.com/rooms/51836616,4
51846371,https://www.airbnb.com/rooms/51846371,2
51859129,https://www.airbnb.com/rooms/51859129,1
51861368,https://www.airbnb.com/rooms/51861368,2
51862896,https://www.airbnb.com/rooms/51862896,1
51866436,https://www.airbnb.com/rooms/51866436,1
51883631,https://www.airbnb.com/rooms/51883631,1
51884516,https://www.airbnb.com/rooms/51884516,1
51885109,https://www.airbnb.com/rooms/51885109,1
51905208,https://www.airbnb.com/rooms/51905208,3
51905930,https://www.airbnb.com/rooms/51905930,1
51921121,https://www.airbnb.com/rooms/51921121,2
51924509,https://www.airbnb.com/rooms/51924509,1
51927594,https://www.airbnb.com/rooms/51927594,1
51964254,https://www.airbnb.com/rooms/51964254,3
51971113,https://www.airbnb.com/rooms/51971113,2
51984722,https://www.airbnb.com/rooms/51984722,1
51990565,https://www.airbnb.com/rooms/51990565,1
51991078,https://www.airbnb.com/rooms/51991078,1
52005750,https://www.airbnb.com/rooms/52005750,9
52020751,https://www.airbnb.com/rooms/52020751,3
52028089,https://www.airbnb.com/rooms/52028089,2
52028102,https://www.airbnb.com/rooms/52028102,2
52049989,https://www.airbnb.com/rooms/52049989,3
52063337,https://www.airbnb.com/rooms/52063337,4
52069836,https://www.airbnb.com/rooms/52069836,1
52071068,https://www.airbnb.com/rooms/52071068,4
52071288,https://www.airbnb.com/rooms/52071288,1
52093299,https://www.airbnb.com/rooms/52093299,1
52105347,https://www.airbnb.com/rooms/52105347,4
52110098,https://www.airbnb.com/rooms/52110098,2
52111905,https://www.airbnb.com/rooms/52111905,1
52115665,https://www.airbnb.com/rooms/52115665,1
52127979,https://www.airbnb.com/rooms/52127979,1
52128681,https://www.airbnb.com/rooms/52128681,2
52171264,https://www.airbnb.com/rooms/52171264,2
52171929,https://www.airbnb.com/rooms/52171929,1
52185282,https://www.airbnb.com/rooms/52185282,1
52187041,https://www.airbnb.com/rooms/52187041,9
52190541,https://www.airbnb.com/rooms/52190541,1
52191627,https://www.airbnb.com/rooms/52191627,1
52192406,https://www.airbnb.com/rooms/52192406,1
52202486,https://www.airbnb.com/rooms/52202486,2
52224295,https://www.airbnb.com/rooms/52224295,1
52226255,https://www.airbnb.com/rooms/52226255,2
52246175,https://www.airbnb.com/rooms/52246175,1
52257772,https://www.airbnb.com/rooms/52257772,1
52258289,https://www.airbnb.com/rooms/52258289,1
52262173,https://www.airbnb.com/rooms/52262173,1
52262828,https://www.airbnb.com/rooms/52262828,4
52285718,https://www.airbnb.com/rooms/52285718,1
52305997,https://www.airbnb.com/rooms/52305997,1
52322399,https://www.airbnb.com/rooms/52322399,2
52350119,https://www.airbnb.com/rooms/52350119,1
52363437,https://www.airbnb.com/rooms/52363437,2
52363862,https://www.airbnb.com/rooms/52363862,1
52368571,https://www.airbnb.com/rooms/52368571,4
52382491,https://www.airbnb.com/rooms/52382491,1
52388677,https://www.airbnb.com/rooms/52388677,2
52406809,https://www.airbnb.com/rooms/52406809,1
52411621,https://www.airbnb.com/rooms/52411621,1
52418482,https://www.airbnb.com/rooms/52418482,1
52420013,https://www.airbnb.com/rooms/52420013,3
52420907,https://www.airbnb.com/rooms/52420907,2
52422457,https://www.airbnb.com/rooms/52422457,1
52427370,https://www.airbnb.com/rooms/52427370,3
52427472,https://www.airbnb.com/rooms/52427472,2
52427652,https://www.airbnb.com/rooms/52427652,4
52431234,https://www.airbnb.com/rooms/52431234,3
52431237,https://www.airbnb.com/rooms/52431237,3
52441833,https://www.airbnb.com/rooms/52441833,2
52444720,https://www.airbnb.com/rooms/52444720,2
52454570,https://www.airbnb.com/rooms/52454570,1
52457436,https://www.airbnb.com/rooms/52457436,2
52473221,https://www.airbnb.com/rooms/52473221,1
52474599,https://www.airbnb.com/rooms/52474599,2
52476053,https://www.airbnb.com/rooms/52476053,4
52488764,https://www.airbnb.com/rooms/52488764,4
52489525,https://www.airbnb.com/rooms/52489525,2
52491022,https://www.airbnb.com/rooms/52491022,4
52492910,https://www.airbnb.com/rooms/52492910,2
52493967,https://www.airbnb.com/rooms/52493967,2
52494443,https://www.airbnb.com/rooms/52494443,2
52494839,https://www.airbnb.com/rooms/52494839,4
52495941,https://www.airbnb.com/rooms/52495941,2
52496647,https://www.airbnb.com/rooms/52496647,2
52507823,https://www.airbnb.com/rooms/52507823,2
52510855,https://www.airbnb.com/rooms/52510855,1
52513522,https://www.airbnb.com/rooms/52513522,5
52516752,https://www.airbnb.com/rooms/52516752,2
52527843,https://www.airbnb.com/rooms/52527843,2
52530821,https://www.airbnb.com/rooms/52530821,2
52549269,https://www.airbnb.com/rooms/52549269,1
52555586,https://www.airbnb.com/rooms/52555586,2
52557788,https://www.airbnb.com/rooms/52557788,1
52566871,https://www.airbnb.com/rooms/52566871,2
52579295,https://www.airbnb.com/rooms/52579295,3
52580611,https://www.airbnb.com/rooms/52580611,2
52585924,https://www.airbnb.com/rooms/52585924,1
52619436,https://www.airbnb.com/rooms/52619436,2
52621351,https://www.airbnb.com/rooms/52621351,2
52632530,https://www.airbnb.com/rooms/52632530,1
52634578,https://www.airbnb.com/rooms/52634578,1
52638541,https://www.airbnb.com/rooms/52638541,1
52639561,https://www.airbnb.com/rooms/52639561,2
52650938,https://www.airbnb.com/rooms/52650938,2
52655845,https://www.airbnb.com/rooms/52655845,1
52669186,https://www.airbnb.com/rooms/52669186,2
52672562,https://www.airbnb.com/rooms/52672562,1
52672610,https://www.airbnb.com/rooms/52672610,2
52703077,https://www.airbnb.com/rooms/52703077,1
52705374,https://www.airbnb.com/rooms/52705374,2
52705478,https://www.airbnb.com/rooms/52705478,1
52709042,https://www.airbnb.com/rooms/52709042,1
52733380,https://www.airbnb.com/rooms/52733380,1
52743470,https://www.airbnb.com/rooms/52743470,6
52761117,https://www.airbnb.com/rooms/52761117,1
52773926,https://www.airbnb.com/rooms/52773926,2
52776638,https://www.airbnb.com/rooms/52776638,1
52779339,https://www.airbnb.com/rooms/52779339,1
52788465,https://www.airbnb.com/rooms/52788465,2
52788790,https://www.airbnb.com/rooms/52788790,2
52808537,https://www.airbnb.com/rooms/52808537,1
52810489,https://www.airbnb.com/rooms/52810489,1
52815547,https://www.airbnb.com/rooms/52815547,1
52826542,https://www.airbnb.com/rooms/52826542,2
52843549,https://www.airbnb.com/rooms/52843549,1
52860627,https://www.airbnb.com/rooms/52860627,1
52861827,https://www.airbnb.com/rooms/52861827,4
52880024,https://www.airbnb.com/rooms/52880024,1
52885782,https://www.airbnb.com/rooms/52885782,2
52886730,https://www.airbnb.com/rooms/52886730,2
52895921,https://www.airbnb.com/rooms/52895921,4
52899979,https://www.airbnb.com/rooms/52899979,1
52901359,https://www.airbnb.com/rooms/52901359,2
52916860,https://www.airbnb.com/rooms/52916860,2
52918551,https://www.airbnb.com/rooms/52918551,1
52937804,https://www.airbnb.com/rooms/52937804,2
52938474,https://www.airbnb.com/rooms/52938474,1
52946685,https://www.airbnb.com/rooms/52946685,2
52990858,https://www.airbnb.com/rooms/52990858,1
53003565,https://www.airbnb.com/rooms/53003565,2
53005932,https://www.airbnb.com/rooms/53005932,2
53027416,https://www.airbnb.com/rooms/53027416,1
53029479,https://www.airbnb.com/rooms/53029479,4
53032370,https://www.airbnb.com/rooms/53032370,2
53041028,https://www.airbnb.com/rooms/53041028,1
53041959,https://www.airbnb.com/rooms/53041959,3
53048145,https://www.airbnb.com/rooms/53048145,1
53061430,https://www.airbnb.com/rooms/53061430,2
53062454,https://www.airbnb.com/rooms/53062454,2
53080356,https://www.airbnb.com/rooms/53080356,1
53083357,https://www.airbnb.com/rooms/53083357,2
53089793,https://www.airbnb.com/rooms/53089793,2
53105682,https://www.airbnb.com/rooms/53105682,1
53106646,https://www.airbnb.com/rooms/53106646,1
53124396,https://www.airbnb.com/rooms/53124396,4
53128446,https://www.airbnb.com/rooms/53128446,2
53150675,https://www.airbnb.com/rooms/53150675,1
53167129,https://www.airbnb.com/rooms/53167129,1
53181196,https://www.airbnb.com/rooms/53181196,1
53187656,https://www.airbnb.com/rooms/53187656,1
53200983,https://www.airbnb.com/rooms/53200983,2
53241389,https://www.airbnb.com/rooms/53241389,1
53242297,https://www.airbnb.com/rooms/53242297,1
53243016,https://www.airbnb.com/rooms/53243016,2
53254613,https://www.airbnb.com/rooms/53254613,1
53256914,https://www.airbnb.com/rooms/53256914,1
53272394,https://www.airbnb.com/rooms/53272394,1
53280392,https://www.airbnb.com/rooms/53280392,2
53289823,https://www.airbnb.com/rooms/53289823,1
53307294,https://www.airbnb.com/rooms/53307294,1
53311062,https://www.airbnb.com/rooms/53311062,2
53313678,https://www.airbnb.com/rooms/53313678,1
53314716,https://www.airbnb.com/rooms/53314716,4
53326418,https://www.airbnb.com/rooms/53326418,2
53337241,https://www.airbnb.com/rooms/53337241,1
53361738,https://www.airbnb.com/rooms/53361738,2
53380610,https://www.airbnb.com/rooms/53380610,1
53381300,https://www.airbnb.com/rooms/53381300,2
53381560,https://www.airbnb.com/rooms/53381560,1
53389491,https://www.airbnb.com/rooms/53389491,1
53413902,https://www.airbnb.com/rooms/53413902,2
53416270,https://www.airbnb.com/rooms/53416270,1
53417223,https://www.airbnb.com/rooms/53417223,1
53427125,https://www.airbnb.com/rooms/53427125,1
53430651,https://www.airbnb.com/rooms/53430651,1
53436285,https://www.airbnb.com/rooms/53436285,2
53459507,https://www.airbnb.com/rooms/53459507,1
53483536,https://www.airbnb.com/rooms/53483536,3
53499736,https://www.airbnb.com/rooms/53499736,1
53511394,https://www.airbnb.com/rooms/53511394,2
53512983,https://www.airbnb.com/rooms/53512983,1
53548261,https://www.airbnb.com/rooms/53548261,2
53572305,https://www.airbnb.com/rooms/53572305,1
53586478,https://www.airbnb.com/rooms/53586478,1
53623820,https://www.airbnb.com/rooms/53623820,1
53625668,https://www.airbnb.com/rooms/53625668,2
53629801,https://www.airbnb.com/rooms/53629801,1
53631833,https://www.airbnb.com/rooms/53631833,1
53684408,https://www.airbnb.com/rooms/53684408,2
53704425,https://www.airbnb.com/rooms/53704425,2
53707640,https://www.airbnb.com/rooms/53707640,1
53718874,https://www.airbnb.com/rooms/53718874,1
53742391,https://www.airbnb.com/rooms/53742391,2
53749371,https://www.airbnb.com/rooms/53749371,2
53754051,https://www.airbnb.com/rooms/53754051,2
53754713,https://www.airbnb.com/rooms/53754713,2
53798881,https://www.airbnb.com/rooms/53798881,1
53806933,https://www.airbnb.com/rooms/53806933,1
53813408,https://www.airbnb.com/rooms/53813408,1
53825218,https://www.airbnb.com/rooms/53825218,2
53850752,https://www.airbnb.com/rooms/53850752,6
53859769,https://www.airbnb.com/rooms/53859769,1
53861695,https://www.airbnb.com/rooms/53861695,15
53862194,https://www.airbnb.com/rooms/53862194,1
53864423,https://www.airbnb.com/rooms/53864423,1
53882166,https://www.airbnb.com/rooms/53882166,4
53882417,https://www.airbnb.com/rooms/53882417,2
53893728,https://www.airbnb.com/rooms/53893728,1
53902766,https://www.airbnb.com/rooms/53902766,1
53905319,https://www.airbnb.com/rooms/53905319,3
53933533,https://www.airbnb.com/rooms/53933533,2
53938945,https://www.airbnb.com/rooms/53938945,1
53939348,https://www.airbnb.com/rooms/53939348,1
53948340,https://www.airbnb.com/rooms/53948340,2
53949496,https://www.airbnb.com/rooms/53949496,1
53949884,https://www.airbnb.com/rooms/53949884,2
53973288,https://www.airbnb.com/rooms/53973288,4
53979379,https://www.airbnb.com/rooms/53979379,1
54001536,https://www.airbnb.com/rooms/54001536,2
54004445,https://www.airbnb.com/rooms/54004445,3
54020390,https://www.airbnb.com/rooms/54020390,4
54021221,https://www.airbnb.com/rooms/54021221,4
54021831,https://www.airbnb.com/rooms/54021831,2
54051914,https://www.airbnb.com/rooms/54051914,1
54059199,https://www.airbnb.com/rooms/54059199,2
54072055,https://www.airbnb.com/rooms/54072055,1
54078960,https://www.airbnb.com/rooms/54078960,1
54079179,https://www.airbnb.com/rooms/54079179,2
54104622,https://www.airbnb.com/rooms/54104622,1
54105893,https://www.airbnb.com/rooms/54105893,2
54112258,https://www.airbnb.com/rooms/54112258,2
54123605,https://www.airbnb.com/rooms/54123605,1
54140645,https://www.airbnb.com/rooms/54140645,1
54148001,https://www.airbnb.com/rooms/54148001,1
54160013,https://www.airbnb.com/rooms/54160013,2
54160014,https://www.airbnb.com/rooms/54160014,2
54163355,https://www.airbnb.com/rooms/54163355,1
54178974,https://www.airbnb.com/rooms/54178974,2
54221580,https://www.airbnb.com/rooms/54221580,1
54227471,https://www.airbnb.com/rooms/54227471,4
54228256,https://www.airbnb.com/rooms/54228256,2
54229743,https://www.airbnb.com/rooms/54229743,1
54235606,https://www.airbnb.com/rooms/54235606,2
54242709,https://www.airbnb.com/rooms/54242709,1
54245940,https://www.airbnb.com/rooms/54245940,1
54246345,https://www.airbnb.com/rooms/54246345,2
54263673,https://www.airbnb.com/rooms/54263673,1
54267180,https://www.airbnb.com/rooms/54267180,2
54276671,https://www.airbnb.com/rooms/54276671,1
54278142,https://www.airbnb.com/rooms/54278142,1
54280929,https://www.airbnb.com/rooms/54280929,1
54304624,https://www.airbnb.com/rooms/54304624,1
54315567,https://www.airbnb.com/rooms/54315567,2
54319858,https://www.airbnb.com/rooms/54319858,2
54331650,https://www.airbnb.com/rooms/54331650,2
54332073,https://www.airbnb.com/rooms/54332073,2
54346192,https://www.airbnb.com/rooms/54346192,1
54355703,https://www.airbnb.com/rooms/54355703,4
54376743,https://www.airbnb.com/rooms/54376743,2
54377948,https://www.airbnb.com/rooms/54377948,2
54380614,https://www.airbnb.com/rooms/54380614,2
54404425,https://www.airbnb.com/rooms/54404425,2
54405970,https://www.airbnb.com/rooms/54405970,2
54409363,https://www.airbnb.com/rooms/54409363,1
499111235992374296,https://www.airbnb.com/rooms/499111235992374296,1
501531994637737799,https://www.airbnb.com/rooms/501531994637737799,1
511604181967026882,https://www.airbnb.com/rooms/511604181967026882,1
511624634102616537,https://www.airbnb.com/rooms/511624634102616537,1
518712657525454784,https://www.airbnb.com/rooms/518712657525454784,1
536949468165152227,https://www.airbnb.com/rooms/536949468165152227,2
538563188407617103,https://www.airbnb.com/rooms/538563188407617103,3
539950312698711777,https://www.airbnb.com/rooms/539950312698711777,1
539953714472217448,https://www.airbnb.com/rooms/539953714472217448,1
540788710315585100,https://www.airbnb.com/rooms/540788710315585100,2
545682315450858340,https://www.airbnb.com/rooms/545682315450858340,1
546275145393198866,https://www.airbnb.com/rooms/546275145393198866,2
546925840449376068,https://www.airbnb.com/rooms/546925840449376068,4
547037499443380880,https://www.airbnb.com/rooms/547037499443380880,1
547097178829506733,https://www.airbnb.com/rooms/547097178829506733,1
547744787543638025,https://www.airbnb.com/rooms/547744787543638025,2
547849558554536285,https://www.airbnb.com/rooms/547849558554536285,2
547868867101550720,https://www.airbnb.com/rooms/547868867101550720,3
547878270470501768,https://www.airbnb.com/rooms/547878270470501768,2
548037365038454396,https://www.airbnb.com/rooms/548037365038454396,2
548524503161529572,https://www.airbnb.com/rooms/548524503161529572,1
548749080428961274,https://www.airbnb.com/rooms/548749080428961274,2
548752111671922569,https://www.airbnb.com/rooms/548752111671922569,2
549119328184766574,https://www.airbnb.com/rooms/549119328184766574,1
549927821983315725,https://www.airbnb.com/rooms/549927821983315725,2
550196384126979720,https://www.airbnb.com/rooms/550196384126979720,6
550825415826120113,https://www.airbnb.com/rooms/550825415826120113,1
550952572228773571,https://www.airbnb.com/rooms/550952572228773571,4
550952617262262842,https://www.airbnb.com/rooms/550952617262262842,2
551311635080801683,https://www.airbnb.com/rooms/551311635080801683,2
551480734328584282,https://www.airbnb.com/rooms/551480734328584282,4
552053656571123737,https://www.airbnb.com/rooms/552053656571123737,1
552079972521813409,https://www.airbnb.com/rooms/552079972521813409,2
552376159418807451,https://www.airbnb.com/rooms/552376159418807451,4
552732998786554218,https://www.airbnb.com/rooms/552732998786554218,1
552776323348983656,https://www.airbnb.com/rooms/552776323348983656,2
552801720849322758,https://www.airbnb.com/rooms/552801720849322758,1
553939726410142110,https://www.airbnb.com/rooms/553939726410142110,1
554255289519720438,https://www.airbnb.com/rooms/554255289519720438,1
554363903393865817,https://www.airbnb.com/rooms/554363903393865817,2
554392417486486673,https://www.airbnb.com/rooms/554392417486486673,1
554482481623606376,https://www.airbnb.com/rooms/554482481623606376,2
554518946592049995,https://www.airbnb.com/rooms/554518946592049995,2
555126953396788129,https://www.airbnb.com/rooms/555126953396788129,2
555690161884178783,https://www.airbnb.com/rooms/555690161884178783,1
555709281461594410,https://www.airbnb.com/rooms/555709281461594410,1
555761984706624606,https://www.airbnb.com/rooms/555761984706624606,2
556121744533952469,https://www.airbnb.com/rooms/556121744533952469,4
556423488737948891,https://www.airbnb.com/rooms/556423488737948891,3
556571301690895607,https://www.airbnb.com/rooms/556571301690895607,1
557229487619453099,https://www.airbnb.com/rooms/557229487619453099,1
557432594963393623,https://www.airbnb.com/rooms/557432594963393623,1
557886697859675254,https://www.airbnb.com/rooms/557886697859675254,1
558150099491731300,https://www.airbnb.com/rooms/558150099491731300,2
558843503953234348,https://www.airbnb.com/rooms/558843503953234348,1
559374939109203581,https://www.airbnb.com/rooms/559374939109203581,2
559969967036751658,https://www.airbnb.com/rooms/559969967036751658,1
560012040579030222,https://www.airbnb.com/rooms/560012040579030222,1
560693870400925524,https://www.airbnb.com/rooms/560693870400925524,9
561423768556878143,https://www.airbnb.com/rooms/561423768556878143,2
561591359627736398,https://www.airbnb.com/rooms/561591359627736398,1
562335183828446695,https://www.airbnb.com/rooms/562335183828446695,1
563596286713446044,https://www.airbnb.com/rooms/563596286713446044,1
563641245963732269,https://www.airbnb.com/rooms/563641245963732269,1
563689847509432876,https://www.airbnb.com/rooms/563689847509432876,6
564015109958627939,https://www.airbnb.com/rooms/564015109958627939,2
564267667756390414,https://www.airbnb.com/rooms/564267667756390414,1
564487374929430291,https://www.airbnb.com/rooms/564487374929430291,2
564506946397998444,https://www.airbnb.com/rooms/564506946397998444,2
564506951497855797,https://www.airbnb.com/rooms/564506951497855797,5
565119945011723508,https://www.airbnb.com/rooms/565119945011723508,2
565860587974125858,https://www.airbnb.com/rooms/565860587974125858,1
566536096807768864,https://www.airbnb.com/rooms/566536096807768864,1
566548071441810904,https://www.airbnb.com/rooms/566548071441810904,2
567281208428241281,https://www.airbnb.com/rooms/567281208428241281,1
567284654720799577,https://www.airbnb.com/rooms/567284654720799577,3
567285350619995960,https://www.airbnb.com/rooms/567285350619995960,1
567345994347977938,https://www.airbnb.com/rooms/567345994347977938,2
567436042380780757,https://www.airbnb.com/rooms/567436042380780757,1
567518037444959755,https://www.airbnb.com/rooms/567518037444959755,2
567888255152625311,https://www.airbnb.com/rooms/567888255152625311,2
567988923107689881,https://www.airbnb.com/rooms/567988923107689881,1
568022887295953515,https://www.airbnb.com/rooms/568022887295953515,2
568027183733895517,https://www.airbnb.com/rooms/568027183733895517,1
568040654951424634,https://www.airbnb.com/rooms/568040654951424634,1
568054967583337207,https://www.airbnb.com/rooms/568054967583337207,4
568058568431249012,https://www.airbnb.com/rooms/568058568431249012,1
568075282074158030,https://www.airbnb.com/rooms/568075282074158030,1
568267227513260174,https://www.airbnb.com/rooms/568267227513260174,2
568339977606993639,https://www.airbnb.com/rooms/568339977606993639,1
568707065652630388,https://www.airbnb.com/rooms/568707065652630388,4
568728721545785898,https://www.airbnb.com/rooms/568728721545785898,1
569084058592762327,https://www.airbnb.com/rooms/569084058592762327,3
569507906290960503,https://www.airbnb.com/rooms/569507906290960503,2
569563479325968707,https://www.airbnb.com/rooms/569563479325968707,3
569616696803759668,https://www.airbnb.com/rooms/569616696803759668,1
569719607810920606,https://www.airbnb.com/rooms/569719607810920606,2
570285842594585232,https://www.airbnb.com/rooms/570285842594585232,2
570867542808759043,https://www.airbnb.com/rooms/570867542808759043,1
570998741104388600,https://www.airbnb.com/rooms/570998741104388600,4
571042321928357805,https://www.airbnb.com/rooms/571042321928357805,2
571095466538442184,https://www.airbnb.com/rooms/571095466538442184,2
571098194435518545,https://www.airbnb.com/rooms/571098194435518545,2
571677283584468521,https://www.airbnb.com/rooms/571677283584468521,1
571945796303970899,https://www.airbnb.com/rooms/571945796303970899,2
571999277170118135,https://www.airbnb.com/rooms/571999277170118135,4
572457635318951029,https://www.airbnb.com/rooms/572457635318951029,4
572531232555572968,https://www.airbnb.com/rooms/572531232555572968,4
572568774301640267,https://www.airbnb.com/rooms/572568774301640267,1
572614674285446917,https://www.airbnb.com/rooms/572614674285446917,3
572987707369049255,https://www.airbnb.com/rooms/572987707369049255,2
573197526424591853,https://www.airbnb.com/rooms/573197526424591853,2
573232635985655115,https://www.airbnb.com/rooms/573232635985655115,6
573422272223652695,https://www.airbnb.com/rooms/573422272223652695,2
573422962353812503,https://www.airbnb.com/rooms/573422962353812503,4
573722189529623080,https://www.airbnb.com/rooms/573722189529623080,2
573750053587827891,https://www.airbnb.com/rooms/573750053587827891,2
573781516857072964,https://www.airbnb.com/rooms/573781516857072964,4
573804127603280541,https://www.airbnb.com/rooms/573804127603280541,2
573822650126019098,https://www.airbnb.com/rooms/573822650126019098,2
574080291807655228,https://www.airbnb.com/rooms/574080291807655228,1
574097687480904291,https://www.airbnb.com/rooms/574097687480904291,2
574580867580939668,https://www.airbnb.com/rooms/574580867580939668,2
574582741829434703,https://www.airbnb.com/rooms/574582741829434703,1
574591657776386005,https://www.airbnb.com/rooms/574591657776386005,1
574762947862015875,https://www.airbnb.com/rooms/574762947862015875,1
574788023827011065,https://www.airbnb.com/rooms/574788023827011065,2
574791271849787005,https://www.airbnb.com/rooms/574791271849787005,2
574794590739955431,https://www.airbnb.com/rooms/574794590739955431,2
574877801457049936,https://www.airbnb.com/rooms/574877801457049936,2
574879619614432279,https://www.airbnb.com/rooms/574879619614432279,2
574879839235909701,https://www.airbnb.com/rooms/574879839235909701,2
574880028402069396,https://www.airbnb.com/rooms/574880028402069396,2
575337086081365497,https://www.airbnb.com/rooms/575337086081365497,1
575421087622315096,https://www.airbnb.com/rooms/575421087622315096,4
575555562354583304,https://www.airbnb.com/rooms/575555562354583304,1
575691752322276596,https://www.airbnb.com/rooms/575691752322276596,2
575693713669130258,https://www.airbnb.com/rooms/575693713669130258,2
576290806062275448,https://www.airbnb.com/rooms/576290806062275448,2
576296428290366068,https://www.airbnb.com/rooms/576296428290366068,1
576643322422210525,https://www.airbnb.com/rooms/576643322422210525,1
576735237364701899,https://www.airbnb.com/rooms/576735237364701899,7
576805382131140055,https://www.airbnb.com/rooms/576805382131140055,3
576854465284085740,https://www.airbnb.com/rooms/576854465284085740,2
577066698378498459,https://www.airbnb.com/rooms/577066698378498459,1
577343159075233581,https://www.airbnb.com/rooms/577343159075233581,2
577361518710526015,https://www.airbnb.com/rooms/577361518710526015,2
577482485681953924,https://www.airbnb.com/rooms/577482485681953924,2
578088510681291868,https://www.airbnb.com/rooms/578088510681291868,2
578115945551215417,https://www.airbnb.com/rooms/578115945551215417,2
578176433192714921,https://www.airbnb.com/rooms/578176433192714921,1
578304658402940523,https://www.airbnb.com/rooms/578304658402940523,2
578368814171067477,https://www.airbnb.com/rooms/578368814171067477,4
578368900622015337,https://www.airbnb.com/rooms/578368900622015337,4
578554486204139321,https://www.airbnb.com/rooms/578554486204139321,3
578938713543014724,https://www.airbnb.com/rooms/578938713543014724,3
578991354244710147,https://www.airbnb.com/rooms/578991354244710147,2
579086101594312906,https://www.airbnb.com/rooms/579086101594312906,4
579162635759037472,https://www.airbnb.com/rooms/579162635759037472,1
579180367165080022,https://www.airbnb.com/rooms/579180367165080022,2
579221605983755540,https://www.airbnb.com/rooms/579221605983755540,4
579571485638130892,https://www.airbnb.com/rooms/579571485638130892,2
579639412225995589,https://www.airbnb.com/rooms/579639412225995589,2
579641379819657196,https://www.airbnb.com/rooms/579641379819657196,1
579641625907092931,https://www.airbnb.com/rooms/579641625907092931,2
579641757268102374,https://www.airbnb.com/rooms/579641757268102374,2
579782114976643519,https://www.airbnb.com/rooms/579782114976643519,4
579861574979455380,https://www.airbnb.com/rooms/579861574979455380,5
580594783072900551,https://www.airbnb.com/rooms/580594783072900551,2
580595612216957625,https://www.airbnb.com/rooms/580595612216957625,14
580665499608194230,https://www.airbnb.com/rooms/580665499608194230,5
581122843071622808,https://www.airbnb.com/rooms/581122843071622808,1
581764514627204484,https://www.airbnb.com/rooms/581764514627204484,2
581985516008896425,https://www.airbnb.com/rooms/581985516008896425,1
582056212236221276,https://www.airbnb.com/rooms/582056212236221276,1
582438929831183119,https://www.airbnb.com/rooms/582438929831183119,1
582509808843714820,https://www.airbnb.com/rooms/582509808843714820,1
582610229302736631,https://www.airbnb.com/rooms/582610229302736631,1
582678080873363663,https://www.airbnb.com/rooms/582678080873363663,2
582737449519582556,https://www.airbnb.com/rooms/582737449519582556,4
582817161216792566,https://www.airbnb.com/rooms/582817161216792566,2
583315975764316599,https://www.airbnb.com/rooms/583315975764316599,1
583319497609756610,https://www.airbnb.com/rooms/583319497609756610,2
583359551961524837,https://www.airbnb.com/rooms/583359551961524837,2
583448508005631889,https://www.airbnb.com/rooms/583448508005631889,1
583448742467536387,https://www.airbnb.com/rooms/583448742467536387,1
583452254052962573,https://www.airbnb.com/rooms/583452254052962573,1
583544052078118294,https://www.airbnb.com/rooms/583544052078118294,3
583594131205478228,https://www.airbnb.com/rooms/583594131205478228,4
583823273939691037,https://www.airbnb.com/rooms/583823273939691037,2
584210478014304346,https://www.airbnb.com/rooms/584210478014304346,2
584217035769653046,https://www.airbnb.com/rooms/584217035769653046,1
584265839224077325,https://www.airbnb.com/rooms/584265839224077325,2
584428775779057977,https://www.airbnb.com/rooms/584428775779057977,1
584843068772659469,https://www.airbnb.com/rooms/584843068772659469,2
585592258310852045,https://www.airbnb.com/rooms/585592258310852045,2
586093665694871526,https://www.airbnb.com/rooms/586093665694871526,2
586290871957243293,https://www.airbnb.com/rooms/586290871957243293,2
586480243441939858,https://www.airbnb.com/rooms/586480243441939858,2
586742464097210250,https://www.airbnb.com/rooms/586742464097210250,2
586851040679770994,https://www.airbnb.com/rooms/586851040679770994,2
587647831684863477,https://www.airbnb.com/rooms/587647831684863477,1
587717767093532097,https://www.airbnb.com/rooms/587717767093532097,2
587723046300863846,https://www.airbnb.com/rooms/587723046300863846,4
587741884377856503,https://www.airbnb.com/rooms/587741884377856503,2
587888889833124888,https://www.airbnb.com/rooms/587888889833124888,1
588182935563100073,https://www.airbnb.com/rooms/588182935563100073,3
589214980714619826,https://www.airbnb.com/rooms/589214980714619826,1
589231187801052972,https://www.airbnb.com/rooms/589231187801052972,2
589783803789211014,https://www.airbnb.com/rooms/589783803789211014,4
589849560944438855,https://www.airbnb.com/rooms/589849560944438855,4
590015301534195054,https://www.airbnb.com/rooms/590015301534195054,1
590016641727261520,https://www.airbnb.com/rooms/590016641727261520,2
590765764255326899,https://www.airbnb.com/rooms/590765764255326899,1
591822228971501417,https://www.airbnb.com/rooms/591822228971501417,2
592126995983798655,https://www.airbnb.com/rooms/592126995983798655,2
592210654833617740,https://www.airbnb.com/rooms/592210654833617740,2
592250778925785108,https://www.airbnb.com/rooms/592250778925785108,4
592265060291319011,https://www.airbnb.com/rooms/592265060291319011,4
592889633303958567,https://www.airbnb.com/rooms/592889633303958567,1
593113955890004824,https://www.airbnb.com/rooms/593113955890004824,1
593113967612083833,https://www.airbnb.com/rooms/593113967612083833,2
593271413369302790,https://www.airbnb.com/rooms/593271413369302790,2
593272878880250349,https://www.airbnb.com/rooms/593272878880250349,2
593362981324550162,https://www.airbnb.com/rooms/593362981324550162,4
593487166096778724,https://www.airbnb.com/rooms/593487166096778724,1
593550574200288749,https://www.airbnb.com/rooms/593550574200288749,3
593618567776869032,https://www.airbnb.com/rooms/593618567776869032,1
594183793174890578,https://www.airbnb.com/rooms/594183793174890578,1
594340330457732801,https://www.airbnb.com/rooms/594340330457732801,1
595016561001481435,https://www.airbnb.com/rooms/595016561001481435,2
595122652676257090,https://www.airbnb.com/rooms/595122652676257090,2
597041878861874542,https://www.airbnb.com/rooms/597041878861874542,2
597042114182497068,https://www.airbnb.com/rooms/597042114182497068,1
597646229130060621,https://www.airbnb.com/rooms/597646229130060621,1
598442432296435784,https://www.airbnb.com/rooms/598442432296435784,2
598448958128884257,https://www.airbnb.com/rooms/598448958128884257,2
598477048246936404,https://www.airbnb.com/rooms/598477048246936404,2
598701409539845963,https://www.airbnb.com/rooms/598701409539845963,2
599160025937011169,https://www.airbnb.com/rooms/599160025937011169,1
599278732589543799,https://www.airbnb.com/rooms/599278732589543799,2
599397175852699612,https://www.airbnb.com/rooms/599397175852699612,1
599597420451677222,https://www.airbnb.com/rooms/599597420451677222,4
599633142941630362,https://www.airbnb.com/rooms/599633142941630362,6
599833734656337815,https://www.airbnb.com/rooms/599833734656337815,2
600077114968888600,https://www.airbnb.com/rooms/600077114968888600,2
600108788005183579,https://www.airbnb.com/rooms/600108788005183579,1
600236122314099407,https://www.airbnb.com/rooms/600236122314099407,2
600288428260128721,https://www.airbnb.com/rooms/600288428260128721,2
600681389365290830,https://www.airbnb.com/rooms/600681389365290830,1
600867998703212930,https://www.airbnb.com/rooms/600867998703212930,1
602027045320551153,https://www.airbnb.com/rooms/602027045320551153,4
602250883400740530,https://www.airbnb.com/rooms/602250883400740530,1
602308061270088547,https://www.airbnb.com/rooms/602308061270088547,4
602320058854133108,https://www.airbnb.com/rooms/602320058854133108,1
602629853923728359,https://www.airbnb.com/rooms/602629853923728359,4
602827552648505471,https://www.airbnb.com/rooms/602827552648505471,1
602860298282797754,https://www.airbnb.com/rooms/602860298282797754,1
603059524317802880,https://www.airbnb.com/rooms/603059524317802880,2
603091137051606684,https://www.airbnb.com/rooms/603091137051606684,1
603133701864295823,https://www.airbnb.com/rooms/603133701864295823,3
604453574177348833,https://www.airbnb.com/rooms/604453574177348833,1
604613792795053730,https://www.airbnb.com/rooms/604613792795053730,2
604990436506907334,https://www.airbnb.com/rooms/604990436506907334,1
605081195836412069,https://www.airbnb.com/rooms/605081195836412069,1
605209176939736944,https://www.airbnb.com/rooms/605209176939736944,2
605253958518924701,https://www.airbnb.com/rooms/605253958518924701,2
605605992328099042,https://www.airbnb.com/rooms/605605992328099042,1
605658305221434385,https://www.airbnb.com/rooms/605658305221434385,1
605762973403463371,https://www.airbnb.com/rooms/605762973403463371,2
606009211485038570,https://www.airbnb.com/rooms/606009211485038570,1
606456621230985035,https://www.airbnb.com/rooms/606456621230985035,2
607229034700124611,https://www.airbnb.com/rooms/607229034700124611,4
607322647335386270,https://www.airbnb.com/rooms/607322647335386270,1
607789673878508156,https://www.airbnb.com/rooms/607789673878508156,4
608563293633328772,https://www.airbnb.com/rooms/608563293633328772,2
608809947673509824,https://www.airbnb.com/rooms/608809947673509824,1
608870876143058913,https://www.airbnb.com/rooms/608870876143058913,2
608872767745794202,https://www.airbnb.com/rooms/608872767745794202,2
609257463171472520,https://www.airbnb.com/rooms/609257463171472520,1
609611098723684673,https://www.airbnb.com/rooms/609611098723684673,2
610043348597501238,https://www.airbnb.com/rooms/610043348597501238,2
610082338310083713,https://www.airbnb.com/rooms/610082338310083713,2
610167842435211680,https://www.airbnb.com/rooms/610167842435211680,1
610830274629233687,https://www.airbnb.com/rooms/610830274629233687,2
611009661090145040,https://www.airbnb.com/rooms/611009661090145040,2
611100293590688536,https://www.airbnb.com/rooms/611100293590688536,1
612237773997418482,https://www.airbnb.com/rooms/612237773997418482,1
612533930369064799,https://www.airbnb.com/rooms/612533930369064799,2
612544810821964105,https://www.airbnb.com/rooms/612544810821964105,4
613088323255036264,https://www.airbnb.com/rooms/613088323255036264,1
613186860810856338,https://www.airbnb.com/rooms/613186860810856338,1
613779832126644287,https://www.airbnb.com/rooms/613779832126644287,1
614470192862391103,https://www.airbnb.com/rooms/614470192862391103,2
614524060699457358,https://www.airbnb.com/rooms/614524060699457358,1
615031912891206492,https://www.airbnb.com/rooms/615031912891206492,1
615118685901241099,https://www.airbnb.com/rooms/615118685901241099,1
616146966133010695,https://www.airbnb.com/rooms/616146966133010695,1
617013696281049615,https://www.airbnb.com/rooms/617013696281049615,2
617175609557885570,https://www.airbnb.com/rooms/617175609557885570,1
617553077609316910,https://www.airbnb.com/rooms/617553077609316910,1
617779987881164877,https://www.airbnb.com/rooms/617779987881164877,2
618694558525094846,https://www.airbnb.com/rooms/618694558525094846,2
618915729889432360,https://www.airbnb.com/rooms/618915729889432360,1
619016576808969652,https://www.airbnb.com/rooms/619016576808969652,2
619438494040802277,https://www.airbnb.com/rooms/619438494040802277,1
619473611227486956,https://www.airbnb.com/rooms/619473611227486956,1
619651252100023016,https://www.airbnb.com/rooms/619651252100023016,2
619747498219309559,https://www.airbnb.com/rooms/619747498219309559,4
620275748016217283,https://www.airbnb.com/rooms/620275748016217283,2
620421353437495913,https://www.airbnb.com/rooms/620421353437495913,2
620842921366185123,https://www.airbnb.com/rooms/620842921366185123,2
620843955608092612,https://www.airbnb.com/rooms/620843955608092612,2
621125410674430311,https://www.airbnb.com/rooms/621125410674430311,1
621266250297221574,https://www.airbnb.com/rooms/621266250297221574,4
621588302926404138,https://www.airbnb.com/rooms/621588302926404138,3
621872235168696588,https://www.airbnb.com/rooms/621872235168696588,2
622315870502676035,https://www.airbnb.com/rooms/622315870502676035,2
622344380681254537,https://www.airbnb.com/rooms/622344380681254537,2
622710737832242824,https://www.airbnb.com/rooms/622710737832242824,2
622824343092652976,https://www.airbnb.com/rooms/622824343092652976,6
623325913775957793,https://www.airbnb.com/rooms/623325913775957793,1
623397183842062940,https://www.airbnb.com/rooms/623397183842062940,1
624414304918454716,https://www.airbnb.com/rooms/624414304918454716,2
624755848281049532,https://www.airbnb.com/rooms/624755848281049532,2
624913813678275966,https://www.airbnb.com/rooms/624913813678275966,1
625406268548772413,https://www.airbnb.com/rooms/625406268548772413,1
625406280546403016,https://www.airbnb.com/rooms/625406280546403016,2
625406296966975760,https://www.airbnb.com/rooms/625406296966975760,1
625406354284644514,https://www.airbnb.com/rooms/625406354284644514,1
625406386099419975,https://www.airbnb.com/rooms/625406386099419975,2
625406395380414893,https://www.airbnb.com/rooms/625406395380414893,2
625406455184181127,https://www.airbnb.com/rooms/625406455184181127,1
625868963018267492,https://www.airbnb.com/rooms/625868963018267492,1
626065916690491645,https://www.airbnb.com/rooms/626065916690491645,3
626102795655166617,https://www.airbnb.com/rooms/626102795655166617,2
626143042203717921,https://www.airbnb.com/rooms/626143042203717921,2
627609838453993132,https://www.airbnb.com/rooms/627609838453993132,2
627658938698243818,https://www.airbnb.com/rooms/627658938698243818,1
628038084721735107,https://www.airbnb.com/rooms/628038084721735107,1
628141286891454400,https://www.airbnb.com/rooms/628141286891454400,2
628281931952764887,https://www.airbnb.com/rooms/628281931952764887,2
628335545443243624,https://www.airbnb.com/rooms/628335545443243624,2
628965783867033680,https://www.airbnb.com/rooms/628965783867033680,2
629048892133293051,https://www.airbnb.com/rooms/629048892133293051,2
629447119230352322,https://www.airbnb.com/rooms/629447119230352322,2
629601059145373112,https://www.airbnb.com/rooms/629601059145373112,2
630410965465693740,https://www.airbnb.com/rooms/630410965465693740,1
630485307956951875,https://www.airbnb.com/rooms/630485307956951875,3
630624331006655039,https://www.airbnb.com/rooms/630624331006655039,2
631035761593321688,https://www.airbnb.com/rooms/631035761593321688,2
631075718046577396,https://www.airbnb.com/rooms/631075718046577396,2
631282171079910619,https://www.airbnb.com/rooms/631282171079910619,2
631317464260042124,https://www.airbnb.com/rooms/631317464260042124,4
631354339059807503,https://www.airbnb.com/rooms/631354339059807503,2
631729635563219418,https://www.airbnb.com/rooms/631729635563219418,1
632120226251655360,https://www.airbnb.com/rooms/632120226251655360,2
632442784166785171,https://www.airbnb.com/rooms/632442784166785171,2
632826575062379610,https://www.airbnb.com/rooms/632826575062379610,2
632873630454934994,https://www.airbnb.com/rooms/632873630454934994,1
633138922976849962,https://www.airbnb.com/rooms/633138922976849962,1
633310940690164101,https://www.airbnb.com/rooms/633310940690164101,1
633510605487945130,https://www.airbnb.com/rooms/633510605487945130,1
633980020747723868,https://www.airbnb.com/rooms/633980020747723868,1
633986697893536257,https://www.airbnb.com/rooms/633986697893536257,2
634032332228047258,https://www.airbnb.com/rooms/634032332228047258,1
634049333817158711,https://www.airbnb.com/rooms/634049333817158711,2
634210924280739363,https://www.airbnb.com/rooms/634210924280739363,1
634747226546410178,https://www.airbnb.com/rooms/634747226546410178,2
634768217847813866,https://www.airbnb.com/rooms/634768217847813866,1
634825185868494516,https://www.airbnb.com/rooms/634825185868494516,4
635602459125960492,https://www.airbnb.com/rooms/635602459125960492,2
635652177342182239,https://www.airbnb.com/rooms/635652177342182239,2
636059583371333001,https://www.airbnb.com/rooms/636059583371333001,4
636082069722193917,https://www.airbnb.com/rooms/636082069722193917,3
636156808582018533,https://www.airbnb.com/rooms/636156808582018533,1
636231738737253617,https://www.airbnb.com/rooms/636231738737253617,2
636971600472005039,https://www.airbnb.com/rooms/636971600472005039,2
637579572642890021,https://www.airbnb.com/rooms/637579572642890021,6
637904368422015774,https://www.airbnb.com/rooms/637904368422015774,1
638436554436556629,https://www.airbnb.com/rooms/638436554436556629,2
638444632076594288,https://www.airbnb.com/rooms/638444632076594288,2
638904542538427260,https://www.airbnb.com/rooms/638904542538427260,4
640150949784215020,https://www.airbnb.com/rooms/640150949784215020,2
640479222372003782,https://www.airbnb.com/rooms/640479222372003782,2
640481068977001685,https://www.airbnb.com/rooms/640481068977001685,1
640481102795921391,https://www.airbnb.com/rooms/640481102795921391,1
640482071159479792,https://www.airbnb.com/rooms/640482071159479792,1
640484708419023379,https://www.airbnb.com/rooms/640484708419023379,2
640675413123412901,https://www.airbnb.com/rooms/640675413123412901,2
641145292676719440,https://www.airbnb.com/rooms/641145292676719440,1
641980253891742865,https://www.airbnb.com/rooms/641980253891742865,3
642019416677896644,https://www.airbnb.com/rooms/642019416677896644,2
642243758382854179,https://www.airbnb.com/rooms/642243758382854179,1
642668480716461373,https://www.airbnb.com/rooms/642668480716461373,4
642763279007300879,https://www.airbnb.com/rooms/642763279007300879,2
643513168477211557,https://www.airbnb.com/rooms/643513168477211557,2
644155356683986723,https://www.airbnb.com/rooms/644155356683986723,1
645070129582508798,https://www.airbnb.com/rooms/645070129582508798,1
645138440833925820,https://www.airbnb.com/rooms/645138440833925820,1
645540099314291356,https://www.airbnb.com/rooms/645540099314291356,1
645736707888158472,https://www.airbnb.com/rooms/645736707888158472,1
646285532012585512,https://www.airbnb.com/rooms/646285532012585512,3
646432780207289771,https://www.airbnb.com/rooms/646432780207289771,4
646513564724932244,https://www.airbnb.com/rooms/646513564724932244,3
646982633016072845,https://www.airbnb.com/rooms/646982633016072845,4
647279044517759618,https://www.airbnb.com/rooms/647279044517759618,1
647865170934883835,https://www.airbnb.com/rooms/647865170934883835,4
648654328647539089,https://www.airbnb.com/rooms/648654328647539089,2
648763414809946168,https://www.airbnb.com/rooms/648763414809946168,1
648957424787474324,https://www.airbnb.com/rooms/648957424787474324,1
649264742857060352,https://www.airbnb.com/rooms/649264742857060352,2
649267768662583464,https://www.airbnb.com/rooms/649267768662583464,1
649390424839319771,https://www.airbnb.com/rooms/649390424839319771,1
649407635039675699,https://www.airbnb.com/rooms/649407635039675699,2
649473943038019316,https://www.airbnb.com/rooms/649473943038019316,1
649514455439091082,https://www.airbnb.com/rooms/649514455439091082,12
649525483454220268,https://www.airbnb.com/rooms/649525483454220268,2
649862618338806800,https://www.airbnb.com/rooms/649862618338806800,2
649890343586097157,https://www.airbnb.com/rooms/649890343586097157,1
649890371316134245,https://www.airbnb.com/rooms/649890371316134245,1
649977065073864157,https://www.airbnb.com/rooms/649977065073864157,1
650019897481540170,https://www.airbnb.com/rooms/650019897481540170,4
650635293502406464,https://www.airbnb.com/rooms/650635293502406464,3
650778158748537922,https://www.airbnb.com/rooms/650778158748537922,4
651502963166653385,https://www.airbnb.com/rooms/651502963166653385,4
651700670021395366,https://www.airbnb.com/rooms/651700670021395366,3
651744501615925032,https://www.airbnb.com/rooms/651744501615925032,1
652200769592366305,https://www.airbnb.com/rooms/652200769592366305,2
653060170516224332,https://www.airbnb.com/rooms/653060170516224332,2
653558195144942000,https://www.airbnb.com/rooms/653558195144942000,1
653715313991045421,https://www.airbnb.com/rooms/653715313991045421,2
654268745353325717,https://www.airbnb.com/rooms/654268745353325717,2
654361785885405639,https://www.airbnb.com/rooms/654361785885405639,3
654553973852657495,https://www.airbnb.com/rooms/654553973852657495,1
654563010209975286,https://www.airbnb.com/rooms/654563010209975286,2
654921515683503342,https://www.airbnb.com/rooms/654921515683503342,1
655262808036960238,https://www.airbnb.com/rooms/655262808036960238,2
655280180851727722,https://www.airbnb.com/rooms/655280180851727722,1
655683878617696079,https://www.airbnb.com/rooms/655683878617696079,1
656398792278924571,https://www.airbnb.com/rooms/656398792278924571,1
656434072510939831,https://www.airbnb.com/rooms/656434072510939831,1
657099513765678519,https://www.airbnb.com/rooms/657099513765678519,2
657105663812804872,https://www.airbnb.com/rooms/657105663812804872,2
657158457671658537,https://www.airbnb.com/rooms/657158457671658537,2
657281194383671469,https://www.airbnb.com/rooms/657281194383671469,1
657281413623440550,https://www.airbnb.com/rooms/657281413623440550,1
657831654984448914,https://www.airbnb.com/rooms/657831654984448914,2
657873824599504532,https://www.airbnb.com/rooms/657873824599504532,2
657939740597605315,https://www.airbnb.com/rooms/657939740597605315,4
658044039163152452,https://www.airbnb.com/rooms/658044039163152452,2
658598330503718967,https://www.airbnb.com/rooms/658598330503718967,2
658655321800187354,https://www.airbnb.com/rooms/658655321800187354,2
658918842830235951,https://www.airbnb.com/rooms/658918842830235951,1
659367445769741589,https://www.airbnb.com/rooms/659367445769741589,2
659480992609767470,https://www.airbnb.com/rooms/659480992609767470,1
660138668251814120,https://www.airbnb.com/rooms/660138668251814120,2
660299192192226419,https://www.airbnb.com/rooms/660299192192226419,4
660394898842034834,https://www.airbnb.com/rooms/660394898842034834,1
660395220329257833,https://www.airbnb.com/rooms/660395220329257833,1
660395971453922427,https://www.airbnb.com/rooms/660395971453922427,1
661378610328145782,https://www.airbnb.com/rooms/661378610328145782,1
661424524058479220,https://www.airbnb.com/rooms/661424524058479220,2
661786173786139509,https://www.airbnb.com/rooms/661786173786139509,1
662290499098107767,https://www.airbnb.com/rooms/662290499098107767,2
662304755661101274,https://www.airbnb.com/rooms/662304755661101274,1
662456402159128099,https://www.airbnb.com/rooms/662456402159128099,4
662806851002070384,https://www.airbnb.com/rooms/662806851002070384,1
662894138902019179,https://www.airbnb.com/rooms/662894138902019179,2
663702617552310936,https://www.airbnb.com/rooms/663702617552310936,2
663872960174542077,https://www.airbnb.com/rooms/663872960174542077,2
663910187987815591,https://www.airbnb.com/rooms/663910187987815591,1
664339619235621181,https://www.airbnb.com/rooms/664339619235621181,1
664369671884558358,https://www.airbnb.com/rooms/664369671884558358,1
664460588218677877,https://www.airbnb.com/rooms/664460588218677877,1
664526135895070213,https://www.airbnb.com/rooms/664526135895070213,1
664561041042372285,https://www.airbnb.com/rooms/664561041042372285,5
664571298028934726,https://www.airbnb.com/rooms/664571298028934726,2
664638044776998313,https://www.airbnb.com/rooms/664638044776998313,2
665223839800248550,https://www.airbnb.com/rooms/665223839800248550,2
665355336705010391,https://www.airbnb.com/rooms/665355336705010391,2
665819044127665218,https://www.airbnb.com/rooms/665819044127665218,1
666055718264781136,https://www.airbnb.com/rooms/666055718264781136,4
666140187451991286,https://www.airbnb.com/rooms/666140187451991286,2
666204567896384927,https://www.airbnb.com/rooms/666204567896384927,2
666210705902711529,https://www.airbnb.com/rooms/666210705902711529,4
666216238329161120,https://www.airbnb.com/rooms/666216238329161120,2
666540189232294768,https://www.airbnb.com/rooms/666540189232294768,1
666699517994601134,https://www.airbnb.com/rooms/666699517994601134,2
666754735567836112,https://www.airbnb.com/rooms/666754735567836112,2
666766649011814830,https://www.airbnb.com/rooms/666766649011814830,3
666767252602206584,https://www.airbnb.com/rooms/666767252602206584,2
666773179522659179,https://www.airbnb.com/rooms/666773179522659179,2
667259209025247008,https://www.airbnb.com/rooms/667259209025247008,1
667390659294488787,https://www.airbnb.com/rooms/667390659294488787,1
667392566657282959,https://www.airbnb.com/rooms/667392566657282959,4
667419978198823162,https://www.airbnb.com/rooms/667419978198823162,1
667429004604940746,https://www.airbnb.com/rooms/667429004604940746,2
667663274287834019,https://www.airbnb.com/rooms/667663274287834019,1
667905374365439455,https://www.airbnb.com/rooms/667905374365439455,2
667937517810892974,https://www.airbnb.com/rooms/667937517810892974,1
668060347655389129,https://www.airbnb.com/rooms/668060347655389129,3
668254564787431016,https://www.airbnb.com/rooms/668254564787431016,1
668719298060501354,https://www.airbnb.com/rooms/668719298060501354,2
668762602311596429,https://www.airbnb.com/rooms/668762602311596429,2
668801282388403782,https://www.airbnb.com/rooms/668801282388403782,1
668838395487682890,https://www.airbnb.com/rooms/668838395487682890,2
668917612278026760,https://www.airbnb.com/rooms/668917612278026760,4
668917685173860356,https://www.airbnb.com/rooms/668917685173860356,4
669650042724263464,https://www.airbnb.com/rooms/669650042724263464,2
669653494988852839,https://www.airbnb.com/rooms/669653494988852839,1
669753083519656188,https://www.airbnb.com/rooms/669753083519656188,3
670269626970273520,https://www.airbnb.com/rooms/670269626970273520,2
670341538947144448,https://www.airbnb.com/rooms/670341538947144448,4
670601430643357593,https://www.airbnb.com/rooms/670601430643357593,2
670854971385141546,https://www.airbnb.com/rooms/670854971385141546,2
670867252873833687,https://www.airbnb.com/rooms/670867252873833687,1
670897801691003107,https://www.airbnb.com/rooms/670897801691003107,1
670996733038245234,https://www.airbnb.com/rooms/670996733038245234,1
671165301568461983,https://www.airbnb.com/rooms/671165301568461983,4
671503466425042541,https://www.airbnb.com/rooms/671503466425042541,3
671631637889803198,https://www.airbnb.com/rooms/671631637889803198,1
671631715622667207,https://www.airbnb.com/rooms/671631715622667207,12
671631973726583363,https://www.airbnb.com/rooms/671631973726583363,2
672235101392422265,https://www.airbnb.com/rooms/672235101392422265,2
672496784701879686,https://www.airbnb.com/rooms/672496784701879686,1
673422360986289651,https://www.airbnb.com/rooms/673422360986289651,2
673744977258146730,https://www.airbnb.com/rooms/673744977258146730,2
673838775410224732,https://www.airbnb.com/rooms/673838775410224732,4
673839538656917228,https://www.airbnb.com/rooms/673839538656917228,6
673839614733419490,https://www.airbnb.com/rooms/673839614733419490,4
674109717770596623,https://www.airbnb.com/rooms/674109717770596623,1
674802932662985468,https://www.airbnb.com/rooms/674802932662985468,1
674826842240363358,https://www.airbnb.com/rooms/674826842240363358,4
675233577920173249,https://www.airbnb.com/rooms/675233577920173249,1
675351063989042906,https://www.airbnb.com/rooms/675351063989042906,4
675582878539399312,https://www.airbnb.com/rooms/675582878539399312,1
676151535126808367,https://www.airbnb.com/rooms/676151535126808367,2
676239025078728718,https://www.airbnb.com/rooms/676239025078728718,1
676269911335222947,https://www.airbnb.com/rooms/676269911335222947,1
676606350527797830,https://www.airbnb.com/rooms/676606350527797830,2
676667857016130572,https://www.airbnb.com/rooms/676667857016130572,2
677067988333141153,https://www.airbnb.com/rooms/677067988333141153,4
677403353878658514,https://www.airbnb.com/rooms/677403353878658514,2
677683976297380524,https://www.airbnb.com/rooms/677683976297380524,2
678289910741262633,https://www.airbnb.com/rooms/678289910741262633,2
678369095412181744,https://www.airbnb.com/rooms/678369095412181744,6
678495684423240444,https://www.airbnb.com/rooms/678495684423240444,2
678969305920326858,https://www.airbnb.com/rooms/678969305920326858,1
678969349479434910,https://www.airbnb.com/rooms/678969349479434910,1
679022714102876068,https://www.airbnb.com/rooms/679022714102876068,5
679200883407187110,https://www.airbnb.com/rooms/679200883407187110,4
679654537481267979,https://www.airbnb.com/rooms/679654537481267979,2
679730103121285523,https://www.airbnb.com/rooms/679730103121285523,6
679816122265839369,https://www.airbnb.com/rooms/679816122265839369,1
680418389909408609,https://www.airbnb.com/rooms/680418389909408609,1
680463568919503933,https://www.airbnb.com/rooms/680463568919503933,1
680634267184648005,https://www.airbnb.com/rooms/680634267184648005,2
681078957135156624,https://www.airbnb.com/rooms/681078957135156624,1
681170270688513753,https://www.airbnb.com/rooms/681170270688513753,4
681527199059397985,https://www.airbnb.com/rooms/681527199059397985,2
681607471133145032,https://www.airbnb.com/rooms/681607471133145032,1
681607631075923519,https://www.airbnb.com/rooms/681607631075923519,1
681607732520899659,https://www.airbnb.com/rooms/681607732520899659,1
681607761673788396,https://www.airbnb.com/rooms/681607761673788396,1
681607854305280879,https://www.airbnb.com/rooms/681607854305280879,1
681607931385618501,https://www.airbnb.com/rooms/681607931385618501,6
681608028542687005,https://www.airbnb.com/rooms/681608028542687005,1
681608159297447284,https://www.airbnb.com/rooms/681608159297447284,1
681608185472387734,https://www.airbnb.com/rooms/681608185472387734,1
681608275526744621,https://www.airbnb.com/rooms/681608275526744621,1
681608405655291411,https://www.airbnb.com/rooms/681608405655291411,1
681608501612457376,https://www.airbnb.com/rooms/681608501612457376,1
681608686990608431,https://www.airbnb.com/rooms/681608686990608431,1
681608799137735689,https://www.airbnb.com/rooms/681608799137735689,1
681608812635379432,https://www.airbnb.com/rooms/681608812635379432,1
681608869834395419,https://www.airbnb.com/rooms/681608869834395419,1
681608950008147740,https://www.airbnb.com/rooms/681608950008147740,1
681609040565699584,https://www.airbnb.com/rooms/681609040565699584,1
681609199257177419,https://www.airbnb.com/rooms/681609199257177419,1
681609275324843732,https://www.airbnb.com/rooms/681609275324843732,1
681609377249273970,https://www.airbnb.com/rooms/681609377249273970,1
681609484057984124,https://www.airbnb.com/rooms/681609484057984124,1
681609564263229616,https://www.airbnb.com/rooms/681609564263229616,1
681609656010527845,https://www.airbnb.com/rooms/681609656010527845,1
681609801366949882,https://www.airbnb.com/rooms/681609801366949882,1
681609879661440389,https://www.airbnb.com/rooms/681609879661440389,12
681609953836809341,https://www.airbnb.com/rooms/681609953836809341,1
681610298516409977,https://www.airbnb.com/rooms/681610298516409977,1
681669897441064107,https://www.airbnb.com/rooms/681669897441064107,4
682547285691371686,https://www.airbnb.com/rooms/682547285691371686,2
683348735204074091,https://www.airbnb.com/rooms/683348735204074091,2
683465997105039000,https://www.airbnb.com/rooms/683465997105039000,3
683688723352567258,https://www.airbnb.com/rooms/683688723352567258,1
683983038000087727,https://www.airbnb.com/rooms/683983038000087727,1
684029416180534659,https://www.airbnb.com/rooms/684029416180534659,3
684978819010951933,https://www.airbnb.com/rooms/684978819010951933,2
684985868335330488,https://www.airbnb.com/rooms/684985868335330488,4
685378113848318689,https://www.airbnb.com/rooms/685378113848318689,2
685526072540174911,https://www.airbnb.com/rooms/685526072540174911,1
685529181499073927,https://www.airbnb.com/rooms/685529181499073927,2
685580304882706113,https://www.airbnb.com/rooms/685580304882706113,4
686893963514622006,https://www.airbnb.com/rooms/686893963514622006,2
687015681760444792,https://www.airbnb.com/rooms/687015681760444792,1
687048267224747036,https://www.airbnb.com/rooms/687048267224747036,2
687054090839617609,https://www.airbnb.com/rooms/687054090839617609,1
688204710902648318,https://www.airbnb.com/rooms/688204710902648318,2
688351801287212728,https://www.airbnb.com/rooms/688351801287212728,2
688817885563912150,https://www.airbnb.com/rooms/688817885563912150,2
688943139938134008,https://www.airbnb.com/rooms/688943139938134008,4
689025902028130021,https://www.airbnb.com/rooms/689025902028130021,2
689189292021695610,https://www.airbnb.com/rooms/689189292021695610,4
689312320078562162,https://www.airbnb.com/rooms/689312320078562162,1
689314994665010209,https://www.airbnb.com/rooms/689314994665010209,1
689693841311315929,https://www.airbnb.com/rooms/689693841311315929,2
689816935936640625,https://www.airbnb.com/rooms/689816935936640625,4
689828220112367064,https://www.airbnb.com/rooms/689828220112367064,2
689919830239899978,https://www.airbnb.com/rooms/689919830239899978,2
689919992222562774,https://www.airbnb.com/rooms/689919992222562774,2
689920220826297863,https://www.airbnb.com/rooms/689920220826297863,2
689920352245020300,https://www.airbnb.com/rooms/689920352245020300,2
689920458757734943,https://www.airbnb.com/rooms/689920458757734943,2
690079669326713545,https://www.airbnb.com/rooms/690079669326713545,3
690404782612781467,https://www.airbnb.com/rooms/690404782612781467,7
690524858599178439,https://www.airbnb.com/rooms/690524858599178439,2
690601960513504768,https://www.airbnb.com/rooms/690601960513504768,4
691168067874566680,https://www.airbnb.com/rooms/691168067874566680,1
691315777010081155,https://www.airbnb.com/rooms/691315777010081155,2
691444436777419757,https://www.airbnb.com/rooms/691444436777419757,5
692533570756464701,https://www.airbnb.com/rooms/692533570756464701,2
692658578062368728,https://www.airbnb.com/rooms/692658578062368728,2
692658822280888412,https://www.airbnb.com/rooms/692658822280888412,2
692658983140544006,https://www.airbnb.com/rooms/692658983140544006,2
692659030254892495,https://www.airbnb.com/rooms/692659030254892495,2
692811136178422955,https://www.airbnb.com/rooms/692811136178422955,1
692990298812678965,https://www.airbnb.com/rooms/692990298812678965,1
693511412657709588,https://www.airbnb.com/rooms/693511412657709588,3
693657091813378358,https://www.airbnb.com/rooms/693657091813378358,5
693662016295846366,https://www.airbnb.com/rooms/693662016295846366,2
693690402505252838,https://www.airbnb.com/rooms/693690402505252838,2
694214369494001166,https://www.airbnb.com/rooms/694214369494001166,1
694348422804597519,https://www.airbnb.com/rooms/694348422804597519,2
694405559056447636,https://www.airbnb.com/rooms/694405559056447636,2
694437964396344705,https://www.airbnb.com/rooms/694437964396344705,1
694863616335903234,https://www.airbnb.com/rooms/694863616335903234,1
694881145522678758,https://www.airbnb.com/rooms/694881145522678758,1
694892127643984481,https://www.airbnb.com/rooms/694892127643984481,1
694900304866990374,https://www.airbnb.com/rooms/694900304866990374,1
694984555059171057,https://www.airbnb.com/rooms/694984555059171057,2
694999925818201055,https://www.airbnb.com/rooms/694999925818201055,1
695056219767125087,https://www.airbnb.com/rooms/695056219767125087,2
695152861907597193,https://www.airbnb.com/rooms/695152861907597193,5
695204849118819699,https://www.airbnb.com/rooms/695204849118819699,3
695214753459404700,https://www.airbnb.com/rooms/695214753459404700,1
695718136075127698,https://www.airbnb.com/rooms/695718136075127698,3
696486514416119394,https://www.airbnb.com/rooms/696486514416119394,4
696531554140670146,https://www.airbnb.com/rooms/696531554140670146,1
696650244545791740,https://www.airbnb.com/rooms/696650244545791740,1
697938463413337843,https://www.airbnb.com/rooms/697938463413337843,1
698427646147468466,https://www.airbnb.com/rooms/698427646147468466,2
698506328992863202,https://www.airbnb.com/rooms/698506328992863202,2
698565708849336349,https://www.airbnb.com/rooms/698565708849336349,2
698773809509683024,https://www.airbnb.com/rooms/698773809509683024,2
699112228861014890,https://www.airbnb.com/rooms/699112228861014890,1
699367239546573707,https://www.airbnb.com/rooms/699367239546573707,1
699868978589777686,https://www.airbnb.com/rooms/699868978589777686,2
700110858468236388,https://www.airbnb.com/rooms/700110858468236388,2
700163677750848721,https://www.airbnb.com/rooms/700163677750848721,1
700499903590936976,https://www.airbnb.com/rooms/700499903590936976,1
700651363800432061,https://www.airbnb.com/rooms/700651363800432061,4
700664232250803590,https://www.airbnb.com/rooms/700664232250803590,2
700669261299122407,https://www.airbnb.com/rooms/700669261299122407,2
700701285280163421,https://www.airbnb.com/rooms/700701285280163421,1
700832676565657641,https://www.airbnb.com/rooms/700832676565657641,2
701228625197314945,https://www.airbnb.com/rooms/701228625197314945,1
701283530903539332,https://www.airbnb.com/rooms/701283530903539332,1
701430945544692403,https://www.airbnb.com/rooms/701430945544692403,1
701542931876725578,https://www.airbnb.com/rooms/701542931876725578,5
701592446254142925,https://www.airbnb.com/rooms/701592446254142925,4
701749660959553087,https://www.airbnb.com/rooms/701749660959553087,1
702112301877536104,https://www.airbnb.com/rooms/702112301877536104,3
702144566246744889,https://www.airbnb.com/rooms/702144566246744889,7
702157980197184111,https://www.airbnb.com/rooms/702157980197184111,4
702802891879233030,https://www.airbnb.com/rooms/702802891879233030,2
704161034007614517,https://www.airbnb.com/rooms/704161034007614517,3
704167174303678743,https://www.airbnb.com/rooms/704167174303678743,1
704316076726446647,https://www.airbnb.com/rooms/704316076726446647,2
704352912111277324,https://www.airbnb.com/rooms/704352912111277324,1
704372226372033845,https://www.airbnb.com/rooms/704372226372033845,1
705009572588341529,https://www.airbnb.com/rooms/705009572588341529,2
705059831671530154,https://www.airbnb.com/rooms/705059831671530154,1
705066692244975278,https://www.airbnb.com/rooms/705066692244975278,1
705081994942565402,https://www.airbnb.com/rooms/705081994942565402,2
705110322292993657,https://www.airbnb.com/rooms/705110322292993657,1
705119924937930276,https://www.airbnb.com/rooms/705119924937930276,2
705132697495041410,https://www.airbnb.com/rooms/705132697495041410,1
705234040288970768,https://www.airbnb.com/rooms/705234040288970768,2
705271312639959751,https://www.airbnb.com/rooms/705271312639959751,1
705429245884102525,https://www.airbnb.com/rooms/705429245884102525,1
705511463215819318,https://www.airbnb.com/rooms/705511463215819318,2
705858111330823711,https://www.airbnb.com/rooms/705858111330823711,2
705962756755948950,https://www.airbnb.com/rooms/705962756755948950,1
705972315887719223,https://www.airbnb.com/rooms/705972315887719223,2
706018693655206086,https://www.airbnb.com/rooms/706018693655206086,1
706425794802256264,https://www.airbnb.com/rooms/706425794802256264,6
706618025734854269,https://www.airbnb.com/rooms/706618025734854269,2
706654746655937732,https://www.airbnb.com/rooms/706654746655937732,2
706679988540129665,https://www.airbnb.com/rooms/706679988540129665,1
706738666931680487,https://www.airbnb.com/rooms/706738666931680487,1
706792591477040371,https://www.airbnb.com/rooms/706792591477040371,1
707276901820697068,https://www.airbnb.com/rooms/707276901820697068,1
707290099217846098,https://www.airbnb.com/rooms/707290099217846098,7
707378412501643862,https://www.airbnb.com/rooms/707378412501643862,1
707780834033034510,https://www.airbnb.com/rooms/707780834033034510,6
707883735608282838,https://www.airbnb.com/rooms/707883735608282838,1
707975399724103689,https://www.airbnb.com/rooms/707975399724103689,2
708028908784156076,https://www.airbnb.com/rooms/708028908784156076,2
708125072028598751,https://www.airbnb.com/rooms/708125072028598751,2
708633038110930209,https://www.airbnb.com/rooms/708633038110930209,1
708733177511993095,https://www.airbnb.com/rooms/708733177511993095,6
708815216592672796,https://www.airbnb.com/rooms/708815216592672796,2
709227727318729697,https://www.airbnb.com/rooms/709227727318729697,1
709289074076292962,https://www.airbnb.com/rooms/709289074076292962,1
709297471884850501,https://www.airbnb.com/rooms/709297471884850501,1
709340870098899887,https://www.airbnb.com/rooms/709340870098899887,1
709491927240274745,https://www.airbnb.com/rooms/709491927240274745,2
709657567510317624,https://www.airbnb.com/rooms/709657567510317624,2
710005655946640822,https://www.airbnb.com/rooms/710005655946640822,1
710130069860901089,https://www.airbnb.com/rooms/710130069860901089,1
710801451771701296,https://www.airbnb.com/rooms/710801451771701296,8
710870629967520928,https://www.airbnb.com/rooms/710870629967520928,1
711100790609865421,https://www.airbnb.com/rooms/711100790609865421,2
711110195014767460,https://www.airbnb.com/rooms/711110195014767460,2
711549881102040782,https://www.airbnb.com/rooms/711549881102040782,1
711641405390594123,https://www.airbnb.com/rooms/711641405390594123,1
711792080094035777,https://www.airbnb.com/rooms/711792080094035777,1
711947275820956064,https://www.airbnb.com/rooms/711947275820956064,1
712302911143514491,https://www.airbnb.com/rooms/712302911143514491,2
712908021358624567,https://www.airbnb.com/rooms/712908021358624567,2
712922548944794438,https://www.airbnb.com/rooms/712922548944794438,3
712925680157537894,https://www.airbnb.com/rooms/712925680157537894,2
712925978166013097,https://www.airbnb.com/rooms/712925978166013097,2
713296104445686048,https://www.airbnb.com/rooms/713296104445686048,1
713746278543934794,https://www.airbnb.com/rooms/713746278543934794,1
713820104359552438,https://www.airbnb.com/rooms/713820104359552438,3
714047423416507011,https://www.airbnb.com/rooms/714047423416507011,1
714171979959655059,https://www.airbnb.com/rooms/714171979959655059,2
714172139340866059,https://www.airbnb.com/rooms/714172139340866059,2
714172299907487681,https://www.airbnb.com/rooms/714172299907487681,2
714172455935790824,https://www.airbnb.com/rooms/714172455935790824,2
714172928243682003,https://www.airbnb.com/rooms/714172928243682003,2
714173085637180915,https://www.airbnb.com/rooms/714173085637180915,2
714173244690754759,https://www.airbnb.com/rooms/714173244690754759,2
714173407195227447,https://www.airbnb.com/rooms/714173407195227447,2
714173575114740395,https://www.airbnb.com/rooms/714173575114740395,2
714174806090144524,https://www.airbnb.com/rooms/714174806090144524,2
714175755553875959,https://www.airbnb.com/rooms/714175755553875959,2
714175915443357142,https://www.airbnb.com/rooms/714175915443357142,2
714176398774488809,https://www.airbnb.com/rooms/714176398774488809,2
714176891290488547,https://www.airbnb.com/rooms/714176891290488547,2
714177208712439800,https://www.airbnb.com/rooms/714177208712439800,2
714177366700163170,https://www.airbnb.com/rooms/714177366700163170,2
714453645944964108,https://www.airbnb.com/rooms/714453645944964108,2
714563094834606110,https://www.airbnb.com/rooms/714563094834606110,2
715167982735167351,https://www.airbnb.com/rooms/715167982735167351,2
715275271831179969,https://www.airbnb.com/rooms/715275271831179969,2
715767362823982179,https://www.airbnb.com/rooms/715767362823982179,1
715968371334421883,https://www.airbnb.com/rooms/715968371334421883,1
716199589499203009,https://www.airbnb.com/rooms/716199589499203009,1
716565247593469483,https://www.airbnb.com/rooms/716565247593469483,2
716567593046443264,https://www.airbnb.com/rooms/716567593046443264,2
716569731201972765,https://www.airbnb.com/rooms/716569731201972765,2
716570251133415101,https://www.airbnb.com/rooms/716570251133415101,2
716570967474114041,https://www.airbnb.com/rooms/716570967474114041,2
716572520589278193,https://www.airbnb.com/rooms/716572520589278193,2
716577539833290899,https://www.airbnb.com/rooms/716577539833290899,2
716652502942256821,https://www.airbnb.com/rooms/716652502942256821,1
717154285571977548,https://www.airbnb.com/rooms/717154285571977548,1
717347430393111785,https://www.airbnb.com/rooms/717347430393111785,3
717978224221566708,https://www.airbnb.com/rooms/717978224221566708,2
718015324542589379,https://www.airbnb.com/rooms/718015324542589379,2
718024819373297952,https://www.airbnb.com/rooms/718024819373297952,1
718663143331235299,https://www.airbnb.com/rooms/718663143331235299,2
718973525959437391,https://www.airbnb.com/rooms/718973525959437391,2
719018947966193943,https://www.airbnb.com/rooms/719018947966193943,2
719452344226405790,https://www.airbnb.com/rooms/719452344226405790,3
719483448723448002,https://www.airbnb.com/rooms/719483448723448002,4
719551308365237430,https://www.airbnb.com/rooms/719551308365237430,2
719725527662713851,https://www.airbnb.com/rooms/719725527662713851,1
719883545049480084,https://www.airbnb.com/rooms/719883545049480084,2
720137893315955848,https://www.airbnb.com/rooms/720137893315955848,2
720525323038066085,https://www.airbnb.com/rooms/720525323038066085,2
721021062297480761,https://www.airbnb.com/rooms/721021062297480761,1
721219964805193336,https://www.airbnb.com/rooms/721219964805193336,2
721615513561400247,https://www.airbnb.com/rooms/721615513561400247,1
721625213038511142,https://www.airbnb.com/rooms/721625213038511142,3
721645424871757859,https://www.airbnb.com/rooms/721645424871757859,2
722264779850831691,https://www.airbnb.com/rooms/722264779850831691,1
722550168983647209,https://www.airbnb.com/rooms/722550168983647209,4
723113228536681659,https://www.airbnb.com/rooms/723113228536681659,2
723195663883441851,https://www.airbnb.com/rooms/723195663883441851,2
723332450542029982,https://www.airbnb.com/rooms/723332450542029982,2
723600448616326507,https://www.airbnb.com/rooms/723600448616326507,1
723836253324918949,https://www.airbnb.com/rooms/723836253324918949,2
723855900270253006,https://www.airbnb.com/rooms/723855900270253006,4
724128150624982795,https://www.airbnb.com/rooms/724128150624982795,4
724218025393694184,https://www.airbnb.com/rooms/724218025393694184,4
724640936600888132,https://www.airbnb.com/rooms/724640936600888132,1
725281801425916703,https://www.airbnb.com/rooms/725281801425916703,2
725383495804501189,https://www.airbnb.com/rooms/725383495804501189,2
725387918417939704,https://www.airbnb.com/rooms/725387918417939704,1
725524986591638227,https://www.airbnb.com/rooms/725524986591638227,1
725995552075662828,https://www.airbnb.com/rooms/725995552075662828,2
726031891961447957,https://www.airbnb.com/rooms/726031891961447957,2
726122402438978402,https://www.airbnb.com/rooms/726122402438978402,1
726933178675379327,https://www.airbnb.com/rooms/726933178675379327,1
726964744773857413,https://www.airbnb.com/rooms/726964744773857413,2
727095772106660475,https://www.airbnb.com/rooms/727095772106660475,2
727100539183764847,https://www.airbnb.com/rooms/727100539183764847,2
727375347026884597,https://www.airbnb.com/rooms/727375347026884597,1
727404507847439043,https://www.airbnb.com/rooms/727404507847439043,2
727518926019583730,https://www.airbnb.com/rooms/727518926019583730,1
727561459389003930,https://www.airbnb.com/rooms/727561459389003930,2
727938592710802551,https://www.airbnb.com/rooms/727938592710802551,1
728146854217937132,https://www.airbnb.com/rooms/728146854217937132,1
728153649729411274,https://www.airbnb.com/rooms/728153649729411274,1
728281111865113623,https://www.airbnb.com/rooms/728281111865113623,1
728398566714687271,https://www.airbnb.com/rooms/728398566714687271,4
728696009878942980,https://www.airbnb.com/rooms/728696009878942980,1
728917467580013356,https://www.airbnb.com/rooms/728917467580013356,1
729046722672070928,https://www.airbnb.com/rooms/729046722672070928,2
729072184757702603,https://www.airbnb.com/rooms/729072184757702603,2
729140901088870113,https://www.airbnb.com/rooms/729140901088870113,2
729265802266211523,https://www.airbnb.com/rooms/729265802266211523,2
729637652729633909,https://www.airbnb.com/rooms/729637652729633909,1
729660472143568326,https://www.airbnb.com/rooms/729660472143568326,1
729731582935841883,https://www.airbnb.com/rooms/729731582935841883,2
729776774841993246,https://www.airbnb.com/rooms/729776774841993246,1
729991890161311599,https://www.airbnb.com/rooms/729991890161311599,4
730196221845706622,https://www.airbnb.com/rooms/730196221845706622,4
730497935614176314,https://www.airbnb.com/rooms/730497935614176314,4
730524489744713739,https://www.airbnb.com/rooms/730524489744713739,2
730572349830130345,https://www.airbnb.com/rooms/730572349830130345,2
730646120937847368,https://www.airbnb.com/rooms/730646120937847368,1
731031898597416840,https://www.airbnb.com/rooms/731031898597416840,1
731072315992112148,https://www.airbnb.com/rooms/731072315992112148,2
731142770196853068,https://www.airbnb.com/rooms/731142770196853068,2
731356393972901977,https://www.airbnb.com/rooms/731356393972901977,2
731388108851670181,https://www.airbnb.com/rooms/731388108851670181,1
731975861940197425,https://www.airbnb.com/rooms/731975861940197425,4
732738613793695812,https://www.airbnb.com/rooms/732738613793695812,4
733327402364384767,https://www.airbnb.com/rooms/733327402364384767,4
733386054261947501,https://www.airbnb.com/rooms/733386054261947501,2
734041380297708967,https://www.airbnb.com/rooms/734041380297708967,2
734135481912613606,https://www.airbnb.com/rooms/734135481912613606,1
734260635695300150,https://www.airbnb.com/rooms/734260635695300150,2
734779079613475834,https://www.airbnb.com/rooms/734779079613475834,2
734821268189123580,https://www.airbnb.com/rooms/734821268189123580,2
735431956018178666,https://www.airbnb.com/rooms/735431956018178666,2
735522039347101675,https://www.airbnb.com/rooms/735522039347101675,1
735772153492559319,https://www.airbnb.com/rooms/735772153492559319,1
736130249497717205,https://www.airbnb.com/rooms/736130249497717205,2
736258287650808627,https://www.airbnb.com/rooms/736258287650808627,1
736359053592247696,https://www.airbnb.com/rooms/736359053592247696,2
736395987657040523,https://www.airbnb.com/rooms/736395987657040523,4
736436427957868477,https://www.airbnb.com/rooms/736436427957868477,2
736437579181109247,https://www.airbnb.com/rooms/736437579181109247,2
736502275003043766,https://www.airbnb.com/rooms/736502275003043766,2
737721101684686309,https://www.airbnb.com/rooms/737721101684686309,1
737746131692290845,https://www.airbnb.com/rooms/737746131692290845,2
737751304523378827,https://www.airbnb.com/rooms/737751304523378827,1
737851990905773455,https://www.airbnb.com/rooms/737851990905773455,2
738360534302471359,https://www.airbnb.com/rooms/738360534302471359,2
738454498156740941,https://www.airbnb.com/rooms/738454498156740941,2
739067217532838763,https://www.airbnb.com/rooms/739067217532838763,2
739110732168286659,https://www.airbnb.com/rooms/739110732168286659,2
739167567166314458,https://www.airbnb.com/rooms/739167567166314458,2
739176497887021645,https://www.airbnb.com/rooms/739176497887021645,4
739788252524004360,https://www.airbnb.com/rooms/739788252524004360,1
740655423209699399,https://www.airbnb.com/rooms/740655423209699399,2
740669488627890537,https://www.airbnb.com/rooms/740669488627890537,2
740711574819727002,https://www.airbnb.com/rooms/740711574819727002,4
740811462980206915,https://www.airbnb.com/rooms/740811462980206915,3
741158298794872147,https://www.airbnb.com/rooms/741158298794872147,1
741169999606882267,https://www.airbnb.com/rooms/741169999606882267,2
741642803344240276,https://www.airbnb.com/rooms/741642803344240276,6
741867818069003209,https://www.airbnb.com/rooms/741867818069003209,2
741895733138744560,https://www.airbnb.com/rooms/741895733138744560,1
741968146572326915,https://www.airbnb.com/rooms/741968146572326915,1
742089250668762357,https://www.airbnb.com/rooms/742089250668762357,2
742205425032476843,https://www.airbnb.com/rooms/742205425032476843,1
742556526163459338,https://www.airbnb.com/rooms/742556526163459338,6
742679664780047113,https://www.airbnb.com/rooms/742679664780047113,1
742790652952372205,https://www.airbnb.com/rooms/742790652952372205,2
742830911834976846,https://www.airbnb.com/rooms/742830911834976846,1
743345962515154738,https://www.airbnb.com/rooms/743345962515154738,2
743468910012924560,https://www.airbnb.com/rooms/743468910012924560,2
743955389019274898,https://www.airbnb.com/rooms/743955389019274898,1
744279587247187673,https://www.airbnb.com/rooms/744279587247187673,1
744841235451740492,https://www.airbnb.com/rooms/744841235451740492,3
745531245085063603,https://www.airbnb.com/rooms/745531245085063603,1
745664957480623894,https://www.airbnb.com/rooms/745664957480623894,2
745750127157075380,https://www.airbnb.com/rooms/745750127157075380,2
746186177089062787,https://www.airbnb.com/rooms/746186177089062787,1
746291993768554823,https://www.airbnb.com/rooms/746291993768554823,1
746379165445261757,https://www.airbnb.com/rooms/746379165445261757,1
746509033712315347,https://www.airbnb.com/rooms/746509033712315347,1
746608698065695739,https://www.airbnb.com/rooms/746608698065695739,2
746639263359993443,https://www.airbnb.com/rooms/746639263359993443,1
746684659401037436,https://www.airbnb.com/rooms/746684659401037436,1
747007991449261753,https://www.airbnb.com/rooms/747007991449261753,2
747109959260512523,https://www.airbnb.com/rooms/747109959260512523,1
747781474986080559,https://www.airbnb.com/rooms/747781474986080559,2
747804017927884505,https://www.airbnb.com/rooms/747804017927884505,1
747846127668119852,https://www.airbnb.com/rooms/747846127668119852,1
747856506076140865,https://www.airbnb.com/rooms/747856506076140865,2
748463980954786295,https://www.airbnb.com/rooms/748463980954786295,1
749123639941793877,https://www.airbnb.com/rooms/749123639941793877,1
749914051453451163,https://www.airbnb.com/rooms/749914051453451163,1
749972710153599117,https://www.airbnb.com/rooms/749972710153599117,1
749972734875016112,https://www.airbnb.com/rooms/749972734875016112,1
749972756772023393,https://www.airbnb.com/rooms/749972756772023393,1
749972776264042428,https://www.airbnb.com/rooms/749972776264042428,1
749972791855266827,https://www.airbnb.com/rooms/749972791855266827,1
749972793211511794,https://www.airbnb.com/rooms/749972793211511794,1
749972825676952141,https://www.airbnb.com/rooms/749972825676952141,1
749972869630753981,https://www.airbnb.com/rooms/749972869630753981,1
749972887913217036,https://www.airbnb.com/rooms/749972887913217036,1
749974280237201167,https://www.airbnb.com/rooms/749974280237201167,1
749979119752914081,https://www.airbnb.com/rooms/749979119752914081,1
749979215479854700,https://www.airbnb.com/rooms/749979215479854700,1
749979315232504975,https://www.airbnb.com/rooms/749979315232504975,1
749979501974545585,https://www.airbnb.com/rooms/749979501974545585,1
749979621973555739,https://www.airbnb.com/rooms/749979621973555739,1
749979672548719447,https://www.airbnb.com/rooms/749979672548719447,1
749979724006755171,https://www.airbnb.com/rooms/749979724006755171,1
749979799348786657,https://www.airbnb.com/rooms/749979799348786657,1
750004242914461076,https://www.airbnb.com/rooms/750004242914461076,1
750247358100581254,https://www.airbnb.com/rooms/750247358100581254,4
750751824540940861,https://www.airbnb.com/rooms/750751824540940861,2
750920471937174919,https://www.airbnb.com/rooms/750920471937174919,2
751609834994418575,https://www.airbnb.com/rooms/751609834994418575,2
752085950697127285,https://www.airbnb.com/rooms/752085950697127285,2
752323840329503988,https://www.airbnb.com/rooms/752323840329503988,1
752441225497214182,https://www.airbnb.com/rooms/752441225497214182,2
752923961975429089,https://www.airbnb.com/rooms/752923961975429089,2
753556036090366756,https://www.airbnb.com/rooms/753556036090366756,2
753612028980825918,https://www.airbnb.com/rooms/753612028980825918,2
754965056358787882,https://www.airbnb.com/rooms/754965056358787882,6
755114057681803462,https://www.airbnb.com/rooms/755114057681803462,1
755127136247127258,https://www.airbnb.com/rooms/755127136247127258,6
755132529133708496,https://www.airbnb.com/rooms/755132529133708496,6
755157608926946534,https://www.airbnb.com/rooms/755157608926946534,2
755672804161441366,https://www.airbnb.com/rooms/755672804161441366,6
755836260647616627,https://www.airbnb.com/rooms/755836260647616627,2
755939051836940284,https://www.airbnb.com/rooms/755939051836940284,1
756407225664324701,https://www.airbnb.com/rooms/756407225664324701,2
756512123063025530,https://www.airbnb.com/rooms/756512123063025530,1
756584947528739630,https://www.airbnb.com/rooms/756584947528739630,2
756591447633444476,https://www.airbnb.com/rooms/756591447633444476,2
756601320157515159,https://www.airbnb.com/rooms/756601320157515159,2
756609238305381073,https://www.airbnb.com/rooms/756609238305381073,2
756777578784413511,https://www.airbnb.com/rooms/756777578784413511,1
757351994119358057,https://www.airbnb.com/rooms/757351994119358057,1
757445723825308158,https://www.airbnb.com/rooms/757445723825308158,2
757457489719229392,https://www.airbnb.com/rooms/757457489719229392,1
758175077847336639,https://www.airbnb.com/rooms/758175077847336639,1
759010670281999916,https://www.airbnb.com/rooms/759010670281999916,1
759299834647926193,https://www.airbnb.com/rooms/759299834647926193,1
759651545112359717,https://www.airbnb.com/rooms/759651545112359717,1
759748491381628253,https://www.airbnb.com/rooms/759748491381628253,1
760164711888006151,https://www.airbnb.com/rooms/760164711888006151,3
760754080209904802,https://www.airbnb.com/rooms/760754080209904802,1
760931159719626494,https://www.airbnb.com/rooms/760931159719626494,2
761490243330042043,https://www.airbnb.com/rooms/761490243330042043,1
761583668741389597,https://www.airbnb.com/rooms/761583668741389597,1
762188324834165664,https://www.airbnb.com/rooms/762188324834165664,1
762225228796171641,https://www.airbnb.com/rooms/762225228796171641,1
762338148234960103,https://www.airbnb.com/rooms/762338148234960103,2
762509665532361607,https://www.airbnb.com/rooms/762509665532361607,2
762663378325464437,https://www.airbnb.com/rooms/762663378325464437,2
762663602928942304,https://www.airbnb.com/rooms/762663602928942304,2
763761118677816549,https://www.airbnb.com/rooms/763761118677816549,1
764722654141939301,https://www.airbnb.com/rooms/764722654141939301,2
765131843397661906,https://www.airbnb.com/rooms/765131843397661906,1
765917713395334158,https://www.airbnb.com/rooms/765917713395334158,1
765917969686917423,https://www.airbnb.com/rooms/765917969686917423,1
765918144718920984,https://www.airbnb.com/rooms/765918144718920984,1
765918261400081673,https://www.airbnb.com/rooms/765918261400081673,1
765918276060938277,https://www.airbnb.com/rooms/765918276060938277,1
765918417342776766,https://www.airbnb.com/rooms/765918417342776766,1
765919560282843222,https://www.airbnb.com/rooms/765919560282843222,1
765919676852124430,https://www.airbnb.com/rooms/765919676852124430,1
765919754069409331,https://www.airbnb.com/rooms/765919754069409331,1
765919869232513113,https://www.airbnb.com/rooms/765919869232513113,1
765919960256493593,https://www.airbnb.com/rooms/765919960256493593,1
765920155442409084,https://www.airbnb.com/rooms/765920155442409084,1
765920223510372358,https://www.airbnb.com/rooms/765920223510372358,1
765920298027564953,https://www.airbnb.com/rooms/765920298027564953,1
765920386893394578,https://www.airbnb.com/rooms/765920386893394578,1
765921164000793778,https://www.airbnb.com/rooms/765921164000793778,1
765921546123387309,https://www.airbnb.com/rooms/765921546123387309,1
765921581336728862,https://www.airbnb.com/rooms/765921581336728862,1
765921587182979639,https://www.airbnb.com/rooms/765921587182979639,1
765921589137139757,https://www.airbnb.com/rooms/765921589137139757,1
765922139446851343,https://www.airbnb.com/rooms/765922139446851343,1
765922237663453614,https://www.airbnb.com/rooms/765922237663453614,1
765922312129735692,https://www.airbnb.com/rooms/765922312129735692,1
765922396910135832,https://www.airbnb.com/rooms/765922396910135832,1
765922487767086119,https://www.airbnb.com/rooms/765922487767086119,1
766190848765038382,https://www.airbnb.com/rooms/766190848765038382,1
767534182005444519,https://www.airbnb.com/rooms/767534182005444519,1
769124027482887484,https://www.airbnb.com/rooms/769124027482887484,1
769637955134380539,https://www.airbnb.com/rooms/769637955134380539,2
769732416588076479,https://www.airbnb.com/rooms/769732416588076479,1
769813217657371526,https://www.airbnb.com/rooms/769813217657371526,2
770305266831730882,https://www.airbnb.com/rooms/770305266831730882,1
770319526599372515,https://www.airbnb.com/rooms/770319526599372515,2
770519004154544469,https://www.airbnb.com/rooms/770519004154544469,1
770688555013089918,https://www.airbnb.com/rooms/770688555013089918,1
771264203043121777,https://www.airbnb.com/rooms/771264203043121777,2
771333439730812768,https://www.airbnb.com/rooms/771333439730812768,1
772463919036190764,https://www.airbnb.com/rooms/772463919036190764,4
772642624449841123,https://www.airbnb.com/rooms/772642624449841123,2
772819445591594618,https://www.airbnb.com/rooms/772819445591594618,3
772838180217160876,https://www.airbnb.com/rooms/772838180217160876,1
774866351399798899,https://www.airbnb.com/rooms/774866351399798899,2
775357717971402082,https://www.airbnb.com/rooms/775357717971402082,1
775358125921423628,https://www.airbnb.com/rooms/775358125921423628,3
776034017777247109,https://www.airbnb.com/rooms/776034017777247109,4
776106434092035725,https://www.airbnb.com/rooms/776106434092035725,1
776123837545666717,https://www.airbnb.com/rooms/776123837545666717,1
776153134129479283,https://www.airbnb.com/rooms/776153134129479283,2
776156959595865359,https://www.airbnb.com/rooms/776156959595865359,2
776163115233553525,https://www.airbnb.com/rooms/776163115233553525,2
776168168448796348,https://www.airbnb.com/rooms/776168168448796348,1
776172305068025495,https://www.airbnb.com/rooms/776172305068025495,1
776623815835467429,https://www.airbnb.com/rooms/776623815835467429,2
777481397612323371,https://www.airbnb.com/rooms/777481397612323371,4
778370358360742174,https://www.airbnb.com/rooms/778370358360742174,2
778413890134446613,https://www.airbnb.com/rooms/778413890134446613,2
778981891734358532,https://www.airbnb.com/rooms/778981891734358532,2
779966249890535777,https://www.airbnb.com/rooms/779966249890535777,2
780031572821900714,https://www.airbnb.com/rooms/780031572821900714,1
780319317624156384,https://www.airbnb.com/rooms/780319317624156384,1
780442962654145969,https://www.airbnb.com/rooms/780442962654145969,2
780491586087938153,https://www.airbnb.com/rooms/780491586087938153,2
780624744724751864,https://www.airbnb.com/rooms/780624744724751864,1
781022579201353497,https://www.airbnb.com/rooms/781022579201353497,1
781134635135403562,https://www.airbnb.com/rooms/781134635135403562,1
781309404106448104,https://www.airbnb.com/rooms/781309404106448104,1
781708725659928366,https://www.airbnb.com/rooms/781708725659928366,2
781802473005292800,https://www.airbnb.com/rooms/781802473005292800,1
782595177496376583,https://www.airbnb.com/rooms/782595177496376583,1
782596412230670634,https://www.airbnb.com/rooms/782596412230670634,1
782596439926449910,https://www.airbnb.com/rooms/782596439926449910,1
782596507747500038,https://www.airbnb.com/rooms/782596507747500038,1
782596600678902104,https://www.airbnb.com/rooms/782596600678902104,1
782596977996816291,https://www.airbnb.com/rooms/782596977996816291,1
782597280816447495,https://www.airbnb.com/rooms/782597280816447495,1
782597339096057116,https://www.airbnb.com/rooms/782597339096057116,1
782597900309842542,https://www.airbnb.com/rooms/782597900309842542,1
782597960434067655,https://www.airbnb.com/rooms/782597960434067655,1
782598471089248158,https://www.airbnb.com/rooms/782598471089248158,1
782598533685387065,https://www.airbnb.com/rooms/782598533685387065,1
782599010096549745,https://www.airbnb.com/rooms/782599010096549745,1
782599365242954683,https://www.airbnb.com/rooms/782599365242954683,1
782599372574480816,https://www.airbnb.com/rooms/782599372574480816,1
782599629276411075,https://www.airbnb.com/rooms/782599629276411075,1
782600002111253366,https://www.airbnb.com/rooms/782600002111253366,1
782606780067417323,https://www.airbnb.com/rooms/782606780067417323,1
782606780923296709,https://www.airbnb.com/rooms/782606780923296709,1
782607194600334815,https://www.airbnb.com/rooms/782607194600334815,2
782607555799071066,https://www.airbnb.com/rooms/782607555799071066,1
782607590770921420,https://www.airbnb.com/rooms/782607590770921420,1
782607987885958653,https://www.airbnb.com/rooms/782607987885958653,1
782608252785387509,https://www.airbnb.com/rooms/782608252785387509,1
782608674069615560,https://www.airbnb.com/rooms/782608674069615560,1
782608689894524851,https://www.airbnb.com/rooms/782608689894524851,1
782608852200295225,https://www.airbnb.com/rooms/782608852200295225,1
782609946831308215,https://www.airbnb.com/rooms/782609946831308215,2
782610101074067248,https://www.airbnb.com/rooms/782610101074067248,1
782610689161014298,https://www.airbnb.com/rooms/782610689161014298,2
782610700622592785,https://www.airbnb.com/rooms/782610700622592785,1
782610864937732013,https://www.airbnb.com/rooms/782610864937732013,1
782611326434664821,https://www.airbnb.com/rooms/782611326434664821,1
782611733611965601,https://www.airbnb.com/rooms/782611733611965601,1
782612202115595371,https://www.airbnb.com/rooms/782612202115595371,1
782612311043701925,https://www.airbnb.com/rooms/782612311043701925,1
782612897719196397,https://www.airbnb.com/rooms/782612897719196397,1
782613209736950148,https://www.airbnb.com/rooms/782613209736950148,1
782613340805197776,https://www.airbnb.com/rooms/782613340805197776,1
782613952432571181,https://www.airbnb.com/rooms/782613952432571181,1
782614022136493742,https://www.airbnb.com/rooms/782614022136493742,1
782614328898365645,https://www.airbnb.com/rooms/782614328898365645,1
782614797450675482,https://www.airbnb.com/rooms/782614797450675482,1
782615212637835634,https://www.airbnb.com/rooms/782615212637835634,1
782615389303065106,https://www.airbnb.com/rooms/782615389303065106,1
782615961942723052,https://www.airbnb.com/rooms/782615961942723052,1
782616042762593835,https://www.airbnb.com/rooms/782616042762593835,1
782617128870621677,https://www.airbnb.com/rooms/782617128870621677,1
782617201636527440,https://www.airbnb.com/rooms/782617201636527440,1
782617812469513885,https://www.airbnb.com/rooms/782617812469513885,1
782617892697957983,https://www.airbnb.com/rooms/782617892697957983,1
782618190378917805,https://www.airbnb.com/rooms/782618190378917805,1
782618337171518178,https://www.airbnb.com/rooms/782618337171518178,1
782618694648797960,https://www.airbnb.com/rooms/782618694648797960,1
782619151593604987,https://www.airbnb.com/rooms/782619151593604987,1
782619198765192366,https://www.airbnb.com/rooms/782619198765192366,1
782619479531852636,https://www.airbnb.com/rooms/782619479531852636,1
782619781460276915,https://www.airbnb.com/rooms/782619781460276915,1
782620092319292962,https://www.airbnb.com/rooms/782620092319292962,1
782620578321285143,https://www.airbnb.com/rooms/782620578321285143,1
782620701856966572,https://www.airbnb.com/rooms/782620701856966572,1
782621056830118444,https://www.airbnb.com/rooms/782621056830118444,1
784835475592422188,https://www.airbnb.com/rooms/784835475592422188,2
784925289040561481,https://www.airbnb.com/rooms/784925289040561481,4
785386749510739622,https://www.airbnb.com/rooms/785386749510739622,2
785407659448657383,https://www.airbnb.com/rooms/785407659448657383,1
785409925485266362,https://www.airbnb.com/rooms/785409925485266362,1
787207356441022568,https://www.airbnb.com/rooms/787207356441022568,2
787652924521214605,https://www.airbnb.com/rooms/787652924521214605,3
788419481654768812,https://www.airbnb.com/rooms/788419481654768812,1
788691758463395369,https://www.airbnb.com/rooms/788691758463395369,1
788737687371456673,https://www.airbnb.com/rooms/788737687371456673,1
789267803832811325,https://www.airbnb.com/rooms/789267803832811325,2
789925889015027116,https://www.airbnb.com/rooms/789925889015027116,2
790113773553304028,https://www.airbnb.com/rooms/790113773553304028,6
790155934388906105,https://www.airbnb.com/rooms/790155934388906105,1
790551685658861778,https://www.airbnb.com/rooms/790551685658861778,1
790681673010497452,https://www.airbnb.com/rooms/790681673010497452,1
790783116312224441,https://www.airbnb.com/rooms/790783116312224441,1
790792254300987216,https://www.airbnb.com/rooms/790792254300987216,1
791327568094914770,https://www.airbnb.com/rooms/791327568094914770,3
791656764104946786,https://www.airbnb.com/rooms/791656764104946786,1
791948010727788012,https://www.airbnb.com/rooms/791948010727788012,4
792666223809702115,https://www.airbnb.com/rooms/792666223809702115,1
792743745251387360,https://www.airbnb.com/rooms/792743745251387360,1
792763468582479423,https://www.airbnb.com/rooms/792763468582479423,1
793497844685387085,https://www.airbnb.com/rooms/793497844685387085,1
794001257218479744,https://www.airbnb.com/rooms/794001257218479744,2
795133663610783386,https://www.airbnb.com/rooms/795133663610783386,4
795671504070218214,https://www.airbnb.com/rooms/795671504070218214,1
795696224510219346,https://www.airbnb.com/rooms/795696224510219346,1
796246303225252459,https://www.airbnb.com/rooms/796246303225252459,2
796691940176785950,https://www.airbnb.com/rooms/796691940176785950,1
797039596633745168,https://www.airbnb.com/rooms/797039596633745168,1
797096274810305865,https://www.airbnb.com/rooms/797096274810305865,6
797159986818826882,https://www.airbnb.com/rooms/797159986818826882,4
797381123926824262,https://www.airbnb.com/rooms/797381123926824262,2
797381216506597981,https://www.airbnb.com/rooms/797381216506597981,3
797807758578853139,https://www.airbnb.com/rooms/797807758578853139,1
797926939096999508,https://www.airbnb.com/rooms/797926939096999508,4
797974471031565193,https://www.airbnb.com/rooms/797974471031565193,1
798525899131625190,https://www.airbnb.com/rooms/798525899131625190,1
798661717099537556,https://www.airbnb.com/rooms/798661717099537556,4
798712999815143920,https://www.airbnb.com/rooms/798712999815143920,2
799588950680381432,https://www.airbnb.com/rooms/799588950680381432,2
799850181945451111,https://www.airbnb.com/rooms/799850181945451111,4
799850203415681614,https://www.airbnb.com/rooms/799850203415681614,1
799850252990756494,https://www.airbnb.com/rooms/799850252990756494,3
800622169890243077,https://www.airbnb.com/rooms/800622169890243077,2
800645969884996807,https://www.airbnb.com/rooms/800645969884996807,4
800664462385506301,https://www.airbnb.com/rooms/800664462385506301,5
800669900924251816,https://www.airbnb.com/rooms/800669900924251816,5
800673380156272019,https://www.airbnb.com/rooms/800673380156272019,5
800823392156256269,https://www.airbnb.com/rooms/800823392156256269,1
800916817698916384,https://www.airbnb.com/rooms/800916817698916384,1
801010560353175164,https://www.airbnb.com/rooms/801010560353175164,1
801326178814430371,https://www.airbnb.com/rooms/801326178814430371,2
801366462177009124,https://www.airbnb.com/rooms/801366462177009124,2
802668745850346654,https://www.airbnb.com/rooms/802668745850346654,2
802673809026795037,https://www.airbnb.com/rooms/802673809026795037,4
802909071638336299,https://www.airbnb.com/rooms/802909071638336299,2
802974670004104080,https://www.airbnb.com/rooms/802974670004104080,2
802980551748033570,https://www.airbnb.com/rooms/802980551748033570,2
803012621184567178,https://www.airbnb.com/rooms/803012621184567178,1
803648586115788271,https://www.airbnb.com/rooms/803648586115788271,8
804415488849197455,https://www.airbnb.com/rooms/804415488849197455,1
804416967049653046,https://www.airbnb.com/rooms/804416967049653046,2
804603662888111510,https://www.airbnb.com/rooms/804603662888111510,1
804683473410674222,https://www.airbnb.com/rooms/804683473410674222,2
805032644235883016,https://www.airbnb.com/rooms/805032644235883016,1
805204976485145466,https://www.airbnb.com/rooms/805204976485145466,1
805217509877365099,https://www.airbnb.com/rooms/805217509877365099,1
805804750165070338,https://www.airbnb.com/rooms/805804750165070338,2
805900214881885114,https://www.airbnb.com/rooms/805900214881885114,2
805902489265878975,https://www.airbnb.com/rooms/805902489265878975,2
805921621071755358,https://www.airbnb.com/rooms/805921621071755358,1
806050451279806229,https://www.airbnb.com/rooms/806050451279806229,2
806585231549358530,https://www.airbnb.com/rooms/806585231549358530,1
806748269006489429,https://www.airbnb.com/rooms/806748269006489429,2
806775540080152613,https://www.airbnb.com/rooms/806775540080152613,2
806811496688059056,https://www.airbnb.com/rooms/806811496688059056,2
806812390374821556,https://www.airbnb.com/rooms/806812390374821556,3
806830742614342977,https://www.airbnb.com/rooms/806830742614342977,2
806839732184608602,https://www.airbnb.com/rooms/806839732184608602,2
806973616384430809,https://www.airbnb.com/rooms/806973616384430809,4
807060623127359731,https://www.airbnb.com/rooms/807060623127359731,1
807163355662802523,https://www.airbnb.com/rooms/807163355662802523,2
807327331025039638,https://www.airbnb.com/rooms/807327331025039638,2
807335738186031717,https://www.airbnb.com/rooms/807335738186031717,4
807557241196895465,https://www.airbnb.com/rooms/807557241196895465,1
807875612523830584,https://www.airbnb.com/rooms/807875612523830584,2
808052974705433462,https://www.airbnb.com/rooms/808052974705433462,2
808738545331568513,https://www.airbnb.com/rooms/808738545331568513,2
808775559060497185,https://www.airbnb.com/rooms/808775559060497185,2
808928674019524777,https://www.airbnb.com/rooms/808928674019524777,1
808988469716996611,https://www.airbnb.com/rooms/808988469716996611,1
809332771622960915,https://www.airbnb.com/rooms/809332771622960915,2
809349061918913385,https://www.airbnb.com/rooms/809349061918913385,2
809359038670980042,https://www.airbnb.com/rooms/809359038670980042,4
809359124314189678,https://www.airbnb.com/rooms/809359124314189678,2
809364234808124672,https://www.airbnb.com/rooms/809364234808124672,2
809365009367088583,https://www.airbnb.com/rooms/809365009367088583,2
809425473813549519,https://www.airbnb.com/rooms/809425473813549519,4
809521118643862790,https://www.airbnb.com/rooms/809521118643862790,1
809727357076230029,https://www.airbnb.com/rooms/809727357076230029,2
809904704470068449,https://www.airbnb.com/rooms/809904704470068449,1
810083216164184536,https://www.airbnb.com/rooms/810083216164184536,2
810215293285236225,https://www.airbnb.com/rooms/810215293285236225,1
810767849304342790,https://www.airbnb.com/rooms/810767849304342790,1
810947787968916353,https://www.airbnb.com/rooms/810947787968916353,1
811066389849846508,https://www.airbnb.com/rooms/811066389849846508,1
811148816301434481,https://www.airbnb.com/rooms/811148816301434481,2
811766604883721670,https://www.airbnb.com/rooms/811766604883721670,1
812254867145548366,https://www.airbnb.com/rooms/812254867145548366,1
812341806053139725,https://www.airbnb.com/rooms/812341806053139725,2
812354613613891316,https://www.airbnb.com/rooms/812354613613891316,1
812391773815297592,https://www.airbnb.com/rooms/812391773815297592,1
812393572985510339,https://www.airbnb.com/rooms/812393572985510339,2
812430634530133743,https://www.airbnb.com/rooms/812430634530133743,4
812448064577512168,https://www.airbnb.com/rooms/812448064577512168,1
813135551828847746,https://www.airbnb.com/rooms/813135551828847746,2
813139795405307933,https://www.airbnb.com/rooms/813139795405307933,2
813340242437237345,https://www.airbnb.com/rooms/813340242437237345,1
813357144000589994,https://www.airbnb.com/rooms/813357144000589994,1
813655266751533814,https://www.airbnb.com/rooms/813655266751533814,1
813746218291245642,https://www.airbnb.com/rooms/813746218291245642,1
813746697775011094,https://www.airbnb.com/rooms/813746697775011094,2
813945042274346008,https://www.airbnb.com/rooms/813945042274346008,2
814018711173929812,https://www.airbnb.com/rooms/814018711173929812,1
814411907416492291,https://www.airbnb.com/rooms/814411907416492291,4
814513361943510175,https://www.airbnb.com/rooms/814513361943510175,3
814673647923084366,https://www.airbnb.com/rooms/814673647923084366,2
815413398248300256,https://www.airbnb.com/rooms/815413398248300256,1
815451622573275410,https://www.airbnb.com/rooms/815451622573275410,1
815868083661634935,https://www.airbnb.com/rooms/815868083661634935,1
815909120786101840,https://www.airbnb.com/rooms/815909120786101840,1
815932122461831847,https://www.airbnb.com/rooms/815932122461831847,4
816013391378010444,https://www.airbnb.com/rooms/816013391378010444,3
816325201836858392,https://www.airbnb.com/rooms/816325201836858392,2
816683245388407893,https://www.airbnb.com/rooms/816683245388407893,3
816923188641446528,https://www.airbnb.com/rooms/816923188641446528,2
817013633667846401,https://www.airbnb.com/rooms/817013633667846401,2
817221271773290014,https://www.airbnb.com/rooms/817221271773290014,1
817316136680367954,https://www.airbnb.com/rooms/817316136680367954,1
817346486310857868,https://www.airbnb.com/rooms/817346486310857868,2
817385797390033328,https://www.airbnb.com/rooms/817385797390033328,2
817437430436898695,https://www.airbnb.com/rooms/817437430436898695,2
817474786391131276,https://www.airbnb.com/rooms/817474786391131276,1
817514595225770144,https://www.airbnb.com/rooms/817514595225770144,1
819110230930114229,https://www.airbnb.com/rooms/819110230930114229,2
819200304449748193,https://www.airbnb.com/rooms/819200304449748193,2
819212502048349736,https://www.airbnb.com/rooms/819212502048349736,2
820342298329257315,https://www.airbnb.com/rooms/820342298329257315,2
820360536324982914,https://www.airbnb.com/rooms/820360536324982914,2
820424657056989439,https://www.airbnb.com/rooms/820424657056989439,1
820480905029736801,https://www.airbnb.com/rooms/820480905029736801,2
820543696751409675,https://www.airbnb.com/rooms/820543696751409675,5
820803130013402978,https://www.airbnb.com/rooms/820803130013402978,1
820914696909631777,https://www.airbnb.com/rooms/820914696909631777,2
821089631469606807,https://www.airbnb.com/rooms/821089631469606807,1
821165685570743915,https://www.airbnb.com/rooms/821165685570743915,1
821229539924168211,https://www.airbnb.com/rooms/821229539924168211,2
821264696646454928,https://www.airbnb.com/rooms/821264696646454928,1
821661496237826181,https://www.airbnb.com/rooms/821661496237826181,1
821667321131941882,https://www.airbnb.com/rooms/821667321131941882,1
821685108709795260,https://www.airbnb.com/rooms/821685108709795260,2
821920860391579159,https://www.airbnb.com/rooms/821920860391579159,1
821927032400560194,https://www.airbnb.com/rooms/821927032400560194,4
822439147615951296,https://www.airbnb.com/rooms/822439147615951296,1
822468235246078364,https://www.airbnb.com/rooms/822468235246078364,4
822654708835929790,https://www.airbnb.com/rooms/822654708835929790,2
823653096775649653,https://www.airbnb.com/rooms/823653096775649653,2
823869114614324061,https://www.airbnb.com/rooms/823869114614324061,1
824002564235077756,https://www.airbnb.com/rooms/824002564235077756,2
824009210646157612,https://www.airbnb.com/rooms/824009210646157612,2
824485185971096553,https://www.airbnb.com/rooms/824485185971096553,5
824624249092369774,https://www.airbnb.com/rooms/824624249092369774,4
824627470406583305,https://www.airbnb.com/rooms/824627470406583305,2
824786750283024296,https://www.airbnb.com/rooms/824786750283024296,4
825535666612168966,https://www.airbnb.com/rooms/825535666612168966,2
826042776906841495,https://www.airbnb.com/rooms/826042776906841495,1
826137465438428731,https://www.airbnb.com/rooms/826137465438428731,1
826255249337202951,https://www.airbnb.com/rooms/826255249337202951,4
826710579333781494,https://www.airbnb.com/rooms/826710579333781494,3
826740916358475676,https://www.airbnb.com/rooms/826740916358475676,1
826809313884051353,https://www.airbnb.com/rooms/826809313884051353,1
826829046420831389,https://www.airbnb.com/rooms/826829046420831389,4
826932514793908124,https://www.airbnb.com/rooms/826932514793908124,2
827564747965703177,https://www.airbnb.com/rooms/827564747965703177,1
827679667826358702,https://www.airbnb.com/rooms/827679667826358702,6
827829130900485969,https://www.airbnb.com/rooms/827829130900485969,2
828140563096022612,https://www.airbnb.com/rooms/828140563096022612,2
828167935533717596,https://www.airbnb.com/rooms/828167935533717596,1
828220011448386019,https://www.airbnb.com/rooms/828220011448386019,1
828398955532139657,https://www.airbnb.com/rooms/828398955532139657,1
828590376619746962,https://www.airbnb.com/rooms/828590376619746962,2
828812590134649741,https://www.airbnb.com/rooms/828812590134649741,1
828978207521498098,https://www.airbnb.com/rooms/828978207521498098,1
829012053562369962,https://www.airbnb.com/rooms/829012053562369962,2
829615082989398649,https://www.airbnb.com/rooms/829615082989398649,2
829649054709714196,https://www.airbnb.com/rooms/829649054709714196,2
829749435393700765,https://www.airbnb.com/rooms/829749435393700765,2
829817689367029998,https://www.airbnb.com/rooms/829817689367029998,2
829931674175101222,https://www.airbnb.com/rooms/829931674175101222,2
830212417586995595,https://www.airbnb.com/rooms/830212417586995595,3
830330654413168745,https://www.airbnb.com/rooms/830330654413168745,1
830436479271428773,https://www.airbnb.com/rooms/830436479271428773,2
830695233106768907,https://www.airbnb.com/rooms/830695233106768907,2
831055275070095410,https://www.airbnb.com/rooms/831055275070095410,1
831079075716592557,https://www.airbnb.com/rooms/831079075716592557,2
831116198672037822,https://www.airbnb.com/rooms/831116198672037822,2
831160777336985313,https://www.airbnb.com/rooms/831160777336985313,1
831414501926494776,https://www.airbnb.com/rooms/831414501926494776,4
831912382153063808,https://www.airbnb.com/rooms/831912382153063808,1
831986113839116594,https://www.airbnb.com/rooms/831986113839116594,2
832150614641137573,https://www.airbnb.com/rooms/832150614641137573,2
832558475844457187,https://www.airbnb.com/rooms/832558475844457187,1
832947581715260474,https://www.airbnb.com/rooms/832947581715260474,1
833211660957921661,https://www.airbnb.com/rooms/833211660957921661,2
833393669331280860,https://www.airbnb.com/rooms/833393669331280860,3
833589325123489395,https://www.airbnb.com/rooms/833589325123489395,1
834223604243960752,https://www.airbnb.com/rooms/834223604243960752,6
834276529219837497,https://www.airbnb.com/rooms/834276529219837497,1
834298751195524301,https://www.airbnb.com/rooms/834298751195524301,3
834712298192043412,https://www.airbnb.com/rooms/834712298192043412,2
834726340126320830,https://www.airbnb.com/rooms/834726340126320830,4
835314130398411911,https://www.airbnb.com/rooms/835314130398411911,2
836188592102188340,https://www.airbnb.com/rooms/836188592102188340,2
836232460321169232,https://www.airbnb.com/rooms/836232460321169232,1
836433590722009133,https://www.airbnb.com/rooms/836433590722009133,1
836582536713465375,https://www.airbnb.com/rooms/836582536713465375,2
836894631497264233,https://www.airbnb.com/rooms/836894631497264233,2
837163117750567429,https://www.airbnb.com/rooms/837163117750567429,4
837265299935378255,https://www.airbnb.com/rooms/837265299935378255,1
837274284984485432,https://www.airbnb.com/rooms/837274284984485432,1
837294048778860254,https://www.airbnb.com/rooms/837294048778860254,2
837299050784596878,https://www.airbnb.com/rooms/837299050784596878,3
837305979623084360,https://www.airbnb.com/rooms/837305979623084360,1
837309724110017782,https://www.airbnb.com/rooms/837309724110017782,3
837557643865236279,https://www.airbnb.com/rooms/837557643865236279,4
837606417427165039,https://www.airbnb.com/rooms/837606417427165039,1
837793328730175301,https://www.airbnb.com/rooms/837793328730175301,1
837800679839392291,https://www.airbnb.com/rooms/837800679839392291,6
837809864810569866,https://www.airbnb.com/rooms/837809864810569866,1
838467684080902054,https://www.airbnb.com/rooms/838467684080902054,3
838494433565867956,https://www.airbnb.com/rooms/838494433565867956,2
838506922560711991,https://www.airbnb.com/rooms/838506922560711991,1
838689074676818894,https://www.airbnb.com/rooms/838689074676818894,6
838772583650080323,https://www.airbnb.com/rooms/838772583650080323,2
839054124040353444,https://www.airbnb.com/rooms/839054124040353444,1
839216289072236653,https://www.airbnb.com/rooms/839216289072236653,4
839825958820293878,https://www.airbnb.com/rooms/839825958820293878,1
839979062665915267,https://www.airbnb.com/rooms/839979062665915267,1
840108453613788196,https://www.airbnb.com/rooms/840108453613788196,2
840108714130464185,https://www.airbnb.com/rooms/840108714130464185,2
840469092451936820,https://www.airbnb.com/rooms/840469092451936820,1
840477794683292635,https://www.airbnb.com/rooms/840477794683292635,4
840485580314483662,https://www.airbnb.com/rooms/840485580314483662,2
840486327946394769,https://www.airbnb.com/rooms/840486327946394769,1
840488267226680318,https://www.airbnb.com/rooms/840488267226680318,1
840494267145470861,https://www.airbnb.com/rooms/840494267145470861,1
840636761701425234,https://www.airbnb.com/rooms/840636761701425234,1
840710786380089095,https://www.airbnb.com/rooms/840710786380089095,1
840758700595279909,https://www.airbnb.com/rooms/840758700595279909,6
840805853522884653,https://www.airbnb.com/rooms/840805853522884653,2
840830137540145526,https://www.airbnb.com/rooms/840830137540145526,2
840926273829781090,https://www.airbnb.com/rooms/840926273829781090,2
841286575531884230,https://www.airbnb.com/rooms/841286575531884230,4
841312017464841126,https://www.airbnb.com/rooms/841312017464841126,2
841363281551743551,https://www.airbnb.com/rooms/841363281551743551,2
841365795889774589,https://www.airbnb.com/rooms/841365795889774589,3
841487938405698774,https://www.airbnb.com/rooms/841487938405698774,3
841571611432939501,https://www.airbnb.com/rooms/841571611432939501,6
841953998445828472,https://www.airbnb.com/rooms/841953998445828472,4
842100348177595821,https://www.airbnb.com/rooms/842100348177595821,2
842177145309461776,https://www.airbnb.com/rooms/842177145309461776,1
842207362445035563,https://www.airbnb.com/rooms/842207362445035563,2
842303790442179793,https://www.airbnb.com/rooms/842303790442179793,6
842664200760564648,https://www.airbnb.com/rooms/842664200760564648,3
842716380572687295,https://www.airbnb.com/rooms/842716380572687295,2
842773545357954239,https://www.airbnb.com/rooms/842773545357954239,2
842773720597962189,https://www.airbnb.com/rooms/842773720597962189,2
842773864137813738,https://www.airbnb.com/rooms/842773864137813738,2
842832610180856120,https://www.airbnb.com/rooms/842832610180856120,2
842834198445063220,https://www.airbnb.com/rooms/842834198445063220,2
842847276192731767,https://www.airbnb.com/rooms/842847276192731767,2
842851543741179815,https://www.airbnb.com/rooms/842851543741179815,1
842927718454576227,https://www.airbnb.com/rooms/842927718454576227,1
842962217967744930,https://www.airbnb.com/rooms/842962217967744930,2
843293229198469651,https://www.airbnb.com/rooms/843293229198469651,2
843345672223944033,https://www.airbnb.com/rooms/843345672223944033,1
843439919318083821,https://www.airbnb.com/rooms/843439919318083821,2
843642956485887048,https://www.airbnb.com/rooms/843642956485887048,2
843655349786359396,https://www.airbnb.com/rooms/843655349786359396,1
843765900951607977,https://www.airbnb.com/rooms/843765900951607977,2
844039229272769748,https://www.airbnb.com/rooms/844039229272769748,4
844161024790161862,https://www.airbnb.com/rooms/844161024790161862,2
844178802271780792,https://www.airbnb.com/rooms/844178802271780792,1
844198837125110871,https://www.airbnb.com/rooms/844198837125110871,3
844261608117114532,https://www.airbnb.com/rooms/844261608117114532,2
844287763394520471,https://www.airbnb.com/rooms/844287763394520471,5
844775289685472816,https://www.airbnb.com/rooms/844775289685472816,1
844892450482490998,https://www.airbnb.com/rooms/844892450482490998,7
844894728189359109,https://www.airbnb.com/rooms/844894728189359109,2
844914193960027293,https://www.airbnb.com/rooms/844914193960027293,2
844944808997006217,https://www.airbnb.com/rooms/844944808997006217,6
844956848425284155,https://www.airbnb.com/rooms/844956848425284155,1
844956919373227514,https://www.airbnb.com/rooms/844956919373227514,1
844957049763974854,https://www.airbnb.com/rooms/844957049763974854,1
844957090802617383,https://www.airbnb.com/rooms/844957090802617383,1
844957198771307681,https://www.airbnb.com/rooms/844957198771307681,1
844957289888057770,https://www.airbnb.com/rooms/844957289888057770,1
844957363128894415,https://www.airbnb.com/rooms/844957363128894415,1
844957435227989210,https://www.airbnb.com/rooms/844957435227989210,1
844957580771428201,https://www.airbnb.com/rooms/844957580771428201,1
844957615074043387,https://www.airbnb.com/rooms/844957615074043387,1
844957735659635400,https://www.airbnb.com/rooms/844957735659635400,1
844957823295281417,https://www.airbnb.com/rooms/844957823295281417,1
844957913053953894,https://www.airbnb.com/rooms/844957913053953894,1
844958018377361427,https://www.airbnb.com/rooms/844958018377361427,1
844958353122801489,https://www.airbnb.com/rooms/844958353122801489,1
844958366547320578,https://www.airbnb.com/rooms/844958366547320578,1
844958371331632852,https://www.airbnb.com/rooms/844958371331632852,1
844958445938803664,https://www.airbnb.com/rooms/844958445938803664,1
844958678279851069,https://www.airbnb.com/rooms/844958678279851069,1
844958678654237533,https://www.airbnb.com/rooms/844958678654237533,1
844958767295578869,https://www.airbnb.com/rooms/844958767295578869,1
844958850176226001,https://www.airbnb.com/rooms/844958850176226001,1
844958938946341788,https://www.airbnb.com/rooms/844958938946341788,1
844959214729660266,https://www.airbnb.com/rooms/844959214729660266,1
844959216081882122,https://www.airbnb.com/rooms/844959216081882122,1
844959224113735602,https://www.airbnb.com/rooms/844959224113735602,1
844959293264278924,https://www.airbnb.com/rooms/844959293264278924,1
844959370029376106,https://www.airbnb.com/rooms/844959370029376106,1
844959440493704150,https://www.airbnb.com/rooms/844959440493704150,1
844959652169052749,https://www.airbnb.com/rooms/844959652169052749,1
844960555678744707,https://www.airbnb.com/rooms/844960555678744707,1
845177281006950196,https://www.airbnb.com/rooms/845177281006950196,2
845197417889042554,https://www.airbnb.com/rooms/845197417889042554,2
845482314221969159,https://www.airbnb.com/rooms/845482314221969159,1
845664339299696937,https://www.airbnb.com/rooms/845664339299696937,1
845713526071930427,https://www.airbnb.com/rooms/845713526071930427,1
845739981489352997,https://www.airbnb.com/rooms/845739981489352997,2
845760861665800487,https://www.airbnb.com/rooms/845760861665800487,4
845893185415409613,https://www.airbnb.com/rooms/845893185415409613,3
846294724096331964,https://www.airbnb.com/rooms/846294724096331964,1
846533538975269247,https://www.airbnb.com/rooms/846533538975269247,2
847892441229588847,https://www.airbnb.com/rooms/847892441229588847,2
848091710225573476,https://www.airbnb.com/rooms/848091710225573476,1
848430947988166218,https://www.airbnb.com/rooms/848430947988166218,5
848741161494843559,https://www.airbnb.com/rooms/848741161494843559,4
848799216664910378,https://www.airbnb.com/rooms/848799216664910378,1
849093336200965418,https://www.airbnb.com/rooms/849093336200965418,2
849518517754188892,https://www.airbnb.com/rooms/849518517754188892,1
849966356070604953,https://www.airbnb.com/rooms/849966356070604953,2
850234814306816507,https://www.airbnb.com/rooms/850234814306816507,5
850943041880480790,https://www.airbnb.com/rooms/850943041880480790,4
850953125760682702,https://www.airbnb.com/rooms/850953125760682702,3
851411887940812062,https://www.airbnb.com/rooms/851411887940812062,4
851489401454714475,https://www.airbnb.com/rooms/851489401454714475,2
851756409701896055,https://www.airbnb.com/rooms/851756409701896055,1
852163990505629235,https://www.airbnb.com/rooms/852163990505629235,1
852278273217046563,https://www.airbnb.com/rooms/852278273217046563,2
852838610583786695,https://www.airbnb.com/rooms/852838610583786695,1
852906644099431649,https://www.airbnb.com/rooms/852906644099431649,1
853084842779149733,https://www.airbnb.com/rooms/853084842779149733,1
853133255217880886,https://www.airbnb.com/rooms/853133255217880886,2
853580543123717618,https://www.airbnb.com/rooms/853580543123717618,1
853715106227916472,https://www.airbnb.com/rooms/853715106227916472,1
853715915321402710,https://www.airbnb.com/rooms/853715915321402710,2
853848524578753977,https://www.airbnb.com/rooms/853848524578753977,1
854242463291230948,https://www.airbnb.com/rooms/854242463291230948,2
854344343822951255,https://www.airbnb.com/rooms/854344343822951255,1
854345272833930897,https://www.airbnb.com/rooms/854345272833930897,1
854345287184249350,https://www.airbnb.com/rooms/854345287184249350,1
854345788191857434,https://www.airbnb.com/rooms/854345788191857434,1
854345884562823154,https://www.airbnb.com/rooms/854345884562823154,1
854346008102830968,https://www.airbnb.com/rooms/854346008102830968,1
854346558461224389,https://www.airbnb.com/rooms/854346558461224389,1
854346664543569972,https://www.airbnb.com/rooms/854346664543569972,1
854346834290244897,https://www.airbnb.com/rooms/854346834290244897,1
854518825548482825,https://www.airbnb.com/rooms/854518825548482825,2
855085076438509764,https://www.airbnb.com/rooms/855085076438509764,1
855782784648139934,https://www.airbnb.com/rooms/855782784648139934,2
855989829979419753,https://www.airbnb.com/rooms/855989829979419753,5
856428098347590510,https://www.airbnb.com/rooms/856428098347590510,2
856456166087960686,https://www.airbnb.com/rooms/856456166087960686,2
856675294255509291,https://www.airbnb.com/rooms/856675294255509291,2
856813646246232808,https://www.airbnb.com/rooms/856813646246232808,2
857282807955259397,https://www.airbnb.com/rooms/857282807955259397,2
857306135724187635,https://www.airbnb.com/rooms/857306135724187635,1
857318953215202505,https://www.airbnb.com/rooms/857318953215202505,2
857340947783475806,https://www.airbnb.com/rooms/857340947783475806,2
857895687050303274,https://www.airbnb.com/rooms/857895687050303274,4
858569054722677684,https://www.airbnb.com/rooms/858569054722677684,1
858623562052793174,https://www.airbnb.com/rooms/858623562052793174,4
858637867168746631,https://www.airbnb.com/rooms/858637867168746631,1
859165572556396940,https://www.airbnb.com/rooms/859165572556396940,1
859216633846254878,https://www.airbnb.com/rooms/859216633846254878,1
859463597569315339,https://www.airbnb.com/rooms/859463597569315339,7
859952031812812619,https://www.airbnb.com/rooms/859952031812812619,1
860138863116299478,https://www.airbnb.com/rooms/860138863116299478,2
861043931901707546,https://www.airbnb.com/rooms/861043931901707546,2
861484240066775185,https://www.airbnb.com/rooms/861484240066775185,1
861538012412425327,https://www.airbnb.com/rooms/861538012412425327,2
861631196432958402,https://www.airbnb.com/rooms/861631196432958402,2
861748382551055399,https://www.airbnb.com/rooms/861748382551055399,9
861751093955175775,https://www.airbnb.com/rooms/861751093955175775,2
861841995115380430,https://www.airbnb.com/rooms/861841995115380430,9
862381570057674830,https://www.airbnb.com/rooms/862381570057674830,4
863769694473516328,https://www.airbnb.com/rooms/863769694473516328,1
863794508178246266,https://www.airbnb.com/rooms/863794508178246266,1
863812810280866705,https://www.airbnb.com/rooms/863812810280866705,4
864638323922330066,https://www.airbnb.com/rooms/864638323922330066,2
864847604124565803,https://www.airbnb.com/rooms/864847604124565803,1
865344034656618510,https://www.airbnb.com/rooms/865344034656618510,2
865385067735720030,https://www.airbnb.com/rooms/865385067735720030,5
866574694381082606,https://www.airbnb.com/rooms/866574694381082606,1
866869994217583860,https://www.airbnb.com/rooms/866869994217583860,2
866871431286827183,https://www.airbnb.com/rooms/866871431286827183,2
866874410109347072,https://www.airbnb.com/rooms/866874410109347072,2
866883128607989541,https://www.airbnb.com/rooms/866883128607989541,2
866883598621248150,https://www.airbnb.com/rooms/866883598621248150,2
867285036056943855,https://www.airbnb.com/rooms/867285036056943855,4
867452086315647848,https://www.airbnb.com/rooms/867452086315647848,1
867464101080670861,https://www.airbnb.com/rooms/867464101080670861,2
867579611782687206,https://www.airbnb.com/rooms/867579611782687206,4
867746411344715329,https://www.airbnb.com/rooms/867746411344715329,3
867751086239583943,https://www.airbnb.com/rooms/867751086239583943,1
867948510887809841,https://www.airbnb.com/rooms/867948510887809841,1
867993466326359873,https://www.airbnb.com/rooms/867993466326359873,1
868057383232928697,https://www.airbnb.com/rooms/868057383232928697,1
868089553442641006,https://www.airbnb.com/rooms/868089553442641006,1
868089881659783749,https://www.airbnb.com/rooms/868089881659783749,1
868131911122777998,https://www.airbnb.com/rooms/868131911122777998,1
868630470918063876,https://www.airbnb.com/rooms/868630470918063876,3
869147481912942422,https://www.airbnb.com/rooms/869147481912942422,4
869252456507432694,https://www.airbnb.com/rooms/869252456507432694,1
869477113588940916,https://www.airbnb.com/rooms/869477113588940916,2
869545390456753971,https://www.airbnb.com/rooms/869545390456753971,2
869757147462471510,https://www.airbnb.com/rooms/869757147462471510,1
870290900551469456,https://www.airbnb.com/rooms/870290900551469456,2
871597437429073589,https://www.airbnb.com/rooms/871597437429073589,1
871598253766961335,https://www.airbnb.com/rooms/871598253766961335,1
871602118838299060,https://www.airbnb.com/rooms/871602118838299060,1
872448567785960734,https://www.airbnb.com/rooms/872448567785960734,2
872528539143545807,https://www.airbnb.com/rooms/872528539143545807,1
873022378383462334,https://www.airbnb.com/rooms/873022378383462334,2
873377859110902021,https://www.airbnb.com/rooms/873377859110902021,1
873717678418395431,https://www.airbnb.com/rooms/873717678418395431,1
873745857241010524,https://www.airbnb.com/rooms/873745857241010524,1
873747536060784389,https://www.airbnb.com/rooms/873747536060784389,1
873991879205407217,https://www.airbnb.com/rooms/873991879205407217,4
874038627364388309,https://www.airbnb.com/rooms/874038627364388309,3
874172056663233580,https://www.airbnb.com/rooms/874172056663233580,3
874529398340045903,https://www.airbnb.com/rooms/874529398340045903,2
874876720230650818,https://www.airbnb.com/rooms/874876720230650818,2
874979421877456499,https://www.airbnb.com/rooms/874979421877456499,1
875313122499747700,https://www.airbnb.com/rooms/875313122499747700,2
876215470671846919,https://www.airbnb.com/rooms/876215470671846919,1
876221119640027535,https://www.airbnb.com/rooms/876221119640027535,1
876794503835262939,https://www.airbnb.com/rooms/876794503835262939,2
876845728353360598,https://www.airbnb.com/rooms/876845728353360598,4
877328958940279373,https://www.airbnb.com/rooms/877328958940279373,1
877632000094753223,https://www.airbnb.com/rooms/877632000094753223,4
878009455420959707,https://www.airbnb.com/rooms/878009455420959707,1
878129459060139239,https://www.airbnb.com/rooms/878129459060139239,2
878173749801630145,https://www.airbnb.com/rooms/878173749801630145,2
878177785553662687,https://www.airbnb.com/rooms/878177785553662687,1
878498998200234423,https://www.airbnb.com/rooms/878498998200234423,2
878861948042755604,https://www.airbnb.com/rooms/878861948042755604,7
878924750403373870,https://www.airbnb.com/rooms/878924750403373870,1
878982935488911339,https://www.airbnb.com/rooms/878982935488911339,2
879082393748992449,https://www.airbnb.com/rooms/879082393748992449,2
879183513460027146,https://www.airbnb.com/rooms/879183513460027146,2
879233447196605697,https://www.airbnb.com/rooms/879233447196605697,1
879276295039459639,https://www.airbnb.com/rooms/879276295039459639,1
879566239445267454,https://www.airbnb.com/rooms/879566239445267454,2
879754766022298029,https://www.airbnb.com/rooms/879754766022298029,1
879770624530949892,https://www.airbnb.com/rooms/879770624530949892,1
879774083309078454,https://www.airbnb.com/rooms/879774083309078454,1
879836215286505596,https://www.airbnb.com/rooms/879836215286505596,1
879998231755231188,https://www.airbnb.com/rooms/879998231755231188,1
880630678586529198,https://www.airbnb.com/rooms/880630678586529198,2
880980965738672006,https://www.airbnb.com/rooms/880980965738672006,1
881285171992499319,https://www.airbnb.com/rooms/881285171992499319,2
881292429630085567,https://www.airbnb.com/rooms/881292429630085567,2
881378472170088915,https://www.airbnb.com/rooms/881378472170088915,4
881892845255138214,https://www.airbnb.com/rooms/881892845255138214,6
882453204830579060,https://www.airbnb.com/rooms/882453204830579060,4
883326621143681776,https://www.airbnb.com/rooms/883326621143681776,2
883341430832707838,https://www.airbnb.com/rooms/883341430832707838,1
883393628922567060,https://www.airbnb.com/rooms/883393628922567060,2
883508752727727129,https://www.airbnb.com/rooms/883508752727727129,1
883700098525058042,https://www.airbnb.com/rooms/883700098525058042,1
883862309889461087,https://www.airbnb.com/rooms/883862309889461087,2
883905166738559996,https://www.airbnb.com/rooms/883905166738559996,2
883926422471552052,https://www.airbnb.com/rooms/883926422471552052,2
883997727619673937,https://www.airbnb.com/rooms/883997727619673937,2
884028416652584579,https://www.airbnb.com/rooms/884028416652584579,2
884053950341707573,https://www.airbnb.com/rooms/884053950341707573,3
884750654112406795,https://www.airbnb.com/rooms/884750654112406795,2
884790236976637392,https://www.airbnb.com/rooms/884790236976637392,1
884846307012755143,https://www.airbnb.com/rooms/884846307012755143,2
885551494547107839,https://www.airbnb.com/rooms/885551494547107839,4
885576490276220840,https://www.airbnb.com/rooms/885576490276220840,1
885821673462028741,https://www.airbnb.com/rooms/885821673462028741,2
886153177765379764,https://www.airbnb.com/rooms/886153177765379764,2
886293571693795002,https://www.airbnb.com/rooms/886293571693795002,2
886361426182934931,https://www.airbnb.com/rooms/886361426182934931,1
886439809961041632,https://www.airbnb.com/rooms/886439809961041632,3
886441688646731858,https://www.airbnb.com/rooms/886441688646731858,3
886962321505630800,https://www.airbnb.com/rooms/886962321505630800,1
886985417995820479,https://www.airbnb.com/rooms/886985417995820479,1
887004639380466573,https://www.airbnb.com/rooms/887004639380466573,1
887106969612668805,https://www.airbnb.com/rooms/887106969612668805,6
887127935465298928,https://www.airbnb.com/rooms/887127935465298928,1
887136921023671686,https://www.airbnb.com/rooms/887136921023671686,1
887141011699508963,https://www.airbnb.com/rooms/887141011699508963,1
887596871382493445,https://www.airbnb.com/rooms/887596871382493445,1
887623092820907979,https://www.airbnb.com/rooms/887623092820907979,4
887715979697322311,https://www.airbnb.com/rooms/887715979697322311,2
888322130123945208,https://www.airbnb.com/rooms/888322130123945208,2
888451780277101824,https://www.airbnb.com/rooms/888451780277101824,1
888676788500053420,https://www.airbnb.com/rooms/888676788500053420,2
889127826959185349,https://www.airbnb.com/rooms/889127826959185349,1
889163445356354340,https://www.airbnb.com/rooms/889163445356354340,1
889178807316459096,https://www.airbnb.com/rooms/889178807316459096,4
889312543170614826,https://www.airbnb.com/rooms/889312543170614826,1
889361287718354467,https://www.airbnb.com/rooms/889361287718354467,2
889823843746577265,https://www.airbnb.com/rooms/889823843746577265,6
889831767371295908,https://www.airbnb.com/rooms/889831767371295908,4
889836517853642716,https://www.airbnb.com/rooms/889836517853642716,4
889838074137427349,https://www.airbnb.com/rooms/889838074137427349,6
889838945551906618,https://www.airbnb.com/rooms/889838945551906618,4
889840172523367752,https://www.airbnb.com/rooms/889840172523367752,4
889841572585748905,https://www.airbnb.com/rooms/889841572585748905,4
889842672719878715,https://www.airbnb.com/rooms/889842672719878715,4
889843382811703189,https://www.airbnb.com/rooms/889843382811703189,2
889847960393918046,https://www.airbnb.com/rooms/889847960393918046,2
890140307593465416,https://www.airbnb.com/rooms/890140307593465416,1
891915265650774184,https://www.airbnb.com/rooms/891915265650774184,2
892035383598437880,https://www.airbnb.com/rooms/892035383598437880,2
892275662289742522,https://www.airbnb.com/rooms/892275662289742522,1
892324925583826002,https://www.airbnb.com/rooms/892324925583826002,2
892325433086903738,https://www.airbnb.com/rooms/892325433086903738,3
893077143476783208,https://www.airbnb.com/rooms/893077143476783208,1
893658140681471666,https://www.airbnb.com/rooms/893658140681471666,2
893778772774829889,https://www.airbnb.com/rooms/893778772774829889,2
893796482705813366,https://www.airbnb.com/rooms/893796482705813366,2
894950434348142244,https://www.airbnb.com/rooms/894950434348142244,1
895001500692426272,https://www.airbnb.com/rooms/895001500692426272,2
895568935431123220,https://www.airbnb.com/rooms/895568935431123220,1
895682396928370349,https://www.airbnb.com/rooms/895682396928370349,2
895953571577622141,https://www.airbnb.com/rooms/895953571577622141,1
896246232768074745,https://www.airbnb.com/rooms/896246232768074745,1
896457078841033405,https://www.airbnb.com/rooms/896457078841033405,2
897299327507683131,https://www.airbnb.com/rooms/897299327507683131,2
897337157213588308,https://www.airbnb.com/rooms/897337157213588308,1
897403249027600780,https://www.airbnb.com/rooms/897403249027600780,2
897847033999253671,https://www.airbnb.com/rooms/897847033999253671,1
897858734207998629,https://www.airbnb.com/rooms/897858734207998629,1
897882153628352329,https://www.airbnb.com/rooms/897882153628352329,4
897893856058704665,https://www.airbnb.com/rooms/897893856058704665,2
898085182920422843,https://www.airbnb.com/rooms/898085182920422843,1
898326151808583064,https://www.airbnb.com/rooms/898326151808583064,1
898632299628709844,https://www.airbnb.com/rooms/898632299628709844,1
899176450030962781,https://www.airbnb.com/rooms/899176450030962781,1
899242050573007932,https://www.airbnb.com/rooms/899242050573007932,1
899246375934524481,https://www.airbnb.com/rooms/899246375934524481,1
899251432480453028,https://www.airbnb.com/rooms/899251432480453028,2
899296976223154209,https://www.airbnb.com/rooms/899296976223154209,1
899362834143821015,https://www.airbnb.com/rooms/899362834143821015,1
899423553149566617,https://www.airbnb.com/rooms/899423553149566617,1
899702904715465026,https://www.airbnb.com/rooms/899702904715465026,4
899986525189066397,https://www.airbnb.com/rooms/899986525189066397,4
900365799478240505,https://www.airbnb.com/rooms/900365799478240505,1
901329873791095582,https://www.airbnb.com/rooms/901329873791095582,2
901384966564355316,https://www.airbnb.com/rooms/901384966564355316,2
902731812547727131,https://www.airbnb.com/rooms/902731812547727131,2
903469734984199715,https://www.airbnb.com/rooms/903469734984199715,6
903573921194199823,https://www.airbnb.com/rooms/903573921194199823,6
903605317681531843,https://www.airbnb.com/rooms/903605317681531843,3
903821937404103339,https://www.airbnb.com/rooms/903821937404103339,1
904459296502037066,https://www.airbnb.com/rooms/904459296502037066,2
904506648473336393,https://www.airbnb.com/rooms/904506648473336393,8
905879107026581507,https://www.airbnb.com/rooms/905879107026581507,2
906056039704056620,https://www.airbnb.com/rooms/906056039704056620,1
906065157270891179,https://www.airbnb.com/rooms/906065157270891179,1
906610606216821564,https://www.airbnb.com/rooms/906610606216821564,2
906647748994782104,https://www.airbnb.com/rooms/906647748994782104,2
907139134365722051,https://www.airbnb.com/rooms/907139134365722051,4
907173758958000820,https://www.airbnb.com/rooms/907173758958000820,2
907181268311977914,https://www.airbnb.com/rooms/907181268311977914,1
907325193796955083,https://www.airbnb.com/rooms/907325193796955083,1
907558987028234034,https://www.airbnb.com/rooms/907558987028234034,2
907925996822104083,https://www.airbnb.com/rooms/907925996822104083,4
907929007782928366,https://www.airbnb.com/rooms/907929007782928366,3
907953569449143361,https://www.airbnb.com/rooms/907953569449143361,4
907957919962151833,https://www.airbnb.com/rooms/907957919962151833,4
908032557628200466,https://www.airbnb.com/rooms/908032557628200466,2
908214090411791330,https://www.airbnb.com/rooms/908214090411791330,1
908762743782240224,https://www.airbnb.com/rooms/908762743782240224,2
908772901916066255,https://www.airbnb.com/rooms/908772901916066255,1
908775535115422115,https://www.airbnb.com/rooms/908775535115422115,2
908963094317491695,https://www.airbnb.com/rooms/908963094317491695,2
908974324394877285,https://www.airbnb.com/rooms/908974324394877285,4
909023082555332917,https://www.airbnb.com/rooms/909023082555332917,2
909464016694444028,https://www.airbnb.com/rooms/909464016694444028,1
909474755638784868,https://www.airbnb.com/rooms/909474755638784868,1
909498481841918236,https://www.airbnb.com/rooms/909498481841918236,1
909568535742294891,https://www.airbnb.com/rooms/909568535742294891,2
910073232842604297,https://www.airbnb.com/rooms/910073232842604297,2
910306480836536449,https://www.airbnb.com/rooms/910306480836536449,2
910361024189460104,https://www.airbnb.com/rooms/910361024189460104,4
910418052189357102,https://www.airbnb.com/rooms/910418052189357102,3
910436535209189174,https://www.airbnb.com/rooms/910436535209189174,1
910798358925021746,https://www.airbnb.com/rooms/910798358925021746,6
910805544936414910,https://www.airbnb.com/rooms/910805544936414910,1
910841842049872479,https://www.airbnb.com/rooms/910841842049872479,1
911526160158630616,https://www.airbnb.com/rooms/911526160158630616,1
911727892958684405,https://www.airbnb.com/rooms/911727892958684405,1
911899670641124334,https://www.airbnb.com/rooms/911899670641124334,3
911908328118815356,https://www.airbnb.com/rooms/911908328118815356,3
911913725309961295,https://www.airbnb.com/rooms/911913725309961295,3
912158436359608796,https://www.airbnb.com/rooms/912158436359608796,2
912229130286757242,https://www.airbnb.com/rooms/912229130286757242,2
912261845426641555,https://www.airbnb.com/rooms/912261845426641555,2
912297678111885277,https://www.airbnb.com/rooms/912297678111885277,2
912299184800149774,https://www.airbnb.com/rooms/912299184800149774,2
912301221602028827,https://www.airbnb.com/rooms/912301221602028827,2
912390824709429707,https://www.airbnb.com/rooms/912390824709429707,1
912421644932986908,https://www.airbnb.com/rooms/912421644932986908,1
912472106939073461,https://www.airbnb.com/rooms/912472106939073461,2
912881220845867915,https://www.airbnb.com/rooms/912881220845867915,2
913011376998032062,https://www.airbnb.com/rooms/913011376998032062,4
913045670974791485,https://www.airbnb.com/rooms/913045670974791485,4
913286679360069004,https://www.airbnb.com/rooms/913286679360069004,2
913298726884707929,https://www.airbnb.com/rooms/913298726884707929,2
913876911245402242,https://www.airbnb.com/rooms/913876911245402242,5
913955118542961914,https://www.airbnb.com/rooms/913955118542961914,1
913999278114826285,https://www.airbnb.com/rooms/913999278114826285,1
914383561057381842,https://www.airbnb.com/rooms/914383561057381842,1
914467758332610526,https://www.airbnb.com/rooms/914467758332610526,1
914472756470543955,https://www.airbnb.com/rooms/914472756470543955,1
914476923884286763,https://www.airbnb.com/rooms/914476923884286763,1
914538245222488988,https://www.airbnb.com/rooms/914538245222488988,1
914644782282268217,https://www.airbnb.com/rooms/914644782282268217,4
914667450966638398,https://www.airbnb.com/rooms/914667450966638398,2
914773207916816087,https://www.airbnb.com/rooms/914773207916816087,2
915091230393878619,https://www.airbnb.com/rooms/915091230393878619,4
915275072049552161,https://www.airbnb.com/rooms/915275072049552161,4
915949349413225423,https://www.airbnb.com/rooms/915949349413225423,2
915980469972640197,https://www.airbnb.com/rooms/915980469972640197,1
916018436666385767,https://www.airbnb.com/rooms/916018436666385767,4
916019219926076146,https://www.airbnb.com/rooms/916019219926076146,2
916850530394341306,https://www.airbnb.com/rooms/916850530394341306,2
916885133542280060,https://www.airbnb.com/rooms/916885133542280060,2
917408976977542029,https://www.airbnb.com/rooms/917408976977542029,2
917421303045220962,https://www.airbnb.com/rooms/917421303045220962,2
917990396419144836,https://www.airbnb.com/rooms/917990396419144836,2
918125230616910945,https://www.airbnb.com/rooms/918125230616910945,1
918274230145158068,https://www.airbnb.com/rooms/918274230145158068,1
918797649373351083,https://www.airbnb.com/rooms/918797649373351083,2
918799874292629617,https://www.airbnb.com/rooms/918799874292629617,2
918801381955878849,https://www.airbnb.com/rooms/918801381955878849,2
918978409468156188,https://www.airbnb.com/rooms/918978409468156188,2
919072195873658752,https://www.airbnb.com/rooms/919072195873658752,1
919447076472644922,https://www.airbnb.com/rooms/919447076472644922,1
919672320705687051,https://www.airbnb.com/rooms/919672320705687051,1
919680873877915188,https://www.airbnb.com/rooms/919680873877915188,1
919850725493166224,https://www.airbnb.com/rooms/919850725493166224,2
919900024798552575,https://www.airbnb.com/rooms/919900024798552575,2
920267072649379953,https://www.airbnb.com/rooms/920267072649379953,1
920267763216260859,https://www.airbnb.com/rooms/920267763216260859,2
920303088613976474,https://www.airbnb.com/rooms/920303088613976474,3
920386301471124900,https://www.airbnb.com/rooms/920386301471124900,1
920473904952326168,https://www.airbnb.com/rooms/920473904952326168,1
920849262163364775,https://www.airbnb.com/rooms/920849262163364775,1
920910010921944265,https://www.airbnb.com/rooms/920910010921944265,2
921075460388882910,https://www.airbnb.com/rooms/921075460388882910,2
921694408296437467,https://www.airbnb.com/rooms/921694408296437467,2
921823946273830259,https://www.airbnb.com/rooms/921823946273830259,2
921978188580415809,https://www.airbnb.com/rooms/921978188580415809,2
922419141539122125,https://www.airbnb.com/rooms/922419141539122125,4
922435792129950355,https://www.airbnb.com/rooms/922435792129950355,1
922470576401298016,https://www.airbnb.com/rooms/922470576401298016,2
922531638511440153,https://www.airbnb.com/rooms/922531638511440153,6
922540031379464565,https://www.airbnb.com/rooms/922540031379464565,9
922731322299590177,https://www.airbnb.com/rooms/922731322299590177,1
922780233270245870,https://www.airbnb.com/rooms/922780233270245870,1
923067885238730017,https://www.airbnb.com/rooms/923067885238730017,4
923233006059120566,https://www.airbnb.com/rooms/923233006059120566,1
923265042339136215,https://www.airbnb.com/rooms/923265042339136215,1
923744644322963438,https://www.airbnb.com/rooms/923744644322963438,2
923858056299555801,https://www.airbnb.com/rooms/923858056299555801,4
923923263726208179,https://www.airbnb.com/rooms/923923263726208179,2
924472814795966986,https://www.airbnb.com/rooms/924472814795966986,1
924836539841761860,https://www.airbnb.com/rooms/924836539841761860,2
924896854835945058,https://www.airbnb.com/rooms/924896854835945058,2
924914421979711370,https://www.airbnb.com/rooms/924914421979711370,1
925434215793470503,https://www.airbnb.com/rooms/925434215793470503,1
925896424191418887,https://www.airbnb.com/rooms/925896424191418887,4
926123903119304723,https://www.airbnb.com/rooms/926123903119304723,2
926333430920180750,https://www.airbnb.com/rooms/926333430920180750,2
926470707882227973,https://www.airbnb.com/rooms/926470707882227973,3
926500164008169951,https://www.airbnb.com/rooms/926500164008169951,2
926500328290398955,https://www.airbnb.com/rooms/926500328290398955,2
926501872224839113,https://www.airbnb.com/rooms/926501872224839113,4
926502068591738988,https://www.airbnb.com/rooms/926502068591738988,4
926502223201459234,https://www.airbnb.com/rooms/926502223201459234,4
926817821943074259,https://www.airbnb.com/rooms/926817821943074259,2
927132224260958514,https://www.airbnb.com/rooms/927132224260958514,2
927528931986460213,https://www.airbnb.com/rooms/927528931986460213,4
927544677272429698,https://www.airbnb.com/rooms/927544677272429698,4
927649202624299394,https://www.airbnb.com/rooms/927649202624299394,1
927757766818864141,https://www.airbnb.com/rooms/927757766818864141,2
928215727974891041,https://www.airbnb.com/rooms/928215727974891041,4
928482143870379839,https://www.airbnb.com/rooms/928482143870379839,1
929056006339989028,https://www.airbnb.com/rooms/929056006339989028,5
929262470802436410,https://www.airbnb.com/rooms/929262470802436410,1
929633442251717895,https://www.airbnb.com/rooms/929633442251717895,2
929639747887634076,https://www.airbnb.com/rooms/929639747887634076,2
929642844093806630,https://www.airbnb.com/rooms/929642844093806630,2
929645196777930654,https://www.airbnb.com/rooms/929645196777930654,2
929647511839545360,https://www.airbnb.com/rooms/929647511839545360,2
929653380814104222,https://www.airbnb.com/rooms/929653380814104222,2
929692591997420534,https://www.airbnb.com/rooms/929692591997420534,6
930484279069778514,https://www.airbnb.com/rooms/930484279069778514,1
930672227013704916,https://www.airbnb.com/rooms/930672227013704916,2
930763993872534893,https://www.airbnb.com/rooms/930763993872534893,1
931359564760796933,https://www.airbnb.com/rooms/931359564760796933,4
931382498220036058,https://www.airbnb.com/rooms/931382498220036058,2
931889485284517841,https://www.airbnb.com/rooms/931889485284517841,3
932533594015694629,https://www.airbnb.com/rooms/932533594015694629,2
932560652468320061,https://www.airbnb.com/rooms/932560652468320061,1
932737697004781000,https://www.airbnb.com/rooms/932737697004781000,2
933166121187528620,https://www.airbnb.com/rooms/933166121187528620,1
933428459701039147,https://www.airbnb.com/rooms/933428459701039147,2
933494526806232436,https://www.airbnb.com/rooms/933494526806232436,2
933938454811929678,https://www.airbnb.com/rooms/933938454811929678,1
934009195851188171,https://www.airbnb.com/rooms/934009195851188171,2
934647615884508129,https://www.airbnb.com/rooms/934647615884508129,1
934844930597445199,https://www.airbnb.com/rooms/934844930597445199,2
934990042170037687,https://www.airbnb.com/rooms/934990042170037687,2
935410309079293746,https://www.airbnb.com/rooms/935410309079293746,1
935505612040052675,https://www.airbnb.com/rooms/935505612040052675,4
936155237241130185,https://www.airbnb.com/rooms/936155237241130185,2
936567418577641231,https://www.airbnb.com/rooms/936567418577641231,2
936877242454859749,https://www.airbnb.com/rooms/936877242454859749,4
937043380014330192,https://www.airbnb.com/rooms/937043380014330192,2
937236426501290332,https://www.airbnb.com/rooms/937236426501290332,1
937279156922082387,https://www.airbnb.com/rooms/937279156922082387,1
937595726620426069,https://www.airbnb.com/rooms/937595726620426069,2
937937861893904407,https://www.airbnb.com/rooms/937937861893904407,1
938080331365425096,https://www.airbnb.com/rooms/938080331365425096,1
938324375693698946,https://www.airbnb.com/rooms/938324375693698946,2
938491338628503968,https://www.airbnb.com/rooms/938491338628503968,2
938662628854674618,https://www.airbnb.com/rooms/938662628854674618,2
938701056789201739,https://www.airbnb.com/rooms/938701056789201739,4
939111654898550921,https://www.airbnb.com/rooms/939111654898550921,2
939173118093931690,https://www.airbnb.com/rooms/939173118093931690,1
939313902102207704,https://www.airbnb.com/rooms/939313902102207704,3
939842203198381785,https://www.airbnb.com/rooms/939842203198381785,2
940067286975978900,https://www.airbnb.com/rooms/940067286975978900,2
940080368630365283,https://www.airbnb.com/rooms/940080368630365283,2
940111911717503984,https://www.airbnb.com/rooms/940111911717503984,2
940640185996726955,https://www.airbnb.com/rooms/940640185996726955,1
940716993891673551,https://www.airbnb.com/rooms/940716993891673551,1
940996765544943075,https://www.airbnb.com/rooms/940996765544943075,1
941278519768075072,https://www.airbnb.com/rooms/941278519768075072,1
941315779146619027,https://www.airbnb.com/rooms/941315779146619027,2
941320254249368836,https://www.airbnb.com/rooms/941320254249368836,1
941967334650198927,https://www.airbnb.com/rooms/941967334650198927,4
942611597190938705,https://www.airbnb.com/rooms/942611597190938705,2
942752555870381385,https://www.airbnb.com/rooms/942752555870381385,3
942765077604570288,https://www.airbnb.com/rooms/942765077604570288,1
942806692851888109,https://www.airbnb.com/rooms/942806692851888109,2
943410339390077830,https://www.airbnb.com/rooms/943410339390077830,2
943491271303788784,https://www.airbnb.com/rooms/943491271303788784,1
943533987501965652,https://www.airbnb.com/rooms/943533987501965652,1
943543081962379704,https://www.airbnb.com/rooms/943543081962379704,2
943586359652370606,https://www.airbnb.com/rooms/943586359652370606,3
944130011875982256,https://www.airbnb.com/rooms/944130011875982256,4
944195529411134199,https://www.airbnb.com/rooms/944195529411134199,2
944473812226255890,https://www.airbnb.com/rooms/944473812226255890,1
944822388627180674,https://www.airbnb.com/rooms/944822388627180674,2
944845844797113255,https://www.airbnb.com/rooms/944845844797113255,2
944906265566751368,https://www.airbnb.com/rooms/944906265566751368,1
944997442801467792,https://www.airbnb.com/rooms/944997442801467792,2
945976431852906175,https://www.airbnb.com/rooms/945976431852906175,2
946305944578941038,https://www.airbnb.com/rooms/946305944578941038,2
947212669703405088,https://www.airbnb.com/rooms/947212669703405088,4
947917333022430377,https://www.airbnb.com/rooms/947917333022430377,12
947938807609755720,https://www.airbnb.com/rooms/947938807609755720,1
947945247165173388,https://www.airbnb.com/rooms/947945247165173388,2
947955129034892684,https://www.airbnb.com/rooms/947955129034892684,1
948100349598297355,https://www.airbnb.com/rooms/948100349598297355,4
948110367013568677,https://www.airbnb.com/rooms/948110367013568677,2
948116820220969536,https://www.airbnb.com/rooms/948116820220969536,2
948614405338015795,https://www.airbnb.com/rooms/948614405338015795,1
948784858454864250,https://www.airbnb.com/rooms/948784858454864250,2
948826280110534391,https://www.airbnb.com/rooms/948826280110534391,2
948847856504707540,https://www.airbnb.com/rooms/948847856504707540,2
949071952369378793,https://www.airbnb.com/rooms/949071952369378793,1
949567716033311898,https://www.airbnb.com/rooms/949567716033311898,2
949747871663637142,https://www.airbnb.com/rooms/949747871663637142,2
949933495136419342,https://www.airbnb.com/rooms/949933495136419342,2
950067656786826757,https://www.airbnb.com/rooms/950067656786826757,1
950175115222103038,https://www.airbnb.com/rooms/950175115222103038,2
950325003024820564,https://www.airbnb.com/rooms/950325003024820564,2
950698238128190216,https://www.airbnb.com/rooms/950698238128190216,2
951639085484720168,https://www.airbnb.com/rooms/951639085484720168,6
951718097261923757,https://www.airbnb.com/rooms/951718097261923757,3
952139812670773518,https://www.airbnb.com/rooms/952139812670773518,3
952207404339593790,https://www.airbnb.com/rooms/952207404339593790,2
952269268433068062,https://www.airbnb.com/rooms/952269268433068062,2
952337501615774074,https://www.airbnb.com/rooms/952337501615774074,2
952831627807153062,https://www.airbnb.com/rooms/952831627807153062,2
952835413316601683,https://www.airbnb.com/rooms/952835413316601683,1
952864123860907130,https://www.airbnb.com/rooms/952864123860907130,2
952982541156155649,https://www.airbnb.com/rooms/952982541156155649,2
953006859008671713,https://www.airbnb.com/rooms/953006859008671713,1
953031442799564169,https://www.airbnb.com/rooms/953031442799564169,1
953151281148022785,https://www.airbnb.com/rooms/953151281148022785,2
953197178536311679,https://www.airbnb.com/rooms/953197178536311679,2
953790421313134013,https://www.airbnb.com/rooms/953790421313134013,2
953843790329551804,https://www.airbnb.com/rooms/953843790329551804,2
954271179167926832,https://www.airbnb.com/rooms/954271179167926832,1
954323894674447673,https://www.airbnb.com/rooms/954323894674447673,1
954398309066666442,https://www.airbnb.com/rooms/954398309066666442,4
954488042588913314,https://www.airbnb.com/rooms/954488042588913314,1
954498542705079950,https://www.airbnb.com/rooms/954498542705079950,2
954615003229605260,https://www.airbnb.com/rooms/954615003229605260,1
954942863450302846,https://www.airbnb.com/rooms/954942863450302846,2
954993925516867599,https://www.airbnb.com/rooms/954993925516867599,1
955016309930550005,https://www.airbnb.com/rooms/955016309930550005,2
955207549844634091,https://www.airbnb.com/rooms/955207549844634091,1
955344308721656107,https://www.airbnb.com/rooms/955344308721656107,2
955717081963973786,https://www.airbnb.com/rooms/955717081963973786,1
955796786117485465,https://www.airbnb.com/rooms/955796786117485465,1
955947412353208124,https://www.airbnb.com/rooms/955947412353208124,1
956001999544651694,https://www.airbnb.com/rooms/956001999544651694,2
956421573166823765,https://www.airbnb.com/rooms/956421573166823765,4
957110459552666458,https://www.airbnb.com/rooms/957110459552666458,1
957391846288821714,https://www.airbnb.com/rooms/957391846288821714,1
957463050069566313,https://www.airbnb.com/rooms/957463050069566313,4
957684965761870940,https://www.airbnb.com/rooms/957684965761870940,2
957984671526230346,https://www.airbnb.com/rooms/957984671526230346,1
958183359204499117,https://www.airbnb.com/rooms/958183359204499117,6
958189687226019971,https://www.airbnb.com/rooms/958189687226019971,1
958205544348936215,https://www.airbnb.com/rooms/958205544348936215,2
958215803194503543,https://www.airbnb.com/rooms/958215803194503543,4
958217482868685830,https://www.airbnb.com/rooms/958217482868685830,4
958239982456812347,https://www.airbnb.com/rooms/958239982456812347,1
958463106237551765,https://www.airbnb.com/rooms/958463106237551765,4
958651068436909067,https://www.airbnb.com/rooms/958651068436909067,2
958680236374407322,https://www.airbnb.com/rooms/958680236374407322,1
959000959439263300,https://www.airbnb.com/rooms/959000959439263300,4
959106394326708251,https://www.airbnb.com/rooms/959106394326708251,2
959106396079258465,https://www.airbnb.com/rooms/959106396079258465,2
959351716013756209,https://www.airbnb.com/rooms/959351716013756209,4
959550596975632815,https://www.airbnb.com/rooms/959550596975632815,4
960068052896146415,https://www.airbnb.com/rooms/960068052896146415,2
960266654113052148,https://www.airbnb.com/rooms/960266654113052148,1
960823444594958231,https://www.airbnb.com/rooms/960823444594958231,1
960864265762672844,https://www.airbnb.com/rooms/960864265762672844,4
960917517817610262,https://www.airbnb.com/rooms/960917517817610262,1
960971510394940067,https://www.airbnb.com/rooms/960971510394940067,2
961127354902267996,https://www.airbnb.com/rooms/961127354902267996,1
962200498139760784,https://www.airbnb.com/rooms/962200498139760784,1
962210886192799349,https://www.airbnb.com/rooms/962210886192799349,1
962301539764360743,https://www.airbnb.com/rooms/962301539764360743,1
962420161785449470,https://www.airbnb.com/rooms/962420161785449470,2
962489421923671159,https://www.airbnb.com/rooms/962489421923671159,2
963048199850038805,https://www.airbnb.com/rooms/963048199850038805,1
963096894228517317,https://www.airbnb.com/rooms/963096894228517317,2
963104661055674314,https://www.airbnb.com/rooms/963104661055674314,2
963113991810326616,https://www.airbnb.com/rooms/963113991810326616,3
963128867674676699,https://www.airbnb.com/rooms/963128867674676699,2
963129043367658525,https://www.airbnb.com/rooms/963129043367658525,6
963309506170273231,https://www.airbnb.com/rooms/963309506170273231,4
963685965673959202,https://www.airbnb.com/rooms/963685965673959202,2
963725862626373596,https://www.airbnb.com/rooms/963725862626373596,1
963767269992853852,https://www.airbnb.com/rooms/963767269992853852,2
963785411111256572,https://www.airbnb.com/rooms/963785411111256572,1
963800957152156333,https://www.airbnb.com/rooms/963800957152156333,2
964810506500269958,https://www.airbnb.com/rooms/964810506500269958,2
965117579878413075,https://www.airbnb.com/rooms/965117579878413075,2
965348820234356843,https://www.airbnb.com/rooms/965348820234356843,2
965420908148299735,https://www.airbnb.com/rooms/965420908148299735,1
966161917795439770,https://www.airbnb.com/rooms/966161917795439770,4
966231642881386465,https://www.airbnb.com/rooms/966231642881386465,3
966241898191199364,https://www.airbnb.com/rooms/966241898191199364,1
967013167923069234,https://www.airbnb.com/rooms/967013167923069234,2
967468605103161056,https://www.airbnb.com/rooms/967468605103161056,2
967728405837872980,https://www.airbnb.com/rooms/967728405837872980,1
968074140247140360,https://www.airbnb.com/rooms/968074140247140360,1
968077804190861888,https://www.airbnb.com/rooms/968077804190861888,1
968243460291763755,https://www.airbnb.com/rooms/968243460291763755,1
968707592444216787,https://www.airbnb.com/rooms/968707592444216787,1
968781887097748151,https://www.airbnb.com/rooms/968781887097748151,2
968954719185770874,https://www.airbnb.com/rooms/968954719185770874,2
968973313739035352,https://www.airbnb.com/rooms/968973313739035352,3
969040275703008216,https://www.airbnb.com/rooms/969040275703008216,2
969090225060567467,https://www.airbnb.com/rooms/969090225060567467,1
969489998611694972,https://www.airbnb.com/rooms/969489998611694972,4
969604833541737712,https://www.airbnb.com/rooms/969604833541737712,1
970182056991435402,https://www.airbnb.com/rooms/970182056991435402,1
970245578056608042,https://www.airbnb.com/rooms/970245578056608042,1
970421758819524327,https://www.airbnb.com/rooms/970421758819524327,4
970969410138394673,https://www.airbnb.com/rooms/970969410138394673,4
971050649988788784,https://www.airbnb.com/rooms/971050649988788784,1
971277478142619225,https://www.airbnb.com/rooms/971277478142619225,2
971659837287184393,https://www.airbnb.com/rooms/971659837287184393,1
971990293266638905,https://www.airbnb.com/rooms/971990293266638905,1
972659930381772029,https://www.airbnb.com/rooms/972659930381772029,2
972679312576290538,https://www.airbnb.com/rooms/972679312576290538,2
972724329230318621,https://www.airbnb.com/rooms/972724329230318621,2
972792867443369708,https://www.airbnb.com/rooms/972792867443369708,2
972800242549398630,https://www.airbnb.com/rooms/972800242549398630,2
972816548756213829,https://www.airbnb.com/rooms/972816548756213829,2
973130833043282544,https://www.airbnb.com/rooms/973130833043282544,2
973194453143661918,https://www.airbnb.com/rooms/973194453143661918,1
973289551456243799,https://www.airbnb.com/rooms/973289551456243799,2
973861068087887577,https://www.airbnb.com/rooms/973861068087887577,3
973880639251865473,https://www.airbnb.com/rooms/973880639251865473,5
973897159428898174,https://www.airbnb.com/rooms/973897159428898174,2
973904167369197808,https://www.airbnb.com/rooms/973904167369197808,3
973933781881715224,https://www.airbnb.com/rooms/973933781881715224,1
973940200073861781,https://www.airbnb.com/rooms/973940200073861781,2
973998173910148644,https://www.airbnb.com/rooms/973998173910148644,2
974214296725474594,https://www.airbnb.com/rooms/974214296725474594,10
974685873744188974,https://www.airbnb.com/rooms/974685873744188974,2
974696826469181909,https://www.airbnb.com/rooms/974696826469181909,2
974712064299290750,https://www.airbnb.com/rooms/974712064299290750,2
974917930198728065,https://www.airbnb.com/rooms/974917930198728065,2
975344857232858634,https://www.airbnb.com/rooms/975344857232858634,2
975346961114759374,https://www.airbnb.com/rooms/975346961114759374,2
975372427607545640,https://www.airbnb.com/rooms/975372427607545640,1
975405816363594973,https://www.airbnb.com/rooms/975405816363594973,1
975462460219449345,https://www.airbnb.com/rooms/975462460219449345,2
975608623790321789,https://www.airbnb.com/rooms/975608623790321789,2
976014161068147126,https://www.airbnb.com/rooms/976014161068147126,1
976084067047588615,https://www.airbnb.com/rooms/976084067047588615,1
976373861939249401,https://www.airbnb.com/rooms/976373861939249401,4
976793150149296479,https://www.airbnb.com/rooms/976793150149296479,2
977465856324652171,https://www.airbnb.com/rooms/977465856324652171,1
977479875902580121,https://www.airbnb.com/rooms/977479875902580121,1
977557701622110945,https://www.airbnb.com/rooms/977557701622110945,2
977654238613438751,https://www.airbnb.com/rooms/977654238613438751,4
977707763581153760,https://www.airbnb.com/rooms/977707763581153760,2
977875162918505761,https://www.airbnb.com/rooms/977875162918505761,3
978191139274246297,https://www.airbnb.com/rooms/978191139274246297,1
978222936585115160,https://www.airbnb.com/rooms/978222936585115160,2
978247472755836485,https://www.airbnb.com/rooms/978247472755836485,1
978362603986870331,https://www.airbnb.com/rooms/978362603986870331,4
978369129441451005,https://www.airbnb.com/rooms/978369129441451005,6
978571181198598543,https://www.airbnb.com/rooms/978571181198598543,2
978631457017700299,https://www.airbnb.com/rooms/978631457017700299,4
978885192069940196,https://www.airbnb.com/rooms/978885192069940196,2
978908036311955589,https://www.airbnb.com/rooms/978908036311955589,1
978913155628631407,https://www.airbnb.com/rooms/978913155628631407,1
978916552900280498,https://www.airbnb.com/rooms/978916552900280498,1
978916827554377944,https://www.airbnb.com/rooms/978916827554377944,1
978930895260393610,https://www.airbnb.com/rooms/978930895260393610,2
979014768261622454,https://www.airbnb.com/rooms/979014768261622454,1
979064534046709827,https://www.airbnb.com/rooms/979064534046709827,2
979679752224609466,https://www.airbnb.com/rooms/979679752224609466,3
979688191395461758,https://www.airbnb.com/rooms/979688191395461758,4
979698145262468534,https://www.airbnb.com/rooms/979698145262468534,3
979712885008731358,https://www.airbnb.com/rooms/979712885008731358,3
979719076617249675,https://www.airbnb.com/rooms/979719076617249675,2
979810694058972763,https://www.airbnb.com/rooms/979810694058972763,2
979821571502035707,https://www.airbnb.com/rooms/979821571502035707,1
979942480449571798,https://www.airbnb.com/rooms/979942480449571798,2
980415271840043569,https://www.airbnb.com/rooms/980415271840043569,4
980450291880424921,https://www.airbnb.com/rooms/980450291880424921,1
980532615727187377,https://www.airbnb.com/rooms/980532615727187377,4
980657878645009154,https://www.airbnb.com/rooms/980657878645009154,2
980695598307202293,https://www.airbnb.com/rooms/980695598307202293,5
981262405658995112,https://www.airbnb.com/rooms/981262405658995112,1
981513778968233617,https://www.airbnb.com/rooms/981513778968233617,2
981558975653555077,https://www.airbnb.com/rooms/981558975653555077,2
981821642438918460,https://www.airbnb.com/rooms/981821642438918460,2
981889317120319918,https://www.airbnb.com/rooms/981889317120319918,1
981954021205999698,https://www.airbnb.com/rooms/981954021205999698,4
981981129828769822,https://www.airbnb.com/rooms/981981129828769822,1
982114809412659836,https://www.airbnb.com/rooms/982114809412659836,2
982199187558851798,https://www.airbnb.com/rooms/982199187558851798,2
982863534700336419,https://www.airbnb.com/rooms/982863534700336419,2
983312288692859737,https://www.airbnb.com/rooms/983312288692859737,1
983387956408595788,https://www.airbnb.com/rooms/983387956408595788,3
984089819390794280,https://www.airbnb.com/rooms/984089819390794280,1
984111355194941021,https://www.airbnb.com/rooms/984111355194941021,2
984394794079424896,https://www.airbnb.com/rooms/984394794079424896,1
984699842074186634,https://www.airbnb.com/rooms/984699842074186634,1
984751381600142405,https://www.airbnb.com/rooms/984751381600142405,2
984811726175471699,https://www.airbnb.com/rooms/984811726175471699,1
984811731297215315,https://www.airbnb.com/rooms/984811731297215315,1
985394307781626790,https://www.airbnb.com/rooms/985394307781626790,2
985435704775301068,https://www.airbnb.com/rooms/985435704775301068,1
985601491006853872,https://www.airbnb.com/rooms/985601491006853872,2
985622686294102528,https://www.airbnb.com/rooms/985622686294102528,2
985694933710978565,https://www.airbnb.com/rooms/985694933710978565,1
986241124566632822,https://www.airbnb.com/rooms/986241124566632822,4
986277251147968109,https://www.airbnb.com/rooms/986277251147968109,1
987056219947733811,https://www.airbnb.com/rooms/987056219947733811,4
987343562347586766,https://www.airbnb.com/rooms/987343562347586766,2
987734853251673807,https://www.airbnb.com/rooms/987734853251673807,1
987748687763267318,https://www.airbnb.com/rooms/987748687763267318,2
987786132063085995,https://www.airbnb.com/rooms/987786132063085995,4
987809969504486581,https://www.airbnb.com/rooms/987809969504486581,1
988086190474859442,https://www.airbnb.com/rooms/988086190474859442,2
988288577336113921,https://www.airbnb.com/rooms/988288577336113921,1
988353422791210441,https://www.airbnb.com/rooms/988353422791210441,4
988976751076662787,https://www.airbnb.com/rooms/988976751076662787,1
988977174410262347,https://www.airbnb.com/rooms/988977174410262347,3
988977594431674129,https://www.airbnb.com/rooms/988977594431674129,2
988978009659981845,https://www.airbnb.com/rooms/988978009659981845,1
988978442176329791,https://www.airbnb.com/rooms/988978442176329791,2
988978862618226818,https://www.airbnb.com/rooms/988978862618226818,1
988981833032023574,https://www.airbnb.com/rooms/988981833032023574,2
988982263413446418,https://www.airbnb.com/rooms/988982263413446418,1
988982697375523276,https://www.airbnb.com/rooms/988982697375523276,1
988983118645160828,https://www.airbnb.com/rooms/988983118645160828,2
988983562809766656,https://www.airbnb.com/rooms/988983562809766656,1
988983985242667073,https://www.airbnb.com/rooms/988983985242667073,1
988984413155702938,https://www.airbnb.com/rooms/988984413155702938,1
988984832964948445,https://www.airbnb.com/rooms/988984832964948445,1
988985255500231545,https://www.airbnb.com/rooms/988985255500231545,1
988985678159499588,https://www.airbnb.com/rooms/988985678159499588,1
988986125302681924,https://www.airbnb.com/rooms/988986125302681924,1
988986597387820893,https://www.airbnb.com/rooms/988986597387820893,1
988987056057155868,https://www.airbnb.com/rooms/988987056057155868,2
988987499728141244,https://www.airbnb.com/rooms/988987499728141244,1
989134279687447461,https://www.airbnb.com/rooms/989134279687447461,4
989186159580097194,https://www.airbnb.com/rooms/989186159580097194,2
989237651915751533,https://www.airbnb.com/rooms/989237651915751533,4
989932621131285136,https://www.airbnb.com/rooms/989932621131285136,2
989942688469047068,https://www.airbnb.com/rooms/989942688469047068,6
990073134905344925,https://www.airbnb.com/rooms/990073134905344925,1
990219186513520787,https://www.airbnb.com/rooms/990219186513520787,6
990636579901339199,https://www.airbnb.com/rooms/990636579901339199,2
990742038930621825,https://www.airbnb.com/rooms/990742038930621825,3
990775687173255618,https://www.airbnb.com/rooms/990775687173255618,1
990802171418880716,https://www.airbnb.com/rooms/990802171418880716,2
990853373398362342,https://www.airbnb.com/rooms/990853373398362342,1
991442188597312186,https://www.airbnb.com/rooms/991442188597312186,2
991490301492908742,https://www.airbnb.com/rooms/991490301492908742,2
991573792511414993,https://www.airbnb.com/rooms/991573792511414993,1
991976313836931806,https://www.airbnb.com/rooms/991976313836931806,4
992026202327270952,https://www.airbnb.com/rooms/992026202327270952,4
992071025526358703,https://www.airbnb.com/rooms/992071025526358703,2
992094421288557314,https://www.airbnb.com/rooms/992094421288557314,2
992114932417289196,https://www.airbnb.com/rooms/992114932417289196,2
992173643865437233,https://www.airbnb.com/rooms/992173643865437233,1
992966983003134079,https://www.airbnb.com/rooms/992966983003134079,2
993342744707989252,https://www.airbnb.com/rooms/993342744707989252,2
993416218097523188,https://www.airbnb.com/rooms/993416218097523188,1
993590013296840321,https://www.airbnb.com/rooms/993590013296840321,1
993641460221937810,https://www.airbnb.com/rooms/993641460221937810,1
993652146403870111,https://www.airbnb.com/rooms/993652146403870111,1
993732110170840428,https://www.airbnb.com/rooms/993732110170840428,2
993809850738514021,https://www.airbnb.com/rooms/993809850738514021,3
994184110349186045,https://www.airbnb.com/rooms/994184110349186045,2
994203827119335931,https://www.airbnb.com/rooms/994203827119335931,3
994206628981666298,https://www.airbnb.com/rooms/994206628981666298,1
994230127433908210,https://www.airbnb.com/rooms/994230127433908210,2
994241515802648086,https://www.airbnb.com/rooms/994241515802648086,4
994311146363697122,https://www.airbnb.com/rooms/994311146363697122,2
994326447703174533,https://www.airbnb.com/rooms/994326447703174533,2
994348917690919438,https://www.airbnb.com/rooms/994348917690919438,2
994446028602263907,https://www.airbnb.com/rooms/994446028602263907,1
994447057638081965,https://www.airbnb.com/rooms/994447057638081965,1
994460803197099574,https://www.airbnb.com/rooms/994460803197099574,1
994798594441053361,https://www.airbnb.com/rooms/994798594441053361,6
994891443428671223,https://www.airbnb.com/rooms/994891443428671223,2
994979860051508314,https://www.airbnb.com/rooms/994979860051508314,2
995004285916303283,https://www.airbnb.com/rooms/995004285916303283,2
995086367836935527,https://www.airbnb.com/rooms/995086367836935527,1
995194088450088355,https://www.airbnb.com/rooms/995194088450088355,2
995244005689597407,https://www.airbnb.com/rooms/995244005689597407,1
995420455374117916,https://www.airbnb.com/rooms/995420455374117916,4
995717278099311789,https://www.airbnb.com/rooms/995717278099311789,1
995747225367411805,https://www.airbnb.com/rooms/995747225367411805,5
995795884978025524,https://www.airbnb.com/rooms/995795884978025524,2
995910614985570914,https://www.airbnb.com/rooms/995910614985570914,2
995911787722057725,https://www.airbnb.com/rooms/995911787722057725,6
995918043466103975,https://www.airbnb.com/rooms/995918043466103975,2
996293077815990512,https://www.airbnb.com/rooms/996293077815990512,4
996295285561596532,https://www.airbnb.com/rooms/996295285561596532,4
996297609739654528,https://www.airbnb.com/rooms/996297609739654528,4
996299501954814288,https://www.airbnb.com/rooms/996299501954814288,12
996300936010030816,https://www.airbnb.com/rooms/996300936010030816,6
996393536838536733,https://www.airbnb.com/rooms/996393536838536733,2
996395004619026607,https://www.airbnb.com/rooms/996395004619026607,2
996395801467959027,https://www.airbnb.com/rooms/996395801467959027,2
996487458603823581,https://www.airbnb.com/rooms/996487458603823581,4
996491305554745187,https://www.airbnb.com/rooms/996491305554745187,1
996662384879029744,https://www.airbnb.com/rooms/996662384879029744,1
996662848736939234,https://www.airbnb.com/rooms/996662848736939234,1
997054758518821023,https://www.airbnb.com/rooms/997054758518821023,6
997137462069243150,https://www.airbnb.com/rooms/997137462069243150,1
997702231675817542,https://www.airbnb.com/rooms/997702231675817542,2
997952249845239058,https://www.airbnb.com/rooms/997952249845239058,2
998019320879312293,https://www.airbnb.com/rooms/998019320879312293,4
998336760553447228,https://www.airbnb.com/rooms/998336760553447228,2
999296562019512845,https://www.airbnb.com/rooms/999296562019512845,2
999354402375452238,https://www.airbnb.com/rooms/999354402375452238,1
999392976175079147,https://www.airbnb.com/rooms/999392976175079147,2
999463364304119916,https://www.airbnb.com/rooms/999463364304119916,3
999566439801469520,https://www.airbnb.com/rooms/999566439801469520,2
999569794375813770,https://www.airbnb.com/rooms/999569794375813770,2
1000016109686428185,https://www.airbnb.com/rooms/1000016109686428185,2
1000029644496615673,https://www.airbnb.com/rooms/1000029644496615673,4
1000214231632561366,https://www.airbnb.com/rooms/1000214231632561366,2
1000797929335000571,https://www.airbnb.com/rooms/1000797929335000571,2
1000866089852243253,https://www.airbnb.com/rooms/1000866089852243253,2
1000949971433207571,https://www.airbnb.com/rooms/1000949971433207571,1
1001135283050236831,https://www.airbnb.com/rooms/1001135283050236831,2
1001539944471972916,https://www.airbnb.com/rooms/1001539944471972916,4
1001801942705688062,https://www.airbnb.com/rooms/1001801942705688062,1
1002289499347118102,https://www.airbnb.com/rooms/1002289499347118102,1
1002845018120279086,https://www.airbnb.com/rooms/1002845018120279086,1
1002881780954180678,https://www.airbnb.com/rooms/1002881780954180678,1
1003577178401589955,https://www.airbnb.com/rooms/1003577178401589955,2
1003881093066787583,https://www.airbnb.com/rooms/1003881093066787583,1
1003884213254296418,https://www.airbnb.com/rooms/1003884213254296418,1
1003958799234908794,https://www.airbnb.com/rooms/1003958799234908794,4
1004502344918046106,https://www.airbnb.com/rooms/1004502344918046106,2
1004575080807458167,https://www.airbnb.com/rooms/1004575080807458167,1
1004656893290536965,https://www.airbnb.com/rooms/1004656893290536965,1
1005023619159581837,https://www.airbnb.com/rooms/1005023619159581837,3
1005394317147351975,https://www.airbnb.com/rooms/1005394317147351975,4
1005909212956077448,https://www.airbnb.com/rooms/1005909212956077448,1
1005971726450632358,https://www.airbnb.com/rooms/1005971726450632358,2
1005978614020172320,https://www.airbnb.com/rooms/1005978614020172320,1
1006510186319472032,https://www.airbnb.com/rooms/1006510186319472032,1
1006542293879435569,https://www.airbnb.com/rooms/1006542293879435569,2
1006661068078431982,https://www.airbnb.com/rooms/1006661068078431982,3
1006725232625192894,https://www.airbnb.com/rooms/1006725232625192894,1
1008668497368196774,https://www.airbnb.com/rooms/1008668497368196774,1
1009464465437460582,https://www.airbnb.com/rooms/1009464465437460582,2
1009737437804717681,https://www.airbnb.com/rooms/1009737437804717681,6
1010137551809980823,https://www.airbnb.com/rooms/1010137551809980823,1
1010185415611521068,https://www.airbnb.com/rooms/1010185415611521068,2
1010187641898754753,https://www.airbnb.com/rooms/1010187641898754753,1
1011114750847181881,https://www.airbnb.com/rooms/1011114750847181881,1
1011520223997371601,https://www.airbnb.com/rooms/1011520223997371601,3
1011552512616381701,https://www.airbnb.com/rooms/1011552512616381701,1
1011587295029878080,https://www.airbnb.com/rooms/1011587295029878080,3
1011685568540344574,https://www.airbnb.com/rooms/1011685568540344574,2
1011691673420928436,https://www.airbnb.com/rooms/1011691673420928436,4
1012330876989159094,https://www.airbnb.com/rooms/1012330876989159094,4
1012471285516171178,https://www.airbnb.com/rooms/1012471285516171178,1
1013097698647925702,https://www.airbnb.com/rooms/1013097698647925702,2
1013143042700106416,https://www.airbnb.com/rooms/1013143042700106416,1
1013264643009603421,https://www.airbnb.com/rooms/1013264643009603421,4
1013290700741752448,https://www.airbnb.com/rooms/1013290700741752448,2
1013298007431252740,https://www.airbnb.com/rooms/1013298007431252740,1
1013308127961489354,https://www.airbnb.com/rooms/1013308127961489354,4
1013793455598696059,https://www.airbnb.com/rooms/1013793455598696059,2
1013795186892707216,https://www.airbnb.com/rooms/1013795186892707216,6
1014394603595306355,https://www.airbnb.com/rooms/1014394603595306355,2
1015290271374144194,https://www.airbnb.com/rooms/1015290271374144194,4
1015307858356928904,https://www.airbnb.com/rooms/1015307858356928904,2
1016010994437538853,https://www.airbnb.com/rooms/1016010994437538853,1
1016165528917775169,https://www.airbnb.com/rooms/1016165528917775169,1
1016875580690605057,https://www.airbnb.com/rooms/1016875580690605057,1
1017331776728698075,https://www.airbnb.com/rooms/1017331776728698075,2
1017361979840206395,https://www.airbnb.com/rooms/1017361979840206395,2
1017406014590810104,https://www.airbnb.com/rooms/1017406014590810104,2
1017500097224089355,https://www.airbnb.com/rooms/1017500097224089355,2
1017514303544047896,https://www.airbnb.com/rooms/1017514303544047896,2
1017750382622033089,https://www.airbnb.com/rooms/1017750382622033089,2
1018133710074356900,https://www.airbnb.com/rooms/1018133710074356900,1
1018385335966922388,https://www.airbnb.com/rooms/1018385335966922388,1
1018458441108704564,https://www.airbnb.com/rooms/1018458441108704564,4
1018710367733768452,https://www.airbnb.com/rooms/1018710367733768452,1
1018959891887326755,https://www.airbnb.com/rooms/1018959891887326755,2
1019463766397541766,https://www.airbnb.com/rooms/1019463766397541766,2
1019497412723367934,https://www.airbnb.com/rooms/1019497412723367934,4
1019677505759322811,https://www.airbnb.com/rooms/1019677505759322811,1
1019679625091018086,https://www.airbnb.com/rooms/1019679625091018086,1
1019840685860243923,https://www.airbnb.com/rooms/1019840685860243923,1
1020316574412206544,https://www.airbnb.com/rooms/1020316574412206544,1
1020366928797245902,https://www.airbnb.com/rooms/1020366928797245902,1
1020484885542774458,https://www.airbnb.com/rooms/1020484885542774458,1
1020972950376701018,https://www.airbnb.com/rooms/1020972950376701018,2
1021087499479971023,https://www.airbnb.com/rooms/1021087499479971023,2
1021258376028631595,https://www.airbnb.com/rooms/1021258376028631595,2
1021619455747005822,https://www.airbnb.com/rooms/1021619455747005822,1
1021761257026385487,https://www.airbnb.com/rooms/1021761257026385487,2
1021924434563543067,https://www.airbnb.com/rooms/1021924434563543067,1
1022363657414601589,https://www.airbnb.com/rooms/1022363657414601589,2
1022606972008086144,https://www.airbnb.com/rooms/1022606972008086144,2
1022663998284999253,https://www.airbnb.com/rooms/1022663998284999253,1
1023410598614399601,https://www.airbnb.com/rooms/1023410598614399601,1
1024030117177958737,https://www.airbnb.com/rooms/1024030117177958737,1
1024711659493109341,https://www.airbnb.com/rooms/1024711659493109341,2
1024856229691383829,https://www.airbnb.com/rooms/1024856229691383829,2
1024934208421903468,https://www.airbnb.com/rooms/1024934208421903468,2
1025403482312954434,https://www.airbnb.com/rooms/1025403482312954434,2
1025648657519844728,https://www.airbnb.com/rooms/1025648657519844728,1
1026392344863472639,https://www.airbnb.com/rooms/1026392344863472639,3
1026416200191156178,https://www.airbnb.com/rooms/1026416200191156178,2
1026598826005817533,https://www.airbnb.com/rooms/1026598826005817533,1
1026936895805764907,https://www.airbnb.com/rooms/1026936895805764907,2
1027499946009306471,https://www.airbnb.com/rooms/1027499946009306471,2
1027779207056935691,https://www.airbnb.com/rooms/1027779207056935691,2
1028092661212006327,https://www.airbnb.com/rooms/1028092661212006327,3
1028154668228063104,https://www.airbnb.com/rooms/1028154668228063104,2
1028172093843341499,https://www.airbnb.com/rooms/1028172093843341499,1
1028294523600686609,https://www.airbnb.com/rooms/1028294523600686609,1
1028296374473223363,https://www.airbnb.com/rooms/1028296374473223363,2
1028524087772290388,https://www.airbnb.com/rooms/1028524087772290388,2
1028578699542263400,https://www.airbnb.com/rooms/1028578699542263400,2
1028944951631506824,https://www.airbnb.com/rooms/1028944951631506824,4
1028948656784930906,https://www.airbnb.com/rooms/1028948656784930906,3
1028952883391592000,https://www.airbnb.com/rooms/1028952883391592000,2
1029174369602432585,https://www.airbnb.com/rooms/1029174369602432585,1
1029764458748198457,https://www.airbnb.com/rooms/1029764458748198457,1
1029875346059959190,https://www.airbnb.com/rooms/1029875346059959190,2
1030441282964191760,https://www.airbnb.com/rooms/1030441282964191760,2
1030518014753012075,https://www.airbnb.com/rooms/1030518014753012075,3
1031106264763414140,https://www.airbnb.com/rooms/1031106264763414140,2
1031173264090389454,https://www.airbnb.com/rooms/1031173264090389454,4
1031604486004704917,https://www.airbnb.com/rooms/1031604486004704917,1
1031794545060814080,https://www.airbnb.com/rooms/1031794545060814080,3
1032753727481991876,https://www.airbnb.com/rooms/1032753727481991876,1
1032759587834468506,https://www.airbnb.com/rooms/1032759587834468506,1
1032976771128758770,https://www.airbnb.com/rooms/1032976771128758770,1
1033394351004415957,https://www.airbnb.com/rooms/1033394351004415957,1
1033437558215441393,https://www.airbnb.com/rooms/1033437558215441393,2
1033712166854602689,https://www.airbnb.com/rooms/1033712166854602689,2
1034085497540812628,https://www.airbnb.com/rooms/1034085497540812628,2
1034161659781907635,https://www.airbnb.com/rooms/1034161659781907635,4
1034208415302009572,https://www.airbnb.com/rooms/1034208415302009572,4
1034209499134558244,https://www.airbnb.com/rooms/1034209499134558244,1
1034341602511964000,https://www.airbnb.com/rooms/1034341602511964000,4
1034416942292085819,https://www.airbnb.com/rooms/1034416942292085819,1
1034719129093979550,https://www.airbnb.com/rooms/1034719129093979550,1
1034874301077680658,https://www.airbnb.com/rooms/1034874301077680658,1
1034939392235059670,https://www.airbnb.com/rooms/1034939392235059670,1
1035154520189320104,https://www.airbnb.com/rooms/1035154520189320104,2
1035614458870349079,https://www.airbnb.com/rooms/1035614458870349079,1
1035686546378465078,https://www.airbnb.com/rooms/1035686546378465078,2
1035859124044658733,https://www.airbnb.com/rooms/1035859124044658733,1
1036203302333407073,https://www.airbnb.com/rooms/1036203302333407073,2
1037007054090781162,https://www.airbnb.com/rooms/1037007054090781162,2
1037255298904826651,https://www.airbnb.com/rooms/1037255298904826651,2
1037311293641604977,https://www.airbnb.com/rooms/1037311293641604977,1
1037341033806739887,https://www.airbnb.com/rooms/1037341033806739887,2
1037722420353882057,https://www.airbnb.com/rooms/1037722420353882057,1
1037877306034993179,https://www.airbnb.com/rooms/1037877306034993179,2
1039181124966742470,https://www.airbnb.com/rooms/1039181124966742470,2
1039245009781359985,https://www.airbnb.com/rooms/1039245009781359985,2
1039828978729051590,https://www.airbnb.com/rooms/1039828978729051590,2
1040047848767964845,https://www.airbnb.com/rooms/1040047848767964845,6
1040240490620403391,https://www.airbnb.com/rooms/1040240490620403391,2
1040448194380323632,https://www.airbnb.com/rooms/1040448194380323632,1
1040583454229152701,https://www.airbnb.com/rooms/1040583454229152701,1
1040692119039579455,https://www.airbnb.com/rooms/1040692119039579455,1
1040698003419704883,https://www.airbnb.com/rooms/1040698003419704883,1
1041299122467098173,https://www.airbnb.com/rooms/1041299122467098173,2
1041345513862072996,https://www.airbnb.com/rooms/1041345513862072996,2
1041517968661388119,https://www.airbnb.com/rooms/1041517968661388119,2
1041529113246783408,https://www.airbnb.com/rooms/1041529113246783408,1
1042067457284938314,https://www.airbnb.com/rooms/1042067457284938314,4
1042078248442656312,https://www.airbnb.com/rooms/1042078248442656312,1
1042085713877988864,https://www.airbnb.com/rooms/1042085713877988864,2
1042144493921774800,https://www.airbnb.com/rooms/1042144493921774800,1
1042655361983956427,https://www.airbnb.com/rooms/1042655361983956427,1
1042656178473691377,https://www.airbnb.com/rooms/1042656178473691377,2
1042678057624678301,https://www.airbnb.com/rooms/1042678057624678301,2
1042715958363404706,https://www.airbnb.com/rooms/1042715958363404706,1
1042852920547009152,https://www.airbnb.com/rooms/1042852920547009152,1
1042855583525423130,https://www.airbnb.com/rooms/1042855583525423130,1
1043057920860277974,https://www.airbnb.com/rooms/1043057920860277974,1
1043341678191802981,https://www.airbnb.com/rooms/1043341678191802981,2
1043837969117554884,https://www.airbnb.com/rooms/1043837969117554884,2
1044139197223894248,https://www.airbnb.com/rooms/1044139197223894248,4
1044296828356735250,https://www.airbnb.com/rooms/1044296828356735250,2
1044332796504611615,https://www.airbnb.com/rooms/1044332796504611615,1
1044491298047161978,https://www.airbnb.com/rooms/1044491298047161978,1
1044542573229710602,https://www.airbnb.com/rooms/1044542573229710602,2
1044953125489069370,https://www.airbnb.com/rooms/1044953125489069370,6
1044983827803060290,https://www.airbnb.com/rooms/1044983827803060290,1
1045071957750970572,https://www.airbnb.com/rooms/1045071957750970572,4
1045331321617573492,https://www.airbnb.com/rooms/1045331321617573492,1
1045657977914419469,https://www.airbnb.com/rooms/1045657977914419469,2
1045741714680312363,https://www.airbnb.com/rooms/1045741714680312363,2
1045794183007996893,https://www.airbnb.com/rooms/1045794183007996893,4
1045864179726021831,https://www.airbnb.com/rooms/1045864179726021831,1
1046429226513840323,https://www.airbnb.com/rooms/1046429226513840323,2
1046433108859444116,https://www.airbnb.com/rooms/1046433108859444116,2
1046443988938922229,https://www.airbnb.com/rooms/1046443988938922229,1
1046518385108710156,https://www.airbnb.com/rooms/1046518385108710156,1
1047095625713266519,https://www.airbnb.com/rooms/1047095625713266519,2
1047119873085599788,https://www.airbnb.com/rooms/1047119873085599788,1
1048829486964175963,https://www.airbnb.com/rooms/1048829486964175963,2
1048863879127775851,https://www.airbnb.com/rooms/1048863879127775851,3
1049237805895918622,https://www.airbnb.com/rooms/1049237805895918622,1
1049548733126309669,https://www.airbnb.com/rooms/1049548733126309669,2
1049936732998527581,https://www.airbnb.com/rooms/1049936732998527581,1
1050036144984415466,https://www.airbnb.com/rooms/1050036144984415466,1
1050063868176012070,https://www.airbnb.com/rooms/1050063868176012070,1
1050086578916402400,https://www.airbnb.com/rooms/1050086578916402400,1
1050112381671427855,https://www.airbnb.com/rooms/1050112381671427855,1
1050324208381758379,https://www.airbnb.com/rooms/1050324208381758379,4
1050701125488034485,https://www.airbnb.com/rooms/1050701125488034485,4
1050815437700193640,https://www.airbnb.com/rooms/1050815437700193640,1
1050832030826410768,https://www.airbnb.com/rooms/1050832030826410768,1
1050839915917099191,https://www.airbnb.com/rooms/1050839915917099191,2
1050842782023916148,https://www.airbnb.com/rooms/1050842782023916148,2
1050902612641802963,https://www.airbnb.com/rooms/1050902612641802963,1
1050905034409421571,https://www.airbnb.com/rooms/1050905034409421571,1
1051284008337369617,https://www.airbnb.com/rooms/1051284008337369617,1
1051357251145263869,https://www.airbnb.com/rooms/1051357251145263869,2
1051361697267403696,https://www.airbnb.com/rooms/1051361697267403696,2
1051468411329785097,https://www.airbnb.com/rooms/1051468411329785097,1
1052111375724435131,https://www.airbnb.com/rooms/1052111375724435131,4
1052165310077455529,https://www.airbnb.com/rooms/1052165310077455529,2
1052314963212247417,https://www.airbnb.com/rooms/1052314963212247417,2
1052425535836625609,https://www.airbnb.com/rooms/1052425535836625609,1
1052915838563114301,https://www.airbnb.com/rooms/1052915838563114301,1
1053142428175389972,https://www.airbnb.com/rooms/1053142428175389972,4
1055022220808682457,https://www.airbnb.com/rooms/1055022220808682457,1
1055061675152571372,https://www.airbnb.com/rooms/1055061675152571372,1
1055074267714252107,https://www.airbnb.com/rooms/1055074267714252107,1
1055608999354688116,https://www.airbnb.com/rooms/1055608999354688116,1
1055945694345149331,https://www.airbnb.com/rooms/1055945694345149331,1
1056508386184809171,https://www.airbnb.com/rooms/1056508386184809171,1
1056525263190459413,https://www.airbnb.com/rooms/1056525263190459413,4
1056576102534640080,https://www.airbnb.com/rooms/1056576102534640080,4
1056659296632004111,https://www.airbnb.com/rooms/1056659296632004111,2
1056722379457704044,https://www.airbnb.com/rooms/1056722379457704044,3
1057200682280681072,https://www.airbnb.com/rooms/1057200682280681072,2
1057230237348313576,https://www.airbnb.com/rooms/1057230237348313576,1
1057242721049531608,https://www.airbnb.com/rooms/1057242721049531608,1
1057993555125686839,https://www.airbnb.com/rooms/1057993555125686839,2
1058138381046168182,https://www.airbnb.com/rooms/1058138381046168182,5
1058747445698551020,https://www.airbnb.com/rooms/1058747445698551020,1
1058853770469139232,https://www.airbnb.com/rooms/1058853770469139232,1
1058855338474260739,https://www.airbnb.com/rooms/1058855338474260739,2
1059510719378936896,https://www.airbnb.com/rooms/1059510719378936896,2
1060056847529841936,https://www.airbnb.com/rooms/1060056847529841936,2
1060444565279185954,https://www.airbnb.com/rooms/1060444565279185954,3
1060535343830964687,https://www.airbnb.com/rooms/1060535343830964687,2
1060876574302629587,https://www.airbnb.com/rooms/1060876574302629587,2
1061152404560594633,https://www.airbnb.com/rooms/1061152404560594633,2
1061480881083999708,https://www.airbnb.com/rooms/1061480881083999708,3
1061878669340823360,https://www.airbnb.com/rooms/1061878669340823360,2
1062202684744088311,https://www.airbnb.com/rooms/1062202684744088311,2
1062432083717763776,https://www.airbnb.com/rooms/1062432083717763776,1
1063186652895827024,https://www.airbnb.com/rooms/1063186652895827024,2
1063348934680901555,https://www.airbnb.com/rooms/1063348934680901555,1
1063741328461111730,https://www.airbnb.com/rooms/1063741328461111730,2
1063992683976553910,https://www.airbnb.com/rooms/1063992683976553910,3
1064012501627748669,https://www.airbnb.com/rooms/1064012501627748669,2
1064512123657222167,https://www.airbnb.com/rooms/1064512123657222167,2
1064580318192045244,https://www.airbnb.com/rooms/1064580318192045244,2
1064606302183488183,https://www.airbnb.com/rooms/1064606302183488183,2
1064770184970781228,https://www.airbnb.com/rooms/1064770184970781228,1
1064799945213069105,https://www.airbnb.com/rooms/1064799945213069105,2
1065238570554315594,https://www.airbnb.com/rooms/1065238570554315594,1
1065248759141480227,https://www.airbnb.com/rooms/1065248759141480227,4
1065279073575686817,https://www.airbnb.com/rooms/1065279073575686817,3
1065289267149326461,https://www.airbnb.com/rooms/1065289267149326461,1
1065306415584780725,https://www.airbnb.com/rooms/1065306415584780725,1
1065390100131996290,https://www.airbnb.com/rooms/1065390100131996290,2
1065410090053170839,https://www.airbnb.com/rooms/1065410090053170839,1
1065446931553849443,https://www.airbnb.com/rooms/1065446931553849443,1
1065915198950035421,https://www.airbnb.com/rooms/1065915198950035421,7
1066700045598954117,https://www.airbnb.com/rooms/1066700045598954117,2
1066993509609712028,https://www.airbnb.com/rooms/1066993509609712028,3
1067548924834386403,https://www.airbnb.com/rooms/1067548924834386403,1
1067565894520763671,https://www.airbnb.com/rooms/1067565894520763671,2
1067583374988906041,https://www.airbnb.com/rooms/1067583374988906041,2
1067585452976250398,https://www.airbnb.com/rooms/1067585452976250398,2
1068116608503555297,https://www.airbnb.com/rooms/1068116608503555297,1
1068334003143758669,https://www.airbnb.com/rooms/1068334003143758669,1
1068859304508082398,https://www.airbnb.com/rooms/1068859304508082398,1
1068957799961646944,https://www.airbnb.com/rooms/1068957799961646944,1
1069561463449953656,https://www.airbnb.com/rooms/1069561463449953656,2
1069634339878407277,https://www.airbnb.com/rooms/1069634339878407277,2
1069718480606690757,https://www.airbnb.com/rooms/1069718480606690757,1
1069822874874809413,https://www.airbnb.com/rooms/1069822874874809413,1
1070434788004102122,https://www.airbnb.com/rooms/1070434788004102122,2
1070449390591901107,https://www.airbnb.com/rooms/1070449390591901107,2
1070674977409819747,https://www.airbnb.com/rooms/1070674977409819747,1
1071033728756776692,https://www.airbnb.com/rooms/1071033728756776692,2
1071101845360770558,https://www.airbnb.com/rooms/1071101845360770558,6
1071316331666793314,https://www.airbnb.com/rooms/1071316331666793314,1
1071492490071368650,https://www.airbnb.com/rooms/1071492490071368650,7
1071606672951677411,https://www.airbnb.com/rooms/1071606672951677411,1
1071860491193408585,https://www.airbnb.com/rooms/1071860491193408585,1
1072047147692790635,https://www.airbnb.com/rooms/1072047147692790635,2
1072409974942914715,https://www.airbnb.com/rooms/1072409974942914715,2
1072469618308720474,https://www.airbnb.com/rooms/1072469618308720474,4
1072643596530541030,https://www.airbnb.com/rooms/1072643596530541030,4
1073377811934184638,https://www.airbnb.com/rooms/1073377811934184638,4
1074233562406540695,https://www.airbnb.com/rooms/1074233562406540695,2
1074735531629229894,https://www.airbnb.com/rooms/1074735531629229894,2
1075401469832937689,https://www.airbnb.com/rooms/1075401469832937689,4
1075425855101848085,https://www.airbnb.com/rooms/1075425855101848085,4
1075470962308630706,https://www.airbnb.com/rooms/1075470962308630706,2
1075515019554700882,https://www.airbnb.com/rooms/1075515019554700882,1
1075576471702187056,https://www.airbnb.com/rooms/1075576471702187056,1
1075580620600586758,https://www.airbnb.com/rooms/1075580620600586758,1
1075587764899746091,https://www.airbnb.com/rooms/1075587764899746091,1
1075590183723915313,https://www.airbnb.com/rooms/1075590183723915313,1
1075591612856645807,https://www.airbnb.com/rooms/1075591612856645807,1
1075620274290428642,https://www.airbnb.com/rooms/1075620274290428642,1
1075960908825123991,https://www.airbnb.com/rooms/1075960908825123991,1
1076183435105906195,https://www.airbnb.com/rooms/1076183435105906195,2
1076275109620097124,https://www.airbnb.com/rooms/1076275109620097124,1
1077069518877001671,https://www.airbnb.com/rooms/1077069518877001671,1
1077429576719257531,https://www.airbnb.com/rooms/1077429576719257531,1
1077650584049292707,https://www.airbnb.com/rooms/1077650584049292707,1
1077651108061775177,https://www.airbnb.com/rooms/1077651108061775177,4
1078454060544295077,https://www.airbnb.com/rooms/1078454060544295077,1
1079110055017059019,https://www.airbnb.com/rooms/1079110055017059019,2
1079174900153128923,https://www.airbnb.com/rooms/1079174900153128923,2
1079270600382638282,https://www.airbnb.com/rooms/1079270600382638282,2
1079887015080736624,https://www.airbnb.com/rooms/1079887015080736624,1
1080468382899410272,https://www.airbnb.com/rooms/1080468382899410272,1
1080469338081940468,https://www.airbnb.com/rooms/1080469338081940468,2
1080557033773281819,https://www.airbnb.com/rooms/1080557033773281819,2
1080562843373907201,https://www.airbnb.com/rooms/1080562843373907201,2
1081295547609553656,https://www.airbnb.com/rooms/1081295547609553656,6
1081490976842718839,https://www.airbnb.com/rooms/1081490976842718839,4
1081533274916031175,https://www.airbnb.com/rooms/1081533274916031175,1
1081865837375123566,https://www.airbnb.com/rooms/1081865837375123566,1
1082060026820526773,https://www.airbnb.com/rooms/1082060026820526773,1
1082071999145986217,https://www.airbnb.com/rooms/1082071999145986217,2
1082148916229327254,https://www.airbnb.com/rooms/1082148916229327254,2
1082171788913540079,https://www.airbnb.com/rooms/1082171788913540079,2
1082544629012836612,https://www.airbnb.com/rooms/1082544629012836612,1
1082602173171706417,https://www.airbnb.com/rooms/1082602173171706417,1
1082630296417514027,https://www.airbnb.com/rooms/1082630296417514027,1
1082645588921783767,https://www.airbnb.com/rooms/1082645588921783767,1
1083017138698316119,https://www.airbnb.com/rooms/1083017138698316119,1
1083350348961659271,https://www.airbnb.com/rooms/1083350348961659271,1
1083484571342613752,https://www.airbnb.com/rooms/1083484571342613752,1
1083490326334784798,https://www.airbnb.com/rooms/1083490326334784798,1
1083495170801513622,https://www.airbnb.com/rooms/1083495170801513622,1
1083496194878753670,https://www.airbnb.com/rooms/1083496194878753670,1
1084003745739020477,https://www.airbnb.com/rooms/1084003745739020477,6
1084010449794881072,https://www.airbnb.com/rooms/1084010449794881072,1
1084062965551216317,https://www.airbnb.com/rooms/1084062965551216317,2
1084329431534151111,https://www.airbnb.com/rooms/1084329431534151111,4
1084354742399149970,https://www.airbnb.com/rooms/1084354742399149970,3
1084804173313724868,https://www.airbnb.com/rooms/1084804173313724868,1
1084964715993929624,https://www.airbnb.com/rooms/1084964715993929624,2
1085124378583909138,https://www.airbnb.com/rooms/1085124378583909138,2
1085468139412731848,https://www.airbnb.com/rooms/1085468139412731848,2
1085470712709759426,https://www.airbnb.com/rooms/1085470712709759426,1
1085495511656277013,https://www.airbnb.com/rooms/1085495511656277013,2
1085660200210692007,https://www.airbnb.com/rooms/1085660200210692007,3
1085788019420052965,https://www.airbnb.com/rooms/1085788019420052965,2
1085800428433701279,https://www.airbnb.com/rooms/1085800428433701279,2
1085950481226277817,https://www.airbnb.com/rooms/1085950481226277817,2
1086037565873113415,https://www.airbnb.com/rooms/1086037565873113415,2
1086152950246818826,https://www.airbnb.com/rooms/1086152950246818826,2
1086233818699762088,https://www.airbnb.com/rooms/1086233818699762088,2
1086291850907039283,https://www.airbnb.com/rooms/1086291850907039283,2
1086350064768524473,https://www.airbnb.com/rooms/1086350064768524473,3
1086479835731003012,https://www.airbnb.com/rooms/1086479835731003012,3
1086952700382072670,https://www.airbnb.com/rooms/1086952700382072670,1
1087245094989757323,https://www.airbnb.com/rooms/1087245094989757323,1
1087630741293466243,https://www.airbnb.com/rooms/1087630741293466243,1
1087642445424674898,https://www.airbnb.com/rooms/1087642445424674898,1
1087673658513924062,https://www.airbnb.com/rooms/1087673658513924062,1
1087935284309604900,https://www.airbnb.com/rooms/1087935284309604900,2
1087968444190998564,https://www.airbnb.com/rooms/1087968444190998564,2
1088407116220761314,https://www.airbnb.com/rooms/1088407116220761314,3
1088699893177278083,https://www.airbnb.com/rooms/1088699893177278083,1
1089123265799522978,https://www.airbnb.com/rooms/1089123265799522978,2
1089155064018113129,https://www.airbnb.com/rooms/1089155064018113129,1
1089292467052111795,https://www.airbnb.com/rooms/1089292467052111795,4
1089826108025774947,https://www.airbnb.com/rooms/1089826108025774947,2
1089933352611240130,https://www.airbnb.com/rooms/1089933352611240130,1
1089955013830418970,https://www.airbnb.com/rooms/1089955013830418970,2
1090025945233203833,https://www.airbnb.com/rooms/1090025945233203833,2
1090247188069150968,https://www.airbnb.com/rooms/1090247188069150968,6
1090581280564599035,https://www.airbnb.com/rooms/1090581280564599035,1
1090630951818948386,https://www.airbnb.com/rooms/1090630951818948386,2
1090966434399039962,https://www.airbnb.com/rooms/1090966434399039962,2
1090977797775109031,https://www.airbnb.com/rooms/1090977797775109031,2
1091220817362693876,https://www.airbnb.com/rooms/1091220817362693876,2
1091327761345399510,https://www.airbnb.com/rooms/1091327761345399510,1
1091585467984114985,https://www.airbnb.com/rooms/1091585467984114985,1
1091986860073475727,https://www.airbnb.com/rooms/1091986860073475727,2
1092071217025744124,https://www.airbnb.com/rooms/1092071217025744124,4
1092740316214873269,https://www.airbnb.com/rooms/1092740316214873269,2
1092873768763484190,https://www.airbnb.com/rooms/1092873768763484190,1
1092890279918447593,https://www.airbnb.com/rooms/1092890279918447593,1
1092894109740823232,https://www.airbnb.com/rooms/1092894109740823232,1
1092921327792812821,https://www.airbnb.com/rooms/1092921327792812821,1
1093546940327022042,https://www.airbnb.com/rooms/1093546940327022042,2
1093767805786842788,https://www.airbnb.com/rooms/1093767805786842788,3
1093918699819389688,https://www.airbnb.com/rooms/1093918699819389688,2
1094261306702222286,https://www.airbnb.com/rooms/1094261306702222286,1
1094881893274635770,https://www.airbnb.com/rooms/1094881893274635770,6
1094894399861735769,https://www.airbnb.com/rooms/1094894399861735769,6
1094894792758835018,https://www.airbnb.com/rooms/1094894792758835018,2
1094901070542460162,https://www.airbnb.com/rooms/1094901070542460162,3
1094907317676281110,https://www.airbnb.com/rooms/1094907317676281110,4
1094954263446077929,https://www.airbnb.com/rooms/1094954263446077929,2
1095011466975033800,https://www.airbnb.com/rooms/1095011466975033800,2
1095614351079524464,https://www.airbnb.com/rooms/1095614351079524464,2
1095616135532923871,https://www.airbnb.com/rooms/1095616135532923871,4
1095623016277090382,https://www.airbnb.com/rooms/1095623016277090382,4
1095625401596826226,https://www.airbnb.com/rooms/1095625401596826226,2
1095714888285644141,https://www.airbnb.com/rooms/1095714888285644141,2
1095742162255976387,https://www.airbnb.com/rooms/1095742162255976387,2
1095760784310835269,https://www.airbnb.com/rooms/1095760784310835269,3
1095789862908429401,https://www.airbnb.com/rooms/1095789862908429401,1
1095809869553979940,https://www.airbnb.com/rooms/1095809869553979940,1
1096048122360375524,https://www.airbnb.com/rooms/1096048122360375524,1
1096168532034876851,https://www.airbnb.com/rooms/1096168532034876851,2
1096340415135188683,https://www.airbnb.com/rooms/1096340415135188683,2
1096417664355420592,https://www.airbnb.com/rooms/1096417664355420592,4
1096647614565718375,https://www.airbnb.com/rooms/1096647614565718375,2
1097201394434670744,https://www.airbnb.com/rooms/1097201394434670744,4
1097343757110294254,https://www.airbnb.com/rooms/1097343757110294254,4
1097756806789288109,https://www.airbnb.com/rooms/1097756806789288109,2
1097798715748267208,https://www.airbnb.com/rooms/1097798715748267208,2
1097859330520265471,https://www.airbnb.com/rooms/1097859330520265471,2
1098580711527686217,https://www.airbnb.com/rooms/1098580711527686217,4
1098731649960137423,https://www.airbnb.com/rooms/1098731649960137423,1
1098741935585121564,https://www.airbnb.com/rooms/1098741935585121564,1
1098860703581870863,https://www.airbnb.com/rooms/1098860703581870863,2
1099292666932891487,https://www.airbnb.com/rooms/1099292666932891487,5
1099954194445143448,https://www.airbnb.com/rooms/1099954194445143448,1
1099954738141815222,https://www.airbnb.com/rooms/1099954738141815222,1
1099955131572678830,https://www.airbnb.com/rooms/1099955131572678830,1
1099955514469567781,https://www.airbnb.com/rooms/1099955514469567781,1
1100147033468464015,https://www.airbnb.com/rooms/1100147033468464015,2
1100165317197202007,https://www.airbnb.com/rooms/1100165317197202007,1
1100184075919166490,https://www.airbnb.com/rooms/1100184075919166490,1
1100186402230646863,https://www.airbnb.com/rooms/1100186402230646863,1
1100188048413513539,https://www.airbnb.com/rooms/1100188048413513539,1
1100701314937865174,https://www.airbnb.com/rooms/1100701314937865174,1
1100736390821200576,https://www.airbnb.com/rooms/1100736390821200576,1
1101351434905760611,https://www.airbnb.com/rooms/1101351434905760611,1
1101382264119048282,https://www.airbnb.com/rooms/1101382264119048282,4
1101561247311059405,https://www.airbnb.com/rooms/1101561247311059405,1
1101637437137422814,https://www.airbnb.com/rooms/1101637437137422814,4
1102451819026310985,https://www.airbnb.com/rooms/1102451819026310985,1
1102481414786273679,https://www.airbnb.com/rooms/1102481414786273679,2
1102531333077470809,https://www.airbnb.com/rooms/1102531333077470809,1
1102990003685776045,https://www.airbnb.com/rooms/1102990003685776045,5
1103280235061418233,https://www.airbnb.com/rooms/1103280235061418233,1
1103570058000753689,https://www.airbnb.com/rooms/1103570058000753689,2
1103839841049045194,https://www.airbnb.com/rooms/1103839841049045194,3
1104473741034332369,https://www.airbnb.com/rooms/1104473741034332369,2
1104485015074672746,https://www.airbnb.com/rooms/1104485015074672746,2
1104736600963411074,https://www.airbnb.com/rooms/1104736600963411074,1
1105323113442550553,https://www.airbnb.com/rooms/1105323113442550553,1
1105376651976928929,https://www.airbnb.com/rooms/1105376651976928929,3
1105379200548713965,https://www.airbnb.com/rooms/1105379200548713965,4
1105809015186878073,https://www.airbnb.com/rooms/1105809015186878073,2
1105826857463939274,https://www.airbnb.com/rooms/1105826857463939274,1
1105827860791695486,https://www.airbnb.com/rooms/1105827860791695486,3
1105855851269309204,https://www.airbnb.com/rooms/1105855851269309204,1
1105940359791569022,https://www.airbnb.com/rooms/1105940359791569022,2
1105942867634181341,https://www.airbnb.com/rooms/1105942867634181341,3
1105963759195634119,https://www.airbnb.com/rooms/1105963759195634119,4
1106082970320174593,https://www.airbnb.com/rooms/1106082970320174593,1
1106115217630148543,https://www.airbnb.com/rooms/1106115217630148543,2
1106590124492797889,https://www.airbnb.com/rooms/1106590124492797889,2
1106606155049038855,https://www.airbnb.com/rooms/1106606155049038855,2
1106647817791192733,https://www.airbnb.com/rooms/1106647817791192733,4
1106647838650382338,https://www.airbnb.com/rooms/1106647838650382338,4
1106649766308493196,https://www.airbnb.com/rooms/1106649766308493196,4
1106770609296682009,https://www.airbnb.com/rooms/1106770609296682009,1
1106906488741925733,https://www.airbnb.com/rooms/1106906488741925733,2
1107180787536819137,https://www.airbnb.com/rooms/1107180787536819137,2
1107203795867899214,https://www.airbnb.com/rooms/1107203795867899214,2
1107309158561785197,https://www.airbnb.com/rooms/1107309158561785197,2
1107340249245943170,https://www.airbnb.com/rooms/1107340249245943170,1
1107374734361579983,https://www.airbnb.com/rooms/1107374734361579983,2
1107395244505445541,https://www.airbnb.com/rooms/1107395244505445541,4
1107430783163867094,https://www.airbnb.com/rooms/1107430783163867094,2
1107554186734271720,https://www.airbnb.com/rooms/1107554186734271720,1
1107566953133738938,https://www.airbnb.com/rooms/1107566953133738938,2
1107588857439099691,https://www.airbnb.com/rooms/1107588857439099691,2
1107923933440118562,https://www.airbnb.com/rooms/1107923933440118562,2
1108246171492344586,https://www.airbnb.com/rooms/1108246171492344586,3
1108692582661534771,https://www.airbnb.com/rooms/1108692582661534771,8
1108711312561861999,https://www.airbnb.com/rooms/1108711312561861999,1
1108831114117885279,https://www.airbnb.com/rooms/1108831114117885279,2
1108862422494599272,https://www.airbnb.com/rooms/1108862422494599272,1
1109485841723690181,https://www.airbnb.com/rooms/1109485841723690181,4
1109632526342943268,https://www.airbnb.com/rooms/1109632526342943268,3
1109717196807078259,https://www.airbnb.com/rooms/1109717196807078259,1
1109736087686979649,https://www.airbnb.com/rooms/1109736087686979649,2
1110029364247386032,https://www.airbnb.com/rooms/1110029364247386032,2
1110200211956053634,https://www.airbnb.com/rooms/1110200211956053634,7
1110421165984913628,https://www.airbnb.com/rooms/1110421165984913628,4
1110781647559493149,https://www.airbnb.com/rooms/1110781647559493149,1
1110822302064304097,https://www.airbnb.com/rooms/1110822302064304097,2
1110908720567001820,https://www.airbnb.com/rooms/1110908720567001820,2
1111019620690634316,https://www.airbnb.com/rooms/1111019620690634316,1
1111158091075903436,https://www.airbnb.com/rooms/1111158091075903436,2
1111196070920869054,https://www.airbnb.com/rooms/1111196070920869054,2
1111481837409380762,https://www.airbnb.com/rooms/1111481837409380762,4
1111484069177681250,https://www.airbnb.com/rooms/1111484069177681250,4
1111492099572510580,https://www.airbnb.com/rooms/1111492099572510580,1
1111810880704957535,https://www.airbnb.com/rooms/1111810880704957535,1
1112310937425904822,https://www.airbnb.com/rooms/1112310937425904822,2
1112396943940730642,https://www.airbnb.com/rooms/1112396943940730642,2
1112444393012998503,https://www.airbnb.com/rooms/1112444393012998503,3
1112509833579972071,https://www.airbnb.com/rooms/1112509833579972071,6
1112531474755225390,https://www.airbnb.com/rooms/1112531474755225390,1
1113083582406855426,https://www.airbnb.com/rooms/1113083582406855426,2
1113180030675450965,https://www.airbnb.com/rooms/1113180030675450965,2
1113246958926740149,https://www.airbnb.com/rooms/1113246958926740149,1
1113274294795630680,https://www.airbnb.com/rooms/1113274294795630680,2
1113544501999766497,https://www.airbnb.com/rooms/1113544501999766497,2
1113761826305473623,https://www.airbnb.com/rooms/1113761826305473623,1
1113780855628932669,https://www.airbnb.com/rooms/1113780855628932669,2
1113796371285492467,https://www.airbnb.com/rooms/1113796371285492467,2
1114504856988158019,https://www.airbnb.com/rooms/1114504856988158019,4
1114517187465626568,https://www.airbnb.com/rooms/1114517187465626568,1
1115149048587095447,https://www.airbnb.com/rooms/1115149048587095447,1
1115238361189984911,https://www.airbnb.com/rooms/1115238361189984911,1
1115251617182252331,https://www.airbnb.com/rooms/1115251617182252331,1
1115258668252968852,https://www.airbnb.com/rooms/1115258668252968852,2
1115273815577279125,https://www.airbnb.com/rooms/1115273815577279125,1
1115806138618385248,https://www.airbnb.com/rooms/1115806138618385248,2
1115863046918195775,https://www.airbnb.com/rooms/1115863046918195775,1
1115880378108720043,https://www.airbnb.com/rooms/1115880378108720043,6
1115986804759087219,https://www.airbnb.com/rooms/1115986804759087219,2
1116162131116218746,https://www.airbnb.com/rooms/1116162131116218746,2
1116614818985374261,https://www.airbnb.com/rooms/1116614818985374261,1
1116719165828171039,https://www.airbnb.com/rooms/1116719165828171039,1
1117076062473183592,https://www.airbnb.com/rooms/1117076062473183592,2
1117350221920870669,https://www.airbnb.com/rooms/1117350221920870669,2
1117440876747445412,https://www.airbnb.com/rooms/1117440876747445412,1
1117529692220839741,https://www.airbnb.com/rooms/1117529692220839741,1
1117572234666219739,https://www.airbnb.com/rooms/1117572234666219739,2
1118139611879772043,https://www.airbnb.com/rooms/1118139611879772043,1
1118156242105938578,https://www.airbnb.com/rooms/1118156242105938578,1
1118184785657850874,https://www.airbnb.com/rooms/1118184785657850874,4
1118926841459931871,https://www.airbnb.com/rooms/1118926841459931871,4
1119580143074034058,https://www.airbnb.com/rooms/1119580143074034058,1
1119883345995100218,https://www.airbnb.com/rooms/1119883345995100218,2
1120321716565227942,https://www.airbnb.com/rooms/1120321716565227942,1
1120438228666395672,https://www.airbnb.com/rooms/1120438228666395672,1
1120847434855109938,https://www.airbnb.com/rooms/1120847434855109938,1
1121045731845789843,https://www.airbnb.com/rooms/1121045731845789843,2
1121280864570829295,https://www.airbnb.com/rooms/1121280864570829295,1
1121649074394737308,https://www.airbnb.com/rooms/1121649074394737308,1
1121650483405649443,https://www.airbnb.com/rooms/1121650483405649443,1
1121916290926807726,https://www.airbnb.com/rooms/1121916290926807726,2
1121921827189628331,https://www.airbnb.com/rooms/1121921827189628331,1
1122148961224181524,https://www.airbnb.com/rooms/1122148961224181524,1
1122392079292180601,https://www.airbnb.com/rooms/1122392079292180601,1
1122794418895621570,https://www.airbnb.com/rooms/1122794418895621570,2
1123178146892681662,https://www.airbnb.com/rooms/1123178146892681662,3
1123237669569090762,https://www.airbnb.com/rooms/1123237669569090762,1
1123391839075795202,https://www.airbnb.com/rooms/1123391839075795202,4
1123823116090699417,https://www.airbnb.com/rooms/1123823116090699417,1
1123879231499020636,https://www.airbnb.com/rooms/1123879231499020636,1
1123954897519622892,https://www.airbnb.com/rooms/1123954897519622892,1
1123963047534143849,https://www.airbnb.com/rooms/1123963047534143849,2
1124740315901338525,https://www.airbnb.com/rooms/1124740315901338525,4
1124982647196130326,https://www.airbnb.com/rooms/1124982647196130326,2
1124999664637984285,https://www.airbnb.com/rooms/1124999664637984285,2
1125510542147652896,https://www.airbnb.com/rooms/1125510542147652896,1
1125576718665903933,https://www.airbnb.com/rooms/1125576718665903933,2
1125651810778616856,https://www.airbnb.com/rooms/1125651810778616856,2
1125748076715686858,https://www.airbnb.com/rooms/1125748076715686858,2
1126027126142932916,https://www.airbnb.com/rooms/1126027126142932916,2
1126039506603271591,https://www.airbnb.com/rooms/1126039506603271591,2
1126044925833693475,https://www.airbnb.com/rooms/1126044925833693475,3
1126077848220690341,https://www.airbnb.com/rooms/1126077848220690341,4
1126141931564350848,https://www.airbnb.com/rooms/1126141931564350848,1
1126299404576236193,https://www.airbnb.com/rooms/1126299404576236193,1
1126443536822778553,https://www.airbnb.com/rooms/1126443536822778553,1
1126733324795581588,https://www.airbnb.com/rooms/1126733324795581588,1
1126828097517923406,https://www.airbnb.com/rooms/1126828097517923406,1
1126852471025680393,https://www.airbnb.com/rooms/1126852471025680393,1
1126872276658706873,https://www.airbnb.com/rooms/1126872276658706873,1
1126873824455316456,https://www.airbnb.com/rooms/1126873824455316456,2
1126873827755005839,https://www.airbnb.com/rooms/1126873827755005839,1
1127028185356508014,https://www.airbnb.com/rooms/1127028185356508014,2
1127379037850381448,https://www.airbnb.com/rooms/1127379037850381448,1
1127507207351593419,https://www.airbnb.com/rooms/1127507207351593419,1
1127569918204840816,https://www.airbnb.com/rooms/1127569918204840816,1
1127592943609309531,https://www.airbnb.com/rooms/1127592943609309531,1
1128186066045737031,https://www.airbnb.com/rooms/1128186066045737031,2
1128483539582340957,https://www.airbnb.com/rooms/1128483539582340957,2
1128496181498662592,https://www.airbnb.com/rooms/1128496181498662592,2
1128591045881770372,https://www.airbnb.com/rooms/1128591045881770372,4
1128943000762131657,https://www.airbnb.com/rooms/1128943000762131657,1
1129099828189808927,https://www.airbnb.com/rooms/1129099828189808927,1
1129757447859320813,https://www.airbnb.com/rooms/1129757447859320813,1
1129882298335292469,https://www.airbnb.com/rooms/1129882298335292469,2
1129926409154750373,https://www.airbnb.com/rooms/1129926409154750373,2
1129961646909699384,https://www.airbnb.com/rooms/1129961646909699384,1
1129996137998672019,https://www.airbnb.com/rooms/1129996137998672019,4
1130041002956855811,https://www.airbnb.com/rooms/1130041002956855811,1
1130426194948324862,https://www.airbnb.com/rooms/1130426194948324862,1
1130450416226792915,https://www.airbnb.com/rooms/1130450416226792915,4
1130505912515415823,https://www.airbnb.com/rooms/1130505912515415823,2
1130779794745894142,https://www.airbnb.com/rooms/1130779794745894142,2
1131251604605000575,https://www.airbnb.com/rooms/1131251604605000575,2
1131260236492760075,https://www.airbnb.com/rooms/1131260236492760075,2
1131483219966719075,https://www.airbnb.com/rooms/1131483219966719075,2
1131868359261363568,https://www.airbnb.com/rooms/1131868359261363568,2
1131906736954245634,https://www.airbnb.com/rooms/1131906736954245634,2
1131908875397382272,https://www.airbnb.com/rooms/1131908875397382272,2
1132452158953804541,https://www.airbnb.com/rooms/1132452158953804541,2
1132793458316891094,https://www.airbnb.com/rooms/1132793458316891094,1
1132885084154792040,https://www.airbnb.com/rooms/1132885084154792040,1
1133085473218284812,https://www.airbnb.com/rooms/1133085473218284812,1
1133382962265447128,https://www.airbnb.com/rooms/1133382962265447128,3
1134055413623358382,https://www.airbnb.com/rooms/1134055413623358382,1
1134297270744598554,https://www.airbnb.com/rooms/1134297270744598554,2
1136096521300035771,https://www.airbnb.com/rooms/1136096521300035771,2
1136135940307572851,https://www.airbnb.com/rooms/1136135940307572851,2
1136177499913041098,https://www.airbnb.com/rooms/1136177499913041098,2
1136220128028013695,https://www.airbnb.com/rooms/1136220128028013695,2
1136450120373137778,https://www.airbnb.com/rooms/1136450120373137778,1
1136468418116645855,https://www.airbnb.com/rooms/1136468418116645855,2
1136836509324863129,https://www.airbnb.com/rooms/1136836509324863129,1
1137143024213500779,https://www.airbnb.com/rooms/1137143024213500779,2
1137225376511912602,https://www.airbnb.com/rooms/1137225376511912602,1
1137297109267491742,https://www.airbnb.com/rooms/1137297109267491742,6
1137624842214677120,https://www.airbnb.com/rooms/1137624842214677120,2
1137641345579761716,https://www.airbnb.com/rooms/1137641345579761716,2
1137671877790078191,https://www.airbnb.com/rooms/1137671877790078191,2
1137864510169950843,https://www.airbnb.com/rooms/1137864510169950843,1
1138417829232146276,https://www.airbnb.com/rooms/1138417829232146276,2
1138706281079728392,https://www.airbnb.com/rooms/1138706281079728392,2
1139954254350519996,https://www.airbnb.com/rooms/1139954254350519996,2
1140032955371963022,https://www.airbnb.com/rooms/1140032955371963022,4
1140592269185162265,https://www.airbnb.com/rooms/1140592269185162265,1
1140805778610792793,https://www.airbnb.com/rooms/1140805778610792793,1
1140881381088642746,https://www.airbnb.com/rooms/1140881381088642746,1
1141237568613418567,https://www.airbnb.com/rooms/1141237568613418567,1
1141295056728563683,https://www.airbnb.com/rooms/1141295056728563683,1
1141336823612190111,https://www.airbnb.com/rooms/1141336823612190111,2
1141339553870359190,https://www.airbnb.com/rooms/1141339553870359190,5
1141473236146520399,https://www.airbnb.com/rooms/1141473236146520399,2
1141672346178801812,https://www.airbnb.com/rooms/1141672346178801812,2
1142075663056279317,https://www.airbnb.com/rooms/1142075663056279317,1
1142077739884857788,https://www.airbnb.com/rooms/1142077739884857788,1
1142091192432577446,https://www.airbnb.com/rooms/1142091192432577446,1
1142213890405034372,https://www.airbnb.com/rooms/1142213890405034372,1
1142254504537756707,https://www.airbnb.com/rooms/1142254504537756707,1
1142745907781960649,https://www.airbnb.com/rooms/1142745907781960649,3
1142878669167785511,https://www.airbnb.com/rooms/1142878669167785511,2
1142888893203443607,https://www.airbnb.com/rooms/1142888893203443607,2
1142920247241829454,https://www.airbnb.com/rooms/1142920247241829454,1
1143534587651304002,https://www.airbnb.com/rooms/1143534587651304002,1
1143647431934911215,https://www.airbnb.com/rooms/1143647431934911215,1
1144344824077535884,https://www.airbnb.com/rooms/1144344824077535884,4
1144372761019555222,https://www.airbnb.com/rooms/1144372761019555222,2
1144373349932437027,https://www.airbnb.com/rooms/1144373349932437027,2
1144393396283439009,https://www.airbnb.com/rooms/1144393396283439009,2
1144902376851190964,https://www.airbnb.com/rooms/1144902376851190964,2
1144920172185529270,https://www.airbnb.com/rooms/1144920172185529270,2
1145632851085227287,https://www.airbnb.com/rooms/1145632851085227287,2
1145695315304351781,https://www.airbnb.com/rooms/1145695315304351781,4
1145704897881296008,https://www.airbnb.com/rooms/1145704897881296008,1
1145772884330033006,https://www.airbnb.com/rooms/1145772884330033006,2
1145772913709395663,https://www.airbnb.com/rooms/1145772913709395663,2
1145772940824330668,https://www.airbnb.com/rooms/1145772940824330668,2
1145772985401919364,https://www.airbnb.com/rooms/1145772985401919364,2
1145970481657301704,https://www.airbnb.com/rooms/1145970481657301704,4
1145972624684546221,https://www.airbnb.com/rooms/1145972624684546221,1
1146010221867665327,https://www.airbnb.com/rooms/1146010221867665327,1
1146387527504676827,https://www.airbnb.com/rooms/1146387527504676827,1
1146457007877088193,https://www.airbnb.com/rooms/1146457007877088193,3
1146506922732568676,https://www.airbnb.com/rooms/1146506922732568676,4
1146531107236448784,https://www.airbnb.com/rooms/1146531107236448784,1
1146612531480091289,https://www.airbnb.com/rooms/1146612531480091289,1
1147115073338443659,https://www.airbnb.com/rooms/1147115073338443659,2
1147140163091882159,https://www.airbnb.com/rooms/1147140163091882159,2
1147204134531497050,https://www.airbnb.com/rooms/1147204134531497050,2
1147204590432198983,https://www.airbnb.com/rooms/1147204590432198983,2
1147205230628628391,https://www.airbnb.com/rooms/1147205230628628391,2
1147205459107403466,https://www.airbnb.com/rooms/1147205459107403466,2
1147205563720932359,https://www.airbnb.com/rooms/1147205563720932359,2
1147205607248471873,https://www.airbnb.com/rooms/1147205607248471873,2
1147205894203731878,https://www.airbnb.com/rooms/1147205894203731878,2
1147206157681970356,https://www.airbnb.com/rooms/1147206157681970356,2
1147206361499360100,https://www.airbnb.com/rooms/1147206361499360100,2
1147206417037965854,https://www.airbnb.com/rooms/1147206417037965854,2
1147206619145701431,https://www.airbnb.com/rooms/1147206619145701431,2
1147207076319529237,https://www.airbnb.com/rooms/1147207076319529237,2
1147207192530936637,https://www.airbnb.com/rooms/1147207192530936637,2
1147207289961023970,https://www.airbnb.com/rooms/1147207289961023970,2
1147207393133193658,https://www.airbnb.com/rooms/1147207393133193658,2
1147207495972372056,https://www.airbnb.com/rooms/1147207495972372056,2
1147207717341289791,https://www.airbnb.com/rooms/1147207717341289791,2
1147207937484541109,https://www.airbnb.com/rooms/1147207937484541109,2
1147207983939619570,https://www.airbnb.com/rooms/1147207983939619570,2
1147208228286218683,https://www.airbnb.com/rooms/1147208228286218683,2
1147209507227908474,https://www.airbnb.com/rooms/1147209507227908474,2
1147210214799704905,https://www.airbnb.com/rooms/1147210214799704905,2
1147210529940156309,https://www.airbnb.com/rooms/1147210529940156309,2
1147210641185552366,https://www.airbnb.com/rooms/1147210641185552366,2
1147851546101829812,https://www.airbnb.com/rooms/1147851546101829812,4
1147945825809450380,https://www.airbnb.com/rooms/1147945825809450380,1
1148015719140823967,https://www.airbnb.com/rooms/1148015719140823967,2
1148077467256799047,https://www.airbnb.com/rooms/1148077467256799047,2
1148109877755153268,https://www.airbnb.com/rooms/1148109877755153268,1
1148110911280732699,https://www.airbnb.com/rooms/1148110911280732699,2
1148824971904656179,https://www.airbnb.com/rooms/1148824971904656179,1
1148924091418969490,https://www.airbnb.com/rooms/1148924091418969490,1
1149145259090139246,https://www.airbnb.com/rooms/1149145259090139246,4
1149444337616790658,https://www.airbnb.com/rooms/1149444337616790658,3
1149517454877743579,https://www.airbnb.com/rooms/1149517454877743579,2
1149724396248064515,https://www.airbnb.com/rooms/1149724396248064515,3
1149971640786997550,https://www.airbnb.com/rooms/1149971640786997550,4
1150180864361709863,https://www.airbnb.com/rooms/1150180864361709863,2
1150523862420746888,https://www.airbnb.com/rooms/1150523862420746888,3
1150702424749513823,https://www.airbnb.com/rooms/1150702424749513823,1
1150714644992986523,https://www.airbnb.com/rooms/1150714644992986523,2
1150715351977097851,https://www.airbnb.com/rooms/1150715351977097851,2
1150765440017207565,https://www.airbnb.com/rooms/1150765440017207565,2
1150787632300564604,https://www.airbnb.com/rooms/1150787632300564604,1
1151379535175193483,https://www.airbnb.com/rooms/1151379535175193483,2
1151493057279489574,https://www.airbnb.com/rooms/1151493057279489574,4
1151536992544718252,https://www.airbnb.com/rooms/1151536992544718252,2
1151548619925893465,https://www.airbnb.com/rooms/1151548619925893465,2
1151758539446619581,https://www.airbnb.com/rooms/1151758539446619581,1
1151782589101096195,https://www.airbnb.com/rooms/1151782589101096195,1
1151814954629903197,https://www.airbnb.com/rooms/1151814954629903197,1
1151996690746399007,https://www.airbnb.com/rooms/1151996690746399007,2
1152094208807632775,https://www.airbnb.com/rooms/1152094208807632775,4
1152157033264544156,https://www.airbnb.com/rooms/1152157033264544156,3
1152160986079546491,https://www.airbnb.com/rooms/1152160986079546491,3
1152229576041291355,https://www.airbnb.com/rooms/1152229576041291355,2
1152331142892837284,https://www.airbnb.com/rooms/1152331142892837284,1
1152867298191351227,https://www.airbnb.com/rooms/1152867298191351227,2
1153060013112811223,https://www.airbnb.com/rooms/1153060013112811223,2
1153146668723492692,https://www.airbnb.com/rooms/1153146668723492692,1
1153221509210466484,https://www.airbnb.com/rooms/1153221509210466484,1
1153668716205095021,https://www.airbnb.com/rooms/1153668716205095021,4
1153682250042618555,https://www.airbnb.com/rooms/1153682250042618555,3
1153792044047032872,https://www.airbnb.com/rooms/1153792044047032872,2
1153803316850506693,https://www.airbnb.com/rooms/1153803316850506693,1
1154296099568409014,https://www.airbnb.com/rooms/1154296099568409014,2
1155236180030132877,https://www.airbnb.com/rooms/1155236180030132877,6
1155778073697659775,https://www.airbnb.com/rooms/1155778073697659775,4
1156409880796662502,https://www.airbnb.com/rooms/1156409880796662502,2
1156605664342287030,https://www.airbnb.com/rooms/1156605664342287030,1
1156763956922856337,https://www.airbnb.com/rooms/1156763956922856337,1
1157229047618163871,https://www.airbnb.com/rooms/1157229047618163871,1
1157302275531533475,https://www.airbnb.com/rooms/1157302275531533475,2
1157305695394255335,https://www.airbnb.com/rooms/1157305695394255335,2
1157447515454064666,https://www.airbnb.com/rooms/1157447515454064666,2
1157514305718027056,https://www.airbnb.com/rooms/1157514305718027056,2
1157610319699384117,https://www.airbnb.com/rooms/1157610319699384117,2
1157941744625769116,https://www.airbnb.com/rooms/1157941744625769116,1
1158153004831187104,https://www.airbnb.com/rooms/1158153004831187104,2
1158843300445661541,https://www.airbnb.com/rooms/1158843300445661541,2
1159308173211611981,https://www.airbnb.com/rooms/1159308173211611981,2
1160055266130115867,https://www.airbnb.com/rooms/1160055266130115867,1
1160197802719021125,https://www.airbnb.com/rooms/1160197802719021125,1
1160317497849748514,https://www.airbnb.com/rooms/1160317497849748514,3
1160828660197922555,https://www.airbnb.com/rooms/1160828660197922555,4
1160965861432181568,https://www.airbnb.com/rooms/1160965861432181568,1
1161066388646454894,https://www.airbnb.com/rooms/1161066388646454894,2
1161140713981745796,https://www.airbnb.com/rooms/1161140713981745796,1
1161147137915001924,https://www.airbnb.com/rooms/1161147137915001924,9
1161421247503987202,https://www.airbnb.com/rooms/1161421247503987202,4
1161504203223688871,https://www.airbnb.com/rooms/1161504203223688871,5
1161570208909836769,https://www.airbnb.com/rooms/1161570208909836769,1
1161629115689383350,https://www.airbnb.com/rooms/1161629115689383350,2
1161629329480302437,https://www.airbnb.com/rooms/1161629329480302437,4
1161629392215101733,https://www.airbnb.com/rooms/1161629392215101733,3
1161637386515674899,https://www.airbnb.com/rooms/1161637386515674899,5
1161700880343872043,https://www.airbnb.com/rooms/1161700880343872043,2
1161753396804353266,https://www.airbnb.com/rooms/1161753396804353266,1
1161880996471950688,https://www.airbnb.com/rooms/1161880996471950688,2
1162338963954491750,https://www.airbnb.com/rooms/1162338963954491750,1
1162444206161201245,https://www.airbnb.com/rooms/1162444206161201245,5
1162454490264373952,https://www.airbnb.com/rooms/1162454490264373952,2
1162642283900646413,https://www.airbnb.com/rooms/1162642283900646413,1
1162814243579079542,https://www.airbnb.com/rooms/1162814243579079542,1
1163135975674802609,https://www.airbnb.com/rooms/1163135975674802609,2
1163210146138136868,https://www.airbnb.com/rooms/1163210146138136868,2
1163928800094128282,https://www.airbnb.com/rooms/1163928800094128282,2
1165358582886790665,https://www.airbnb.com/rooms/1165358582886790665,2
1165688800257509875,https://www.airbnb.com/rooms/1165688800257509875,2
1165895413514906471,https://www.airbnb.com/rooms/1165895413514906471,1
1166543697040921446,https://www.airbnb.com/rooms/1166543697040921446,1
1166839056536053014,https://www.airbnb.com/rooms/1166839056536053014,2
1166865229781865319,https://www.airbnb.com/rooms/1166865229781865319,6
1166865318035048826,https://www.airbnb.com/rooms/1166865318035048826,4
1166896427341629184,https://www.airbnb.com/rooms/1166896427341629184,2
1167317553037195833,https://www.airbnb.com/rooms/1167317553037195833,2
1167411831089390653,https://www.airbnb.com/rooms/1167411831089390653,1
1167469636800339863,https://www.airbnb.com/rooms/1167469636800339863,2
1167691336729022173,https://www.airbnb.com/rooms/1167691336729022173,1
1168039870516087109,https://www.airbnb.com/rooms/1168039870516087109,1
1168057867077047958,https://www.airbnb.com/rooms/1168057867077047958,2
1168080047498736849,https://www.airbnb.com/rooms/1168080047498736849,2
1168308939028637239,https://www.airbnb.com/rooms/1168308939028637239,4
1168748428456766427,https://www.airbnb.com/rooms/1168748428456766427,3
1168848772502985841,https://www.airbnb.com/rooms/1168848772502985841,1
1169016342964079700,https://www.airbnb.com/rooms/1169016342964079700,1
1169058197579463059,https://www.airbnb.com/rooms/1169058197579463059,4
1169132480311801748,https://www.airbnb.com/rooms/1169132480311801748,1
1169391586192502952,https://www.airbnb.com/rooms/1169391586192502952,2
1169805593897671986,https://www.airbnb.com/rooms/1169805593897671986,2
1169905749088376191,https://www.airbnb.com/rooms/1169905749088376191,1
1170462106319766983,https://www.airbnb.com/rooms/1170462106319766983,1
1170485845684912344,https://www.airbnb.com/rooms/1170485845684912344,1
1170518571380441928,https://www.airbnb.com/rooms/1170518571380441928,2
1171127408317617124,https://www.airbnb.com/rooms/1171127408317617124,4
1171175904030360104,https://www.airbnb.com/rooms/1171175904030360104,1
1171734395727141363,https://www.airbnb.com/rooms/1171734395727141363,2
1171856419824266658,https://www.airbnb.com/rooms/1171856419824266658,10
1171978762900897906,https://www.airbnb.com/rooms/1171978762900897906,4
1172491496357025803,https://www.airbnb.com/rooms/1172491496357025803,1
1172692541458712232,https://www.airbnb.com/rooms/1172692541458712232,2
1173164555082474142,https://www.airbnb.com/rooms/1173164555082474142,1
1173173551104256593,https://www.airbnb.com/rooms/1173173551104256593,1
1173988536973478356,https://www.airbnb.com/rooms/1173988536973478356,1
1174076297157191532,https://www.airbnb.com/rooms/1174076297157191532,2
1174139768266463797,https://www.airbnb.com/rooms/1174139768266463797,1
1174699861249181732,https://www.airbnb.com/rooms/1174699861249181732,1
1174950468066437491,https://www.airbnb.com/rooms/1174950468066437491,2
1175230292557252338,https://www.airbnb.com/rooms/1175230292557252338,2
1175453119879103446,https://www.airbnb.com/rooms/1175453119879103446,2
1175604181346156241,https://www.airbnb.com/rooms/1175604181346156241,1
1175833246697535992,https://www.airbnb.com/rooms/1175833246697535992,1
1176129733909251866,https://www.airbnb.com/rooms/1176129733909251866,1
1176402821510707476,https://www.airbnb.com/rooms/1176402821510707476,2
1176503043187223769,https://www.airbnb.com/rooms/1176503043187223769,1
1176881760073777590,https://www.airbnb.com/rooms/1176881760073777590,2
1177156952202746896,https://www.airbnb.com/rooms/1177156952202746896,2
1177232510483072476,https://www.airbnb.com/rooms/1177232510483072476,4
1177402309958112864,https://www.airbnb.com/rooms/1177402309958112864,1
1177670121758315337,https://www.airbnb.com/rooms/1177670121758315337,4
1177756585389777222,https://www.airbnb.com/rooms/1177756585389777222,1
1177765020209191413,https://www.airbnb.com/rooms/1177765020209191413,1
1177767623205722537,https://www.airbnb.com/rooms/1177767623205722537,1
1177883984965487836,https://www.airbnb.com/rooms/1177883984965487836,4
1178442576240442349,https://www.airbnb.com/rooms/1178442576240442349,2
1178894856859586709,https://www.airbnb.com/rooms/1178894856859586709,1
1178912935006821554,https://www.airbnb.com/rooms/1178912935006821554,1
1178913284239086357,https://www.airbnb.com/rooms/1178913284239086357,1
1178972091033472918,https://www.airbnb.com/rooms/1178972091033472918,1
1179621864225482094,https://www.airbnb.com/rooms/1179621864225482094,2
1179882055260696843,https://www.airbnb.com/rooms/1179882055260696843,2
1180083244059472969,https://www.airbnb.com/rooms/1180083244059472969,3
1180668300519132860,https://www.airbnb.com/rooms/1180668300519132860,2
1180710268078070928,https://www.airbnb.com/rooms/1180710268078070928,1
1180896416967378221,https://www.airbnb.com/rooms/1180896416967378221,1
1181106130461803492,https://www.airbnb.com/rooms/1181106130461803492,2
1181583145007274099,https://www.airbnb.com/rooms/1181583145007274099,1
1181833038028487742,https://www.airbnb.com/rooms/1181833038028487742,2
1181851676947979886,https://www.airbnb.com/rooms/1181851676947979886,1
1182017364992716282,https://www.airbnb.com/rooms/1182017364992716282,2
1182526867606289589,https://www.airbnb.com/rooms/1182526867606289589,1
1182564446620038218,https://www.airbnb.com/rooms/1182564446620038218,3
1182602038310399495,https://www.airbnb.com/rooms/1182602038310399495,2
1182638894293893604,https://www.airbnb.com/rooms/1182638894293893604,4
1182640638844956401,https://www.airbnb.com/rooms/1182640638844956401,4
1182642289459639630,https://www.airbnb.com/rooms/1182642289459639630,4
1182643287586202392,https://www.airbnb.com/rooms/1182643287586202392,4
1182645589031797799,https://www.airbnb.com/rooms/1182645589031797799,4
1183254509069269940,https://www.airbnb.com/rooms/1183254509069269940,1
1183312692778769138,https://www.airbnb.com/rooms/1183312692778769138,2
1183330589521091900,https://www.airbnb.com/rooms/1183330589521091900,2
1183519350416360790,https://www.airbnb.com/rooms/1183519350416360790,2
1183657697303666023,https://www.airbnb.com/rooms/1183657697303666023,2
1184261425699468147,https://www.airbnb.com/rooms/1184261425699468147,1
1184876585256427035,https://www.airbnb.com/rooms/1184876585256427035,4
1184933389879291021,https://www.airbnb.com/rooms/1184933389879291021,2
1185013902998429563,https://www.airbnb.com/rooms/1185013902998429563,2
1185538296669535284,https://www.airbnb.com/rooms/1185538296669535284,2
1185622203212971348,https://www.airbnb.com/rooms/1185622203212971348,1
1185874595622380012,https://www.airbnb.com/rooms/1185874595622380012,1
1186325694093063028,https://www.airbnb.com/rooms/1186325694093063028,1
1186353659536509282,https://www.airbnb.com/rooms/1186353659536509282,1
1186375664309054189,https://www.airbnb.com/rooms/1186375664309054189,1
1186390478937732477,https://www.airbnb.com/rooms/1186390478937732477,1
1186522586450317492,https://www.airbnb.com/rooms/1186522586450317492,1
1186939069929232068,https://www.airbnb.com/rooms/1186939069929232068,1
1186994453727726493,https://www.airbnb.com/rooms/1186994453727726493,4
1187005461064804974,https://www.airbnb.com/rooms/1187005461064804974,6
1187009318868586251,https://www.airbnb.com/rooms/1187009318868586251,2
1187010088724726671,https://www.airbnb.com/rooms/1187010088724726671,2
1187015270881640482,https://www.airbnb.com/rooms/1187015270881640482,4
1187015301665789164,https://www.airbnb.com/rooms/1187015301665789164,4
1187018706444753970,https://www.airbnb.com/rooms/1187018706444753970,2
1187092756765875025,https://www.airbnb.com/rooms/1187092756765875025,1
1187462046402994542,https://www.airbnb.com/rooms/1187462046402994542,1
1187657852659748358,https://www.airbnb.com/rooms/1187657852659748358,1
1187731812835614611,https://www.airbnb.com/rooms/1187731812835614611,1
1187874251290988817,https://www.airbnb.com/rooms/1187874251290988817,2
1188005578739209795,https://www.airbnb.com/rooms/1188005578739209795,2
1188448629613160744,https://www.airbnb.com/rooms/1188448629613160744,7
1188487730480766626,https://www.airbnb.com/rooms/1188487730480766626,2
1188520324645218024,https://www.airbnb.com/rooms/1188520324645218024,1
1188595481222549560,https://www.airbnb.com/rooms/1188595481222549560,1
1188723878155807625,https://www.airbnb.com/rooms/1188723878155807625,2
1189065859883929617,https://www.airbnb.com/rooms/1189065859883929617,2
1189261270457667161,https://www.airbnb.com/rooms/1189261270457667161,1
1189322213475308580,https://www.airbnb.com/rooms/1189322213475308580,3
1189390879616715074,https://www.airbnb.com/rooms/1189390879616715074,1
1189772656083323046,https://www.airbnb.com/rooms/1189772656083323046,4
1189851369103170573,https://www.airbnb.com/rooms/1189851369103170573,1
1190628319355819809,https://www.airbnb.com/rooms/1190628319355819809,1
1190690811284022346,https://www.airbnb.com/rooms/1190690811284022346,1
1190722975344031410,https://www.airbnb.com/rooms/1190722975344031410,3
1191027435823880528,https://www.airbnb.com/rooms/1191027435823880528,1
1191371517591769982,https://www.airbnb.com/rooms/1191371517591769982,1
1191535313858421610,https://www.airbnb.com/rooms/1191535313858421610,2
1191546733204001871,https://www.airbnb.com/rooms/1191546733204001871,1
1192170809247102322,https://www.airbnb.com/rooms/1192170809247102322,3
1192177162770412916,https://www.airbnb.com/rooms/1192177162770412916,6
1192194853290359211,https://www.airbnb.com/rooms/1192194853290359211,2
1192198140623321132,https://www.airbnb.com/rooms/1192198140623321132,1
1192208888183751426,https://www.airbnb.com/rooms/1192208888183751426,2
1192211786624135126,https://www.airbnb.com/rooms/1192211786624135126,2
1192216265194024460,https://www.airbnb.com/rooms/1192216265194024460,2
1192218384070560217,https://www.airbnb.com/rooms/1192218384070560217,2
1192221046900490390,https://www.airbnb.com/rooms/1192221046900490390,2
1192224040767932232,https://www.airbnb.com/rooms/1192224040767932232,2
1192229327882498555,https://www.airbnb.com/rooms/1192229327882498555,2
1192230818526436653,https://www.airbnb.com/rooms/1192230818526436653,2
1192232711496703355,https://www.airbnb.com/rooms/1192232711496703355,2
1192233859176697622,https://www.airbnb.com/rooms/1192233859176697622,2
1192236758712630545,https://www.airbnb.com/rooms/1192236758712630545,2
1192238692489749771,https://www.airbnb.com/rooms/1192238692489749771,2
1192241759685152535,https://www.airbnb.com/rooms/1192241759685152535,2
1192246801004163109,https://www.airbnb.com/rooms/1192246801004163109,2
1192860261482569737,https://www.airbnb.com/rooms/1192860261482569737,2
1193004185175166880,https://www.airbnb.com/rooms/1193004185175166880,1
1195009225102390869,https://www.airbnb.com/rooms/1195009225102390869,2
1195057022446974714,https://www.airbnb.com/rooms/1195057022446974714,2
1195076123388067184,https://www.airbnb.com/rooms/1195076123388067184,2
1196501583982042465,https://www.airbnb.com/rooms/1196501583982042465,2
1197161137418272722,https://www.airbnb.com/rooms/1197161137418272722,7
1197298997547498118,https://www.airbnb.com/rooms/1197298997547498118,1
1197376240440029147,https://www.airbnb.com/rooms/1197376240440029147,1
1197727822085156216,https://www.airbnb.com/rooms/1197727822085156216,3
1197906327730004267,https://www.airbnb.com/rooms/1197906327730004267,2
1197913908386718407,https://www.airbnb.com/rooms/1197913908386718407,2
1198286024661938842,https://www.airbnb.com/rooms/1198286024661938842,1
1198454490855496562,https://www.airbnb.com/rooms/1198454490855496562,1
1198516108340265699,https://www.airbnb.com/rooms/1198516108340265699,1
1198667475975753096,https://www.airbnb.com/rooms/1198667475975753096,4
1198768133864182591,https://www.airbnb.com/rooms/1198768133864182591,4
1199239072158677194,https://www.airbnb.com/rooms/1199239072158677194,2
1199913862273263016,https://www.airbnb.com/rooms/1199913862273263016,2
1200008129501029847,https://www.airbnb.com/rooms/1200008129501029847,2
1200204270967409438,https://www.airbnb.com/rooms/1200204270967409438,2
1200204300991323037,https://www.airbnb.com/rooms/1200204300991323037,2
1200881165602871995,https://www.airbnb.com/rooms/1200881165602871995,1
1200899955667428852,https://www.airbnb.com/rooms/1200899955667428852,2
1201633224490912102,https://www.airbnb.com/rooms/1201633224490912102,2
1201652641611007421,https://www.airbnb.com/rooms/1201652641611007421,1
1201690124598430253,https://www.airbnb.com/rooms/1201690124598430253,4
1201755580046710626,https://www.airbnb.com/rooms/1201755580046710626,4
1202081001393900500,https://www.airbnb.com/rooms/1202081001393900500,2
1202248993712405715,https://www.airbnb.com/rooms/1202248993712405715,3
1202269293752286311,https://www.airbnb.com/rooms/1202269293752286311,2
1202425165772953055,https://www.airbnb.com/rooms/1202425165772953055,2
1202875762128983028,https://www.airbnb.com/rooms/1202875762128983028,2
1202885666076544389,https://www.airbnb.com/rooms/1202885666076544389,2
1202977174230324876,https://www.airbnb.com/rooms/1202977174230324876,1
1203174782567937188,https://www.airbnb.com/rooms/1203174782567937188,2
1203297781663945252,https://www.airbnb.com/rooms/1203297781663945252,2
1203728585188030388,https://www.airbnb.com/rooms/1203728585188030388,2
1204257273613558397,https://www.airbnb.com/rooms/1204257273613558397,1
1204308083987365259,https://www.airbnb.com/rooms/1204308083987365259,3
1204343938748521728,https://www.airbnb.com/rooms/1204343938748521728,2
1204498224469612589,https://www.airbnb.com/rooms/1204498224469612589,1
1204508834032309998,https://www.airbnb.com/rooms/1204508834032309998,2
1205004130123723189,https://www.airbnb.com/rooms/1205004130123723189,4
1205023401871918101,https://www.airbnb.com/rooms/1205023401871918101,3
1205073065902879256,https://www.airbnb.com/rooms/1205073065902879256,1
1205862014442795535,https://www.airbnb.com/rooms/1205862014442795535,5
1205927381495262091,https://www.airbnb.com/rooms/1205927381495262091,2
1206129059680314643,https://www.airbnb.com/rooms/1206129059680314643,2
1206422650472812414,https://www.airbnb.com/rooms/1206422650472812414,3
1206516925969649560,https://www.airbnb.com/rooms/1206516925969649560,2
1206552773007276026,https://www.airbnb.com/rooms/1206552773007276026,1
1206599633482694635,https://www.airbnb.com/rooms/1206599633482694635,2
1206817264493026931,https://www.airbnb.com/rooms/1206817264493026931,1
1207976725236913627,https://www.airbnb.com/rooms/1207976725236913627,1
1208004837165091306,https://www.airbnb.com/rooms/1208004837165091306,1
1208615433921006926,https://www.airbnb.com/rooms/1208615433921006926,2
1208794204384780274,https://www.airbnb.com/rooms/1208794204384780274,1
1209036803400870906,https://www.airbnb.com/rooms/1209036803400870906,4
1209506689255418140,https://www.airbnb.com/rooms/1209506689255418140,1
1209789080558099218,https://www.airbnb.com/rooms/1209789080558099218,2
1210099691055560005,https://www.airbnb.com/rooms/1210099691055560005,2
1210268333206743814,https://www.airbnb.com/rooms/1210268333206743814,2
1210326323612776560,https://www.airbnb.com/rooms/1210326323612776560,2
1210327898776508538,https://www.airbnb.com/rooms/1210327898776508538,4
1210331231194506834,https://www.airbnb.com/rooms/1210331231194506834,2
1210353565553497225,https://www.airbnb.com/rooms/1210353565553497225,2
1210840780870206456,https://www.airbnb.com/rooms/1210840780870206456,2
1210878610994337530,https://www.airbnb.com/rooms/1210878610994337530,1
1210930219900368269,https://www.airbnb.com/rooms/1210930219900368269,3
1211503720026763584,https://www.airbnb.com/rooms/1211503720026763584,2
1211539809228703629,https://www.airbnb.com/rooms/1211539809228703629,1
1211775987594894055,https://www.airbnb.com/rooms/1211775987594894055,4
1211828326901062564,https://www.airbnb.com/rooms/1211828326901062564,1
1212283609993402124,https://www.airbnb.com/rooms/1212283609993402124,2
1212643797204642343,https://www.airbnb.com/rooms/1212643797204642343,1
1212825973031000133,https://www.airbnb.com/rooms/1212825973031000133,2
1213070479434033730,https://www.airbnb.com/rooms/1213070479434033730,1
1213906154538584307,https://www.airbnb.com/rooms/1213906154538584307,2
1214002220705947411,https://www.airbnb.com/rooms/1214002220705947411,2
1214041922509272247,https://www.airbnb.com/rooms/1214041922509272247,2
1214095220984640161,https://www.airbnb.com/rooms/1214095220984640161,1
1214570282514413856,https://www.airbnb.com/rooms/1214570282514413856,2
1214637925517165806,https://www.airbnb.com/rooms/1214637925517165806,1
1215154087350202988,https://www.airbnb.com/rooms/1215154087350202988,2
1215273200778077728,https://www.airbnb.com/rooms/1215273200778077728,6
1216239808435469785,https://www.airbnb.com/rooms/1216239808435469785,1
1216666616993055293,https://www.airbnb.com/rooms/1216666616993055293,4
1216751728777329675,https://www.airbnb.com/rooms/1216751728777329675,2
1216755654852547003,https://www.airbnb.com/rooms/1216755654852547003,4
1216922919585536527,https://www.airbnb.com/rooms/1216922919585536527,1
1217311330797107792,https://www.airbnb.com/rooms/1217311330797107792,2
1217534110811321963,https://www.airbnb.com/rooms/1217534110811321963,4
1217550975414264532,https://www.airbnb.com/rooms/1217550975414264532,1
1217586531550580286,https://www.airbnb.com/rooms/1217586531550580286,2
1217592645661884883,https://www.airbnb.com/rooms/1217592645661884883,2
1217610144364951122,https://www.airbnb.com/rooms/1217610144364951122,2
1217664739140826001,https://www.airbnb.com/rooms/1217664739140826001,1
1217725692739239256,https://www.airbnb.com/rooms/1217725692739239256,2
1218035106003077763,https://www.airbnb.com/rooms/1218035106003077763,4
1218042562777557542,https://www.airbnb.com/rooms/1218042562777557542,1
1218140373784792111,https://www.airbnb.com/rooms/1218140373784792111,1
1218196344692893722,https://www.airbnb.com/rooms/1218196344692893722,2
1218477463865548971,https://www.airbnb.com/rooms/1218477463865548971,2
1218828305732376639,https://www.airbnb.com/rooms/1218828305732376639,2
1218896732625036673,https://www.airbnb.com/rooms/1218896732625036673,2
1218907783262907650,https://www.airbnb.com/rooms/1218907783262907650,2
1219029024645447987,https://www.airbnb.com/rooms/1219029024645447987,2
1219061856352788952,https://www.airbnb.com/rooms/1219061856352788952,1
1219110133278416300,https://www.airbnb.com/rooms/1219110133278416300,4
1219558524003202334,https://www.airbnb.com/rooms/1219558524003202334,2
1219593130988893739,https://www.airbnb.com/rooms/1219593130988893739,1
1219593542695254734,https://www.airbnb.com/rooms/1219593542695254734,2
1219848676195395846,https://www.airbnb.com/rooms/1219848676195395846,2
1220387766964333040,https://www.airbnb.com/rooms/1220387766964333040,3
1220420497645930507,https://www.airbnb.com/rooms/1220420497645930507,2
1220544582798198208,https://www.airbnb.com/rooms/1220544582798198208,2
1220901315214510438,https://www.airbnb.com/rooms/1220901315214510438,1
1220903546379405100,https://www.airbnb.com/rooms/1220903546379405100,1
1221087304630024892,https://www.airbnb.com/rooms/1221087304630024892,2
1221251577106485779,https://www.airbnb.com/rooms/1221251577106485779,1
1221275702654020882,https://www.airbnb.com/rooms/1221275702654020882,1
1221619697642720838,https://www.airbnb.com/rooms/1221619697642720838,1
1221619916633991043,https://www.airbnb.com/rooms/1221619916633991043,1
1221620017469302367,https://www.airbnb.com/rooms/1221620017469302367,1
1221841130184158156,https://www.airbnb.com/rooms/1221841130184158156,3
1221870345648625448,https://www.airbnb.com/rooms/1221870345648625448,1
1222134014102763461,https://www.airbnb.com/rooms/1222134014102763461,2
1222156493356034261,https://www.airbnb.com/rooms/1222156493356034261,2
1222644013728109171,https://www.airbnb.com/rooms/1222644013728109171,1
1222646920840508861,https://www.airbnb.com/rooms/1222646920840508861,2
1223190799249596949,https://www.airbnb.com/rooms/1223190799249596949,2
1223286550925960194,https://www.airbnb.com/rooms/1223286550925960194,1
1224846642727770352,https://www.airbnb.com/rooms/1224846642727770352,2
1225133703564489081,https://www.airbnb.com/rooms/1225133703564489081,2
1225137684475188326,https://www.airbnb.com/rooms/1225137684475188326,2
1225141416883803599,https://www.airbnb.com/rooms/1225141416883803599,2
1225144267517077929,https://www.airbnb.com/rooms/1225144267517077929,2
1225521816695031277,https://www.airbnb.com/rooms/1225521816695031277,2
1226165562073409489,https://www.airbnb.com/rooms/1226165562073409489,2
1226166825458862520,https://www.airbnb.com/rooms/1226166825458862520,1
1226412680139915514,https://www.airbnb.com/rooms/1226412680139915514,2
1226430824454898134,https://www.airbnb.com/rooms/1226430824454898134,2
1226773754807285863,https://www.airbnb.com/rooms/1226773754807285863,1
1227163127160749519,https://www.airbnb.com/rooms/1227163127160749519,2
1227262470875829866,https://www.airbnb.com/rooms/1227262470875829866,2
1227431900875981406,https://www.airbnb.com/rooms/1227431900875981406,2
1227671569712282357,https://www.airbnb.com/rooms/1227671569712282357,1
1227680005996192680,https://www.airbnb.com/rooms/1227680005996192680,2
1227692874900046468,https://www.airbnb.com/rooms/1227692874900046468,4
1228079750651358525,https://www.airbnb.com/rooms/1228079750651358525,2
1228303755231142321,https://www.airbnb.com/rooms/1228303755231142321,4
1228575482899654402,https://www.airbnb.com/rooms/1228575482899654402,4
1228964271530240048,https://www.airbnb.com/rooms/1228964271530240048,2
1229119690777652024,https://www.airbnb.com/rooms/1229119690777652024,2
1229345770403561360,https://www.airbnb.com/rooms/1229345770403561360,1
1229859079619804669,https://www.airbnb.com/rooms/1229859079619804669,2
1229936336064155073,https://www.airbnb.com/rooms/1229936336064155073,2
1229937542624060746,https://www.airbnb.com/rooms/1229937542624060746,2
1229941268776019907,https://www.airbnb.com/rooms/1229941268776019907,2
1229944358240430136,https://www.airbnb.com/rooms/1229944358240430136,2
1229948985782096397,https://www.airbnb.com/rooms/1229948985782096397,2
1230075366107921129,https://www.airbnb.com/rooms/1230075366107921129,2
1230594627373889933,https://www.airbnb.com/rooms/1230594627373889933,1
1231037256304336837,https://www.airbnb.com/rooms/1231037256304336837,3
1231179430355183184,https://www.airbnb.com/rooms/1231179430355183184,1
1231215043219193445,https://www.airbnb.com/rooms/1231215043219193445,2
1231321770417352118,https://www.airbnb.com/rooms/1231321770417352118,2
1231350341053775759,https://www.airbnb.com/rooms/1231350341053775759,2
1231382639762072884,https://www.airbnb.com/rooms/1231382639762072884,2
1231411972569653089,https://www.airbnb.com/rooms/1231411972569653089,1
1231579424621902591,https://www.airbnb.com/rooms/1231579424621902591,4
1231747041834864266,https://www.airbnb.com/rooms/1231747041834864266,2
1231882675798406888,https://www.airbnb.com/rooms/1231882675798406888,1
1231893470559131378,https://www.airbnb.com/rooms/1231893470559131378,2
1231992209758028691,https://www.airbnb.com/rooms/1231992209758028691,1
1232133557424463468,https://www.airbnb.com/rooms/1232133557424463468,1
1232177335513167992,https://www.airbnb.com/rooms/1232177335513167992,4
1232201626231212095,https://www.airbnb.com/rooms/1232201626231212095,1
1232585258657207681,https://www.airbnb.com/rooms/1232585258657207681,2
1232757716093717782,https://www.airbnb.com/rooms/1232757716093717782,1
1233391685284497452,https://www.airbnb.com/rooms/1233391685284497452,2
1233450777340504300,https://www.airbnb.com/rooms/1233450777340504300,3
1234126763380746044,https://www.airbnb.com/rooms/1234126763380746044,2
1234180076565373718,https://www.airbnb.com/rooms/1234180076565373718,2
1234181069777292642,https://www.airbnb.com/rooms/1234181069777292642,2
1234223528652929194,https://www.airbnb.com/rooms/1234223528652929194,4
1234390433913802614,https://www.airbnb.com/rooms/1234390433913802614,2
1234844757874144349,https://www.airbnb.com/rooms/1234844757874144349,2
1234918848780575091,https://www.airbnb.com/rooms/1234918848780575091,1
1235013323404717034,https://www.airbnb.com/rooms/1235013323404717034,1
1235142029094472500,https://www.airbnb.com/rooms/1235142029094472500,2
1235545941054542338,https://www.airbnb.com/rooms/1235545941054542338,1
1235766123222122059,https://www.airbnb.com/rooms/1235766123222122059,2
1237287391219361181,https://www.airbnb.com/rooms/1237287391219361181,2
1237624212567128658,https://www.airbnb.com/rooms/1237624212567128658,2
1237695664930432646,https://www.airbnb.com/rooms/1237695664930432646,2
1237716906790317700,https://www.airbnb.com/rooms/1237716906790317700,4
1237760079994322625,https://www.airbnb.com/rooms/1237760079994322625,4
1237760336655965447,https://www.airbnb.com/rooms/1237760336655965447,1
1237777498181195912,https://www.airbnb.com/rooms/1237777498181195912,2
1237828614110706963,https://www.airbnb.com/rooms/1237828614110706963,2
1237858985785365328,https://www.airbnb.com/rooms/1237858985785365328,2
1237914520806621480,https://www.airbnb.com/rooms/1237914520806621480,2
1237925402060128668,https://www.airbnb.com/rooms/1237925402060128668,2
1237938440534298305,https://www.airbnb.com/rooms/1237938440534298305,1
1238021826580700811,https://www.airbnb.com/rooms/1238021826580700811,1
1238050957061559308,https://www.airbnb.com/rooms/1238050957061559308,2
1238292091063852879,https://www.airbnb.com/rooms/1238292091063852879,1
1238331295193307295,https://www.airbnb.com/rooms/1238331295193307295,4
1238331336226979529,https://www.airbnb.com/rooms/1238331336226979529,1
1238342168521945636,https://www.airbnb.com/rooms/1238342168521945636,3
1238414818538110680,https://www.airbnb.com/rooms/1238414818538110680,2
1238465333192117192,https://www.airbnb.com/rooms/1238465333192117192,2
1238620816999513686,https://www.airbnb.com/rooms/1238620816999513686,1
1238673634784034182,https://www.airbnb.com/rooms/1238673634784034182,2
1238732259921268674,https://www.airbnb.com/rooms/1238732259921268674,1
1238800209979150778,https://www.airbnb.com/rooms/1238800209979150778,1
1239013423095228803,https://www.airbnb.com/rooms/1239013423095228803,4
1239047485496847352,https://www.airbnb.com/rooms/1239047485496847352,1
1239118551758948461,https://www.airbnb.com/rooms/1239118551758948461,9
1239191903127226824,https://www.airbnb.com/rooms/1239191903127226824,3
1239192468171281997,https://www.airbnb.com/rooms/1239192468171281997,3
1239197257813777025,https://www.airbnb.com/rooms/1239197257813777025,3
1239197407986115311,https://www.airbnb.com/rooms/1239197407986115311,2
1239199837879387949,https://www.airbnb.com/rooms/1239199837879387949,12
1239291430427378053,https://www.airbnb.com/rooms/1239291430427378053,2
1239344951396780455,https://www.airbnb.com/rooms/1239344951396780455,4
1239361792115677497,https://www.airbnb.com/rooms/1239361792115677497,1
1239405019862457643,https://www.airbnb.com/rooms/1239405019862457643,2
1239420784135636841,https://www.airbnb.com/rooms/1239420784135636841,2
1239857448812422095,https://www.airbnb.com/rooms/1239857448812422095,1
1239875982410036475,https://www.airbnb.com/rooms/1239875982410036475,2
1239890505768071326,https://www.airbnb.com/rooms/1239890505768071326,4
1240014892607407178,https://www.airbnb.com/rooms/1240014892607407178,2
1240020730298665774,https://www.airbnb.com/rooms/1240020730298665774,4
1240060319146168498,https://www.airbnb.com/rooms/1240060319146168498,3
1240198193830119555,https://www.airbnb.com/rooms/1240198193830119555,1
1240568036123449718,https://www.airbnb.com/rooms/1240568036123449718,2
1240810923952524893,https://www.airbnb.com/rooms/1240810923952524893,1
1240879180882896821,https://www.airbnb.com/rooms/1240879180882896821,2
1240911639171543089,https://www.airbnb.com/rooms/1240911639171543089,2
1240947263801100859,https://www.airbnb.com/rooms/1240947263801100859,3
1241249223081542245,https://www.airbnb.com/rooms/1241249223081542245,1
1241308459582962928,https://www.airbnb.com/rooms/1241308459582962928,2
1242014033062593907,https://www.airbnb.com/rooms/1242014033062593907,2
1242019445945410365,https://www.airbnb.com/rooms/1242019445945410365,1
1242027055481362639,https://www.airbnb.com/rooms/1242027055481362639,2
1242220544480109875,https://www.airbnb.com/rooms/1242220544480109875,4
1242289598716121760,https://www.airbnb.com/rooms/1242289598716121760,2
1242783588955855074,https://www.airbnb.com/rooms/1242783588955855074,2
1242831063019071089,https://www.airbnb.com/rooms/1242831063019071089,2
1242902372431940105,https://www.airbnb.com/rooms/1242902372431940105,4
1243034555578114644,https://www.airbnb.com/rooms/1243034555578114644,1
1243071144402432069,https://www.airbnb.com/rooms/1243071144402432069,1
1243104959272644465,https://www.airbnb.com/rooms/1243104959272644465,1
1243308614964529790,https://www.airbnb.com/rooms/1243308614964529790,3
1243436818532901248,https://www.airbnb.com/rooms/1243436818532901248,5
1243444267777415923,https://www.airbnb.com/rooms/1243444267777415923,2
1243449801674799400,https://www.airbnb.com/rooms/1243449801674799400,6
1243485364288148409,https://www.airbnb.com/rooms/1243485364288148409,2
1243485734053258376,https://www.airbnb.com/rooms/1243485734053258376,1
1243566843281362948,https://www.airbnb.com/rooms/1243566843281362948,2
1243664265204920413,https://www.airbnb.com/rooms/1243664265204920413,3
1244103394211181265,https://www.airbnb.com/rooms/1244103394211181265,1
1244188988713617443,https://www.airbnb.com/rooms/1244188988713617443,2
1244215511861688153,https://www.airbnb.com/rooms/1244215511861688153,6
1244226713882278793,https://www.airbnb.com/rooms/1244226713882278793,1
1244243589989965229,https://www.airbnb.com/rooms/1244243589989965229,4
1244278382559513972,https://www.airbnb.com/rooms/1244278382559513972,2
1244296273255757844,https://www.airbnb.com/rooms/1244296273255757844,1
1244341801702510091,https://www.airbnb.com/rooms/1244341801702510091,1
1244361616600707127,https://www.airbnb.com/rooms/1244361616600707127,1
1244516600600242888,https://www.airbnb.com/rooms/1244516600600242888,1
1244552370194706272,https://www.airbnb.com/rooms/1244552370194706272,1
1244929704221662420,https://www.airbnb.com/rooms/1244929704221662420,1
1244955476813581976,https://www.airbnb.com/rooms/1244955476813581976,3
1245025095142100617,https://www.airbnb.com/rooms/1245025095142100617,1
1245090061157458527,https://www.airbnb.com/rooms/1245090061157458527,2
1245288067898988084,https://www.airbnb.com/rooms/1245288067898988084,1
1245528481915592817,https://www.airbnb.com/rooms/1245528481915592817,4
1245540564366818267,https://www.airbnb.com/rooms/1245540564366818267,1
1245953108585334464,https://www.airbnb.com/rooms/1245953108585334464,2
1246509112758337610,https://www.airbnb.com/rooms/1246509112758337610,2
1246691828534795233,https://www.airbnb.com/rooms/1246691828534795233,2
1247001792062805838,https://www.airbnb.com/rooms/1247001792062805838,2
1247190302820406364,https://www.airbnb.com/rooms/1247190302820406364,2
1247222058853412795,https://www.airbnb.com/rooms/1247222058853412795,4
1247265065693615205,https://www.airbnb.com/rooms/1247265065693615205,1
1247266807630641537,https://www.airbnb.com/rooms/1247266807630641537,2
1247387525878852313,https://www.airbnb.com/rooms/1247387525878852313,5
1247396156408318837,https://www.airbnb.com/rooms/1247396156408318837,2
1247461064943361048,https://www.airbnb.com/rooms/1247461064943361048,2
1247791270317451717,https://www.airbnb.com/rooms/1247791270317451717,2
1247952629431670210,https://www.airbnb.com/rooms/1247952629431670210,1
1248089273154392361,https://www.airbnb.com/rooms/1248089273154392361,1
1248195928147960796,https://www.airbnb.com/rooms/1248195928147960796,2
1248239813881932736,https://www.airbnb.com/rooms/1248239813881932736,2
1248575649902430343,https://www.airbnb.com/rooms/1248575649902430343,2
1248650847890223031,https://www.airbnb.com/rooms/1248650847890223031,1
1248653904621622339,https://www.airbnb.com/rooms/1248653904621622339,1
1248659936608118910,https://www.airbnb.com/rooms/1248659936608118910,2
1248666586576893870,https://www.airbnb.com/rooms/1248666586576893870,4
1248719812495681960,https://www.airbnb.com/rooms/1248719812495681960,4
1248863625055330289,https://www.airbnb.com/rooms/1248863625055330289,2
1248988705213484267,https://www.airbnb.com/rooms/1248988705213484267,1
1249431179397008807,https://www.airbnb.com/rooms/1249431179397008807,2
1249505114208078182,https://www.airbnb.com/rooms/1249505114208078182,2
1249585312128373558,https://www.airbnb.com/rooms/1249585312128373558,2
1249672976542333493,https://www.airbnb.com/rooms/1249672976542333493,2
1249949289831250381,https://www.airbnb.com/rooms/1249949289831250381,1
1249956810576205504,https://www.airbnb.com/rooms/1249956810576205504,1
1249964027159950160,https://www.airbnb.com/rooms/1249964027159950160,1
1250029637026945539,https://www.airbnb.com/rooms/1250029637026945539,4
1250131686073924046,https://www.airbnb.com/rooms/1250131686073924046,4
1250364492966799153,https://www.airbnb.com/rooms/1250364492966799153,1
1250637640184450575,https://www.airbnb.com/rooms/1250637640184450575,2
1250917893825710863,https://www.airbnb.com/rooms/1250917893825710863,2
1251035755369651249,https://www.airbnb.com/rooms/1251035755369651249,1
1251358048715864255,https://www.airbnb.com/rooms/1251358048715864255,2
1251393451462603029,https://www.airbnb.com/rooms/1251393451462603029,1
1251473472390389023,https://www.airbnb.com/rooms/1251473472390389023,2
1251497125143005888,https://www.airbnb.com/rooms/1251497125143005888,1
1251500289749719030,https://www.airbnb.com/rooms/1251500289749719030,2
1251595775880423863,https://www.airbnb.com/rooms/1251595775880423863,4
1251600450193944829,https://www.airbnb.com/rooms/1251600450193944829,2
1251644624350201992,https://www.airbnb.com/rooms/1251644624350201992,2
1251682897293783783,https://www.airbnb.com/rooms/1251682897293783783,4
1251859521388066207,https://www.airbnb.com/rooms/1251859521388066207,3
1252070109496155428,https://www.airbnb.com/rooms/1252070109496155428,2
1252088579213648847,https://www.airbnb.com/rooms/1252088579213648847,2
1252093471555880402,https://www.airbnb.com/rooms/1252093471555880402,1
1252216349220872746,https://www.airbnb.com/rooms/1252216349220872746,4
1252268406141851597,https://www.airbnb.com/rooms/1252268406141851597,1
1252299759401803614,https://www.airbnb.com/rooms/1252299759401803614,1
1252345157213401145,https://www.airbnb.com/rooms/1252345157213401145,6
1252617046721105015,https://www.airbnb.com/rooms/1252617046721105015,1
1252825354388763113,https://www.airbnb.com/rooms/1252825354388763113,2
1252919215473331186,https://www.airbnb.com/rooms/1252919215473331186,1
1252944666854604864,https://www.airbnb.com/rooms/1252944666854604864,1
1253088608409987627,https://www.airbnb.com/rooms/1253088608409987627,4
1253112896354358574,https://www.airbnb.com/rooms/1253112896354358574,4
1253144039274772695,https://www.airbnb.com/rooms/1253144039274772695,4
1253166630145819911,https://www.airbnb.com/rooms/1253166630145819911,1
1253314662219066693,https://www.airbnb.com/rooms/1253314662219066693,1
1253641041831624847,https://www.airbnb.com/rooms/1253641041831624847,1
1253672588065113892,https://www.airbnb.com/rooms/1253672588065113892,2
1253673221010916720,https://www.airbnb.com/rooms/1253673221010916720,2
1253753090540565676,https://www.airbnb.com/rooms/1253753090540565676,1
1253766500193483978,https://www.airbnb.com/rooms/1253766500193483978,1
1253777262071234349,https://www.airbnb.com/rooms/1253777262071234349,1
1253831607970783341,https://www.airbnb.com/rooms/1253831607970783341,1
1253888333134597746,https://www.airbnb.com/rooms/1253888333134597746,2
1253967757141688460,https://www.airbnb.com/rooms/1253967757141688460,2
1254267965390535396,https://www.airbnb.com/rooms/1254267965390535396,2
1254290314023068296,https://www.airbnb.com/rooms/1254290314023068296,2
1254297121634812614,https://www.airbnb.com/rooms/1254297121634812614,2
1254302934646510623,https://www.airbnb.com/rooms/1254302934646510623,2
1254309852983165469,https://www.airbnb.com/rooms/1254309852983165469,2
1254314466049665476,https://www.airbnb.com/rooms/1254314466049665476,2
1254319982522384198,https://www.airbnb.com/rooms/1254319982522384198,2
1254332761175688774,https://www.airbnb.com/rooms/1254332761175688774,2
1254343992245204881,https://www.airbnb.com/rooms/1254343992245204881,2
1254347639613241827,https://www.airbnb.com/rooms/1254347639613241827,2
1254358164427785735,https://www.airbnb.com/rooms/1254358164427785735,2
1254365136288031744,https://www.airbnb.com/rooms/1254365136288031744,2
1254371877518177342,https://www.airbnb.com/rooms/1254371877518177342,2
1254375884723392537,https://www.airbnb.com/rooms/1254375884723392537,2
1254377224409076474,https://www.airbnb.com/rooms/1254377224409076474,2
1254382376551386643,https://www.airbnb.com/rooms/1254382376551386643,1
1254383155747458811,https://www.airbnb.com/rooms/1254383155747458811,2
1254384542103643350,https://www.airbnb.com/rooms/1254384542103643350,2
1254389040676764759,https://www.airbnb.com/rooms/1254389040676764759,2
1254416170828665164,https://www.airbnb.com/rooms/1254416170828665164,2
1254417493178447859,https://www.airbnb.com/rooms/1254417493178447859,2
1254448470194044452,https://www.airbnb.com/rooms/1254448470194044452,2
1254452082150483167,https://www.airbnb.com/rooms/1254452082150483167,2
1254467128799821589,https://www.airbnb.com/rooms/1254467128799821589,2
1254576596469013658,https://www.airbnb.com/rooms/1254576596469013658,1
1254612807279033478,https://www.airbnb.com/rooms/1254612807279033478,1
1254623564347399729,https://www.airbnb.com/rooms/1254623564347399729,2
1255038112127696480,https://www.airbnb.com/rooms/1255038112127696480,2
1255051999661518133,https://www.airbnb.com/rooms/1255051999661518133,2
1255068065854023016,https://www.airbnb.com/rooms/1255068065854023016,2
1255075849131205036,https://www.airbnb.com/rooms/1255075849131205036,2
1255085486011168587,https://www.airbnb.com/rooms/1255085486011168587,2
1255090222549145865,https://www.airbnb.com/rooms/1255090222549145865,2
1255118253568292346,https://www.airbnb.com/rooms/1255118253568292346,2
1255177109633100876,https://www.airbnb.com/rooms/1255177109633100876,5
1255714957207725795,https://www.airbnb.com/rooms/1255714957207725795,1
1256004189448832062,https://www.airbnb.com/rooms/1256004189448832062,3
1256057527370001291,https://www.airbnb.com/rooms/1256057527370001291,4
1256081113476347877,https://www.airbnb.com/rooms/1256081113476347877,2
1256081942999741847,https://www.airbnb.com/rooms/1256081942999741847,4
1256084225396455162,https://www.airbnb.com/rooms/1256084225396455162,2
1256517889546248784,https://www.airbnb.com/rooms/1256517889546248784,1
1256625884591908254,https://www.airbnb.com/rooms/1256625884591908254,4
1256645637157691006,https://www.airbnb.com/rooms/1256645637157691006,2
1256838548933408653,https://www.airbnb.com/rooms/1256838548933408653,4
1256880980055953900,https://www.airbnb.com/rooms/1256880980055953900,6
1256910241216624590,https://www.airbnb.com/rooms/1256910241216624590,1
1257453562882038088,https://www.airbnb.com/rooms/1257453562882038088,4
1257482522630984678,https://www.airbnb.com/rooms/1257482522630984678,2
1257496955748995154,https://www.airbnb.com/rooms/1257496955748995154,1
1257507548684260692,https://www.airbnb.com/rooms/1257507548684260692,1
1257511920959636002,https://www.airbnb.com/rooms/1257511920959636002,1
1257513443545795241,https://www.airbnb.com/rooms/1257513443545795241,2
1257912728856524676,https://www.airbnb.com/rooms/1257912728856524676,4
1257965227682087641,https://www.airbnb.com/rooms/1257965227682087641,1
1257972443592407716,https://www.airbnb.com/rooms/1257972443592407716,4
1258004641499984051,https://www.airbnb.com/rooms/1258004641499984051,2
1258060025553397776,https://www.airbnb.com/rooms/1258060025553397776,2
1258153835845818806,https://www.airbnb.com/rooms/1258153835845818806,4
1258667179915870379,https://www.airbnb.com/rooms/1258667179915870379,2
1258723420784209880,https://www.airbnb.com/rooms/1258723420784209880,2
1258741675918716957,https://www.airbnb.com/rooms/1258741675918716957,1
1258865362431059378,https://www.airbnb.com/rooms/1258865362431059378,1
1258899189594307490,https://www.airbnb.com/rooms/1258899189594307490,6
1258903966301547811,https://www.airbnb.com/rooms/1258903966301547811,3
1258908590168671857,https://www.airbnb.com/rooms/1258908590168671857,4
1258934794792183613,https://www.airbnb.com/rooms/1258934794792183613,1
1259014631856268203,https://www.airbnb.com/rooms/1259014631856268203,2
1259233530023769471,https://www.airbnb.com/rooms/1259233530023769471,2
1259406905453412028,https://www.airbnb.com/rooms/1259406905453412028,2
1259458467313707693,https://www.airbnb.com/rooms/1259458467313707693,1
1259518015082615951,https://www.airbnb.com/rooms/1259518015082615951,2
1259578380035879956,https://www.airbnb.com/rooms/1259578380035879956,2
1259602272588536821,https://www.airbnb.com/rooms/1259602272588536821,3
1260187526045589862,https://www.airbnb.com/rooms/1260187526045589862,2
1260232349839927038,https://www.airbnb.com/rooms/1260232349839927038,1
1260329056154817931,https://www.airbnb.com/rooms/1260329056154817931,2
1260918254503089398,https://www.airbnb.com/rooms/1260918254503089398,1
1260960312436974752,https://www.airbnb.com/rooms/1260960312436974752,4
1261010195707199368,https://www.airbnb.com/rooms/1261010195707199368,2
1261088446629786870,https://www.airbnb.com/rooms/1261088446629786870,1
1261743234505131671,https://www.airbnb.com/rooms/1261743234505131671,2
1262199078410095661,https://www.airbnb.com/rooms/1262199078410095661,1
1262259150006796535,https://www.airbnb.com/rooms/1262259150006796535,2
1262267268996980083,https://www.airbnb.com/rooms/1262267268996980083,1
1262319837468734830,https://www.airbnb.com/rooms/1262319837468734830,2
1262383569078823030,https://www.airbnb.com/rooms/1262383569078823030,1
1262537799804941463,https://www.airbnb.com/rooms/1262537799804941463,2
1263262506203297533,https://www.airbnb.com/rooms/1263262506203297533,2
1263278530786941114,https://www.airbnb.com/rooms/1263278530786941114,2
1263778315251664225,https://www.airbnb.com/rooms/1263778315251664225,2
1263796019698666939,https://www.airbnb.com/rooms/1263796019698666939,4
1263829925364145497,https://www.airbnb.com/rooms/1263829925364145497,2
1263829936159409058,https://www.airbnb.com/rooms/1263829936159409058,2
1263874046260189150,https://www.airbnb.com/rooms/1263874046260189150,1
1263975318841706784,https://www.airbnb.com/rooms/1263975318841706784,1
1264081862873042703,https://www.airbnb.com/rooms/1264081862873042703,1
1264353317475921269,https://www.airbnb.com/rooms/1264353317475921269,2
1264430929282018854,https://www.airbnb.com/rooms/1264430929282018854,1
1264464241971865242,https://www.airbnb.com/rooms/1264464241971865242,2
1264517370828447597,https://www.airbnb.com/rooms/1264517370828447597,2
1264530740225775071,https://www.airbnb.com/rooms/1264530740225775071,1
1264824203606444782,https://www.airbnb.com/rooms/1264824203606444782,1
1265280827545929567,https://www.airbnb.com/rooms/1265280827545929567,1
1265306665193720579,https://www.airbnb.com/rooms/1265306665193720579,2
1265330668245083335,https://www.airbnb.com/rooms/1265330668245083335,1
1265514203172083132,https://www.airbnb.com/rooms/1265514203172083132,3
1265515920125224892,https://www.airbnb.com/rooms/1265515920125224892,3
1265603895687157187,https://www.airbnb.com/rooms/1265603895687157187,1
1266558521935959641,https://www.airbnb.com/rooms/1266558521935959641,2
1266773643676981114,https://www.airbnb.com/rooms/1266773643676981114,1
1266865334804574708,https://www.airbnb.com/rooms/1266865334804574708,4
1267404161268638553,https://www.airbnb.com/rooms/1267404161268638553,4
1267512863119631457,https://www.airbnb.com/rooms/1267512863119631457,1
1267525021707221378,https://www.airbnb.com/rooms/1267525021707221378,1
1267610454961165359,https://www.airbnb.com/rooms/1267610454961165359,1
1267719674663858984,https://www.airbnb.com/rooms/1267719674663858984,4
1268202182819300966,https://www.airbnb.com/rooms/1268202182819300966,3
1268264638407844240,https://www.airbnb.com/rooms/1268264638407844240,3
1268294964549965560,https://www.airbnb.com/rooms/1268294964549965560,2
1268409614302267893,https://www.airbnb.com/rooms/1268409614302267893,2
1268432662488963892,https://www.airbnb.com/rooms/1268432662488963892,2
1268432673285296317,https://www.airbnb.com/rooms/1268432673285296317,2
1268432681432807612,https://www.airbnb.com/rooms/1268432681432807612,2
1268432687130212920,https://www.airbnb.com/rooms/1268432687130212920,2
1268433390355890221,https://www.airbnb.com/rooms/1268433390355890221,2
1268821508745120234,https://www.airbnb.com/rooms/1268821508745120234,1
1268899186541397004,https://www.airbnb.com/rooms/1268899186541397004,2
1268979658069115398,https://www.airbnb.com/rooms/1268979658069115398,2
1268984730498855031,https://www.airbnb.com/rooms/1268984730498855031,2
1268988920425123886,https://www.airbnb.com/rooms/1268988920425123886,2
1268999015175245709,https://www.airbnb.com/rooms/1268999015175245709,2
1269123696866795182,https://www.airbnb.com/rooms/1269123696866795182,1
1269192723374889609,https://www.airbnb.com/rooms/1269192723374889609,1
1269192970397881687,https://www.airbnb.com/rooms/1269192970397881687,2
1269217829481171470,https://www.airbnb.com/rooms/1269217829481171470,2
1269222542581407294,https://www.airbnb.com/rooms/1269222542581407294,1
1269554520418523182,https://www.airbnb.com/rooms/1269554520418523182,1
1269688820955564063,https://www.airbnb.com/rooms/1269688820955564063,1
1269909821204925625,https://www.airbnb.com/rooms/1269909821204925625,4
1269943078223373072,https://www.airbnb.com/rooms/1269943078223373072,2
1270139225068079799,https://www.airbnb.com/rooms/1270139225068079799,1
1270232249054989972,https://www.airbnb.com/rooms/1270232249054989972,1
1270270417026306935,https://www.airbnb.com/rooms/1270270417026306935,1
1270272959428996631,https://www.airbnb.com/rooms/1270272959428996631,2
1270287843349220909,https://www.airbnb.com/rooms/1270287843349220909,1
1270414467960348023,https://www.airbnb.com/rooms/1270414467960348023,4
1270477187100297539,https://www.airbnb.com/rooms/1270477187100297539,2
1271019931560950532,https://www.airbnb.com/rooms/1271019931560950532,2
1271192816779041911,https://www.airbnb.com/rooms/1271192816779041911,2
1271218720468088431,https://www.airbnb.com/rooms/1271218720468088431,2
1271256546435390367,https://www.airbnb.com/rooms/1271256546435390367,1
1271414694350333883,https://www.airbnb.com/rooms/1271414694350333883,2
1271742738044930497,https://www.airbnb.com/rooms/1271742738044930497,4
1271775319437397015,https://www.airbnb.com/rooms/1271775319437397015,1
1272761967530728318,https://www.airbnb.com/rooms/1272761967530728318,1
1273156384538112044,https://www.airbnb.com/rooms/1273156384538112044,1
1273254703902154033,https://www.airbnb.com/rooms/1273254703902154033,4
1273337620397821252,https://www.airbnb.com/rooms/1273337620397821252,2
1273387503192325841,https://www.airbnb.com/rooms/1273387503192325841,1
1273533088977578133,https://www.airbnb.com/rooms/1273533088977578133,2
1275299825209531712,https://www.airbnb.com/rooms/1275299825209531712,1
1275461779916548394,https://www.airbnb.com/rooms/1275461779916548394,2
1275480413191590022,https://www.airbnb.com/rooms/1275480413191590022,2
1275831710245620078,https://www.airbnb.com/rooms/1275831710245620078,1
1276064225322302764,https://www.airbnb.com/rooms/1276064225322302764,2
1277623094650338119,https://www.airbnb.com/rooms/1277623094650338119,1
1277716906442613104,https://www.airbnb.com/rooms/1277716906442613104,1
1278296566463739221,https://www.airbnb.com/rooms/1278296566463739221,1
1278333035011561132,https://www.airbnb.com/rooms/1278333035011561132,1
1278370211844166638,https://www.airbnb.com/rooms/1278370211844166638,2
1278411475662969558,https://www.airbnb.com/rooms/1278411475662969558,4
1278573287208924295,https://www.airbnb.com/rooms/1278573287208924295,3
1278597790019715493,https://www.airbnb.com/rooms/1278597790019715493,2
1279957901663722139,https://www.airbnb.com/rooms/1279957901663722139,2
1280465599306761499,https://www.airbnb.com/rooms/1280465599306761499,1
1280488692466145554,https://www.airbnb.com/rooms/1280488692466145554,1
1280710848136631636,https://www.airbnb.com/rooms/1280710848136631636,3
1280718313866356892,https://www.airbnb.com/rooms/1280718313866356892,3
1280723453874434740,https://www.airbnb.com/rooms/1280723453874434740,3
1281174845857129426,https://www.airbnb.com/rooms/1281174845857129426,1
1281228956292345611,https://www.airbnb.com/rooms/1281228956292345611,2
1281288506393619418,https://www.airbnb.com/rooms/1281288506393619418,4
1281868537147715430,https://www.airbnb.com/rooms/1281868537147715430,1
1281952376660614328,https://www.airbnb.com/rooms/1281952376660614328,1
1282116272694283885,https://www.airbnb.com/rooms/1282116272694283885,1
1282571060056716252,https://www.airbnb.com/rooms/1282571060056716252,2
1282571388872253660,https://www.airbnb.com/rooms/1282571388872253660,2
1282887041067721784,https://www.airbnb.com/rooms/1282887041067721784,2
1282894092833721206,https://www.airbnb.com/rooms/1282894092833721206,4
1282963226175324040,https://www.airbnb.com/rooms/1282963226175324040,4
1283629828566184422,https://www.airbnb.com/rooms/1283629828566184422,2
1284004198019982821,https://www.airbnb.com/rooms/1284004198019982821,2
1284021631509043689,https://www.airbnb.com/rooms/1284021631509043689,1
1284025822521242698,https://www.airbnb.com/rooms/1284025822521242698,2
1284031743265581559,https://www.airbnb.com/rooms/1284031743265581559,2
1284038591831163843,https://www.airbnb.com/rooms/1284038591831163843,4
1284044415585478690,https://www.airbnb.com/rooms/1284044415585478690,1
1284054585361893673,https://www.airbnb.com/rooms/1284054585361893673,2
1284193976615696223,https://www.airbnb.com/rooms/1284193976615696223,1
1284199718647264252,https://www.airbnb.com/rooms/1284199718647264252,1
1284207796115284242,https://www.airbnb.com/rooms/1284207796115284242,1
1284213223278884167,https://www.airbnb.com/rooms/1284213223278884167,1
1284875917702340268,https://www.airbnb.com/rooms/1284875917702340268,3
1284880812189484146,https://www.airbnb.com/rooms/1284880812189484146,4
1285063006425769999,https://www.airbnb.com/rooms/1285063006425769999,4
1285253059732987957,https://www.airbnb.com/rooms/1285253059732987957,4
1285476474707857329,https://www.airbnb.com/rooms/1285476474707857329,2
1285488897605012695,https://www.airbnb.com/rooms/1285488897605012695,5
1285502938428433751,https://www.airbnb.com/rooms/1285502938428433751,2
1285568095282024386,https://www.airbnb.com/rooms/1285568095282024386,2
1285575575690340147,https://www.airbnb.com/rooms/1285575575690340147,3
1285585991444675363,https://www.airbnb.com/rooms/1285585991444675363,2
1285595992337503416,https://www.airbnb.com/rooms/1285595992337503416,2
1285604033382764464,https://www.airbnb.com/rooms/1285604033382764464,2
1285607951814120440,https://www.airbnb.com/rooms/1285607951814120440,6
1285611705885773292,https://www.airbnb.com/rooms/1285611705885773292,2
1285616314916789543,https://www.airbnb.com/rooms/1285616314916789543,2
1285631717526079209,https://www.airbnb.com/rooms/1285631717526079209,4
1285635696089176094,https://www.airbnb.com/rooms/1285635696089176094,2
1285638813636168246,https://www.airbnb.com/rooms/1285638813636168246,4
1285643110647043062,https://www.airbnb.com/rooms/1285643110647043062,4
1285645528239492886,https://www.airbnb.com/rooms/1285645528239492886,2
1285648231904114292,https://www.airbnb.com/rooms/1285648231904114292,3
1285651893430442343,https://www.airbnb.com/rooms/1285651893430442343,4
1285655771219927165,https://www.airbnb.com/rooms/1285655771219927165,4
1286949824185088527,https://www.airbnb.com/rooms/1286949824185088527,3
1287003972190267022,https://www.airbnb.com/rooms/1287003972190267022,1
1287007181175661891,https://www.airbnb.com/rooms/1287007181175661891,1
1287009191749118471,https://www.airbnb.com/rooms/1287009191749118471,1
1287010563841794913,https://www.airbnb.com/rooms/1287010563841794913,1
1287061714465094714,https://www.airbnb.com/rooms/1287061714465094714,2
1287210506816888880,https://www.airbnb.com/rooms/1287210506816888880,1
1287274997155379153,https://www.airbnb.com/rooms/1287274997155379153,1
1287738354407450353,https://www.airbnb.com/rooms/1287738354407450353,4
1287763381241401055,https://www.airbnb.com/rooms/1287763381241401055,2
1287769236224769765,https://www.airbnb.com/rooms/1287769236224769765,4
1287837385987392382,https://www.airbnb.com/rooms/1287837385987392382,1
1288412013450442200,https://www.airbnb.com/rooms/1288412013450442200,1
1288422322131855668,https://www.airbnb.com/rooms/1288422322131855668,2
1288514159633282606,https://www.airbnb.com/rooms/1288514159633282606,4
1288524394590973220,https://www.airbnb.com/rooms/1288524394590973220,2
1288582569165672999,https://www.airbnb.com/rooms/1288582569165672999,1
1288732326041439534,https://www.airbnb.com/rooms/1288732326041439534,1
1289012721802647005,https://www.airbnb.com/rooms/1289012721802647005,2
1289384720486231445,https://www.airbnb.com/rooms/1289384720486231445,1
1289978277273849757,https://www.airbnb.com/rooms/1289978277273849757,1
1290019528241734558,https://www.airbnb.com/rooms/1290019528241734558,1
1290198006125420835,https://www.airbnb.com/rooms/1290198006125420835,4
1290624825044506176,https://www.airbnb.com/rooms/1290624825044506176,2
1290726907317501804,https://www.airbnb.com/rooms/1290726907317501804,1
1290728165817085178,https://www.airbnb.com/rooms/1290728165817085178,2
1290762077228934676,https://www.airbnb.com/rooms/1290762077228934676,2
1291296664921974255,https://www.airbnb.com/rooms/1291296664921974255,2
1291351035244398333,https://www.airbnb.com/rooms/1291351035244398333,1
1291485737105188968,https://www.airbnb.com/rooms/1291485737105188968,2
1292028185232051377,https://www.airbnb.com/rooms/1292028185232051377,2
1292045335149883453,https://www.airbnb.com/rooms/1292045335149883453,1
1292107704393568754,https://www.airbnb.com/rooms/1292107704393568754,1
1292148961124180024,https://www.airbnb.com/rooms/1292148961124180024,1
1292219457713462815,https://www.airbnb.com/rooms/1292219457713462815,2
1292710983152385480,https://www.airbnb.com/rooms/1292710983152385480,2
1292787506707422801,https://www.airbnb.com/rooms/1292787506707422801,2
1292866179477200409,https://www.airbnb.com/rooms/1292866179477200409,2
1292976382190927936,https://www.airbnb.com/rooms/1292976382190927936,2
1293076069958383155,https://www.airbnb.com/rooms/1293076069958383155,4
1293622658934405277,https://www.airbnb.com/rooms/1293622658934405277,2
1293795838742622353,https://www.airbnb.com/rooms/1293795838742622353,1
1293818798002016522,https://www.airbnb.com/rooms/1293818798002016522,1
1294286375145307153,https://www.airbnb.com/rooms/1294286375145307153,1
1294413076637498855,https://www.airbnb.com/rooms/1294413076637498855,4
1294483489128860565,https://www.airbnb.com/rooms/1294483489128860565,2
1294509628925170743,https://www.airbnb.com/rooms/1294509628925170743,1
1294550296127447766,https://www.airbnb.com/rooms/1294550296127447766,1
1294940055811377578,https://www.airbnb.com/rooms/1294940055811377578,3
1294969521362782302,https://www.airbnb.com/rooms/1294969521362782302,1
1295002353005819619,https://www.airbnb.com/rooms/1295002353005819619,2
1295002354942765489,https://www.airbnb.com/rooms/1295002354942765489,2
1295002356036596754,https://www.airbnb.com/rooms/1295002356036596754,2
1295691457150956016,https://www.airbnb.com/rooms/1295691457150956016,2
1295691797575537155,https://www.airbnb.com/rooms/1295691797575537155,2
1295692136195614140,https://www.airbnb.com/rooms/1295692136195614140,2
1295692449851871625,https://www.airbnb.com/rooms/1295692449851871625,2
1295892761342795514,https://www.airbnb.com/rooms/1295892761342795514,1
1296041132630584123,https://www.airbnb.com/rooms/1296041132630584123,1
1296594440887468701,https://www.airbnb.com/rooms/1296594440887468701,1
1297226547459561442,https://www.airbnb.com/rooms/1297226547459561442,1
1297228160885128539,https://www.airbnb.com/rooms/1297228160885128539,1
1298192141988721791,https://www.airbnb.com/rooms/1298192141988721791,2
1298621314725313847,https://www.airbnb.com/rooms/1298621314725313847,2
1298732925265614181,https://www.airbnb.com/rooms/1298732925265614181,4
1298736746833419212,https://www.airbnb.com/rooms/1298736746833419212,2
1298737172802694941,https://www.airbnb.com/rooms/1298737172802694941,2
1298753847239569201,https://www.airbnb.com/rooms/1298753847239569201,1
1298754878094882223,https://www.airbnb.com/rooms/1298754878094882223,4
1298822674490861625,https://www.airbnb.com/rooms/1298822674490861625,2
1299028857224281305,https://www.airbnb.com/rooms/1299028857224281305,2
1299328037652578941,https://www.airbnb.com/rooms/1299328037652578941,4
1299467342109624570,https://www.airbnb.com/rooms/1299467342109624570,1
1299571555368535966,https://www.airbnb.com/rooms/1299571555368535966,1
1299723282561740219,https://www.airbnb.com/rooms/1299723282561740219,1
1300070006878407400,https://www.airbnb.com/rooms/1300070006878407400,4
1300314268581243284,https://www.airbnb.com/rooms/1300314268581243284,5
1300323386507474928,https://www.airbnb.com/rooms/1300323386507474928,2
1300488742423541281,https://www.airbnb.com/rooms/1300488742423541281,1
1300832655749673186,https://www.airbnb.com/rooms/1300832655749673186,2
1300913049058883554,https://www.airbnb.com/rooms/1300913049058883554,1
1300957445602850578,https://www.airbnb.com/rooms/1300957445602850578,2
1300959212682218751,https://www.airbnb.com/rooms/1300959212682218751,1
1301092828041267533,https://www.airbnb.com/rooms/1301092828041267533,1
1301432463154884805,https://www.airbnb.com/rooms/1301432463154884805,4
1301590144965438913,https://www.airbnb.com/rooms/1301590144965438913,1
1301656104770114607,https://www.airbnb.com/rooms/1301656104770114607,2
1301867208129388131,https://www.airbnb.com/rooms/1301867208129388131,6
1302155361861567312,https://www.airbnb.com/rooms/1302155361861567312,4
1302501855640780510,https://www.airbnb.com/rooms/1302501855640780510,2
1302523701138864502,https://www.airbnb.com/rooms/1302523701138864502,1
1302579860102434102,https://www.airbnb.com/rooms/1302579860102434102,2
1302646734732434017,https://www.airbnb.com/rooms/1302646734732434017,1
1302910754694433325,https://www.airbnb.com/rooms/1302910754694433325,3
1302963231447285058,https://www.airbnb.com/rooms/1302963231447285058,2
1303078041701554937,https://www.airbnb.com/rooms/1303078041701554937,1
1303100989870885067,https://www.airbnb.com/rooms/1303100989870885067,1
1303128423912052714,https://www.airbnb.com/rooms/1303128423912052714,1
1303175226019790329,https://www.airbnb.com/rooms/1303175226019790329,2
1303188831690440487,https://www.airbnb.com/rooms/1303188831690440487,2
1303192078166918765,https://www.airbnb.com/rooms/1303192078166918765,2
1304328348746403576,https://www.airbnb.com/rooms/1304328348746403576,1
1304429566408844507,https://www.airbnb.com/rooms/1304429566408844507,2
1304432115386631487,https://www.airbnb.com/rooms/1304432115386631487,1
1304455692201675238,https://www.airbnb.com/rooms/1304455692201675238,2
1304518043076026128,https://www.airbnb.com/rooms/1304518043076026128,1
1304542918301284463,https://www.airbnb.com/rooms/1304542918301284463,1
1304568148969752817,https://www.airbnb.com/rooms/1304568148969752817,2
1305061937445437006,https://www.airbnb.com/rooms/1305061937445437006,1
1305069662934360774,https://www.airbnb.com/rooms/1305069662934360774,2
1305107380085400850,https://www.airbnb.com/rooms/1305107380085400850,3
1305170709378710843,https://www.airbnb.com/rooms/1305170709378710843,2
1305227820547721056,https://www.airbnb.com/rooms/1305227820547721056,2
1305231804628370773,https://www.airbnb.com/rooms/1305231804628370773,2
1305379229822897589,https://www.airbnb.com/rooms/1305379229822897589,1
1305859865915531793,https://www.airbnb.com/rooms/1305859865915531793,2
1305875120271840777,https://www.airbnb.com/rooms/1305875120271840777,1
1305887442432655658,https://www.airbnb.com/rooms/1305887442432655658,2
1306084616965248163,https://www.airbnb.com/rooms/1306084616965248163,3
1306761715400216227,https://www.airbnb.com/rooms/1306761715400216227,1
1308120703430614242,https://www.airbnb.com/rooms/1308120703430614242,1
1308169519655722409,https://www.airbnb.com/rooms/1308169519655722409,5
1308172939484953120,https://www.airbnb.com/rooms/1308172939484953120,2
1308175451008855236,https://www.airbnb.com/rooms/1308175451008855236,1
1308261220065063203,https://www.airbnb.com/rooms/1308261220065063203,2
1308428854628852127,https://www.airbnb.com/rooms/1308428854628852127,2
1308737991593278409,https://www.airbnb.com/rooms/1308737991593278409,2
1308768283068496000,https://www.airbnb.com/rooms/1308768283068496000,2
1308866648359223599,https://www.airbnb.com/rooms/1308866648359223599,2
1309389658635594563,https://www.airbnb.com/rooms/1309389658635594563,6
1309524852156117088,https://www.airbnb.com/rooms/1309524852156117088,3
1310271973356132426,https://www.airbnb.com/rooms/1310271973356132426,2
1310314871351272223,https://www.airbnb.com/rooms/1310314871351272223,1
1310391676390325704,https://www.airbnb.com/rooms/1310391676390325704,1
1310392877221625170,https://www.airbnb.com/rooms/1310392877221625170,1
1310548311923098309,https://www.airbnb.com/rooms/1310548311923098309,1
1310983441234758992,https://www.airbnb.com/rooms/1310983441234758992,1
1311057153931720622,https://www.airbnb.com/rooms/1311057153931720622,2
1311682251801368218,https://www.airbnb.com/rooms/1311682251801368218,2
1311683653670317035,https://www.airbnb.com/rooms/1311683653670317035,2
1311684853009236659,https://www.airbnb.com/rooms/1311684853009236659,2
1311986203493102951,https://www.airbnb.com/rooms/1311986203493102951,1
1312409867441735533,https://www.airbnb.com/rooms/1312409867441735533,2
1312438695312244028,https://www.airbnb.com/rooms/1312438695312244028,2
1312489035676775810,https://www.airbnb.com/rooms/1312489035676775810,2
1312586020444009451,https://www.airbnb.com/rooms/1312586020444009451,2
1312615099018968243,https://www.airbnb.com/rooms/1312615099018968243,2
1312678121637832337,https://www.airbnb.com/rooms/1312678121637832337,2
1313133876374568267,https://www.airbnb.com/rooms/1313133876374568267,2
1313147533436802674,https://www.airbnb.com/rooms/1313147533436802674,2
1313150484405916135,https://www.airbnb.com/rooms/1313150484405916135,2
1313412271576139184,https://www.airbnb.com/rooms/1313412271576139184,2
1313870376316226755,https://www.airbnb.com/rooms/1313870376316226755,2
1313929560211232112,https://www.airbnb.com/rooms/1313929560211232112,1
1313941699097751508,https://www.airbnb.com/rooms/1313941699097751508,1
1313955105456337183,https://www.airbnb.com/rooms/1313955105456337183,4
1314020304431317108,https://www.airbnb.com/rooms/1314020304431317108,2
1314119883668878054,https://www.airbnb.com/rooms/1314119883668878054,1
1314136141216444579,https://www.airbnb.com/rooms/1314136141216444579,2
1314544311386333097,https://www.airbnb.com/rooms/1314544311386333097,5
1314704983015811150,https://www.airbnb.com/rooms/1314704983015811150,2
1314781409617982351,https://www.airbnb.com/rooms/1314781409617982351,2
1314854695452104121,https://www.airbnb.com/rooms/1314854695452104121,1
1315635046716944025,https://www.airbnb.com/rooms/1315635046716944025,5
1315677780235475422,https://www.airbnb.com/rooms/1315677780235475422,1
1315739335360882079,https://www.airbnb.com/rooms/1315739335360882079,6
1316322518175352511,https://www.airbnb.com/rooms/1316322518175352511,1
1316768482536064913,https://www.airbnb.com/rooms/1316768482536064913,1
1316836495570253702,https://www.airbnb.com/rooms/1316836495570253702,2
1316851190775168291,https://www.airbnb.com/rooms/1316851190775168291,2
1317032029364054767,https://www.airbnb.com/rooms/1317032029364054767,1
1317325517058890256,https://www.airbnb.com/rooms/1317325517058890256,2
1317419401220308282,https://www.airbnb.com/rooms/1317419401220308282,2
1317496412554786652,https://www.airbnb.com/rooms/1317496412554786652,2
1317728384433921994,https://www.airbnb.com/rooms/1317728384433921994,2
1318017233860088077,https://www.airbnb.com/rooms/1318017233860088077,4
1318046640682241304,https://www.airbnb.com/rooms/1318046640682241304,3
1318167810553939024,https://www.airbnb.com/rooms/1318167810553939024,2
1318220075094160064,https://www.airbnb.com/rooms/1318220075094160064,1
1318315106783140485,https://www.airbnb.com/rooms/1318315106783140485,1
1320435317434960651,https://www.airbnb.com/rooms/1320435317434960651,1
1320470256727716608,https://www.airbnb.com/rooms/1320470256727716608,1
1320624285115127190,https://www.airbnb.com/rooms/1320624285115127190,5
1321057916856880431,https://www.airbnb.com/rooms/1321057916856880431,1
1321106292745263949,https://www.airbnb.com/rooms/1321106292745263949,1
1321213184437239430,https://www.airbnb.com/rooms/1321213184437239430,2
1321387945300981661,https://www.airbnb.com/rooms/1321387945300981661,4
1321707678246324633,https://www.airbnb.com/rooms/1321707678246324633,1
1322034938952427764,https://www.airbnb.com/rooms/1322034938952427764,4
1322483482633897943,https://www.airbnb.com/rooms/1322483482633897943,4
1322665173128033329,https://www.airbnb.com/rooms/1322665173128033329,1
1322696346472930312,https://www.airbnb.com/rooms/1322696346472930312,1
1322766236989803004,https://www.airbnb.com/rooms/1322766236989803004,1
1322822595158500426,https://www.airbnb.com/rooms/1322822595158500426,1
1323291954905899849,https://www.airbnb.com/rooms/1323291954905899849,1
1323400592626373323,https://www.airbnb.com/rooms/1323400592626373323,1
1323477324100887109,https://www.airbnb.com/rooms/1323477324100887109,6
1323931810485248534,https://www.airbnb.com/rooms/1323931810485248534,1
1324232467556245519,https://www.airbnb.com/rooms/1324232467556245519,1
1324721959883403825,https://www.airbnb.com/rooms/1324721959883403825,1
1324915536546818363,https://www.airbnb.com/rooms/1324915536546818363,2
1325366321990333287,https://www.airbnb.com/rooms/1325366321990333287,2
1325387117054411732,https://www.airbnb.com/rooms/1325387117054411732,2
1325601448310139272,https://www.airbnb.com/rooms/1325601448310139272,2
1325657475450511101,https://www.airbnb.com/rooms/1325657475450511101,1
1325751488117563574,https://www.airbnb.com/rooms/1325751488117563574,4
1325768907232801845,https://www.airbnb.com/rooms/1325768907232801845,1
1326105017879069365,https://www.airbnb.com/rooms/1326105017879069365,2
1326179646686561572,https://www.airbnb.com/rooms/1326179646686561572,1
1326301175252452657,https://www.airbnb.com/rooms/1326301175252452657,2
1326672442281532442,https://www.airbnb.com/rooms/1326672442281532442,1
1326768617180472709,https://www.airbnb.com/rooms/1326768617180472709,3
1327020857758364962,https://www.airbnb.com/rooms/1327020857758364962,2
1327098463212089796,https://www.airbnb.com/rooms/1327098463212089796,1
1327190898715598259,https://www.airbnb.com/rooms/1327190898715598259,1
1327631273985206853,https://www.airbnb.com/rooms/1327631273985206853,2
1327845255653402465,https://www.airbnb.com/rooms/1327845255653402465,1
1328253353075560645,https://www.airbnb.com/rooms/1328253353075560645,1
1328661654044188977,https://www.airbnb.com/rooms/1328661654044188977,2
1328977222187556427,https://www.airbnb.com/rooms/1328977222187556427,1
1328979920090298135,https://www.airbnb.com/rooms/1328979920090298135,2
1329076409036175562,https://www.airbnb.com/rooms/1329076409036175562,1
1329091325387172766,https://www.airbnb.com/rooms/1329091325387172766,1
1329173026931438171,https://www.airbnb.com/rooms/1329173026931438171,2
1329347794841621372,https://www.airbnb.com/rooms/1329347794841621372,1
1330518768754362603,https://www.airbnb.com/rooms/1330518768754362603,2
1330583847635892755,https://www.airbnb.com/rooms/1330583847635892755,1
1330617469612514385,https://www.airbnb.com/rooms/1330617469612514385,2
1330779511674245353,https://www.airbnb.com/rooms/1330779511674245353,1
1330982863079344437,https://www.airbnb.com/rooms/1330982863079344437,2
1331190932093991601,https://www.airbnb.com/rooms/1331190932093991601,3
1331239939243385789,https://www.airbnb.com/rooms/1331239939243385789,1
1331245531414902974,https://www.airbnb.com/rooms/1331245531414902974,1
1331261840476564780,https://www.airbnb.com/rooms/1331261840476564780,2
1331280399598558101,https://www.airbnb.com/rooms/1331280399598558101,1
1331330451678112637,https://www.airbnb.com/rooms/1331330451678112637,2
1331544240553650845,https://www.airbnb.com/rooms/1331544240553650845,3
1331552727560973822,https://www.airbnb.com/rooms/1331552727560973822,1
1331586255539608893,https://www.airbnb.com/rooms/1331586255539608893,1
1332759268684158109,https://www.airbnb.com/rooms/1332759268684158109,3
1333104899212949798,https://www.airbnb.com/rooms/1333104899212949798,1
1333344065318492927,https://www.airbnb.com/rooms/1333344065318492927,2
1333377792596414604,https://www.airbnb.com/rooms/1333377792596414604,1
1333409190463424893,https://www.airbnb.com/rooms/1333409190463424893,1
1333498762689896456,https://www.airbnb.com/rooms/1333498762689896456,1
1333732368210183504,https://www.airbnb.com/rooms/1333732368210183504,1
1334278731719754102,https://www.airbnb.com/rooms/1334278731719754102,1
1334430765415030688,https://www.airbnb.com/rooms/1334430765415030688,1
1334784291686162589,https://www.airbnb.com/rooms/1334784291686162589,2
1334831686226122302,https://www.airbnb.com/rooms/1334831686226122302,2
1334881509450949320,https://www.airbnb.com/rooms/1334881509450949320,1
1334907764407356286,https://www.airbnb.com/rooms/1334907764407356286,2
1335329139804175224,https://www.airbnb.com/rooms/1335329139804175224,1
1335623197119599417,https://www.airbnb.com/rooms/1335623197119599417,1
1335640114499138463,https://www.airbnb.com/rooms/1335640114499138463,2
1335883983364992052,https://www.airbnb.com/rooms/1335883983364992052,1
1336263922212057282,https://www.airbnb.com/rooms/1336263922212057282,2
1336323142735798128,https://www.airbnb.com/rooms/1336323142735798128,1
1336395322505490880,https://www.airbnb.com/rooms/1336395322505490880,4
1336447115846286053,https://www.airbnb.com/rooms/1336447115846286053,4
1337781807907910640,https://www.airbnb.com/rooms/1337781807907910640,1
1338512089950278731,https://www.airbnb.com/rooms/1338512089950278731,2
1338562187907831023,https://www.airbnb.com/rooms/1338562187907831023,1
1338829447961950568,https://www.airbnb.com/rooms/1338829447961950568,2
1338829517250603661,https://www.airbnb.com/rooms/1338829517250603661,2
1338829606429674318,https://www.airbnb.com/rooms/1338829606429674318,2
1338829665235894746,https://www.airbnb.com/rooms/1338829665235894746,2
1338829695520403110,https://www.airbnb.com/rooms/1338829695520403110,2
1339167546830295840,https://www.airbnb.com/rooms/1339167546830295840,1
1339192633249810200,https://www.airbnb.com/rooms/1339192633249810200,4
1339316902439358180,https://www.airbnb.com/rooms/1339316902439358180,4
1339330829161808500,https://www.airbnb.com/rooms/1339330829161808500,4
1339344019883327723,https://www.airbnb.com/rooms/1339344019883327723,2
1339857451547752875,https://www.airbnb.com/rooms/1339857451547752875,2
1339861447859412177,https://www.airbnb.com/rooms/1339861447859412177,4
1339892836990588662,https://www.airbnb.com/rooms/1339892836990588662,4
1339904925912643124,https://www.airbnb.com/rooms/1339904925912643124,1
1339921654791048408,https://www.airbnb.com/rooms/1339921654791048408,4
1340053481580149790,https://www.airbnb.com/rooms/1340053481580149790,1
1340101903125286828,https://www.airbnb.com/rooms/1340101903125286828,4
1340225992928147220,https://www.airbnb.com/rooms/1340225992928147220,1
1340616223913605388,https://www.airbnb.com/rooms/1340616223913605388,1
1340628405482293057,https://www.airbnb.com/rooms/1340628405482293057,2
1340649686832088640,https://www.airbnb.com/rooms/1340649686832088640,1
1340662888156157192,https://www.airbnb.com/rooms/1340662888156157192,1
1340719126820964743,https://www.airbnb.com/rooms/1340719126820964743,1
1340722191649462219,https://www.airbnb.com/rooms/1340722191649462219,1
1340770147495406728,https://www.airbnb.com/rooms/1340770147495406728,4
1340929515765262185,https://www.airbnb.com/rooms/1340929515765262185,1
1341243515337956639,https://www.airbnb.com/rooms/1341243515337956639,4
1341313253053485724,https://www.airbnb.com/rooms/1341313253053485724,4
1341456478884589929,https://www.airbnb.com/rooms/1341456478884589929,1
1341487166425608571,https://www.airbnb.com/rooms/1341487166425608571,4
1341529868729750750,https://www.airbnb.com/rooms/1341529868729750750,2
1341598141223097616,https://www.airbnb.com/rooms/1341598141223097616,2
1341608549933212820,https://www.airbnb.com/rooms/1341608549933212820,1
1342136379151038129,https://www.airbnb.com/rooms/1342136379151038129,1
1342150189940008197,https://www.airbnb.com/rooms/1342150189940008197,1
1342315525720132509,https://www.airbnb.com/rooms/1342315525720132509,2
1342504991289416097,https://www.airbnb.com/rooms/1342504991289416097,2
1342801719611876802,https://www.airbnb.com/rooms/1342801719611876802,2
1342930204141629445,https://www.airbnb.com/rooms/1342930204141629445,5
1342990038803116624,https://www.airbnb.com/rooms/1342990038803116624,1
1343068138985651973,https://www.airbnb.com/rooms/1343068138985651973,4
1343435259472252397,https://www.airbnb.com/rooms/1343435259472252397,4
1343443677141425999,https://www.airbnb.com/rooms/1343443677141425999,2
1343497725279263165,https://www.airbnb.com/rooms/1343497725279263165,1
1343547327428299190,https://www.airbnb.com/rooms/1343547327428299190,4
1343579455586251294,https://www.airbnb.com/rooms/1343579455586251294,1
1343612080755359566,https://www.airbnb.com/rooms/1343612080755359566,4
1343629286828212820,https://www.airbnb.com/rooms/1343629286828212820,4
1343642305046103554,https://www.airbnb.com/rooms/1343642305046103554,1
1343649541477839052,https://www.airbnb.com/rooms/1343649541477839052,4
1343656680666673176,https://www.airbnb.com/rooms/1343656680666673176,1
1343657394985058986,https://www.airbnb.com/rooms/1343657394985058986,1
1343660238157895346,https://www.airbnb.com/rooms/1343660238157895346,1
1343662010791271907,https://www.airbnb.com/rooms/1343662010791271907,1
1343664193296570675,https://www.airbnb.com/rooms/1343664193296570675,1
1343665812825311691,https://www.airbnb.com/rooms/1343665812825311691,1
1343667477090989537,https://www.airbnb.com/rooms/1343667477090989537,1
1344190678352237197,https://www.airbnb.com/rooms/1344190678352237197,1
1344224065121065225,https://www.airbnb.com/rooms/1344224065121065225,1
1344225095345381077,https://www.airbnb.com/rooms/1344225095345381077,2
1344297929476982648,https://www.airbnb.com/rooms/1344297929476982648,3
1344337890563360594,https://www.airbnb.com/rooms/1344337890563360594,4
1344349579614241814,https://www.airbnb.com/rooms/1344349579614241814,4
1344355576429920587,https://www.airbnb.com/rooms/1344355576429920587,4
1344364945221873661,https://www.airbnb.com/rooms/1344364945221873661,4
1344388832863813971,https://www.airbnb.com/rooms/1344388832863813971,1
1344994676850480805,https://www.airbnb.com/rooms/1344994676850480805,2
1345147494580192114,https://www.airbnb.com/rooms/1345147494580192114,2
1345630779491494464,https://www.airbnb.com/rooms/1345630779491494464,3
1345778256497493228,https://www.airbnb.com/rooms/1345778256497493228,2
1345796027479094850,https://www.airbnb.com/rooms/1345796027479094850,2
1345807155385874745,https://www.airbnb.com/rooms/1345807155385874745,1
1345938389052960377,https://www.airbnb.com/rooms/1345938389052960377,2
1346030797853618118,https://www.airbnb.com/rooms/1346030797853618118,2
1346776821530946102,https://www.airbnb.com/rooms/1346776821530946102,2
1346791118365439696,https://www.airbnb.com/rooms/1346791118365439696,2
1347078281497820150,https://www.airbnb.com/rooms/1347078281497820150,1
1347196353233603090,https://www.airbnb.com/rooms/1347196353233603090,2
1347813718377254603,https://www.airbnb.com/rooms/1347813718377254603,2
1348023569008416801,https://www.airbnb.com/rooms/1348023569008416801,1
1348590473722435279,https://www.airbnb.com/rooms/1348590473722435279,1
1348602343686951616,https://www.airbnb.com/rooms/1348602343686951616,1
1348612226447695474,https://www.airbnb.com/rooms/1348612226447695474,1
1348619106172868082,https://www.airbnb.com/rooms/1348619106172868082,2
1348715495533562859,https://www.airbnb.com/rooms/1348715495533562859,1
1348779431326111757,https://www.airbnb.com/rooms/1348779431326111757,2
1348908847372260069,https://www.airbnb.com/rooms/1348908847372260069,1
1349280522333382060,https://www.airbnb.com/rooms/1349280522333382060,4
1349324430674102099,https://www.airbnb.com/rooms/1349324430674102099,1
1349416535412035972,https://www.airbnb.com/rooms/1349416535412035972,2
1349427362472604128,https://www.airbnb.com/rooms/1349427362472604128,2
1349466435388876749,https://www.airbnb.com/rooms/1349466435388876749,2
1349472762374294402,https://www.airbnb.com/rooms/1349472762374294402,2
1349519733918947193,https://www.airbnb.com/rooms/1349519733918947193,2
1349563203116026546,https://www.airbnb.com/rooms/1349563203116026546,2
1349642864042322935,https://www.airbnb.com/rooms/1349642864042322935,1
1349668844572682209,https://www.airbnb.com/rooms/1349668844572682209,2
1350020511345569071,https://www.airbnb.com/rooms/1350020511345569071,4
1350096061556365994,https://www.airbnb.com/rooms/1350096061556365994,1
1350146974270667988,https://www.airbnb.com/rooms/1350146974270667988,2
1350202757885977978,https://www.airbnb.com/rooms/1350202757885977978,4
1350700332309348035,https://www.airbnb.com/rooms/1350700332309348035,2
1350752301029000745,https://www.airbnb.com/rooms/1350752301029000745,2
1350766747489912458,https://www.airbnb.com/rooms/1350766747489912458,4
1350774224041898550,https://www.airbnb.com/rooms/1350774224041898550,4
1351560852782137273,https://www.airbnb.com/rooms/1351560852782137273,3
1351633741817492453,https://www.airbnb.com/rooms/1351633741817492453,2
1351656535244298967,https://www.airbnb.com/rooms/1351656535244298967,1
1351704352652837659,https://www.airbnb.com/rooms/1351704352652837659,1
1351791938143211197,https://www.airbnb.com/rooms/1351791938143211197,2
1351791968862140218,https://www.airbnb.com/rooms/1351791968862140218,2
1351805377713489226,https://www.airbnb.com/rooms/1351805377713489226,1
1353163819824458760,https://www.airbnb.com/rooms/1353163819824458760,2
1353386465005077738,https://www.airbnb.com/rooms/1353386465005077738,1
1353531321616290505,https://www.airbnb.com/rooms/1353531321616290505,2
1353644234015684937,https://www.airbnb.com/rooms/1353644234015684937,1
1353715244324025356,https://www.airbnb.com/rooms/1353715244324025356,4
1353762809667691453,https://www.airbnb.com/rooms/1353762809667691453,2
1353851402087754753,https://www.airbnb.com/rooms/1353851402087754753,2
1353961302705249140,https://www.airbnb.com/rooms/1353961302705249140,2
1354072304346185064,https://www.airbnb.com/rooms/1354072304346185064,1
1354266190078004240,https://www.airbnb.com/rooms/1354266190078004240,2
1354597247583772405,https://www.airbnb.com/rooms/1354597247583772405,1
1354612405565567307,https://www.airbnb.com/rooms/1354612405565567307,1
1354725106122809608,https://www.airbnb.com/rooms/1354725106122809608,2
1354793214257173349,https://www.airbnb.com/rooms/1354793214257173349,4
1355223680124340105,https://www.airbnb.com/rooms/1355223680124340105,1
1355224648296472870,https://www.airbnb.com/rooms/1355224648296472870,2
1355227705792525845,https://www.airbnb.com/rooms/1355227705792525845,1
1355260263554048381,https://www.airbnb.com/rooms/1355260263554048381,1
1355325876806401309,https://www.airbnb.com/rooms/1355325876806401309,1
1355326847514391400,https://www.airbnb.com/rooms/1355326847514391400,1
1355327570813652515,https://www.airbnb.com/rooms/1355327570813652515,1
1355527994799472408,https://www.airbnb.com/rooms/1355527994799472408,2
1355825463213053066,https://www.airbnb.com/rooms/1355825463213053066,4
1356516971896298968,https://www.airbnb.com/rooms/1356516971896298968,2
1357372271706145463,https://www.airbnb.com/rooms/1357372271706145463,2
1357372614411356352,https://www.airbnb.com/rooms/1357372614411356352,2
1357406703662530956,https://www.airbnb.com/rooms/1357406703662530956,2
1357417936711135399,https://www.airbnb.com/rooms/1357417936711135399,1
1357476980290445316,https://www.airbnb.com/rooms/1357476980290445316,2
1357484236554358672,https://www.airbnb.com/rooms/1357484236554358672,2
1357507772766820559,https://www.airbnb.com/rooms/1357507772766820559,2
1357614406123582740,https://www.airbnb.com/rooms/1357614406123582740,1
1357934737663365982,https://www.airbnb.com/rooms/1357934737663365982,2
1357998058950934476,https://www.airbnb.com/rooms/1357998058950934476,2
1358047987452127976,https://www.airbnb.com/rooms/1358047987452127976,4
1358107491689197730,https://www.airbnb.com/rooms/1358107491689197730,2
1358682606455032648,https://www.airbnb.com/rooms/1358682606455032648,2
1358787644922675980,https://www.airbnb.com/rooms/1358787644922675980,3
1358826097628211430,https://www.airbnb.com/rooms/1358826097628211430,4
1358833370253862794,https://www.airbnb.com/rooms/1358833370253862794,2
1358954839028972727,https://www.airbnb.com/rooms/1358954839028972727,2
1358976079142508735,https://www.airbnb.com/rooms/1358976079142508735,4
1359097471699458698,https://www.airbnb.com/rooms/1359097471699458698,4
1359454596270074487,https://www.airbnb.com/rooms/1359454596270074487,2
1359525433885843928,https://www.airbnb.com/rooms/1359525433885843928,2
1359630679366955809,https://www.airbnb.com/rooms/1359630679366955809,4
1359665529082260494,https://www.airbnb.com/rooms/1359665529082260494,1
1359751198202978329,https://www.airbnb.com/rooms/1359751198202978329,1
1359783304220166911,https://www.airbnb.com/rooms/1359783304220166911,1
1360208456066951550,https://www.airbnb.com/rooms/1360208456066951550,2
1360299925560671495,https://www.airbnb.com/rooms/1360299925560671495,1
1360501663098122615,https://www.airbnb.com/rooms/1360501663098122615,1
1360631788955768326,https://www.airbnb.com/rooms/1360631788955768326,1
1361053684273590633,https://www.airbnb.com/rooms/1361053684273590633,2
1361645065434667229,https://www.airbnb.com/rooms/1361645065434667229,1
1361743914259990095,https://www.airbnb.com/rooms/1361743914259990095,2
1361840580348970144,https://www.airbnb.com/rooms/1361840580348970144,4
1361944056276497738,https://www.airbnb.com/rooms/1361944056276497738,1
1361968405703464826,https://www.airbnb.com/rooms/1361968405703464826,1
1362046684698547942,https://www.airbnb.com/rooms/1362046684698547942,2
1362365731884365185,https://www.airbnb.com/rooms/1362365731884365185,1
1362416240091266057,https://www.airbnb.com/rooms/1362416240091266057,2
1362465611075984071,https://www.airbnb.com/rooms/1362465611075984071,1
1362471533322875492,https://www.airbnb.com/rooms/1362471533322875492,4
1362546001777550162,https://www.airbnb.com/rooms/1362546001777550162,2
1362983208152872117,https://www.airbnb.com/rooms/1362983208152872117,2
1363080740507498493,https://www.airbnb.com/rooms/1363080740507498493,4
1363168520145370132,https://www.airbnb.com/rooms/1363168520145370132,2
1363275982341724893,https://www.airbnb.com/rooms/1363275982341724893,1
1363571209921738777,https://www.airbnb.com/rooms/1363571209921738777,1
1363716297834225068,https://www.airbnb.com/rooms/1363716297834225068,1
1364143306191570801,https://www.airbnb.com/rooms/1364143306191570801,1
1364146729729107012,https://www.airbnb.com/rooms/1364146729729107012,2
1364673812165730598,https://www.airbnb.com/rooms/1364673812165730598,1
1364711834262946762,https://www.airbnb.com/rooms/1364711834262946762,1
1365207224786526703,https://www.airbnb.com/rooms/1365207224786526703,1
1365215109406958065,https://www.airbnb.com/rooms/1365215109406958065,4
1365223800447382854,https://www.airbnb.com/rooms/1365223800447382854,4
1365338847567310243,https://www.airbnb.com/rooms/1365338847567310243,1
1365379118794996230,https://www.airbnb.com/rooms/1365379118794996230,2
1365389439689877255,https://www.airbnb.com/rooms/1365389439689877255,4
1365441296571702756,https://www.airbnb.com/rooms/1365441296571702756,1
1365545394901177897,https://www.airbnb.com/rooms/1365545394901177897,10
1365784617982096309,https://www.airbnb.com/rooms/1365784617982096309,2
1365931352996756393,https://www.airbnb.com/rooms/1365931352996756393,2
1365932659978137380,https://www.airbnb.com/rooms/1365932659978137380,2
1365958749499510446,https://www.airbnb.com/rooms/1365958749499510446,1
1366187133365221219,https://www.airbnb.com/rooms/1366187133365221219,2
1366274656817399786,https://www.airbnb.com/rooms/1366274656817399786,1
1366281908035688925,https://www.airbnb.com/rooms/1366281908035688925,1
1366633598782279812,https://www.airbnb.com/rooms/1366633598782279812,1
1367036327212232809,https://www.airbnb.com/rooms/1367036327212232809,2
1367044465483755886,https://www.airbnb.com/rooms/1367044465483755886,5
1367045774770046980,https://www.airbnb.com/rooms/1367045774770046980,5
1367069154874348858,https://www.airbnb.com/rooms/1367069154874348858,3
1367092080848582952,https://www.airbnb.com/rooms/1367092080848582952,2
1367450039285132528,https://www.airbnb.com/rooms/1367450039285132528,4
1367452062228680701,https://www.airbnb.com/rooms/1367452062228680701,2
1367721091034006196,https://www.airbnb.com/rooms/1367721091034006196,2
1367752093207017850,https://www.airbnb.com/rooms/1367752093207017850,2
1367762589254035636,https://www.airbnb.com/rooms/1367762589254035636,1
1368013681166179225,https://www.airbnb.com/rooms/1368013681166179225,2
1368069949142663838,https://www.airbnb.com/rooms/1368069949142663838,1
1368117498331369595,https://www.airbnb.com/rooms/1368117498331369595,4
1368265828773633071,https://www.airbnb.com/rooms/1368265828773633071,4
1368408399467202424,https://www.airbnb.com/rooms/1368408399467202424,4
1368413935910040082,https://www.airbnb.com/rooms/1368413935910040082,2
1368933607672795070,https://www.airbnb.com/rooms/1368933607672795070,4
1369020699026613051,https://www.airbnb.com/rooms/1369020699026613051,2
1369031004106068720,https://www.airbnb.com/rooms/1369031004106068720,6
1369057136333994471,https://www.airbnb.com/rooms/1369057136333994471,2
1369058908004593622,https://www.airbnb.com/rooms/1369058908004593622,1
1369110255098185506,https://www.airbnb.com/rooms/1369110255098185506,1
1369133036341359961,https://www.airbnb.com/rooms/1369133036341359961,3
1369203126386677566,https://www.airbnb.com/rooms/1369203126386677566,3
1369604682256491509,https://www.airbnb.com/rooms/1369604682256491509,5
1369612156952883790,https://www.airbnb.com/rooms/1369612156952883790,1
1369723394865359954,https://www.airbnb.com/rooms/1369723394865359954,2
1369972990968984311,https://www.airbnb.com/rooms/1369972990968984311,6
1370018321554516487,https://www.airbnb.com/rooms/1370018321554516487,4
1370283725405092778,https://www.airbnb.com/rooms/1370283725405092778,4
1370452801973022672,https://www.airbnb.com/rooms/1370452801973022672,4
1370459760485245656,https://www.airbnb.com/rooms/1370459760485245656,4
1370488030024477602,https://www.airbnb.com/rooms/1370488030024477602,4
1370613813407069140,https://www.airbnb.com/rooms/1370613813407069140,2
1371053319206914762,https://www.airbnb.com/rooms/1371053319206914762,1
1371091014991949137,https://www.airbnb.com/rooms/1371091014991949137,6
1371247424401224854,https://www.airbnb.com/rooms/1371247424401224854,1
1371267833056539080,https://www.airbnb.com/rooms/1371267833056539080,6
1371272023126981524,https://www.airbnb.com/rooms/1371272023126981524,1
1371297333518700085,https://www.airbnb.com/rooms/1371297333518700085,1
1371343336167940947,https://www.airbnb.com/rooms/1371343336167940947,1
1371346725220973177,https://www.airbnb.com/rooms/1371346725220973177,2
1371436175635920588,https://www.airbnb.com/rooms/1371436175635920588,5
1371693871347267876,https://www.airbnb.com/rooms/1371693871347267876,2
1371755192762789225,https://www.airbnb.com/rooms/1371755192762789225,2
1371793374299369749,https://www.airbnb.com/rooms/1371793374299369749,1
1371803098393656301,https://www.airbnb.com/rooms/1371803098393656301,4
1371988425212122185,https://www.airbnb.com/rooms/1371988425212122185,1
1371991619373470039,https://www.airbnb.com/rooms/1371991619373470039,1
1372095508415821840,https://www.airbnb.com/rooms/1372095508415821840,2
1372143366661638829,https://www.airbnb.com/rooms/1372143366661638829,1
1372497043747372879,https://www.airbnb.com/rooms/1372497043747372879,3
1372578001420905094,https://www.airbnb.com/rooms/1372578001420905094,4
1372595255080710518,https://www.airbnb.com/rooms/1372595255080710518,1
1372720204073782412,https://www.airbnb.com/rooms/1372720204073782412,2
1373362587195051844,https://www.airbnb.com/rooms/1373362587195051844,1
1373552159991750565,https://www.airbnb.com/rooms/1373552159991750565,2
1373710259719488182,https://www.airbnb.com/rooms/1373710259719488182,3
1373873879007504945,https://www.airbnb.com/rooms/1373873879007504945,1
1373885456464908005,https://www.airbnb.com/rooms/1373885456464908005,1
1373888051668790171,https://www.airbnb.com/rooms/1373888051668790171,1
1373900249669284482,https://www.airbnb.com/rooms/1373900249669284482,4
1373917581320183636,https://www.airbnb.com/rooms/1373917581320183636,4
1373928978167102520,https://www.airbnb.com/rooms/1373928978167102520,1
1374037656949564732,https://www.airbnb.com/rooms/1374037656949564732,1
1374753754808557229,https://www.airbnb.com/rooms/1374753754808557229,2
1374787605271297029,https://www.airbnb.com/rooms/1374787605271297029,2
1374916215471665204,https://www.airbnb.com/rooms/1374916215471665204,1
1375307443514672958,https://www.airbnb.com/rooms/1375307443514672958,1
1375529533721903853,https://www.airbnb.com/rooms/1375529533721903853,1
1375560008186953113,https://www.airbnb.com/rooms/1375560008186953113,2
1375748366271664534,https://www.airbnb.com/rooms/1375748366271664534,1
1376417205463008831,https://www.airbnb.com/rooms/1376417205463008831,1
1376976360184528251,https://www.airbnb.com/rooms/1376976360184528251,1
1377419224149160173,https://www.airbnb.com/rooms/1377419224149160173,2
1377668353752007840,https://www.airbnb.com/rooms/1377668353752007840,2
1377708104212670705,https://www.airbnb.com/rooms/1377708104212670705,2
1378279702968133332,https://www.airbnb.com/rooms/1378279702968133332,2
1378924771321909774,https://www.airbnb.com/rooms/1378924771321909774,1
1378933209466268011,https://www.airbnb.com/rooms/1378933209466268011,4
1378999450951864113,https://www.airbnb.com/rooms/1378999450951864113,2
1379100948770295647,https://www.airbnb.com/rooms/1379100948770295647,2
1379774059841121415,https://www.airbnb.com/rooms/1379774059841121415,2
1379799917517425992,https://www.airbnb.com/rooms/1379799917517425992,1
1379863340319333527,https://www.airbnb.com/rooms/1379863340319333527,2
1379958520508896402,https://www.airbnb.com/rooms/1379958520508896402,1
1380020403097836187,https://www.airbnb.com/rooms/1380020403097836187,5
1380067615128036787,https://www.airbnb.com/rooms/1380067615128036787,1
1380420847402791931,https://www.airbnb.com/rooms/1380420847402791931,2
1380468890189658720,https://www.airbnb.com/rooms/1380468890189658720,4
1380667734929240685,https://www.airbnb.com/rooms/1380667734929240685,2
1381131544203171090,https://www.airbnb.com/rooms/1381131544203171090,1
1381333644197676827,https://www.airbnb.com/rooms/1381333644197676827,1
1381859494701758235,https://www.airbnb.com/rooms/1381859494701758235,1
1382039695006449382,https://www.airbnb.com/rooms/1382039695006449382,3
1382044688477601236,https://www.airbnb.com/rooms/1382044688477601236,3
1382103307975662932,https://www.airbnb.com/rooms/1382103307975662932,3
1382184793128654254,https://www.airbnb.com/rooms/1382184793128654254,1
1382686737749074987,https://www.airbnb.com/rooms/1382686737749074987,4
1382689292548386102,https://www.airbnb.com/rooms/1382689292548386102,2
1382816217817290814,https://www.airbnb.com/rooms/1382816217817290814,1
1383621903589421331,https://www.airbnb.com/rooms/1383621903589421331,1
1384100964151161813,https://www.airbnb.com/rooms/1384100964151161813,2
1384289717466842113,https://www.airbnb.com/rooms/1384289717466842113,2
1384422655932934691,https://www.airbnb.com/rooms/1384422655932934691,4
1384648892501887954,https://www.airbnb.com/rooms/1384648892501887954,2
1384741230693489970,https://www.airbnb.com/rooms/1384741230693489970,2
1384842935214531726,https://www.airbnb.com/rooms/1384842935214531726,4
1385106070689092213,https://www.airbnb.com/rooms/1385106070689092213,2
1385107290481870455,https://www.airbnb.com/rooms/1385107290481870455,1
1385127834667727549,https://www.airbnb.com/rooms/1385127834667727549,1
1385208378085419102,https://www.airbnb.com/rooms/1385208378085419102,3
1386172710490802421,https://www.airbnb.com/rooms/1386172710490802421,2
1386207305864398033,https://www.airbnb.com/rooms/1386207305864398033,4
1386390402169080933,https://www.airbnb.com/rooms/1386390402169080933,2
1386681535025938525,https://www.airbnb.com/rooms/1386681535025938525,3
1387042665743102876,https://www.airbnb.com/rooms/1387042665743102876,3
1387063431944649327,https://www.airbnb.com/rooms/1387063431944649327,1
1387080597831723206,https://www.airbnb.com/rooms/1387080597831723206,1
1387082643636609950,https://www.airbnb.com/rooms/1387082643636609950,1
1387179599670695850,https://www.airbnb.com/rooms/1387179599670695850,2
1387655583459235095,https://www.airbnb.com/rooms/1387655583459235095,1
1387682205044275761,https://www.airbnb.com/rooms/1387682205044275761,4
1387749910023074138,https://www.airbnb.com/rooms/1387749910023074138,1
1387992119134336741,https://www.airbnb.com/rooms/1387992119134336741,2
1388355391195015339,https://www.airbnb.com/rooms/1388355391195015339,2
1388373493902011917,https://www.airbnb.com/rooms/1388373493902011917,1
1388479364639526170,https://www.airbnb.com/rooms/1388479364639526170,2
1388562605366231391,https://www.airbnb.com/rooms/1388562605366231391,2
1388679960725082096,https://www.airbnb.com/rooms/1388679960725082096,2
1388729243486967685,https://www.airbnb.com/rooms/1388729243486967685,1
1389417154515486792,https://www.airbnb.com/rooms/1389417154515486792,2
1389451179679868194,https://www.airbnb.com/rooms/1389451179679868194,2
1389455926642452416,https://www.airbnb.com/rooms/1389455926642452416,2
1389459782615799638,https://www.airbnb.com/rooms/1389459782615799638,2
1389531650642198436,https://www.airbnb.com/rooms/1389531650642198436,3
1389895213564733323,https://www.airbnb.com/rooms/1389895213564733323,2
1390067983113446981,https://www.airbnb.com/rooms/1390067983113446981,1
1390519691115727209,https://www.airbnb.com/rooms/1390519691115727209,2
1390570747823217290,https://www.airbnb.com/rooms/1390570747823217290,4
1390644848171902072,https://www.airbnb.com/rooms/1390644848171902072,1
1390658597412302280,https://www.airbnb.com/rooms/1390658597412302280,2
1390662961537265153,https://www.airbnb.com/rooms/1390662961537265153,2
1391283523662128814,https://www.airbnb.com/rooms/1391283523662128814,5
1391300842085730251,https://www.airbnb.com/rooms/1391300842085730251,2
1391527201443898210,https://www.airbnb.com/rooms/1391527201443898210,4
1391574548375649457,https://www.airbnb.com/rooms/1391574548375649457,2
1392211367604539127,https://www.airbnb.com/rooms/1392211367604539127,1
1392386865304213152,https://www.airbnb.com/rooms/1392386865304213152,1
1392865649404033827,https://www.airbnb.com/rooms/1392865649404033827,2
1392873581219607588,https://www.airbnb.com/rooms/1392873581219607588,2
1392944791304514829,https://www.airbnb.com/rooms/1392944791304514829,1
1393197682577037939,https://www.airbnb.com/rooms/1393197682577037939,2
1393601511698873252,https://www.airbnb.com/rooms/1393601511698873252,1
1393701078511439267,https://www.airbnb.com/rooms/1393701078511439267,1
1393844170857497250,https://www.airbnb.com/rooms/1393844170857497250,2
1393861250572802322,https://www.airbnb.com/rooms/1393861250572802322,4
1393868966109567669,https://www.airbnb.com/rooms/1393868966109567669,2
1394269598581407063,https://www.airbnb.com/rooms/1394269598581407063,2
1394285342381980621,https://www.airbnb.com/rooms/1394285342381980621,4
1394312134960529495,https://www.airbnb.com/rooms/1394312134960529495,2
1394389728884156837,https://www.airbnb.com/rooms/1394389728884156837,4
1394508577968745526,https://www.airbnb.com/rooms/1394508577968745526,1
1394528096635467797,https://www.airbnb.com/rooms/1394528096635467797,3
1394947749569487296,https://www.airbnb.com/rooms/1394947749569487296,4
1395030844947256938,https://www.airbnb.com/rooms/1395030844947256938,2
1395034699306672900,https://www.airbnb.com/rooms/1395034699306672900,6
1395071215464349378,https://www.airbnb.com/rooms/1395071215464349378,4
1395145420609325913,https://www.airbnb.com/rooms/1395145420609325913,1
1395232409830609527,https://www.airbnb.com/rooms/1395232409830609527,2
1395259643896504106,https://www.airbnb.com/rooms/1395259643896504106,1
1395332087771311601,https://www.airbnb.com/rooms/1395332087771311601,1
1395826122303486777,https://www.airbnb.com/rooms/1395826122303486777,1
1396067439972654410,https://www.airbnb.com/rooms/1396067439972654410,1
1396332260587043602,https://www.airbnb.com/rooms/1396332260587043602,2
1396394027910036929,https://www.airbnb.com/rooms/1396394027910036929,2
1396482045660351670,https://www.airbnb.com/rooms/1396482045660351670,2
1396491958307761096,https://www.airbnb.com/rooms/1396491958307761096,2
1396580730358429517,https://www.airbnb.com/rooms/1396580730358429517,2
1396765631789649097,https://www.airbnb.com/rooms/1396765631789649097,2
1396812198516440354,https://www.airbnb.com/rooms/1396812198516440354,3
1397020386119011689,https://www.airbnb.com/rooms/1397020386119011689,4
1398133215259090214,https://www.airbnb.com/rooms/1398133215259090214,4
1398600469264594781,https://www.airbnb.com/rooms/1398600469264594781,2
1398658564375933944,https://www.airbnb.com/rooms/1398658564375933944,2
1399235600649468154,https://www.airbnb.com/rooms/1399235600649468154,2
1399358595154910811,https://www.airbnb.com/rooms/1399358595154910811,1
1399469681791197874,https://www.airbnb.com/rooms/1399469681791197874,1
1399528813038721210,https://www.airbnb.com/rooms/1399528813038721210,1
1399528835447165517,https://www.airbnb.com/rooms/1399528835447165517,1
1399583136931139424,https://www.airbnb.com/rooms/1399583136931139424,2
1399693010468741243,https://www.airbnb.com/rooms/1399693010468741243,2
1399815629357711538,https://www.airbnb.com/rooms/1399815629357711538,2
1399964185390466026,https://www.airbnb.com/rooms/1399964185390466026,1
1400054311282339585,https://www.airbnb.com/rooms/1400054311282339585,1
1400403611493503454,https://www.airbnb.com/rooms/1400403611493503454,2
1400747442355622112,https://www.airbnb.com/rooms/1400747442355622112,4
1400764274941748861,https://www.airbnb.com/rooms/1400764274941748861,2
1400788094989941358,https://www.airbnb.com/rooms/1400788094989941358,4
1400810342584588357,https://www.airbnb.com/rooms/1400810342584588357,1
1400847591531963007,https://www.airbnb.com/rooms/1400847591531963007,3
1400868674867029609,https://www.airbnb.com/rooms/1400868674867029609,1
1400928764829327264,https://www.airbnb.com/rooms/1400928764829327264,1
1400942971686433959,https://www.airbnb.com/rooms/1400942971686433959,1
1401004377457713505,https://www.airbnb.com/rooms/1401004377457713505,1
1401050225059787520,https://www.airbnb.com/rooms/1401050225059787520,1
1401459806382498622,https://www.airbnb.com/rooms/1401459806382498622,3
1401465397153469181,https://www.airbnb.com/rooms/1401465397153469181,3
1401481341113764941,https://www.airbnb.com/rooms/1401481341113764941,8
1401535098186772337,https://www.airbnb.com/rooms/1401535098186772337,2
1401538368576083539,https://www.airbnb.com/rooms/1401538368576083539,2
1401548896910264078,https://www.airbnb.com/rooms/1401548896910264078,3
1401557193856888974,https://www.airbnb.com/rooms/1401557193856888974,2
1401570762662745676,https://www.airbnb.com/rooms/1401570762662745676,3
1401766537746821960,https://www.airbnb.com/rooms/1401766537746821960,2
1402150300376420749,https://www.airbnb.com/rooms/1402150300376420749,2
1402152355010889745,https://www.airbnb.com/rooms/1402152355010889745,2
1402157313005959849,https://www.airbnb.com/rooms/1402157313005959849,2
1402161028892736870,https://www.airbnb.com/rooms/1402161028892736870,2
1402165116374088571,https://www.airbnb.com/rooms/1402165116374088571,2
1402206070194382460,https://www.airbnb.com/rooms/1402206070194382460,4
1402222783928950259,https://www.airbnb.com/rooms/1402222783928950259,4
1402249052480964361,https://www.airbnb.com/rooms/1402249052480964361,1
1402329209378009372,https://www.airbnb.com/rooms/1402329209378009372,1
1402528887563348337,https://www.airbnb.com/rooms/1402528887563348337,1
1403038373124846103,https://www.airbnb.com/rooms/1403038373124846103,3
1403121403388644936,https://www.airbnb.com/rooms/1403121403388644936,1
1403171281168575100,https://www.airbnb.com/rooms/1403171281168575100,4
1403610493402528350,https://www.airbnb.com/rooms/1403610493402528350,1
1403629536484603471,https://www.airbnb.com/rooms/1403629536484603471,2
1404308333156233943,https://www.airbnb.com/rooms/1404308333156233943,1
1404320970793867218,https://www.airbnb.com/rooms/1404320970793867218,2
1404336792903437294,https://www.airbnb.com/rooms/1404336792903437294,3
1404341339679866673,https://www.airbnb.com/rooms/1404341339679866673,2
1404344259807591357,https://www.airbnb.com/rooms/1404344259807591357,3
1404347807107230385,https://www.airbnb.com/rooms/1404347807107230385,4
1404351115138059962,https://www.airbnb.com/rooms/1404351115138059962,2
1404354256247300924,https://www.airbnb.com/rooms/1404354256247300924,2
1404361234371338006,https://www.airbnb.com/rooms/1404361234371338006,6
1404361519334808254,https://www.airbnb.com/rooms/1404361519334808254,1
1404383905750297344,https://www.airbnb.com/rooms/1404383905750297344,3
1404389905385244663,https://www.airbnb.com/rooms/1404389905385244663,2
1404399055215513030,https://www.airbnb.com/rooms/1404399055215513030,5
1404406195295863291,https://www.airbnb.com/rooms/1404406195295863291,2
1404413928385988652,https://www.airbnb.com/rooms/1404413928385988652,2
1404438964777407229,https://www.airbnb.com/rooms/1404438964777407229,2
1404450890405080395,https://www.airbnb.com/rooms/1404450890405080395,6
1404457453279673628,https://www.airbnb.com/rooms/1404457453279673628,2
1404464292332460686,https://www.airbnb.com/rooms/1404464292332460686,2
1404469125278940343,https://www.airbnb.com/rooms/1404469125278940343,1
1404505794117019160,https://www.airbnb.com/rooms/1404505794117019160,2
1404657195072073507,https://www.airbnb.com/rooms/1404657195072073507,1
1404685950509926884,https://www.airbnb.com/rooms/1404685950509926884,1
1404713921502251537,https://www.airbnb.com/rooms/1404713921502251537,1
1404739490193951612,https://www.airbnb.com/rooms/1404739490193951612,1
1404745420562818246,https://www.airbnb.com/rooms/1404745420562818246,1
1404800574650531856,https://www.airbnb.com/rooms/1404800574650531856,2
1405026738214069929,https://www.airbnb.com/rooms/1405026738214069929,1
1405256626369772283,https://www.airbnb.com/rooms/1405256626369772283,3
1405274973719930499,https://www.airbnb.com/rooms/1405274973719930499,2
1405752198726347321,https://www.airbnb.com/rooms/1405752198726347321,2
1405796953865301962,https://www.airbnb.com/rooms/1405796953865301962,4
1405811866369474986,https://www.airbnb.com/rooms/1405811866369474986,2
1405895667514617528,https://www.airbnb.com/rooms/1405895667514617528,2
1405948669570147338,https://www.airbnb.com/rooms/1405948669570147338,2
1405963582789653048,https://www.airbnb.com/rooms/1405963582789653048,2
1406090239856108845,https://www.airbnb.com/rooms/1406090239856108845,2
1406466014351295641,https://www.airbnb.com/rooms/1406466014351295641,1
1406523773870863163,https://www.airbnb.com/rooms/1406523773870863163,1
1406600504667859124,https://www.airbnb.com/rooms/1406600504667859124,1
1406600722306475783,https://www.airbnb.com/rooms/1406600722306475783,1
1406600842310125664,https://www.airbnb.com/rooms/1406600842310125664,1
1406601863391261156,https://www.airbnb.com/rooms/1406601863391261156,1
1406728854587031783,https://www.airbnb.com/rooms/1406728854587031783,2
1406764903386711677,https://www.airbnb.com/rooms/1406764903386711677,1
1406836568555849451,https://www.airbnb.com/rooms/1406836568555849451,1
1407479439243080890,https://www.airbnb.com/rooms/1407479439243080890,2
1407610162508898581,https://www.airbnb.com/rooms/1407610162508898581,1
1408037894896032113,https://www.airbnb.com/rooms/1408037894896032113,1
1408105644433036637,https://www.airbnb.com/rooms/1408105644433036637,2
1408125212574170754,https://www.airbnb.com/rooms/1408125212574170754,1
1408177654246938336,https://www.airbnb.com/rooms/1408177654246938336,1
1408234906345323734,https://www.airbnb.com/rooms/1408234906345323734,2
1408307355353583006,https://www.airbnb.com/rooms/1408307355353583006,2
1408356283862288280,https://www.airbnb.com/rooms/1408356283862288280,2
1408439694616047682,https://www.airbnb.com/rooms/1408439694616047682,5
1408660734696940148,https://www.airbnb.com/rooms/1408660734696940148,2
1409295801388249919,https://www.airbnb.com/rooms/1409295801388249919,2
1409504591207843921,https://www.airbnb.com/rooms/1409504591207843921,2
1409552823688594344,https://www.airbnb.com/rooms/1409552823688594344,2
1410053103589556885,https://www.airbnb.com/rooms/1410053103589556885,1
1410367248363153490,https://www.airbnb.com/rooms/1410367248363153490,3
1410524017155002447,https://www.airbnb.com/rooms/1410524017155002447,2
1410754685141520503,https://www.airbnb.com/rooms/1410754685141520503,1
1410778742911623048,https://www.airbnb.com/rooms/1410778742911623048,2
1410787841667519277,https://www.airbnb.com/rooms/1410787841667519277,2
1410928542656723874,https://www.airbnb.com/rooms/1410928542656723874,1
1410973886304328299,https://www.airbnb.com/rooms/1410973886304328299,1
1410988968650365491,https://www.airbnb.com/rooms/1410988968650365491,1
1411161672049616693,https://www.airbnb.com/rooms/1411161672049616693,1
1411283371394864348,https://www.airbnb.com/rooms/1411283371394864348,2
1411874303719586928,https://www.airbnb.com/rooms/1411874303719586928,2
1411979635641537228,https://www.airbnb.com/rooms/1411979635641537228,1
1412382958043398543,https://www.airbnb.com/rooms/1412382958043398543,3
1412428521381504229,https://www.airbnb.com/rooms/1412428521381504229,2
1412428616223943839,https://www.airbnb.com/rooms/1412428616223943839,6
1412438313626697251,https://www.airbnb.com/rooms/1412438313626697251,2
1412476856522241025,https://www.airbnb.com/rooms/1412476856522241025,2
1412969513362588969,https://www.airbnb.com/rooms/1412969513362588969,2
1412988560880669179,https://www.airbnb.com/rooms/1412988560880669179,2
1413036178714477069,https://www.airbnb.com/rooms/1413036178714477069,2
1413039588082662352,https://www.airbnb.com/rooms/1413039588082662352,4
1413988089239502250,https://www.airbnb.com/rooms/1413988089239502250,1
1414519570064824645,https://www.airbnb.com/rooms/1414519570064824645,2
1414635190476957234,https://www.airbnb.com/rooms/1414635190476957234,1
1414746355223119950,https://www.airbnb.com/rooms/1414746355223119950,2
1414925336463731944,https://www.airbnb.com/rooms/1414925336463731944,2
1415213273001225838,https://www.airbnb.com/rooms/1415213273001225838,2
1415393660096752999,https://www.airbnb.com/rooms/1415393660096752999,4
1415535522132741939,https://www.airbnb.com/rooms/1415535522132741939,2
1415640873479051182,https://www.airbnb.com/rooms/1415640873479051182,1
1415944921369672830,https://www.airbnb.com/rooms/1415944921369672830,1
1415970515740127714,https://www.airbnb.com/rooms/1415970515740127714,2
1416055985677861083,https://www.airbnb.com/rooms/1416055985677861083,2
1416666429344346696,https://www.airbnb.com/rooms/1416666429344346696,1
1416691278316020182,https://www.airbnb.com/rooms/1416691278316020182,3
1416911531651711750,https://www.airbnb.com/rooms/1416911531651711750,1
1417044909850653442,https://www.airbnb.com/rooms/1417044909850653442,2
1417394449534626793,https://www.airbnb.com/rooms/1417394449534626793,2
1417617639263186259,https://www.airbnb.com/rooms/1417617639263186259,1
1417694019854341295,https://www.airbnb.com/rooms/1417694019854341295,2
1417777444470809881,https://www.airbnb.com/rooms/1417777444470809881,4
1417789718299303536,https://www.airbnb.com/rooms/1417789718299303536,2
1418173270270474174,https://www.airbnb.com/rooms/1418173270270474174,2
1418251730513307715,https://www.airbnb.com/rooms/1418251730513307715,2
1418319880903051742,https://www.airbnb.com/rooms/1418319880903051742,2
1418369630480999188,https://www.airbnb.com/rooms/1418369630480999188,4
1418375791012855923,https://www.airbnb.com/rooms/1418375791012855923,2
1418502292680043896,https://www.airbnb.com/rooms/1418502292680043896,2
1418517446341593420,https://www.airbnb.com/rooms/1418517446341593420,2
1418807698324714693,https://www.airbnb.com/rooms/1418807698324714693,1
1418810515352619606,https://www.airbnb.com/rooms/1418810515352619606,1
1418845993515695144,https://www.airbnb.com/rooms/1418845993515695144,3
1419120768287861027,https://www.airbnb.com/rooms/1419120768287861027,2
1419442062274180098,https://www.airbnb.com/rooms/1419442062274180098,2
1419581763625015622,https://www.airbnb.com/rooms/1419581763625015622,4
1419739776617902843,https://www.airbnb.com/rooms/1419739776617902843,2
1419772290100539322,https://www.airbnb.com/rooms/1419772290100539322,4
1420022421348822922,https://www.airbnb.com/rooms/1420022421348822922,2
1420226941294597166,https://www.airbnb.com/rooms/1420226941294597166,10
1420424063039435304,https://www.airbnb.com/rooms/1420424063039435304,1
1420470837957480055,https://www.airbnb.com/rooms/1420470837957480055,1
1420597410317317561,https://www.airbnb.com/rooms/1420597410317317561,1
1420876907572239543,https://www.airbnb.com/rooms/1420876907572239543,1
1420898157203545498,https://www.airbnb.com/rooms/1420898157203545498,2
1420899614485811989,https://www.airbnb.com/rooms/1420899614485811989,2
1421294157445912641,https://www.airbnb.com/rooms/1421294157445912641,1
1421764922504608810,https://www.airbnb.com/rooms/1421764922504608810,1
1421804973458641710,https://www.airbnb.com/rooms/1421804973458641710,1
1421829693190471740,https://www.airbnb.com/rooms/1421829693190471740,4
1421896902582206174,https://www.airbnb.com/rooms/1421896902582206174,4
1421896924784307966,https://www.airbnb.com/rooms/1421896924784307966,4
1421923442368357691,https://www.airbnb.com/rooms/1421923442368357691,4
1421948453098677212,https://www.airbnb.com/rooms/1421948453098677212,2
1421986732060677532,https://www.airbnb.com/rooms/1421986732060677532,2
1422493533014470165,https://www.airbnb.com/rooms/1422493533014470165,4
1422595065718686673,https://www.airbnb.com/rooms/1422595065718686673,2
1422674066340763872,https://www.airbnb.com/rooms/1422674066340763872,1
1422706035830661987,https://www.airbnb.com/rooms/1422706035830661987,1
1422706056107984355,https://www.airbnb.com/rooms/1422706056107984355,1
1422970289555833920,https://www.airbnb.com/rooms/1422970289555833920,1
1423121775098059196,https://www.airbnb.com/rooms/1423121775098059196,2
1423354298651932319,https://www.airbnb.com/rooms/1423354298651932319,3
1423355675225830071,https://www.airbnb.com/rooms/1423355675225830071,1
1423364099035241280,https://www.airbnb.com/rooms/1423364099035241280,1
1423579590271468860,https://www.airbnb.com/rooms/1423579590271468860,1
1423865723584869903,https://www.airbnb.com/rooms/1423865723584869903,2
1423986862350235431,https://www.airbnb.com/rooms/1423986862350235431,1
1424012782141868667,https://www.airbnb.com/rooms/1424012782141868667,1
1424106498571909265,https://www.airbnb.com/rooms/1424106498571909265,1
1424634503703063830,https://www.airbnb.com/rooms/1424634503703063830,4
1424681883836418402,https://www.airbnb.com/rooms/1424681883836418402,1
1424772450143725777,https://www.airbnb.com/rooms/1424772450143725777,1
1424772623459427861,https://www.airbnb.com/rooms/1424772623459427861,2
1424772699560467285,https://www.airbnb.com/rooms/1424772699560467285,1
1424777654080199170,https://www.airbnb.com/rooms/1424777654080199170,1
1425334689162508596,https://www.airbnb.com/rooms/1425334689162508596,2
1425347875114978346,https://www.airbnb.com/rooms/1425347875114978346,1
1425528811433800401,https://www.airbnb.com/rooms/1425528811433800401,1
1425550693738140955,https://www.airbnb.com/rooms/1425550693738140955,1
1425554688195682209,https://www.airbnb.com/rooms/1425554688195682209,1
1425921129919967014,https://www.airbnb.com/rooms/1425921129919967014,2
1426064315662693514,https://www.airbnb.com/rooms/1426064315662693514,2
1426070052955588414,https://www.airbnb.com/rooms/1426070052955588414,1
1426288956064957914,https://www.airbnb.com/rooms/1426288956064957914,2
1426328501990803670,https://www.airbnb.com/rooms/1426328501990803670,2
1427009113924855368,https://www.airbnb.com/rooms/1427009113924855368,1
1428282629417272275,https://www.airbnb.com/rooms/1428282629417272275,1
1428303372154750335,https://www.airbnb.com/rooms/1428303372154750335,1
1429319437498658552,https://www.airbnb.com/rooms/1429319437498658552,2
1429342346706054824,https://www.airbnb.com/rooms/1429342346706054824,2
1429391711090527476,https://www.airbnb.com/rooms/1429391711090527476,1
1429824206498922730,https://www.airbnb.com/rooms/1429824206498922730,1
1429934751082479216,https://www.airbnb.com/rooms/1429934751082479216,2
1429936748879208275,https://www.airbnb.com/rooms/1429936748879208275,1
1429942770752948254,https://www.airbnb.com/rooms/1429942770752948254,2
1429962175557957862,https://www.airbnb.com/rooms/1429962175557957862,1
1430004852440507680,https://www.airbnb.com/rooms/1430004852440507680,4
1430481403867350899,https://www.airbnb.com/rooms/1430481403867350899,2
1430801456208072873,https://www.airbnb.com/rooms/1430801456208072873,2
1431111887857066089,https://www.airbnb.com/rooms/1431111887857066089,2
1431247480254946875,https://www.airbnb.com/rooms/1431247480254946875,1
1431453764992223192,https://www.airbnb.com/rooms/1431453764992223192,2
1431611756792290731,https://www.airbnb.com/rooms/1431611756792290731,2
1431665005851491001,https://www.airbnb.com/rooms/1431665005851491001,1
1432063924734086449,https://www.airbnb.com/rooms/1432063924734086449,4
1432064717916694252,https://www.airbnb.com/rooms/1432064717916694252,4
1432066040535689088,https://www.airbnb.com/rooms/1432066040535689088,4
1432066524714589318,https://www.airbnb.com/rooms/1432066524714589318,4
1432067047371444716,https://www.airbnb.com/rooms/1432067047371444716,2
1432068447430160710,https://www.airbnb.com/rooms/1432068447430160710,2
1432807943254627562,https://www.airbnb.com/rooms/1432807943254627562,1
1433022265931810449,https://www.airbnb.com/rooms/1433022265931810449,1
1433296095507973140,https://www.airbnb.com/rooms/1433296095507973140,2
1433338223087084089,https://www.airbnb.com/rooms/1433338223087084089,1
1433346854772003254,https://www.airbnb.com/rooms/1433346854772003254,1
1433351680403085930,https://www.airbnb.com/rooms/1433351680403085930,1
1433387030578101991,https://www.airbnb.com/rooms/1433387030578101991,6
1433401124225911743,https://www.airbnb.com/rooms/1433401124225911743,2
1433413755430107748,https://www.airbnb.com/rooms/1433413755430107748,4
1433417105497949821,https://www.airbnb.com/rooms/1433417105497949821,1
1433464329442790345,https://www.airbnb.com/rooms/1433464329442790345,2
1434168678118900565,https://www.airbnb.com/rooms/1434168678118900565,4
1434199012607572710,https://www.airbnb.com/rooms/1434199012607572710,1
1434253263413807084,https://www.airbnb.com/rooms/1434253263413807084,2
1434427030869029000,https://www.airbnb.com/rooms/1434427030869029000,1
1434428031483357310,https://www.airbnb.com/rooms/1434428031483357310,1
1434734721337705599,https://www.airbnb.com/rooms/1434734721337705599,2
1434734866341183878,https://www.airbnb.com/rooms/1434734866341183878,2
1434880631411050487,https://www.airbnb.com/rooms/1434880631411050487,1
1434922804501916126,https://www.airbnb.com/rooms/1434922804501916126,2
1434975133367007166,https://www.airbnb.com/rooms/1434975133367007166,2
1435164489836335585,https://www.airbnb.com/rooms/1435164489836335585,1
1435169972648043069,https://www.airbnb.com/rooms/1435169972648043069,1
1435460102781753711,https://www.airbnb.com/rooms/1435460102781753711,2
1435500922831312088,https://www.airbnb.com/rooms/1435500922831312088,1
1435978212544042263,https://www.airbnb.com/rooms/1435978212544042263,1
1436189210435702514,https://www.airbnb.com/rooms/1436189210435702514,2
1436352221742258083,https://www.airbnb.com/rooms/1436352221742258083,1
1436371971184914139,https://www.airbnb.com/rooms/1436371971184914139,6
1436387490359070903,https://www.airbnb.com/rooms/1436387490359070903,3
1436436271653785935,https://www.airbnb.com/rooms/1436436271653785935,2
1436518344953709059,https://www.airbnb.com/rooms/1436518344953709059,4
1436561626572686130,https://www.airbnb.com/rooms/1436561626572686130,1
1436575321790419289,https://www.airbnb.com/rooms/1436575321790419289,2
1436578778975973513,https://www.airbnb.com/rooms/1436578778975973513,2
1436580833836465494,https://www.airbnb.com/rooms/1436580833836465494,2
1436584584077258890,https://www.airbnb.com/rooms/1436584584077258890,2
1436593270970907071,https://www.airbnb.com/rooms/1436593270970907071,1
1436641965386776568,https://www.airbnb.com/rooms/1436641965386776568,4
1436744137624246784,https://www.airbnb.com/rooms/1436744137624246784,2
1436960821143970106,https://www.airbnb.com/rooms/1436960821143970106,2
1436988830726643178,https://www.airbnb.com/rooms/1436988830726643178,2
1437005833559317141,https://www.airbnb.com/rooms/1437005833559317141,5
1437069400004928339,https://www.airbnb.com/rooms/1437069400004928339,1
1437108596110019316,https://www.airbnb.com/rooms/1437108596110019316,2
1437185009271627596,https://www.airbnb.com/rooms/1437185009271627596,1
1437253322705956214,https://www.airbnb.com/rooms/1437253322705956214,1
1437254193847492332,https://www.airbnb.com/rooms/1437254193847492332,2
1437284940669774016,https://www.airbnb.com/rooms/1437284940669774016,6
1437305387683526204,https://www.airbnb.com/rooms/1437305387683526204,2
1437511485748169919,https://www.airbnb.com/rooms/1437511485748169919,3
1437711428831912974,https://www.airbnb.com/rooms/1437711428831912974,2
1437734617381916163,https://www.airbnb.com/rooms/1437734617381916163,2
1437811991454908601,https://www.airbnb.com/rooms/1437811991454908601,2
1437857646397547610,https://www.airbnb.com/rooms/1437857646397547610,2
1437870014159350845,https://www.airbnb.com/rooms/1437870014159350845,1
1437921223960160520,https://www.airbnb.com/rooms/1437921223960160520,2
1437939808822386671,https://www.airbnb.com/rooms/1437939808822386671,2
1437946123640745917,https://www.airbnb.com/rooms/1437946123640745917,2
1437966823141952185,https://www.airbnb.com/rooms/1437966823141952185,2
1437981579648493763,https://www.airbnb.com/rooms/1437981579648493763,2
1437993949978647587,https://www.airbnb.com/rooms/1437993949978647587,2
1438016300058257653,https://www.airbnb.com/rooms/1438016300058257653,2
1438413322343618621,https://www.airbnb.com/rooms/1438413322343618621,1
1438543480538602213,https://www.airbnb.com/rooms/1438543480538602213,2
1438768242476821630,https://www.airbnb.com/rooms/1438768242476821630,4
1439080255633974539,https://www.airbnb.com/rooms/1439080255633974539,1
1439081559232111788,https://www.airbnb.com/rooms/1439081559232111788,2
1439265031689976188,https://www.airbnb.com/rooms/1439265031689976188,3
1439332033001938219,https://www.airbnb.com/rooms/1439332033001938219,2
1439850967510984272,https://www.airbnb.com/rooms/1439850967510984272,4
1439856175580722958,https://www.airbnb.com/rooms/1439856175580722958,3
1439861621533362548,https://www.airbnb.com/rooms/1439861621533362548,2
1439924401718387116,https://www.airbnb.com/rooms/1439924401718387116,3
1440046810362542266,https://www.airbnb.com/rooms/1440046810362542266,2
1440163144856730340,https://www.airbnb.com/rooms/1440163144856730340,1
1440171864352597263,https://www.airbnb.com/rooms/1440171864352597263,2
1440214955004147579,https://www.airbnb.com/rooms/1440214955004147579,2
1440774715329120024,https://www.airbnb.com/rooms/1440774715329120024,3
1440824966393976363,https://www.airbnb.com/rooms/1440824966393976363,4
1440928464013648579,https://www.airbnb.com/rooms/1440928464013648579,2
1441322209544256024,https://www.airbnb.com/rooms/1441322209544256024,3
1441326090756871753,https://www.airbnb.com/rooms/1441326090756871753,1
1441329120847147508,https://www.airbnb.com/rooms/1441329120847147508,2
1441332326013441349,https://www.airbnb.com/rooms/1441332326013441349,4
1441335095974988600,https://www.airbnb.com/rooms/1441335095974988600,3
1441337779108701449,https://www.airbnb.com/rooms/1441337779108701449,2
1441340243536528850,https://www.airbnb.com/rooms/1441340243536528850,4
1441347735164539075,https://www.airbnb.com/rooms/1441347735164539075,1
1441352156421629180,https://www.airbnb.com/rooms/1441352156421629180,3
1441356530688240250,https://www.airbnb.com/rooms/1441356530688240250,2
1441361192932579861,https://www.airbnb.com/rooms/1441361192932579861,4
1441366131164896675,https://www.airbnb.com/rooms/1441366131164896675,2
1441371621757547681,https://www.airbnb.com/rooms/1441371621757547681,4
1441375600495828045,https://www.airbnb.com/rooms/1441375600495828045,2
1441379754452847486,https://www.airbnb.com/rooms/1441379754452847486,3
1441392165676300776,https://www.airbnb.com/rooms/1441392165676300776,4
1441397993513535519,https://www.airbnb.com/rooms/1441397993513535519,2
1441402755230904444,https://www.airbnb.com/rooms/1441402755230904444,4
1441405139916564346,https://www.airbnb.com/rooms/1441405139916564346,2
1441405766534844730,https://www.airbnb.com/rooms/1441405766534844730,1
1441408307085224108,https://www.airbnb.com/rooms/1441408307085224108,8
1441410935644188525,https://www.airbnb.com/rooms/1441410935644188525,6
1441414195613726709,https://www.airbnb.com/rooms/1441414195613726709,3
1441417093998814682,https://www.airbnb.com/rooms/1441417093998814682,8
1441436122857576378,https://www.airbnb.com/rooms/1441436122857576378,2
1441438457121978311,https://www.airbnb.com/rooms/1441438457121978311,2
1441469035326844138,https://www.airbnb.com/rooms/1441469035326844138,1
1441697832189349460,https://www.airbnb.com/rooms/1441697832189349460,1
1441756299873310142,https://www.airbnb.com/rooms/1441756299873310142,2
1441990738430438674,https://www.airbnb.com/rooms/1441990738430438674,2
1442031557731915032,https://www.airbnb.com/rooms/1442031557731915032,1
1442055451550705665,https://www.airbnb.com/rooms/1442055451550705665,1
1442063861886457973,https://www.airbnb.com/rooms/1442063861886457973,1
1442246956970991285,https://www.airbnb.com/rooms/1442246956970991285,4
1442394301034837047,https://www.airbnb.com/rooms/1442394301034837047,2
1442737179240987306,https://www.airbnb.com/rooms/1442737179240987306,4
1442887197163701872,https://www.airbnb.com/rooms/1442887197163701872,4
1442976037709782314,https://www.airbnb.com/rooms/1442976037709782314,1
1443028539295495044,https://www.airbnb.com/rooms/1443028539295495044,2
1443114817776850084,https://www.airbnb.com/rooms/1443114817776850084,1
1443532967517812280,https://www.airbnb.com/rooms/1443532967517812280,2
1443618150779468216,https://www.airbnb.com/rooms/1443618150779468216,4
1444328276854831405,https://www.airbnb.com/rooms/1444328276854831405,1
1444906869467571263,https://www.airbnb.com/rooms/1444906869467571263,6
1444940867751576824,https://www.airbnb.com/rooms/1444940867751576824,2
1444970460572734531,https://www.airbnb.com/rooms/1444970460572734531,2
1444971809638241926,https://www.airbnb.com/rooms/1444971809638241926,2
1445058130312079074,https://www.airbnb.com/rooms/1445058130312079074,2
1445113557175979245,https://www.airbnb.com/rooms/1445113557175979245,2
1445183935802756671,https://www.airbnb.com/rooms/1445183935802756671,2
1445563664464780427,https://www.airbnb.com/rooms/1445563664464780427,1
1445574298311751804,https://www.airbnb.com/rooms/1445574298311751804,2
1445651884530001510,https://www.airbnb.com/rooms/1445651884530001510,1
1445832159465317287,https://www.airbnb.com/rooms/1445832159465317287,1
1445924419431775194,https://www.airbnb.com/rooms/1445924419431775194,3
1445948080748991419,https://www.airbnb.com/rooms/1445948080748991419,2
1445957814151553875,https://www.airbnb.com/rooms/1445957814151553875,2
1446381520728142842,https://www.airbnb.com/rooms/1446381520728142842,2
1446389841173421586,https://www.airbnb.com/rooms/1446389841173421586,4
1446511639054654336,https://www.airbnb.com/rooms/1446511639054654336,1
1447025929022566205,https://www.airbnb.com/rooms/1447025929022566205,2
1447028908849297441,https://www.airbnb.com/rooms/1447028908849297441,2
1447375609612025348,https://www.airbnb.com/rooms/1447375609612025348,1
1447961737779538788,https://www.airbnb.com/rooms/1447961737779538788,2
1447961762258894061,https://www.airbnb.com/rooms/1447961762258894061,2
1448079104942710126,https://www.airbnb.com/rooms/1448079104942710126,1
1448532252490661239,https://www.airbnb.com/rooms/1448532252490661239,2
1448642673703944778,https://www.airbnb.com/rooms/1448642673703944778,2
1448655968230583142,https://www.airbnb.com/rooms/1448655968230583142,2
1448795676105349134,https://www.airbnb.com/rooms/1448795676105349134,5
1448804832335369192,https://www.airbnb.com/rooms/1448804832335369192,2
1449043585105005627,https://www.airbnb.com/rooms/1449043585105005627,1
1449443760637240358,https://www.airbnb.com/rooms/1449443760637240358,1
1449566637049041332,https://www.airbnb.com/rooms/1449566637049041332,2
1449627859418506358,https://www.airbnb.com/rooms/1449627859418506358,2
1449637841721490110,https://www.airbnb.com/rooms/1449637841721490110,2
1450115901286599105,https://www.airbnb.com/rooms/1450115901286599105,2
1450287666856348404,https://www.airbnb.com/rooms/1450287666856348404,2
1450744717261591082,https://www.airbnb.com/rooms/1450744717261591082,4
1450804658930427203,https://www.airbnb.com/rooms/1450804658930427203,1
1451064983261670037,https://www.airbnb.com/rooms/1451064983261670037,1
1451510421814250749,https://www.airbnb.com/rooms/1451510421814250749,1
1451599624189938840,https://www.airbnb.com/rooms/1451599624189938840,4
1452307325395203328,https://www.airbnb.com/rooms/1452307325395203328,1
1452361570488048071,https://www.airbnb.com/rooms/1452361570488048071,6
1452924763278982711,https://www.airbnb.com/rooms/1452924763278982711,1
1452981535903415609,https://www.airbnb.com/rooms/1452981535903415609,4
1453066060493059626,https://www.airbnb.com/rooms/1453066060493059626,2
1453182209951825981,https://www.airbnb.com/rooms/1453182209951825981,2
1453228652831093877,https://www.airbnb.com/rooms/1453228652831093877,2
1453575798438693223,https://www.airbnb.com/rooms/1453575798438693223,2
1453697205040430957,https://www.airbnb.com/rooms/1453697205040430957,4
1453726669081459573,https://www.airbnb.com/rooms/1453726669081459573,2
1453783278111660427,https://www.airbnb.com/rooms/1453783278111660427,2
1454618207724429850,https://www.airbnb.com/rooms/1454618207724429850,5
1454675610504561500,https://www.airbnb.com/rooms/1454675610504561500,2
1455228643730150661,https://www.airbnb.com/rooms/1455228643730150661,2
1455311610597215059,https://www.airbnb.com/rooms/1455311610597215059,1
1455386365566732138,https://www.airbnb.com/rooms/1455386365566732138,4
1455725079873253259,https://www.airbnb.com/rooms/1455725079873253259,1
1455993717374751746,https://www.airbnb.com/rooms/1455993717374751746,1
1456005861945757985,https://www.airbnb.com/rooms/1456005861945757985,3
1456025366413947600,https://www.airbnb.com/rooms/1456025366413947600,2
1456033950934265167,https://www.airbnb.com/rooms/1456033950934265167,2
1456080341553207960,https://www.airbnb.com/rooms/1456080341553207960,2
1456111729669529106,https://www.airbnb.com/rooms/1456111729669529106,2
1456161508773459859,https://www.airbnb.com/rooms/1456161508773459859,3
1456370478117276300,https://www.airbnb.com/rooms/1456370478117276300,1
1456497811462266431,https://www.airbnb.com/rooms/1456497811462266431,1
1456521978020399512,https://www.airbnb.com/rooms/1456521978020399512,2
1456690378338792814,https://www.airbnb.com/rooms/1456690378338792814,2
1456771224124633235,https://www.airbnb.com/rooms/1456771224124633235,2
1456879306407427106,https://www.airbnb.com/rooms/1456879306407427106,1
1457103319671155641,https://www.airbnb.com/rooms/1457103319671155641,1
1457232228710650784,https://www.airbnb.com/rooms/1457232228710650784,1
1457438518292379458,https://www.airbnb.com/rooms/1457438518292379458,2
1457476535309712310,https://www.airbnb.com/rooms/1457476535309712310,4
1457570163604475915,https://www.airbnb.com/rooms/1457570163604475915,2
1458018431779497170,https://www.airbnb.com/rooms/1458018431779497170,1
1458136759675122057,https://www.airbnb.com/rooms/1458136759675122057,1
1458136795281293052,https://www.airbnb.com/rooms/1458136795281293052,1
1458297065828636769,https://www.airbnb.com/rooms/1458297065828636769,1
1458317038085817335,https://www.airbnb.com/rooms/1458317038085817335,7
1458620270531722047,https://www.airbnb.com/rooms/1458620270531722047,4
1458718227295802765,https://www.airbnb.com/rooms/1458718227295802765,1
1458845264513742920,https://www.airbnb.com/rooms/1458845264513742920,2
1458959632353679683,https://www.airbnb.com/rooms/1458959632353679683,1
1459013796384028109,https://www.airbnb.com/rooms/1459013796384028109,2
1459015695270746034,https://www.airbnb.com/rooms/1459015695270746034,2
1459419592880704151,https://www.airbnb.com/rooms/1459419592880704151,2
1459711727604617024,https://www.airbnb.com/rooms/1459711727604617024,2
1459756998220650485,https://www.airbnb.com/rooms/1459756998220650485,2
1459772222783053748,https://www.airbnb.com/rooms/1459772222783053748,1
1459797378066611281,https://www.airbnb.com/rooms/1459797378066611281,2
1460198956208155597,https://www.airbnb.com/rooms/1460198956208155597,5
1460364790311420172,https://www.airbnb.com/rooms/1460364790311420172,3
1460958080379832841,https://www.airbnb.com/rooms/1460958080379832841,1
1461009918964563053,https://www.airbnb.com/rooms/1461009918964563053,2
1461065198470616027,https://www.airbnb.com/rooms/1461065198470616027,4
1461268822628120920,https://www.airbnb.com/rooms/1461268822628120920,2
1461877194497305696,https://www.airbnb.com/rooms/1461877194497305696,2
1461942179834910595,https://www.airbnb.com/rooms/1461942179834910595,1
1462548626524965681,https://www.airbnb.com/rooms/1462548626524965681,2
1462586221725781821,https://www.airbnb.com/rooms/1462586221725781821,2
1462607803946033709,https://www.airbnb.com/rooms/1462607803946033709,2
1462674008659951084,https://www.airbnb.com/rooms/1462674008659951084,2
1463037382553139268,https://www.airbnb.com/rooms/1463037382553139268,1
1463144059647078266,https://www.airbnb.com/rooms/1463144059647078266,2
1463209591228876524,https://www.airbnb.com/rooms/1463209591228876524,1
1463268370699526721,https://www.airbnb.com/rooms/1463268370699526721,4
1463300399765860086,https://www.airbnb.com/rooms/1463300399765860086,2
1463461067076537552,https://www.airbnb.com/rooms/1463461067076537552,2
1463834303923828798,https://www.airbnb.com/rooms/1463834303923828798,1
1464466837551532209,https://www.airbnb.com/rooms/1464466837551532209,1
1464620190298359998,https://www.airbnb.com/rooms/1464620190298359998,4
1464893306721814386,https://www.airbnb.com/rooms/1464893306721814386,4
1465204375131522175,https://www.airbnb.com/rooms/1465204375131522175,4
1465344250021957570,https://www.airbnb.com/rooms/1465344250021957570,2
1465359015525167580,https://www.airbnb.com/rooms/1465359015525167580,1
1465366469392566469,https://www.airbnb.com/rooms/1465366469392566469,2
1465462237342483945,https://www.airbnb.com/rooms/1465462237342483945,1
1465465510247175143,https://www.airbnb.com/rooms/1465465510247175143,2
1465477756565916493,https://www.airbnb.com/rooms/1465477756565916493,2
1465482881393842718,https://www.airbnb.com/rooms/1465482881393842718,1
1465900540996166902,https://www.airbnb.com/rooms/1465900540996166902,1
1465939000093226052,https://www.airbnb.com/rooms/1465939000093226052,1
1465979488707580585,https://www.airbnb.com/rooms/1465979488707580585,1
1466142534290075058,https://www.airbnb.com/rooms/1466142534290075058,1
1466231304642888320,https://www.airbnb.com/rooms/1466231304642888320,4
1466688051224396321,https://www.airbnb.com/rooms/1466688051224396321,4
1466710027732997089,https://www.airbnb.com/rooms/1466710027732997089,1
1466781244773602318,https://www.airbnb.com/rooms/1466781244773602318,1
1466930726361019379,https://www.airbnb.com/rooms/1466930726361019379,2
1467006341501462650,https://www.airbnb.com/rooms/1467006341501462650,1
1467358891444582611,https://www.airbnb.com/rooms/1467358891444582611,2
1467402887214552916,https://www.airbnb.com/rooms/1467402887214552916,2
1467424972652974201,https://www.airbnb.com/rooms/1467424972652974201,2
1467424998137340185,https://www.airbnb.com/rooms/1467424998137340185,2
1467528321414087393,https://www.airbnb.com/rooms/1467528321414087393,3
1468079997367660804,https://www.airbnb.com/rooms/1468079997367660804,1
1468095291022237920,https://www.airbnb.com/rooms/1468095291022237920,2
1468118788525444444,https://www.airbnb.com/rooms/1468118788525444444,2
1468324736567703404,https://www.airbnb.com/rooms/1468324736567703404,2
1468336038172678283,https://www.airbnb.com/rooms/1468336038172678283,2
1468561212625306563,https://www.airbnb.com/rooms/1468561212625306563,1
1468590004974538107,https://www.airbnb.com/rooms/1468590004974538107,2
1468844485475094048,https://www.airbnb.com/rooms/1468844485475094048,2
1469606479381118551,https://www.airbnb.com/rooms/1469606479381118551,1
1469639316429155198,https://www.airbnb.com/rooms/1469639316429155198,2
1469699688367211338,https://www.airbnb.com/rooms/1469699688367211338,1
1469711232845301752,https://www.airbnb.com/rooms/1469711232845301752,4
1469717910494713440,https://www.airbnb.com/rooms/1469717910494713440,2
1469723237054487781,https://www.airbnb.com/rooms/1469723237054487781,2
1469724316422381053,https://www.airbnb.com/rooms/1469724316422381053,1
1469730255978412421,https://www.airbnb.com/rooms/1469730255978412421,4
1469737795883264998,https://www.airbnb.com/rooms/1469737795883264998,6
1469889812131008135,https://www.airbnb.com/rooms/1469889812131008135,1
1469894602483801913,https://www.airbnb.com/rooms/1469894602483801913,2
1470343527908402309,https://www.airbnb.com/rooms/1470343527908402309,1
1470430181366528854,https://www.airbnb.com/rooms/1470430181366528854,1
1470454128520678774,https://www.airbnb.com/rooms/1470454128520678774,1
1470465380083090399,https://www.airbnb.com/rooms/1470465380083090399,2
1470522334334556464,https://www.airbnb.com/rooms/1470522334334556464,2
1470523122235547562,https://www.airbnb.com/rooms/1470523122235547562,2
1470544578911837890,https://www.airbnb.com/rooms/1470544578911837890,2
1470568492153995773,https://www.airbnb.com/rooms/1470568492153995773,3
1470713058664205694,https://www.airbnb.com/rooms/1470713058664205694,2
1470756924458899565,https://www.airbnb.com/rooms/1470756924458899565,1
1470926628429648515,https://www.airbnb.com/rooms/1470926628429648515,1
1470934098896187730,https://www.airbnb.com/rooms/1470934098896187730,1
1471006579742548379,https://www.airbnb.com/rooms/1471006579742548379,1
1471114335709618474,https://www.airbnb.com/rooms/1471114335709618474,5
1471173515424028024,https://www.airbnb.com/rooms/1471173515424028024,2
1471197693643577594,https://www.airbnb.com/rooms/1471197693643577594,2
1471205240893572136,https://www.airbnb.com/rooms/1471205240893572136,2
1471217900897744146,https://www.airbnb.com/rooms/1471217900897744146,1
1471298245164454775,https://www.airbnb.com/rooms/1471298245164454775,1
1471358225470596745,https://www.airbnb.com/rooms/1471358225470596745,1
1472013232103484716,https://www.airbnb.com/rooms/1472013232103484716,2
1472022989744143939,https://www.airbnb.com/rooms/1472022989744143939,2
1472048709449802819,https://www.airbnb.com/rooms/1472048709449802819,2
1472094202581874912,https://www.airbnb.com/rooms/1472094202581874912,1
1472210951691353201,https://www.airbnb.com/rooms/1472210951691353201,1
1472313001977730762,https://www.airbnb.com/rooms/1472313001977730762,2
1472487918857633302,https://www.airbnb.com/rooms/1472487918857633302,2
1472506905125008801,https://www.airbnb.com/rooms/1472506905125008801,2
1472568201401034137,https://www.airbnb.com/rooms/1472568201401034137,1
1472691124229676985,https://www.airbnb.com/rooms/1472691124229676985,2
1472696913758765094,https://www.airbnb.com/rooms/1472696913758765094,2
1472698930974218254,https://www.airbnb.com/rooms/1472698930974218254,2
1472701311799323082,https://www.airbnb.com/rooms/1472701311799323082,2
1472704190377786362,https://www.airbnb.com/rooms/1472704190377786362,2
1473231247570612378,https://www.airbnb.com/rooms/1473231247570612378,1
1473483315146303427,https://www.airbnb.com/rooms/1473483315146303427,1
1473635032517395961,https://www.airbnb.com/rooms/1473635032517395961,2
1474080100243780768,https://www.airbnb.com/rooms/1474080100243780768,2
1474089961511390190,https://www.airbnb.com/rooms/1474089961511390190,2
1474135189528226780,https://www.airbnb.com/rooms/1474135189528226780,2
1474885128302823422,https://www.airbnb.com/rooms/1474885128302823422,3
1474986200633959231,https://www.airbnb.com/rooms/1474986200633959231,2
1475354823349581013,https://www.airbnb.com/rooms/1475354823349581013,4
1475423355224146228,https://www.airbnb.com/rooms/1475423355224146228,4
1475539764992615178,https://www.airbnb.com/rooms/1475539764992615178,4
1475573052990217666,https://www.airbnb.com/rooms/1475573052990217666,2
1475577281733094503,https://www.airbnb.com/rooms/1475577281733094503,2
1475727368813439468,https://www.airbnb.com/rooms/1475727368813439468,6
1476000825377770330,https://www.airbnb.com/rooms/1476000825377770330,4
1476241884460120743,https://www.airbnb.com/rooms/1476241884460120743,3
1476269529013449548,https://www.airbnb.com/rooms/1476269529013449548,1
1476312583750792203,https://www.airbnb.com/rooms/1476312583750792203,2
1476317812974035210,https://www.airbnb.com/rooms/1476317812974035210,4
1476477559348979798,https://www.airbnb.com/rooms/1476477559348979798,2
1477121216885690411,https://www.airbnb.com/rooms/1477121216885690411,2
1477571221975884326,https://www.airbnb.com/rooms/1477571221975884326,2
1477573480202888514,https://www.airbnb.com/rooms/1477573480202888514,2
1477587704662461467,https://www.airbnb.com/rooms/1477587704662461467,2
1477602336143344085,https://www.airbnb.com/rooms/1477602336143344085,2
1477664826282150632,https://www.airbnb.com/rooms/1477664826282150632,2
1477865834113256886,https://www.airbnb.com/rooms/1477865834113256886,1
1478401755698028540,https://www.airbnb.com/rooms/1478401755698028540,2
1478576015362653911,https://www.airbnb.com/rooms/1478576015362653911,1
1479422990737590909,https://www.airbnb.com/rooms/1479422990737590909,1
1479684481348519347,https://www.airbnb.com/rooms/1479684481348519347,2
1479770496238015507,https://www.airbnb.com/rooms/1479770496238015507,1
1479814125275751755,https://www.airbnb.com/rooms/1479814125275751755,2
1480007214105462308,https://www.airbnb.com/rooms/1480007214105462308,2
1480082183363505180,https://www.airbnb.com/rooms/1480082183363505180,1
1480452268941068744,https://www.airbnb.com/rooms/1480452268941068744,1
1480537662214165691,https://www.airbnb.com/rooms/1480537662214165691,4
1480646309492214393,https://www.airbnb.com/rooms/1480646309492214393,2
1480677425437418258,https://www.airbnb.com/rooms/1480677425437418258,1
1480761188354215016,https://www.airbnb.com/rooms/1480761188354215016,1
1480809305962513674,https://www.airbnb.com/rooms/1480809305962513674,1
1481175207546591609,https://www.airbnb.com/rooms/1481175207546591609,2
1481175911272516707,https://www.airbnb.com/rooms/1481175911272516707,1
1481223437676070719,https://www.airbnb.com/rooms/1481223437676070719,2
1481242500236977624,https://www.airbnb.com/rooms/1481242500236977624,2
1481321537673584220,https://www.airbnb.com/rooms/1481321537673584220,2
1481359374095449723,https://www.airbnb.com/rooms/1481359374095449723,4
1481371227829569622,https://www.airbnb.com/rooms/1481371227829569622,1
1481437836015458242,https://www.airbnb.com/rooms/1481437836015458242,2
1481441897762738509,https://www.airbnb.com/rooms/1481441897762738509,2
1481569615029994269,https://www.airbnb.com/rooms/1481569615029994269,2
1481591660775634702,https://www.airbnb.com/rooms/1481591660775634702,1
1481597352486387498,https://www.airbnb.com/rooms/1481597352486387498,2
1481816680394072742,https://www.airbnb.com/rooms/1481816680394072742,2
1482110826817067003,https://www.airbnb.com/rooms/1482110826817067003,1
1482260556987140642,https://www.airbnb.com/rooms/1482260556987140642,1
1482543974453264480,https://www.airbnb.com/rooms/1482543974453264480,2
1482557296830962969,https://www.airbnb.com/rooms/1482557296830962969,1
1482650485499590089,https://www.airbnb.com/rooms/1482650485499590089,4
1482745118002126588,https://www.airbnb.com/rooms/1482745118002126588,1
1482746195553495939,https://www.airbnb.com/rooms/1482746195553495939,1
1482783319868247564,https://www.airbnb.com/rooms/1482783319868247564,1
1482829299884169198,https://www.airbnb.com/rooms/1482829299884169198,1
1483025980022258559,https://www.airbnb.com/rooms/1483025980022258559,1
1483490720468755051,https://www.airbnb.com/rooms/1483490720468755051,1
1483609371603043440,https://www.airbnb.com/rooms/1483609371603043440,1
1483662523821056149,https://www.airbnb.com/rooms/1483662523821056149,1
1483666678869644301,https://www.airbnb.com/rooms/1483666678869644301,1
1483670726379061816,https://www.airbnb.com/rooms/1483670726379061816,1
1483673179778861991,https://www.airbnb.com/rooms/1483673179778861991,1
1483755101262380221,https://www.airbnb.com/rooms/1483755101262380221,2
1484063368418904010,https://www.airbnb.com/rooms/1484063368418904010,2
1484137148751890096,https://www.airbnb.com/rooms/1484137148751890096,1
1484197171954642501,https://www.airbnb.com/rooms/1484197171954642501,2
1484457356077782610,https://www.airbnb.com/rooms/1484457356077782610,2
1484518671672419894,https://www.airbnb.com/rooms/1484518671672419894,2
1484799815674552732,https://www.airbnb.com/rooms/1484799815674552732,3
1484810213597469785,https://www.airbnb.com/rooms/1484810213597469785,4
1484935589493315021,https://www.airbnb.com/rooms/1484935589493315021,2
1484939179932245040,https://www.airbnb.com/rooms/1484939179932245040,4
1485004614425451663,https://www.airbnb.com/rooms/1485004614425451663,1
1485060869254514459,https://www.airbnb.com/rooms/1485060869254514459,2
1485176693061775286,https://www.airbnb.com/rooms/1485176693061775286,2
1485558515148187060,https://www.airbnb.com/rooms/1485558515148187060,1
1485571125182264505,https://www.airbnb.com/rooms/1485571125182264505,2
1485657996377368501,https://www.airbnb.com/rooms/1485657996377368501,4
1485661195861614985,https://www.airbnb.com/rooms/1485661195861614985,5
1485663023758128250,https://www.airbnb.com/rooms/1485663023758128250,4
1485732219101894270,https://www.airbnb.com/rooms/1485732219101894270,2
1485779612482076997,https://www.airbnb.com/rooms/1485779612482076997,1
1485815981358903889,https://www.airbnb.com/rooms/1485815981358903889,1
1485828722669484173,https://www.airbnb.com/rooms/1485828722669484173,1
1486196794661320956,https://www.airbnb.com/rooms/1486196794661320956,2
1486214863246397117,https://www.airbnb.com/rooms/1486214863246397117,4
1486254769291576101,https://www.airbnb.com/rooms/1486254769291576101,2
1486293912148450046,https://www.airbnb.com/rooms/1486293912148450046,6
1486380619679472393,https://www.airbnb.com/rooms/1486380619679472393,1
1486483090951217081,https://www.airbnb.com/rooms/1486483090951217081,4
1486595851833278281,https://www.airbnb.com/rooms/1486595851833278281,2
1486792418423560279,https://www.airbnb.com/rooms/1486792418423560279,1
1486839219611991899,https://www.airbnb.com/rooms/1486839219611991899,1
1487036095498278986,https://www.airbnb.com/rooms/1487036095498278986,7
1487138818356513745,https://www.airbnb.com/rooms/1487138818356513745,4
1487328551376462528,https://www.airbnb.com/rooms/1487328551376462528,1
1487362966049292171,https://www.airbnb.com/rooms/1487362966049292171,1
1487756902874412288,https://www.airbnb.com/rooms/1487756902874412288,1
1487759972868030547,https://www.airbnb.com/rooms/1487759972868030547,1
1487777992719444349,https://www.airbnb.com/rooms/1487777992719444349,1
1487928505570055304,https://www.airbnb.com/rooms/1487928505570055304,1
1488466453731020762,https://www.airbnb.com/rooms/1488466453731020762,3
1488493121083616668,https://www.airbnb.com/rooms/1488493121083616668,2
1488501424613029433,https://www.airbnb.com/rooms/1488501424613029433,2
1488520311612539769,https://www.airbnb.com/rooms/1488520311612539769,4
1488557224476199840,https://www.airbnb.com/rooms/1488557224476199840,4
1488715530379983418,https://www.airbnb.com/rooms/1488715530379983418,1
1488836404119183105,https://www.airbnb.com/rooms/1488836404119183105,1
1489249545177979798,https://www.airbnb.com/rooms/1489249545177979798,6
1489252059838302263,https://www.airbnb.com/rooms/1489252059838302263,2
1489335290913215632,https://www.airbnb.com/rooms/1489335290913215632,1
1489549645548079070,https://www.airbnb.com/rooms/1489549645548079070,1
1489904741288991493,https://www.airbnb.com/rooms/1489904741288991493,2
1490394784022997384,https://www.airbnb.com/rooms/1490394784022997384,1
1490701628151642259,https://www.airbnb.com/rooms/1490701628151642259,2
1490717771879060154,https://www.airbnb.com/rooms/1490717771879060154,2
1490717972857276765,https://www.airbnb.com/rooms/1490717972857276765,1
1490737282238366614,https://www.airbnb.com/rooms/1490737282238366614,4
1491180840409442728,https://www.airbnb.com/rooms/1491180840409442728,8
1491495435487369419,https://www.airbnb.com/rooms/1491495435487369419,1
1491501270332006790,https://www.airbnb.com/rooms/1491501270332006790,3
1491516933411514821,https://www.airbnb.com/rooms/1491516933411514821,1
1491601567129641721,https://www.airbnb.com/rooms/1491601567129641721,1
1491641900046344414,https://www.airbnb.com/rooms/1491641900046344414,1
1492056356101332929,https://www.airbnb.com/rooms/1492056356101332929,2
1492064693115830188,https://www.airbnb.com/rooms/1492064693115830188,2
1492197137135799614,https://www.airbnb.com/rooms/1492197137135799614,1
1492231773814031288,https://www.airbnb.com/rooms/1492231773814031288,1
1492350742976987982,https://www.airbnb.com/rooms/1492350742976987982,2
1492361247062023561,https://www.airbnb.com/rooms/1492361247062023561,2
1492576863392580017,https://www.airbnb.com/rooms/1492576863392580017,2
1493038370059046701,https://www.airbnb.com/rooms/1493038370059046701,1
1493038794250186897,https://www.airbnb.com/rooms/1493038794250186897,2
1493126751560800768,https://www.airbnb.com/rooms/1493126751560800768,1
1493526705112213291,https://www.airbnb.com/rooms/1493526705112213291,1
1493619989121109267,https://www.airbnb.com/rooms/1493619989121109267,2
1493731274083727966,https://www.airbnb.com/rooms/1493731274083727966,4
1493751510683715254,https://www.airbnb.com/rooms/1493751510683715254,3
1493833452373251086,https://www.airbnb.com/rooms/1493833452373251086,1
1493874981435376547,https://www.airbnb.com/rooms/1493874981435376547,4
1494381249074278312,https://www.airbnb.com/rooms/1494381249074278312,4
1494466387268913420,https://www.airbnb.com/rooms/1494466387268913420,2
1495190785836905303,https://www.airbnb.com/rooms/1495190785836905303,1
1495232478257731915,https://www.airbnb.com/rooms/1495232478257731915,3
1495238529062720314,https://www.airbnb.com/rooms/1495238529062720314,1
1495239533814139241,https://www.airbnb.com/rooms/1495239533814139241,1
1495241277912640119,https://www.airbnb.com/rooms/1495241277912640119,1
1495247000650439957,https://www.airbnb.com/rooms/1495247000650439957,1
1495686231109529862,https://www.airbnb.com/rooms/1495686231109529862,1
1495741546864688354,https://www.airbnb.com/rooms/1495741546864688354,2
1495785937749940164,https://www.airbnb.com/rooms/1495785937749940164,1
1495894667202239889,https://www.airbnb.com/rooms/1495894667202239889,1
1495894724168889710,https://www.airbnb.com/rooms/1495894724168889710,1
1495986781837280612,https://www.airbnb.com/rooms/1495986781837280612,2
1495991376214231618,https://www.airbnb.com/rooms/1495991376214231618,1
1496014890122435490,https://www.airbnb.com/rooms/1496014890122435490,2
1496359763097344334,https://www.airbnb.com/rooms/1496359763097344334,2
1496364005473177369,https://www.airbnb.com/rooms/1496364005473177369,2
1496436716279146684,https://www.airbnb.com/rooms/1496436716279146684,1
1496443108221221232,https://www.airbnb.com/rooms/1496443108221221232,1
1496445543657928326,https://www.airbnb.com/rooms/1496445543657928326,1
1496733262459370675,https://www.airbnb.com/rooms/1496733262459370675,2
1497043829666744334,https://www.airbnb.com/rooms/1497043829666744334,2
1497111354295802859,https://www.airbnb.com/rooms/1497111354295802859,2
1497122218432522389,https://www.airbnb.com/rooms/1497122218432522389,2
1497130978540057570,https://www.airbnb.com/rooms/1497130978540057570,9
1497205084456685423,https://www.airbnb.com/rooms/1497205084456685423,2
1497263354190916007,https://www.airbnb.com/rooms/1497263354190916007,1
1497299179631764855,https://www.airbnb.com/rooms/1497299179631764855,2
1497868628095913500,https://www.airbnb.com/rooms/1497868628095913500,1
1498617726537924579,https://www.airbnb.com/rooms/1498617726537924579,1
1499296087400981992,https://www.airbnb.com/rooms/1499296087400981992,2
1499365194615894452,https://www.airbnb.com/rooms/1499365194615894452,2
1499488702896462490,https://www.airbnb.com/rooms/1499488702896462490,2
1500012843295795353,https://www.airbnb.com/rooms/1500012843295795353,4
1500177008950549880,https://www.airbnb.com/rooms/1500177008950549880,2
1500201080494047576,https://www.airbnb.com/rooms/1500201080494047576,2
1500244126777502957,https://www.airbnb.com/rooms/1500244126777502957,1
1500860682831645207,https://www.airbnb.com/rooms/1500860682831645207,1
1500871258693800099,https://www.airbnb.com/rooms/1500871258693800099,2
1500941727374506877,https://www.airbnb.com/rooms/1500941727374506877,6
1501025426994668586,https://www.airbnb.com/rooms/1501025426994668586,1
1501041312944760495,https://www.airbnb.com/rooms/1501041312944760495,4
1501057807800277722,https://www.airbnb.com/rooms/1501057807800277722,1
1501079629275660330,https://www.airbnb.com/rooms/1501079629275660330,2
1501088295036716095,https://www.airbnb.com/rooms/1501088295036716095,1
1501109217484409671,https://www.airbnb.com/rooms/1501109217484409671,1
1501476096112121898,https://www.airbnb.com/rooms/1501476096112121898,1
1501483612791184599,https://www.airbnb.com/rooms/1501483612791184599,2
1501516644578146300,https://www.airbnb.com/rooms/1501516644578146300,1
1501556707315113083,https://www.airbnb.com/rooms/1501556707315113083,2
1501626143567537148,https://www.airbnb.com/rooms/1501626143567537148,2
1501626170611135083,https://www.airbnb.com/rooms/1501626170611135083,2
1501626236479038950,https://www.airbnb.com/rooms/1501626236479038950,2
1501626258242610507,https://www.airbnb.com/rooms/1501626258242610507,2
1501724285915641954,https://www.airbnb.com/rooms/1501724285915641954,4
1502111169735899708,https://www.airbnb.com/rooms/1502111169735899708,1
1502210573056348581,https://www.airbnb.com/rooms/1502210573056348581,2
1502214506252029582,https://www.airbnb.com/rooms/1502214506252029582,2
1502290087628443016,https://www.airbnb.com/rooms/1502290087628443016,2
1502291619312988079,https://www.airbnb.com/rooms/1502291619312988079,2
1502306166423061959,https://www.airbnb.com/rooms/1502306166423061959,1
1502369161925111351,https://www.airbnb.com/rooms/1502369161925111351,2
1502373811955060915,https://www.airbnb.com/rooms/1502373811955060915,2
1502561318258645060,https://www.airbnb.com/rooms/1502561318258645060,2
1502901404855556314,https://www.airbnb.com/rooms/1502901404855556314,1
1502960253877950217,https://www.airbnb.com/rooms/1502960253877950217,1
1502983389174807924,https://www.airbnb.com/rooms/1502983389174807924,1
1502983418354973012,https://www.airbnb.com/rooms/1502983418354973012,1
1502985812987092539,https://www.airbnb.com/rooms/1502985812987092539,1
1503015162109898041,https://www.airbnb.com/rooms/1503015162109898041,4
1503038093673610951,https://www.airbnb.com/rooms/1503038093673610951,4
1503042696386355998,https://www.airbnb.com/rooms/1503042696386355998,1
1503138172299648923,https://www.airbnb.com/rooms/1503138172299648923,1
1503192019540327735,https://www.airbnb.com/rooms/1503192019540327735,2
1503692652908192431,https://www.airbnb.com/rooms/1503692652908192431,2
1503804448983641675,https://www.airbnb.com/rooms/1503804448983641675,1
1503811946429397270,https://www.airbnb.com/rooms/1503811946429397270,1
1504010839399218765,https://www.airbnb.com/rooms/1504010839399218765,6
1505051905131363790,https://www.airbnb.com/rooms/1505051905131363790,1
1505493424865725125,https://www.airbnb.com/rooms/1505493424865725125,1
1505964589386288888,https://www.airbnb.com/rooms/1505964589386288888,1
1505969237096701245,https://www.airbnb.com/rooms/1505969237096701245,1
1506032060634089610,https://www.airbnb.com/rooms/1506032060634089610,1
1506058182782743832,https://www.airbnb.com/rooms/1506058182782743832,2
1506146035247396125,https://www.airbnb.com/rooms/1506146035247396125,1
1506432562469274221,https://www.airbnb.com/rooms/1506432562469274221,3
1506489703141784961,https://www.airbnb.com/rooms/1506489703141784961,2
1506489708541130291,https://www.airbnb.com/rooms/1506489708541130291,2
1506489717048142380,https://www.airbnb.com/rooms/1506489717048142380,2
1506489726838208260,https://www.airbnb.com/rooms/1506489726838208260,2
1506489766836485506,https://www.airbnb.com/rooms/1506489766836485506,2
1506489767676495487,https://www.airbnb.com/rooms/1506489767676495487,2
1506489770381093087,https://www.airbnb.com/rooms/1506489770381093087,2
1506489777265848434,https://www.airbnb.com/rooms/1506489777265848434,2
1506489783007513043,https://www.airbnb.com/rooms/1506489783007513043,2
1506489788595496635,https://www.airbnb.com/rooms/1506489788595496635,2
1506489813613284520,https://www.airbnb.com/rooms/1506489813613284520,2
1506489813905337837,https://www.airbnb.com/rooms/1506489813905337837,2
1506489815550857990,https://www.airbnb.com/rooms/1506489815550857990,2
1506489822852542252,https://www.airbnb.com/rooms/1506489822852542252,2
1506489825420364509,https://www.airbnb.com/rooms/1506489825420364509,2
1506489827539223926,https://www.airbnb.com/rooms/1506489827539223926,2
1506489828391726187,https://www.airbnb.com/rooms/1506489828391726187,2
1506489828758981076,https://www.airbnb.com/rooms/1506489828758981076,2
1506489830198567925,https://www.airbnb.com/rooms/1506489830198567925,2
1506489834778017768,https://www.airbnb.com/rooms/1506489834778017768,2
1506495547620626833,https://www.airbnb.com/rooms/1506495547620626833,2
1506534487670588688,https://www.airbnb.com/rooms/1506534487670588688,2
1506618767542440188,https://www.airbnb.com/rooms/1506618767542440188,2
1506733102787039210,https://www.airbnb.com/rooms/1506733102787039210,2
1506812564775527937,https://www.airbnb.com/rooms/1506812564775527937,4
1507242080296330889,https://www.airbnb.com/rooms/1507242080296330889,1
1507263941655758255,https://www.airbnb.com/rooms/1507263941655758255,1
1507330399237376313,https://www.airbnb.com/rooms/1507330399237376313,4
1507330436464498328,https://www.airbnb.com/rooms/1507330436464498328,4
1507355326814252643,https://www.airbnb.com/rooms/1507355326814252643,2
1507355834415853621,https://www.airbnb.com/rooms/1507355834415853621,2
1507357175266179418,https://www.airbnb.com/rooms/1507357175266179418,2
1507357402965291415,https://www.airbnb.com/rooms/1507357402965291415,2
1507359155960945949,https://www.airbnb.com/rooms/1507359155960945949,2
1507361949687368401,https://www.airbnb.com/rooms/1507361949687368401,2
1507370083817789303,https://www.airbnb.com/rooms/1507370083817789303,2
1507609250285147702,https://www.airbnb.com/rooms/1507609250285147702,4
1508036137124206290,https://www.airbnb.com/rooms/1508036137124206290,1
1508087738276862137,https://www.airbnb.com/rooms/1508087738276862137,1
1508278605826400162,https://www.airbnb.com/rooms/1508278605826400162,1
1508432493246748574,https://www.airbnb.com/rooms/1508432493246748574,1
1508689505050076933,https://www.airbnb.com/rooms/1508689505050076933,1
1508712746649838903,https://www.airbnb.com/rooms/1508712746649838903,1
1508719291481158676,https://www.airbnb.com/rooms/1508719291481158676,1
1508763760041247662,https://www.airbnb.com/rooms/1508763760041247662,1
1508765220481742959,https://www.airbnb.com/rooms/1508765220481742959,2
1508984122413862605,https://www.airbnb.com/rooms/1508984122413862605,4
1509111840521525342,https://www.airbnb.com/rooms/1509111840521525342,1
1510428702837009780,https://www.airbnb.com/rooms/1510428702837009780,2
1510455368334231823,https://www.airbnb.com/rooms/1510455368334231823,1
1510470738474437265,https://www.airbnb.com/rooms/1510470738474437265,1
1510543330054750084,https://www.airbnb.com/rooms/1510543330054750084,3
1510595714961831643,https://www.airbnb.com/rooms/1510595714961831643,1
1510692044605876029,https://www.airbnb.com/rooms/1510692044605876029,2
1510831705678953730,https://www.airbnb.com/rooms/1510831705678953730,3
1510898203320497614,https://www.airbnb.com/rooms/1510898203320497614,2
1510923786675852019,https://www.airbnb.com/rooms/1510923786675852019,1
1510969409353481429,https://www.airbnb.com/rooms/1510969409353481429,1
1510971031179710905,https://www.airbnb.com/rooms/1510971031179710905,2
1511037036391900273,https://www.airbnb.com/rooms/1511037036391900273,2
1511065376389545097,https://www.airbnb.com/rooms/1511065376389545097,1
1511072831082918814,https://www.airbnb.com/rooms/1511072831082918814,2
1511136861356494690,https://www.airbnb.com/rooms/1511136861356494690,1
1511179259068315622,https://www.airbnb.com/rooms/1511179259068315622,1
1511242047330341538,https://www.airbnb.com/rooms/1511242047330341538,1
1511270658374938888,https://www.airbnb.com/rooms/1511270658374938888,4
1511279517727860037,https://www.airbnb.com/rooms/1511279517727860037,2
1511658754182479912,https://www.airbnb.com/rooms/1511658754182479912,2
1511815579646068921,https://www.airbnb.com/rooms/1511815579646068921,2
1511910053023298723,https://www.airbnb.com/rooms/1511910053023298723,2
1511925465953729122,https://www.airbnb.com/rooms/1511925465953729122,2
1511937882640153901,https://www.airbnb.com/rooms/1511937882640153901,3
1512308352671416261,https://www.airbnb.com/rooms/1512308352671416261,1
1512367863408419291,https://www.airbnb.com/rooms/1512367863408419291,5
1512375533999708091,https://www.airbnb.com/rooms/1512375533999708091,2
1512469533164934543,https://www.airbnb.com/rooms/1512469533164934543,1
1512484387644918489,https://www.airbnb.com/rooms/1512484387644918489,2
1512680495401585448,https://www.airbnb.com/rooms/1512680495401585448,3
1512686161689137570,https://www.airbnb.com/rooms/1512686161689137570,3
1512714963685076430,https://www.airbnb.com/rooms/1512714963685076430,2
1513035166549299828,https://www.airbnb.com/rooms/1513035166549299828,2
1513176556953591072,https://www.airbnb.com/rooms/1513176556953591072,2
1513203786114560886,https://www.airbnb.com/rooms/1513203786114560886,2
1513290292831155584,https://www.airbnb.com/rooms/1513290292831155584,1
1513436394384015173,https://www.airbnb.com/rooms/1513436394384015173,2
1513711837788332654,https://www.airbnb.com/rooms/1513711837788332654,2
1513755058696919092,https://www.airbnb.com/rooms/1513755058696919092,1
1513938091730703962,https://www.airbnb.com/rooms/1513938091730703962,2
1514076159307058099,https://www.airbnb.com/rooms/1514076159307058099,1
1514531529385186895,https://www.airbnb.com/rooms/1514531529385186895,2
1514545564715939225,https://www.airbnb.com/rooms/1514545564715939225,1
1514654162348343948,https://www.airbnb.com/rooms/1514654162348343948,4
1514750757651745775,https://www.airbnb.com/rooms/1514750757651745775,4
1514805613907065156,https://www.airbnb.com/rooms/1514805613907065156,4
1514856996102565655,https://www.airbnb.com/rooms/1514856996102565655,2
1515235744705447787,https://www.airbnb.com/rooms/1515235744705447787,2
1515307052771621137,https://www.airbnb.com/rooms/1515307052771621137,3
1515354310066910904,https://www.airbnb.com/rooms/1515354310066910904,3
1515378767162095764,https://www.airbnb.com/rooms/1515378767162095764,2
1515464193186743391,https://www.airbnb.com/rooms/1515464193186743391,2
1515510577917050926,https://www.airbnb.com/rooms/1515510577917050926,1
1515552275279521045,https://www.airbnb.com/rooms/1515552275279521045,2
1515621532931487309,https://www.airbnb.com/rooms/1515621532931487309,1
1515904070447016468,https://www.airbnb.com/rooms/1515904070447016468,2
1515916552209460467,https://www.airbnb.com/rooms/1515916552209460467,1
1516020074585297434,https://www.airbnb.com/rooms/1516020074585297434,3
1516230893504398511,https://www.airbnb.com/rooms/1516230893504398511,4
1516230933110775847,https://www.airbnb.com/rooms/1516230933110775847,2
1516344059006265040,https://www.airbnb.com/rooms/1516344059006265040,4
1516444128161732222,https://www.airbnb.com/rooms/1516444128161732222,3
1516509370603548960,https://www.airbnb.com/rooms/1516509370603548960,3
1516532903239351371,https://www.airbnb.com/rooms/1516532903239351371,1
1516660727702518080,https://www.airbnb.com/rooms/1516660727702518080,1
1516662720065407818,https://www.airbnb.com/rooms/1516662720065407818,1
1516707662504293122,https://www.airbnb.com/rooms/1516707662504293122,4
1516758057783463671,https://www.airbnb.com/rooms/1516758057783463671,1
1517445861365552980,https://www.airbnb.com/rooms/1517445861365552980,3
1517453751825142646,https://www.airbnb.com/rooms/1517453751825142646,1
1517560295447244157,https://www.airbnb.com/rooms/1517560295447244157,1
1517570914608712293,https://www.airbnb.com/rooms/1517570914608712293,2
1517675836854947695,https://www.airbnb.com/rooms/1517675836854947695,2
1517768898234708058,https://www.airbnb.com/rooms/1517768898234708058,2
1517795285270403310,https://www.airbnb.com/rooms/1517795285270403310,1
1517798326517736744,https://www.airbnb.com/rooms/1517798326517736744,1
1518048051776146844,https://www.airbnb.com/rooms/1518048051776146844,2
1518097391349096018,https://www.airbnb.com/rooms/1518097391349096018,4
1518143432495804737,https://www.airbnb.com/rooms/1518143432495804737,2
1518161525783696350,https://www.airbnb.com/rooms/1518161525783696350,2
1518227334310940628,https://www.airbnb.com/rooms/1518227334310940628,1
1518287265840856656,https://www.airbnb.com/rooms/1518287265840856656,4
1518351550280028249,https://www.airbnb.com/rooms/1518351550280028249,2
1518375589315193830,https://www.airbnb.com/rooms/1518375589315193830,1
1518392000742760481,https://www.airbnb.com/rooms/1518392000742760481,1
1518880070439010266,https://www.airbnb.com/rooms/1518880070439010266,4
1518998369942923928,https://www.airbnb.com/rooms/1518998369942923928,2
1519020774736855118,https://www.airbnb.com/rooms/1519020774736855118,2
1519024408050204579,https://www.airbnb.com/rooms/1519024408050204579,5
1519088416453103564,https://www.airbnb.com/rooms/1519088416453103564,2
1519094912415813448,https://www.airbnb.com/rooms/1519094912415813448,3
1519111517049619709,https://www.airbnb.com/rooms/1519111517049619709,2
1519202120425761694,https://www.airbnb.com/rooms/1519202120425761694,1
1519644401894765023,https://www.airbnb.com/rooms/1519644401894765023,1
1519828983793921090,https://www.airbnb.com/rooms/1519828983793921090,2
1519848350345886628,https://www.airbnb.com/rooms/1519848350345886628,2
1520036634119044584,https://www.airbnb.com/rooms/1520036634119044584,1
1520611974611555241,https://www.airbnb.com/rooms/1520611974611555241,2
1521270636877901878,https://www.airbnb.com/rooms/1521270636877901878,4
1521302306139511078,https://www.airbnb.com/rooms/1521302306139511078,1
1521356447576083041,https://www.airbnb.com/rooms/1521356447576083041,2
1521713182161264590,https://www.airbnb.com/rooms/1521713182161264590,1
1521869937587597751,https://www.airbnb.com/rooms/1521869937587597751,3
1521888069674907264,https://www.airbnb.com/rooms/1521888069674907264,4
1521893625671183216,https://www.airbnb.com/rooms/1521893625671183216,3
1521900994784978755,https://www.airbnb.com/rooms/1521900994784978755,2
1521920929203788560,https://www.airbnb.com/rooms/1521920929203788560,6
1521941248575236707,https://www.airbnb.com/rooms/1521941248575236707,2
1522002790862449801,https://www.airbnb.com/rooms/1522002790862449801,1
1522062031482583839,https://www.airbnb.com/rooms/1522062031482583839,2
1522103714252748612,https://www.airbnb.com/rooms/1522103714252748612,2
1522435477583867048,https://www.airbnb.com/rooms/1522435477583867048,2
1522496169407746768,https://www.airbnb.com/rooms/1522496169407746768,3
1522496951311823018,https://www.airbnb.com/rooms/1522496951311823018,1
1522513264814757700,https://www.airbnb.com/rooms/1522513264814757700,2
1522525967466176313,https://www.airbnb.com/rooms/1522525967466176313,2
1522671487317921880,https://www.airbnb.com/rooms/1522671487317921880,3
1522731573472809379,https://www.airbnb.com/rooms/1522731573472809379,4
1522777989653214468,https://www.airbnb.com/rooms/1522777989653214468,1
1522789395132418339,https://www.airbnb.com/rooms/1522789395132418339,2
1522866113715303856,https://www.airbnb.com/rooms/1522866113715303856,1
1523074008000864676,https://www.airbnb.com/rooms/1523074008000864676,2
1523301200097782092,https://www.airbnb.com/rooms/1523301200097782092,1
1523329687334158690,https://www.airbnb.com/rooms/1523329687334158690,2
1523335044581632916,https://www.airbnb.com/rooms/1523335044581632916,2
1523348241711567929,https://www.airbnb.com/rooms/1523348241711567929,5
1523355181706941361,https://www.airbnb.com/rooms/1523355181706941361,2
1523359963455905809,https://www.airbnb.com/rooms/1523359963455905809,2
1523362103298103838,https://www.airbnb.com/rooms/1523362103298103838,2
1523362807953161968,https://www.airbnb.com/rooms/1523362807953161968,2
1523368494802688292,https://www.airbnb.com/rooms/1523368494802688292,2
1523370802360110291,https://www.airbnb.com/rooms/1523370802360110291,2
1523375596046771104,https://www.airbnb.com/rooms/1523375596046771104,2
1523410876925506023,https://www.airbnb.com/rooms/1523410876925506023,2
1523453443839438759,https://www.airbnb.com/rooms/1523453443839438759,4
1523606183490754857,https://www.airbnb.com/rooms/1523606183490754857,1
1523933979193792999,https://www.airbnb.com/rooms/1523933979193792999,1
1524043004615091556,https://www.airbnb.com/rooms/1524043004615091556,2
1524056161526092667,https://www.airbnb.com/rooms/1524056161526092667,1
1524192900905530570,https://www.airbnb.com/rooms/1524192900905530570,1
1524249277901730101,https://www.airbnb.com/rooms/1524249277901730101,2
1524516508110619075,https://www.airbnb.com/rooms/1524516508110619075,1
1524753562549390028,https://www.airbnb.com/rooms/1524753562549390028,2
1524971801062154260,https://www.airbnb.com/rooms/1524971801062154260,1
1525356735137480598,https://www.airbnb.com/rooms/1525356735137480598,2
1525384589403529890,https://www.airbnb.com/rooms/1525384589403529890,1
1525404443379318132,https://www.airbnb.com/rooms/1525404443379318132,4
1525421408762678579,https://www.airbnb.com/rooms/1525421408762678579,2
1525454125045753558,https://www.airbnb.com/rooms/1525454125045753558,2
1525571949838818243,https://www.airbnb.com/rooms/1525571949838818243,1
1525574797128359757,https://www.airbnb.com/rooms/1525574797128359757,4
1525744646648183550,https://www.airbnb.com/rooms/1525744646648183550,1
1525744725245661613,https://www.airbnb.com/rooms/1525744725245661613,1
1525775872433621761,https://www.airbnb.com/rooms/1525775872433621761,2
1525780272710608168,https://www.airbnb.com/rooms/1525780272710608168,1
1525796420897329695,https://www.airbnb.com/rooms/1525796420897329695,4
1526028648194405666,https://www.airbnb.com/rooms/1526028648194405666,4
1526215815057820473,https://www.airbnb.com/rooms/1526215815057820473,2
1526295643506457658,https://www.airbnb.com/rooms/1526295643506457658,1
1526301295736569218,https://www.airbnb.com/rooms/1526301295736569218,7
1526799267418423151,https://www.airbnb.com/rooms/1526799267418423151,1
1526867729743966725,https://www.airbnb.com/rooms/1526867729743966725,1
1526901962086636942,https://www.airbnb.com/rooms/1526901962086636942,1
1526971466374247293,https://www.airbnb.com/rooms/1526971466374247293,1
1527039274277170517,https://www.airbnb.com/rooms/1527039274277170517,2
1527086392373960927,https://www.airbnb.com/rooms/1527086392373960927,2
1527169246077940220,https://www.airbnb.com/rooms/1527169246077940220,2
1527485119930959452,https://www.airbnb.com/rooms/1527485119930959452,1
1527551890452019621,https://www.airbnb.com/rooms/1527551890452019621,4
1527637148608475487,https://www.airbnb.com/rooms/1527637148608475487,1
1527637364353057416,https://www.airbnb.com/rooms/1527637364353057416,1
1527645057535578351,https://www.airbnb.com/rooms/1527645057535578351,1
1527647883195962546,https://www.airbnb.com/rooms/1527647883195962546,2
1527685784767076116,https://www.airbnb.com/rooms/1527685784767076116,1
1527687341733148816,https://www.airbnb.com/rooms/1527687341733148816,2
1527689282151405800,https://www.airbnb.com/rooms/1527689282151405800,2
1527689508058293083,https://www.airbnb.com/rooms/1527689508058293083,2
1527690490432529337,https://www.airbnb.com/rooms/1527690490432529337,2
1527691134758322418,https://www.airbnb.com/rooms/1527691134758322418,2
1527700474100063681,https://www.airbnb.com/rooms/1527700474100063681,2
1527791467027272286,https://www.airbnb.com/rooms/1527791467027272286,3
1528275024246035712,https://www.airbnb.com/rooms/1528275024246035712,1
1528296057230286297,https://www.airbnb.com/rooms/1528296057230286297,6
1528329842398215540,https://www.airbnb.com/rooms/1528329842398215540,2
1528353132674774609,https://www.airbnb.com/rooms/1528353132674774609,1
1528413843831834077,https://www.airbnb.com/rooms/1528413843831834077,1
1528997975041382128,https://www.airbnb.com/rooms/1528997975041382128,2
1529114926718706583,https://www.airbnb.com/rooms/1529114926718706583,6
1529115496507490928,https://www.airbnb.com/rooms/1529115496507490928,4
1529145428040587088,https://www.airbnb.com/rooms/1529145428040587088,4
1529246636512431472,https://www.airbnb.com/rooms/1529246636512431472,1
1529389876109810134,https://www.airbnb.com/rooms/1529389876109810134,2
1529507341248290810,https://www.airbnb.com/rooms/1529507341248290810,2
1529803224968953634,https://www.airbnb.com/rooms/1529803224968953634,2
1529956366324007085,https://www.airbnb.com/rooms/1529956366324007085,1
1530463841605347521,https://www.airbnb.com/rooms/1530463841605347521,1
1531277063085459882,https://www.airbnb.com/rooms/1531277063085459882,2
1531390757110283177,https://www.airbnb.com/rooms/1531390757110283177,4
1531400800504646348,https://www.airbnb.com/rooms/1531400800504646348,2
1531467816137234399,https://www.airbnb.com/rooms/1531467816137234399,2
1531924438449596059,https://www.airbnb.com/rooms/1531924438449596059,1
1531933361411591379,https://www.airbnb.com/rooms/1531933361411591379,1
1531936472121918208,https://www.airbnb.com/rooms/1531936472121918208,1
1531946896062698177,https://www.airbnb.com/rooms/1531946896062698177,2
1531980664952331073,https://www.airbnb.com/rooms/1531980664952331073,2
1531981487371050188,https://www.airbnb.com/rooms/1531981487371050188,2
1532014148985231447,https://www.airbnb.com/rooms/1532014148985231447,1
1532025468817761999,https://www.airbnb.com/rooms/1532025468817761999,2
1532095234163144398,https://www.airbnb.com/rooms/1532095234163144398,1
1532101513761076715,https://www.airbnb.com/rooms/1532101513761076715,3
1532117091119328622,https://www.airbnb.com/rooms/1532117091119328622,1
1532126611818820138,https://www.airbnb.com/rooms/1532126611818820138,2
1532134174443115941,https://www.airbnb.com/rooms/1532134174443115941,1
1532135232954520407,https://www.airbnb.com/rooms/1532135232954520407,2
1532220999636160314,https://www.airbnb.com/rooms/1532220999636160314,6
1532275332578384676,https://www.airbnb.com/rooms/1532275332578384676,2
1532290213178670596,https://www.airbnb.com/rooms/1532290213178670596,2
1532627659455805197,https://www.airbnb.com/rooms/1532627659455805197,1
1532673174586725247,https://www.airbnb.com/rooms/1532673174586725247,1
1532798508158202917,https://www.airbnb.com/rooms/1532798508158202917,2
1532844492789341072,https://www.airbnb.com/rooms/1532844492789341072,2
1533341198705217943,https://www.airbnb.com/rooms/1533341198705217943,3
1533503474761072315,https://www.airbnb.com/rooms/1533503474761072315,6
1533504477959717273,https://www.airbnb.com/rooms/1533504477959717273,1
1533509689221874978,https://www.airbnb.com/rooms/1533509689221874978,1
1533538260693870926,https://www.airbnb.com/rooms/1533538260693870926,1
1533641726550132040,https://www.airbnb.com/rooms/1533641726550132040,4
1533681413200006415,https://www.airbnb.com/rooms/1533681413200006415,1
1534040750090692044,https://www.airbnb.com/rooms/1534040750090692044,2
1534047344637360070,https://www.airbnb.com/rooms/1534047344637360070,1
1534138715186781794,https://www.airbnb.com/rooms/1534138715186781794,1
1534207834691067493,https://www.airbnb.com/rooms/1534207834691067493,2
1534408177539591094,https://www.airbnb.com/rooms/1534408177539591094,1
1535227871684482410,https://www.airbnb.com/rooms/1535227871684482410,3
1535659275769884895,https://www.airbnb.com/rooms/1535659275769884895,1
1536291269229239976,https://www.airbnb.com/rooms/1536291269229239976,2
1536373109593084771,https://www.airbnb.com/rooms/1536373109593084771,2
1536417999360221557,https://www.airbnb.com/rooms/1536417999360221557,5
1536439049476087331,https://www.airbnb.com/rooms/1536439049476087331,11
1536489838465180809,https://www.airbnb.com/rooms/1536489838465180809,2
1537009185276018869,https://www.airbnb.com/rooms/1537009185276018869,1
1537327273982693153,https://www.airbnb.com/rooms/1537327273982693153,1
1537649966964618005,https://www.airbnb.com/rooms/1537649966964618005,3
1537741321483361419,https://www.airbnb.com/rooms/1537741321483361419,2
1537772986588012074,https://www.airbnb.com/rooms/1537772986588012074,2
1537787053669445115,https://www.airbnb.com/rooms/1537787053669445115,2
1537926731574608499,https://www.airbnb.com/rooms/1537926731574608499,1
1538513616526603241,https://www.airbnb.com/rooms/1538513616526603241,2
1538547581653247300,https://www.airbnb.com/rooms/1538547581653247300,2
1538559035963705296,https://www.airbnb.com/rooms/1538559035963705296,1
1539227698927561562,https://www.airbnb.com/rooms/1539227698927561562,4
1539333397740897721,https://www.airbnb.com/rooms/1539333397740897721,1
1539409412095061137,https://www.airbnb.com/rooms/1539409412095061137,2
1539949005819539914,https://www.airbnb.com/rooms/1539949005819539914,1
1540655875568405586,https://www.airbnb.com/rooms/1540655875568405586,1
1540657810264332829,https://www.airbnb.com/rooms/1540657810264332829,4
1540938182270802550,https://www.airbnb.com/rooms/1540938182270802550,2
1541289315208782614,https://www.airbnb.com/rooms/1541289315208782614,3
1541335967489501571,https://www.airbnb.com/rooms/1541335967489501571,1
1541335969143534352,https://www.airbnb.com/rooms/1541335969143534352,1
1541335971632827956,https://www.airbnb.com/rooms/1541335971632827956,1
1541335984375847473,https://www.airbnb.com/rooms/1541335984375847473,1
1541424118275572110,https://www.airbnb.com/rooms/1541424118275572110,5
1541473172344121332,https://www.airbnb.com/rooms/1541473172344121332,2
1541487402970364869,https://www.airbnb.com/rooms/1541487402970364869,2
1541487403353411801,https://www.airbnb.com/rooms/1541487403353411801,2
1541487417941826566,https://www.airbnb.com/rooms/1541487417941826566,2
1541487422655804179,https://www.airbnb.com/rooms/1541487422655804179,2
1541487423899803842,https://www.airbnb.com/rooms/1541487423899803842,2
1541487458680638865,https://www.airbnb.com/rooms/1541487458680638865,2
1541725887998411512,https://www.airbnb.com/rooms/1541725887998411512,2
1542068928392116926,https://www.airbnb.com/rooms/1542068928392116926,2
1542072780806959230,https://www.airbnb.com/rooms/1542072780806959230,8
1542108411024554182,https://www.airbnb.com/rooms/1542108411024554182,2
1542155953423136798,https://www.airbnb.com/rooms/1542155953423136798,2
1542217385092419086,https://www.airbnb.com/rooms/1542217385092419086,4
1542403450498689146,https://www.airbnb.com/rooms/1542403450498689146,2
1542469499726352684,https://www.airbnb.com/rooms/1542469499726352684,6
1542479719233583380,https://www.airbnb.com/rooms/1542479719233583380,5
1542726599429194324,https://www.airbnb.com/rooms/1542726599429194324,2
1542830913517823721,https://www.airbnb.com/rooms/1542830913517823721,3
1542889454205132972,https://www.airbnb.com/rooms/1542889454205132972,1
1542902594547942721,https://www.airbnb.com/rooms/1542902594547942721,1
1542981335348480370,https://www.airbnb.com/rooms/1542981335348480370,1
1542986532321112823,https://www.airbnb.com/rooms/1542986532321112823,1
1543043093546868085,https://www.airbnb.com/rooms/1543043093546868085,4
1543086034218432440,https://www.airbnb.com/rooms/1543086034218432440,1
1543179877729722075,https://www.airbnb.com/rooms/1543179877729722075,1
1543474027516987196,https://www.airbnb.com/rooms/1543474027516987196,1
1543546727245304576,https://www.airbnb.com/rooms/1543546727245304576,1
1543599180294003057,https://www.airbnb.com/rooms/1543599180294003057,1
1543617145792457173,https://www.airbnb.com/rooms/1543617145792457173,5
1544114988453077761,https://www.airbnb.com/rooms/1544114988453077761,2
1544196484655058328,https://www.airbnb.com/rooms/1544196484655058328,1
1544221521118285976,https://www.airbnb.com/rooms/1544221521118285976,1
1544225521857745477,https://www.airbnb.com/rooms/1544225521857745477,2
1544269700136387548,https://www.airbnb.com/rooms/1544269700136387548,1
1544477533914676420,https://www.airbnb.com/rooms/1544477533914676420,1
1544479857515952875,https://www.airbnb.com/rooms/1544479857515952875,2
1545034860530172752,https://www.airbnb.com/rooms/1545034860530172752,1
1545215484878041213,https://www.airbnb.com/rooms/1545215484878041213,4
1545643528463403364,https://www.airbnb.com/rooms/1545643528463403364,2
1545807326860144642,https://www.airbnb.com/rooms/1545807326860144642,2
1545915686131810459,https://www.airbnb.com/rooms/1545915686131810459,1
1545925120859714112,https://www.airbnb.com/rooms/1545925120859714112,3
1546597807669244125,https://www.airbnb.com/rooms/1546597807669244125,2
1546763959815731260,https://www.airbnb.com/rooms/1546763959815731260,1
1547174106318695045,https://www.airbnb.com/rooms/1547174106318695045,1
1547238947086404247,https://www.airbnb.com/rooms/1547238947086404247,1
1547376168175312189,https://www.airbnb.com/rooms/1547376168175312189,2
1547407568909719859,https://www.airbnb.com/rooms/1547407568909719859,2
1547431595444253582,https://www.airbnb.com/rooms/1547431595444253582,2
1547444376334590030,https://www.airbnb.com/rooms/1547444376334590030,2
1547505085759095939,https://www.airbnb.com/rooms/1547505085759095939,1
1547550454470937293,https://www.airbnb.com/rooms/1547550454470937293,1
1547566717300939662,https://www.airbnb.com/rooms/1547566717300939662,6
1547584778798872772,https://www.airbnb.com/rooms/1547584778798872772,1
1547588346690346311,https://www.airbnb.com/rooms/1547588346690346311,1
1547890568313886642,https://www.airbnb.com/rooms/1547890568313886642,2
1547913538630397157,https://www.airbnb.com/rooms/1547913538630397157,2
1547931610318983707,https://www.airbnb.com/rooms/1547931610318983707,1
1547939429546190738,https://www.airbnb.com/rooms/1547939429546190738,2
1548070795739270815,https://www.airbnb.com/rooms/1548070795739270815,2
1548124618690894151,https://www.airbnb.com/rooms/1548124618690894151,1
1548177178524590765,https://www.airbnb.com/rooms/1548177178524590765,1
1548700810952394895,https://www.airbnb.com/rooms/1548700810952394895,3
1548723730250432816,https://www.airbnb.com/rooms/1548723730250432816,1
1548768144473133345,https://www.airbnb.com/rooms/1548768144473133345,1
1548768145099987772,https://www.airbnb.com/rooms/1548768145099987772,1
1548768145806862367,https://www.airbnb.com/rooms/1548768145806862367,1
1548768150980737661,https://www.airbnb.com/rooms/1548768150980737661,1
1548768158552834290,https://www.airbnb.com/rooms/1548768158552834290,1
1548768191988134970,https://www.airbnb.com/rooms/1548768191988134970,1
1548944455574294432,https://www.airbnb.com/rooms/1548944455574294432,2
1549246729376251120,https://www.airbnb.com/rooms/1549246729376251120,2
1549320818883648269,https://www.airbnb.com/rooms/1549320818883648269,2
1549394451595432538,https://www.airbnb.com/rooms/1549394451595432538,2
1549410440482168903,https://www.airbnb.com/rooms/1549410440482168903,2
1549429217540666371,https://www.airbnb.com/rooms/1549429217540666371,4
1549589447059350012,https://www.airbnb.com/rooms/1549589447059350012,2
1549679027316351022,https://www.airbnb.com/rooms/1549679027316351022,1
1550069039475327304,https://www.airbnb.com/rooms/1550069039475327304,2
1550150630348428575,https://www.airbnb.com/rooms/1550150630348428575,1
1550198377413711246,https://www.airbnb.com/rooms/1550198377413711246,3
1550207055389825208,https://www.airbnb.com/rooms/1550207055389825208,1
1550249273740037030,https://www.airbnb.com/rooms/1550249273740037030,3
1550802191082885795,https://www.airbnb.com/rooms/1550802191082885795,1
1550905321833579646,https://www.airbnb.com/rooms/1550905321833579646,2
1551118878880748379,https://www.airbnb.com/rooms/1551118878880748379,1
1551476560076778497,https://www.airbnb.com/rooms/1551476560076778497,2
1551534180332553557,https://www.airbnb.com/rooms/1551534180332553557,1
1551609749845755163,https://www.airbnb.com/rooms/1551609749845755163,2
1551626117941823054,https://www.airbnb.com/rooms/1551626117941823054,6
1551836374128349389,https://www.airbnb.com/rooms/1551836374128349389,2
1552060399093335920,https://www.airbnb.com/rooms/1552060399093335920,2
1552304022935894256,https://www.airbnb.com/rooms/1552304022935894256,1
1552384837846731312,https://www.airbnb.com/rooms/1552384837846731312,2
1552412501926022265,https://www.airbnb.com/rooms/1552412501926022265,1
1552889189454155350,https://www.airbnb.com/rooms/1552889189454155350,2
1552913601675987944,https://www.airbnb.com/rooms/1552913601675987944,2
1553146721145918726,https://www.airbnb.com/rooms/1553146721145918726,1
1553303170171835322,https://www.airbnb.com/rooms/1553303170171835322,2
1553592352489219365,https://www.airbnb.com/rooms/1553592352489219365,4
1553792372216541822,https://www.airbnb.com/rooms/1553792372216541822,2
1553958105183558061,https://www.airbnb.com/rooms/1553958105183558061,3
1553967045025440295,https://www.airbnb.com/rooms/1553967045025440295,2
1553967679952002444,https://www.airbnb.com/rooms/1553967679952002444,1
1554433177969582748,https://www.airbnb.com/rooms/1554433177969582748,4
1554600459138880126,https://www.airbnb.com/rooms/1554600459138880126,1
1554617932807873689,https://www.airbnb.com/rooms/1554617932807873689,2
1555107283468892159,https://www.airbnb.com/rooms/1555107283468892159,1
1555279046860564196,https://www.airbnb.com/rooms/1555279046860564196,1
1555523491208888492,https://www.airbnb.com/rooms/1555523491208888492,2
1555647259421831539,https://www.airbnb.com/rooms/1555647259421831539,1
1555830554035340977,https://www.airbnb.com/rooms/1555830554035340977,2
1556062059046636478,https://www.airbnb.com/rooms/1556062059046636478,1
1556168229806085725,https://www.airbnb.com/rooms/1556168229806085725,4
1556173232192810817,https://www.airbnb.com/rooms/1556173232192810817,1
1556597957149809348,https://www.airbnb.com/rooms/1556597957149809348,2
1556739260548633002,https://www.airbnb.com/rooms/1556739260548633002,2
1556751809837550638,https://www.airbnb.com/rooms/1556751809837550638,10
1556843963409412223,https://www.airbnb.com/rooms/1556843963409412223,2
1557269612730174137,https://www.airbnb.com/rooms/1557269612730174137,4
1557277372181085063,https://www.airbnb.com/rooms/1557277372181085063,2
1557277374697541221,https://www.airbnb.com/rooms/1557277374697541221,2
1557277375886771070,https://www.airbnb.com/rooms/1557277375886771070,2
1557277376686975077,https://www.airbnb.com/rooms/1557277376686975077,2
1557289305679149115,https://www.airbnb.com/rooms/1557289305679149115,2
1557290032578291418,https://www.airbnb.com/rooms/1557290032578291418,2
1557300571705522239,https://www.airbnb.com/rooms/1557300571705522239,3
1557392397506570144,https://www.airbnb.com/rooms/1557392397506570144,2
1557405981654603062,https://www.airbnb.com/rooms/1557405981654603062,1
1557424997233125306,https://www.airbnb.com/rooms/1557424997233125306,1
1557449685700975715,https://www.airbnb.com/rooms/1557449685700975715,4
1557454997987446532,https://www.airbnb.com/rooms/1557454997987446532,1
1557486615029985483,https://www.airbnb.com/rooms/1557486615029985483,1
1558071671859085396,https://www.airbnb.com/rooms/1558071671859085396,4
1558175628596647211,https://www.airbnb.com/rooms/1558175628596647211,2
1558369961816320969,https://www.airbnb.com/rooms/1558369961816320969,1
1558681328999852449,https://www.airbnb.com/rooms/1558681328999852449,2
1558722681574915116,https://www.airbnb.com/rooms/1558722681574915116,4
1558747892611786021,https://www.airbnb.com/rooms/1558747892611786021,2
1558807878178270096,https://www.airbnb.com/rooms/1558807878178270096,4
1558900181575496279,https://www.airbnb.com/rooms/1558900181575496279,1
1558956529900852292,https://www.airbnb.com/rooms/1558956529900852292,1
1558977208541678828,https://www.airbnb.com/rooms/1558977208541678828,1
1559026684575810969,https://www.airbnb.com/rooms/1559026684575810969,1
1559718526224065633,https://www.airbnb.com/rooms/1559718526224065633,2
1559729446150534997,https://www.airbnb.com/rooms/1559729446150534997,2
1560234687477763511,https://www.airbnb.com/rooms/1560234687477763511,1
1560302452503763754,https://www.airbnb.com/rooms/1560302452503763754,2
1560425327564748698,https://www.airbnb.com/rooms/1560425327564748698,1
1560453553195944043,https://www.airbnb.com/rooms/1560453553195944043,1
1560904341392598826,https://www.airbnb.com/rooms/1560904341392598826,4
1561031045114621929,https://www.airbnb.com/rooms/1561031045114621929,1
1561044184885457098,https://www.airbnb.com/rooms/1561044184885457098,1
1561044558257852224,https://www.airbnb.com/rooms/1561044558257852224,2
1561118078779514087,https://www.airbnb.com/rooms/1561118078779514087,1
1561133540406195049,https://www.airbnb.com/rooms/1561133540406195049,3
1561806486944899590,https://www.airbnb.com/rooms/1561806486944899590,1
1561823491675921449,https://www.airbnb.com/rooms/1561823491675921449,1
1562128939750605711,https://www.airbnb.com/rooms/1562128939750605711,1
1562427937949696788,https://www.airbnb.com/rooms/1562427937949696788,4
1562504323941198369,https://www.airbnb.com/rooms/1562504323941198369,2
1562610492524319348,https://www.airbnb.com/rooms/1562610492524319348,2
1563062842267512912,https://www.airbnb.com/rooms/1563062842267512912,1
1563086845861204663,https://www.airbnb.com/rooms/1563086845861204663,1
1563118480556157457,https://www.airbnb.com/rooms/1563118480556157457,1
1563223316807290764,https://www.airbnb.com/rooms/1563223316807290764,3
1563433492874390042,https://www.airbnb.com/rooms/1563433492874390042,4
1563862029069133855,https://www.airbnb.com/rooms/1563862029069133855,2
1563959425504720270,https://www.airbnb.com/rooms/1563959425504720270,2
1564003510954985238,https://www.airbnb.com/rooms/1564003510954985238,1
1564097297971182893,https://www.airbnb.com/rooms/1564097297971182893,1
1564462251519895665,https://www.airbnb.com/rooms/1564462251519895665,1
1564578823921788802,https://www.airbnb.com/rooms/1564578823921788802,8
1564701508783652271,https://www.airbnb.com/rooms/1564701508783652271,3
1565400516500407465,https://www.airbnb.com/rooms/1565400516500407465,1
1566198048329613209,https://www.airbnb.com/rooms/1566198048329613209,1
1566231630867321788,https://www.airbnb.com/rooms/1566231630867321788,2
1566349075224783760,https://www.airbnb.com/rooms/1566349075224783760,2
1566393615352407259,https://www.airbnb.com/rooms/1566393615352407259,1
1566797730913466830,https://www.airbnb.com/rooms/1566797730913466830,1
1566810969061236638,https://www.airbnb.com/rooms/1566810969061236638,2
1566827464462747671,https://www.airbnb.com/rooms/1566827464462747671,1
1566827465655056751,https://www.airbnb.com/rooms/1566827465655056751,1
1566827466109814745,https://www.airbnb.com/rooms/1566827466109814745,1
1566827468057266937,https://www.airbnb.com/rooms/1566827468057266937,1
1566827469491234262,https://www.airbnb.com/rooms/1566827469491234262,1
1566837422550522789,https://www.airbnb.com/rooms/1566837422550522789,6
1567271732033225437,https://www.airbnb.com/rooms/1567271732033225437,2
1567458459263322601,https://www.airbnb.com/rooms/1567458459263322601,2
1567623982739111327,https://www.airbnb.com/rooms/1567623982739111327,2
1567628325987102640,https://www.airbnb.com/rooms/1567628325987102640,2
1568218006505944740,https://www.airbnb.com/rooms/1568218006505944740,1
1568332191522850683,https://www.airbnb.com/rooms/1568332191522850683,2
1568343372060457569,https://www.airbnb.com/rooms/1568343372060457569,1
1568441374516154122,https://www.airbnb.com/rooms/1568441374516154122,2
1568493739299705400,https://www.airbnb.com/rooms/1568493739299705400,2
1568498991563452283,https://www.airbnb.com/rooms/1568498991563452283,4
1569126827297123796,https://www.airbnb.com/rooms/1569126827297123796,1
1569156912183104059,https://www.airbnb.com/rooms/1569156912183104059,2
1569642821934704879,https://www.airbnb.com/rooms/1569642821934704879,1
1569647973222830668,https://www.airbnb.com/rooms/1569647973222830668,6
1569924666027562809,https://www.airbnb.com/rooms/1569924666027562809,2
1569954877356579217,https://www.airbnb.com/rooms/1569954877356579217,2
1570416681276696622,https://www.airbnb.com/rooms/1570416681276696622,1
1570473864698228563,https://www.airbnb.com/rooms/1570473864698228563,1
1570552296319383396,https://www.airbnb.com/rooms/1570552296319383396,2
1571435962507029173,https://www.airbnb.com/rooms/1571435962507029173,2
1571440331657920252,https://www.airbnb.com/rooms/1571440331657920252,1
1571475879387201277,https://www.airbnb.com/rooms/1571475879387201277,2
1572031197631535826,https://www.airbnb.com/rooms/1572031197631535826,2
1572160958784980835,https://www.airbnb.com/rooms/1572160958784980835,1
1572570322000937626,https://www.airbnb.com/rooms/1572570322000937626,2
1572630069579073111,https://www.airbnb.com/rooms/1572630069579073111,2
1572638663371564494,https://www.airbnb.com/rooms/1572638663371564494,1
1572767017987977943,https://www.airbnb.com/rooms/1572767017987977943,2
1572777193472554543,https://www.airbnb.com/rooms/1572777193472554543,1
1573255412396742829,https://www.airbnb.com/rooms/1573255412396742829,1
1573353975079430466,https://www.airbnb.com/rooms/1573353975079430466,2
1573416643870690855,https://www.airbnb.com/rooms/1573416643870690855,2
1573547624732600054,https://www.airbnb.com/rooms/1573547624732600054,1
1573576732771022261,https://www.airbnb.com/rooms/1573576732771022261,1
1573631866311412828,https://www.airbnb.com/rooms/1573631866311412828,1
1574005335843972377,https://www.airbnb.com/rooms/1574005335843972377,1
1574048340191160574,https://www.airbnb.com/rooms/1574048340191160574,2
1574094267028189896,https://www.airbnb.com/rooms/1574094267028189896,2
1574095480560507754,https://www.airbnb.com/rooms/1574095480560507754,1
1574228733597000385,https://www.airbnb.com/rooms/1574228733597000385,1
1574248283784743537,https://www.airbnb.com/rooms/1574248283784743537,2
1574269667339540280,https://www.airbnb.com/rooms/1574269667339540280,3
1574623534846906427,https://www.airbnb.com/rooms/1574623534846906427,1
1574623539928329139,https://www.airbnb.com/rooms/1574623539928329139,1
1574623541108587661,https://www.airbnb.com/rooms/1574623541108587661,1
1574623546428497589,https://www.airbnb.com/rooms/1574623546428497589,1
1574623548459592930,https://www.airbnb.com/rooms/1574623548459592930,1
1574623549454303449,https://www.airbnb.com/rooms/1574623549454303449,1
1574847108120867197,https://www.airbnb.com/rooms/1574847108120867197,2
1574847239760360038,https://www.airbnb.com/rooms/1574847239760360038,2
1574847371071648587,https://www.airbnb.com/rooms/1574847371071648587,2
1574907986904278119,https://www.airbnb.com/rooms/1574907986904278119,2
1574953740117872996,https://www.airbnb.com/rooms/1574953740117872996,4
1574981963674572653,https://www.airbnb.com/rooms/1574981963674572653,1
1575017603387784507,https://www.airbnb.com/rooms/1575017603387784507,2
1575511029495724071,https://www.airbnb.com/rooms/1575511029495724071,1
1575646215790075010,https://www.airbnb.com/rooms/1575646215790075010,1
1575939363056615077,https://www.airbnb.com/rooms/1575939363056615077,2
1576381771895339060,https://www.airbnb.com/rooms/1576381771895339060,1
1576388747481722761,https://www.airbnb.com/rooms/1576388747481722761,4
1576390479172552907,https://www.airbnb.com/rooms/1576390479172552907,1
1576466299267588534,https://www.airbnb.com/rooms/1576466299267588534,1
1576549410900577649,https://www.airbnb.com/rooms/1576549410900577649,1
1576887710413995970,https://www.airbnb.com/rooms/1576887710413995970,1
1576979566895243210,https://www.airbnb.com/rooms/1576979566895243210,5
1576985681881267521,https://www.airbnb.com/rooms/1576985681881267521,1
1577469225223282598,https://www.airbnb.com/rooms/1577469225223282598,1
1577653777470517062,https://www.airbnb.com/rooms/1577653777470517062,2
1577740254752356235,https://www.airbnb.com/rooms/1577740254752356235,1
1577746208817899060,https://www.airbnb.com/rooms/1577746208817899060,1
1578272520395023738,https://www.airbnb.com/rooms/1578272520395023738,2
1578327790232236685,https://www.airbnb.com/rooms/1578327790232236685,1
1578424281536138834,https://www.airbnb.com/rooms/1578424281536138834,2
1578428151226533410,https://www.airbnb.com/rooms/1578428151226533410,2
1578504435527152892,https://www.airbnb.com/rooms/1578504435527152892,4
1578648756384408157,https://www.airbnb.com/rooms/1578648756384408157,1
1578691414720584433,https://www.airbnb.com/rooms/1578691414720584433,4
1579036265143783703,https://www.airbnb.com/rooms/1579036265143783703,2
1579042452184273820,https://www.airbnb.com/rooms/1579042452184273820,1
1579071239631349038,https://www.airbnb.com/rooms/1579071239631349038,3
1579079675447811690,https://www.airbnb.com/rooms/1579079675447811690,2
1579101889029608279,https://www.airbnb.com/rooms/1579101889029608279,2
1579167022448192209,https://www.airbnb.com/rooms/1579167022448192209,2
1579179412137106677,https://www.airbnb.com/rooms/1579179412137106677,4
1579213830459221500,https://www.airbnb.com/rooms/1579213830459221500,2
1579213833119620542,https://www.airbnb.com/rooms/1579213833119620542,2
1579213835830982292,https://www.airbnb.com/rooms/1579213835830982292,2
1579213845637994963,https://www.airbnb.com/rooms/1579213845637994963,2
1579224063824777354,https://www.airbnb.com/rooms/1579224063824777354,1
1579259368540180463,https://www.airbnb.com/rooms/1579259368540180463,2
1579259643822200346,https://www.airbnb.com/rooms/1579259643822200346,2
1579328994794759230,https://www.airbnb.com/rooms/1579328994794759230,1
1579351883959033283,https://www.airbnb.com/rooms/1579351883959033283,1
1579372906507495686,https://www.airbnb.com/rooms/1579372906507495686,1
1579721489557400558,https://www.airbnb.com/rooms/1579721489557400558,2
1579911663294549113,https://www.airbnb.com/rooms/1579911663294549113,2
1579928429374976185,https://www.airbnb.com/rooms/1579928429374976185,2
1579932188996409455,https://www.airbnb.com/rooms/1579932188996409455,5
1579992011854877829,https://www.airbnb.com/rooms/1579992011854877829,4
1580047549909902095,https://www.airbnb.com/rooms/1580047549909902095,1
1580561692411705580,https://www.airbnb.com/rooms/1580561692411705580,2
1580579044077919672,https://www.airbnb.com/rooms/1580579044077919672,2
1581394145099655023,https://www.airbnb.com/rooms/1581394145099655023,1
1581416104849377866,https://www.airbnb.com/rooms/1581416104849377866,5
1581901253164836602,https://www.airbnb.com/rooms/1581901253164836602,1
1582006005122167561,https://www.airbnb.com/rooms/1582006005122167561,4
1582053634970259169,https://www.airbnb.com/rooms/1582053634970259169,1
1582065708015873447,https://www.airbnb.com/rooms/1582065708015873447,1
1582136937307014347,https://www.airbnb.com/rooms/1582136937307014347,2
1582155256324238805,https://www.airbnb.com/rooms/1582155256324238805,1
1582207752250373255,https://www.airbnb.com/rooms/1582207752250373255,2
1582771516314888610,https://www.airbnb.com/rooms/1582771516314888610,2
1582848073997938699,https://www.airbnb.com/rooms/1582848073997938699,1
1582867507891740994,https://www.airbnb.com/rooms/1582867507891740994,2
1582874737019043888,https://www.airbnb.com/rooms/1582874737019043888,1
1583074583944252214,https://www.airbnb.com/rooms/1583074583944252214,2
1583565616638571575,https://www.airbnb.com/rooms/1583565616638571575,2
1583791115051903271,https://www.airbnb.com/rooms/1583791115051903271,2
1584309356132047994,https://www.airbnb.com/rooms/1584309356132047994,1
1584312204161923971,https://www.airbnb.com/rooms/1584312204161923971,4
1584963167519564742,https://www.airbnb.com/rooms/1584963167519564742,2
1585011513395606848,https://www.airbnb.com/rooms/1585011513395606848,1
1585158603372219595,https://www.airbnb.com/rooms/1585158603372219595,2
1585923245516226301,https://www.airbnb.com/rooms/1585923245516226301,4
1585935081520633173,https://www.airbnb.com/rooms/1585935081520633173,2
1585941891140372594,https://www.airbnb.com/rooms/1585941891140372594,1
1585946850650202860,https://www.airbnb.com/rooms/1585946850650202860,2
1585951413592382929,https://www.airbnb.com/rooms/1585951413592382929,2
1585957505833981315,https://www.airbnb.com/rooms/1585957505833981315,2
1585965225204120175,https://www.airbnb.com/rooms/1585965225204120175,2
1586053808310579546,https://www.airbnb.com/rooms/1586053808310579546,1
1586308105970029647,https://www.airbnb.com/rooms/1586308105970029647,4
1586356406746910596,https://www.airbnb.com/rooms/1586356406746910596,2
1586387952827121529,https://www.airbnb.com/rooms/1586387952827121529,2
1586388143456691639,https://www.airbnb.com/rooms/1586388143456691639,4
1586400561347071004,https://www.airbnb.com/rooms/1586400561347071004,1
1586506534370575903,https://www.airbnb.com/rooms/1586506534370575903,4
1586507438303302410,https://www.airbnb.com/rooms/1586507438303302410,2
1586593701804407680,https://www.airbnb.com/rooms/1586593701804407680,5
1586702857746253997,https://www.airbnb.com/rooms/1586702857746253997,2
1586943811445239605,https://www.airbnb.com/rooms/1586943811445239605,1
1587109512523202586,https://www.airbnb.com/rooms/1587109512523202586,3
1587187727784806083,https://www.airbnb.com/rooms/1587187727784806083,2
1587341737715695717,https://www.airbnb.com/rooms/1587341737715695717,3
1587772083271989957,https://www.airbnb.com/rooms/1587772083271989957,1
1587863014573900325,https://www.airbnb.com/rooms/1587863014573900325,1
1587890528668468087,https://www.airbnb.com/rooms/1587890528668468087,1
1588052908866270096,https://www.airbnb.com/rooms/1588052908866270096,4
1588059992254400679,https://www.airbnb.com/rooms/1588059992254400679,1
1588112469902845711,https://www.airbnb.com/rooms/1588112469902845711,1
1588547193861667111,https://www.airbnb.com/rooms/1588547193861667111,1
1588547250615787524,https://www.airbnb.com/rooms/1588547250615787524,1
1588547314772753931,https://www.airbnb.com/rooms/1588547314772753931,1
1588826188816893787,https://www.airbnb.com/rooms/1588826188816893787,1
1589528284204431934,https://www.airbnb.com/rooms/1589528284204431934,6
1589933801515956332,https://www.airbnb.com/rooms/1589933801515956332,1
1589953041863030839,https://www.airbnb.com/rooms/1589953041863030839,1
1589957404799723631,https://www.airbnb.com/rooms/1589957404799723631,2
1590047396560278227,https://www.airbnb.com/rooms/1590047396560278227,2
1590323559395997947,https://www.airbnb.com/rooms/1590323559395997947,1
1590707179074615621,https://www.airbnb.com/rooms/1590707179074615621,1
1590739930710763583,https://www.airbnb.com/rooms/1590739930710763583,4
1590816081196730579,https://www.airbnb.com/rooms/1590816081196730579,2
1591275736927423387,https://www.airbnb.com/rooms/1591275736927423387,4
1591451288785337695,https://www.airbnb.com/rooms/1591451288785337695,2
1591564303046191470,https://www.airbnb.com/rooms/1591564303046191470,4
1591621346061424578,https://www.airbnb.com/rooms/1591621346061424578,2
1591642433339506609,https://www.airbnb.com/rooms/1591642433339506609,2
1592195074185899040,https://www.airbnb.com/rooms/1592195074185899040,1
1592203054628368224,https://www.airbnb.com/rooms/1592203054628368224,1
1592207566110915006,https://www.airbnb.com/rooms/1592207566110915006,2
1592209765924200121,https://www.airbnb.com/rooms/1592209765924200121,3
1592228221367541084,https://www.airbnb.com/rooms/1592228221367541084,2
1592247368958457568,https://www.airbnb.com/rooms/1592247368958457568,1
1592258752681510331,https://www.airbnb.com/rooms/1592258752681510331,3
1592262876457291275,https://www.airbnb.com/rooms/1592262876457291275,1
1592289041661127731,https://www.airbnb.com/rooms/1592289041661127731,3
1592838024315848988,https://www.airbnb.com/rooms/1592838024315848988,2
1592934819578487584,https://www.airbnb.com/rooms/1592934819578487584,2
1592997702252248131,https://www.airbnb.com/rooms/1592997702252248131,3
1593006993720476839,https://www.airbnb.com/rooms/1593006993720476839,1
1593019621835008680,https://www.airbnb.com/rooms/1593019621835008680,2
1593092475919892503,https://www.airbnb.com/rooms/1593092475919892503,2
1593105002062684114,https://www.airbnb.com/rooms/1593105002062684114,1
1593161791327542260,https://www.airbnb.com/rooms/1593161791327542260,4
1593662452161564193,https://www.airbnb.com/rooms/1593662452161564193,2
1593662620212673060,https://www.airbnb.com/rooms/1593662620212673060,2
1593801951520321421,https://www.airbnb.com/rooms/1593801951520321421,1
1593832734923907804,https://www.airbnb.com/rooms/1593832734923907804,1
1594274273570948368,https://www.airbnb.com/rooms/1594274273570948368,1
1594310814906547942,https://www.airbnb.com/rooms/1594310814906547942,4
1594314091836367993,https://www.airbnb.com/rooms/1594314091836367993,2
1594325452565717809,https://www.airbnb.com/rooms/1594325452565717809,2
1594325606336276352,https://www.airbnb.com/rooms/1594325606336276352,2
1594343180590357962,https://www.airbnb.com/rooms/1594343180590357962,1
1594416959783409516,https://www.airbnb.com/rooms/1594416959783409516,2
1594439715822820066,https://www.airbnb.com/rooms/1594439715822820066,4
1594444987663117434,https://www.airbnb.com/rooms/1594444987663117434,1
1594445723130871414,https://www.airbnb.com/rooms/1594445723130871414,1
1594631645771609777,https://www.airbnb.com/rooms/1594631645771609777,1
1594682725356467480,https://www.airbnb.com/rooms/1594682725356467480,2
1595045280541791116,https://www.airbnb.com/rooms/1595045280541791116,1
1595094588803537748,https://www.airbnb.com/rooms/1595094588803537748,2
1595094666598805126,https://www.airbnb.com/rooms/1595094666598805126,2
1595152854152367982,https://www.airbnb.com/rooms/1595152854152367982,1
1595159274332893038,https://www.airbnb.com/rooms/1595159274332893038,1
1595171320076332356,https://www.airbnb.com/rooms/1595171320076332356,2
1595352121574433866,https://www.airbnb.com/rooms/1595352121574433866,4
1595357580226283970,https://www.airbnb.com/rooms/1595357580226283970,4
1595493811423831356,https://www.airbnb.com/rooms/1595493811423831356,4
1595694531743128882,https://www.airbnb.com/rooms/1595694531743128882,1
1595774996679110152,https://www.airbnb.com/rooms/1595774996679110152,2
1595775333383504578,https://www.airbnb.com/rooms/1595775333383504578,2
1595775796233359991,https://www.airbnb.com/rooms/1595775796233359991,2
1595867554570731562,https://www.airbnb.com/rooms/1595867554570731562,1
1596031382848583883,https://www.airbnb.com/rooms/1596031382848583883,1
1596499900503943808,https://www.airbnb.com/rooms/1596499900503943808,2
1596500611059318614,https://www.airbnb.com/rooms/1596500611059318614,2
1596695282698107462,https://www.airbnb.com/rooms/1596695282698107462,4
1596739751354934017,https://www.airbnb.com/rooms/1596739751354934017,1
1596752329577702149,https://www.airbnb.com/rooms/1596752329577702149,1
1596829692343579470,https://www.airbnb.com/rooms/1596829692343579470,2
1597251071207914057,https://www.airbnb.com/rooms/1597251071207914057,4
1597304705562224814,https://www.airbnb.com/rooms/1597304705562224814,3
1597375620708493489,https://www.airbnb.com/rooms/1597375620708493489,2
1597376452831925157,https://www.airbnb.com/rooms/1597376452831925157,2
1597504740350940092,https://www.airbnb.com/rooms/1597504740350940092,2
1597596176664513853,https://www.airbnb.com/rooms/1597596176664513853,1
1597687542230763074,https://www.airbnb.com/rooms/1597687542230763074,2
1598070268991071584,https://www.airbnb.com/rooms/1598070268991071584,2
1598070421744846198,https://www.airbnb.com/rooms/1598070421744846198,2
1598070587413533840,https://www.airbnb.com/rooms/1598070587413533840,2
1598242641455687969,https://www.airbnb.com/rooms/1598242641455687969,1
1598583691594395888,https://www.airbnb.com/rooms/1598583691594395888,2
1598599517252387632,https://www.airbnb.com/rooms/1598599517252387632,2
1598605161157118257,https://www.airbnb.com/rooms/1598605161157118257,1
1598618976331486187,https://www.airbnb.com/rooms/1598618976331486187,2
1598636490076558159,https://www.airbnb.com/rooms/1598636490076558159,2
1598734875705746325,https://www.airbnb.com/rooms/1598734875705746325,4
1598934202273477463,https://www.airbnb.com/rooms/1598934202273477463,2
1598953749522814358,https://www.airbnb.com/rooms/1598953749522814358,2
1599308422847113052,https://www.airbnb.com/rooms/1599308422847113052,2
1599308463066801746,https://www.airbnb.com/rooms/1599308463066801746,2
1599479220538827728,https://www.airbnb.com/rooms/1599479220538827728,2
1599861713970729422,https://www.airbnb.com/rooms/1599861713970729422,2
1600094188097107220,https://www.airbnb.com/rooms/1600094188097107220,2
1600094258758488611,https://www.airbnb.com/rooms/1600094258758488611,2
1600113716200667593,https://www.airbnb.com/rooms/1600113716200667593,1
1600136561562623061,https://www.airbnb.com/rooms/1600136561562623061,1
1600757871027481301,https://www.airbnb.com/rooms/1600757871027481301,2
1600757983410922420,https://www.airbnb.com/rooms/1600757983410922420,2
1600819291557680029,https://www.airbnb.com/rooms/1600819291557680029,2
1600860760424559721,https://www.airbnb.com/rooms/1600860760424559721,4
1600863309875944013,https://www.airbnb.com/rooms/1600863309875944013,2
1600867491797254070,https://www.airbnb.com/rooms/1600867491797254070,1
1601543770556508544,https://www.airbnb.com/rooms/1601543770556508544,2
1601602256943928986,https://www.airbnb.com/rooms/1601602256943928986,2
1601624255266156528,https://www.airbnb.com/rooms/1601624255266156528,1
1601678573726711148,https://www.airbnb.com/rooms/1601678573726711148,9
1602298020786842333,https://www.airbnb.com/rooms/1602298020786842333,2
1602300324590238636,https://www.airbnb.com/rooms/1602300324590238636,1
1602470300679754261,https://www.airbnb.com/rooms/1602470300679754261,1
1602471946109814221,https://www.airbnb.com/rooms/1602471946109814221,1
1602859110778518535,https://www.airbnb.com/rooms/1602859110778518535,1
1602964090811704165,https://www.airbnb.com/rooms/1602964090811704165,3
1603025072702365548,https://www.airbnb.com/rooms/1603025072702365548,1
1603043944133096671,https://www.airbnb.com/rooms/1603043944133096671,4
1603157443261298651,https://www.airbnb.com/rooms/1603157443261298651,5
1603227146650568784,https://www.airbnb.com/rooms/1603227146650568784,1
1603749188913703902,https://www.airbnb.com/rooms/1603749188913703902,1
1603758613880613916,https://www.airbnb.com/rooms/1603758613880613916,2
1603766539664866912,https://www.airbnb.com/rooms/1603766539664866912,2
1603770138142421786,https://www.airbnb.com/rooms/1603770138142421786,2
1603772082294972896,https://www.airbnb.com/rooms/1603772082294972896,2
1603965623766408298,https://www.airbnb.com/rooms/1603965623766408298,2
1604449053741735810,https://www.airbnb.com/rooms/1604449053741735810,1
1604467313461346906,https://www.airbnb.com/rooms/1604467313461346906,1
1604546220300659066,https://www.airbnb.com/rooms/1604546220300659066,2
1604557514897082339,https://www.airbnb.com/rooms/1604557514897082339,2
1604560762126799794,https://www.airbnb.com/rooms/1604560762126799794,5
1604582617507220673,https://www.airbnb.com/rooms/1604582617507220673,4
1604645330305230468,https://www.airbnb.com/rooms/1604645330305230468,8
1604779065929288596,https://www.airbnb.com/rooms/1604779065929288596,1
1605213220085837878,https://www.airbnb.com/rooms/1605213220085837878,2
1605222401642393853,https://www.airbnb.com/rooms/1605222401642393853,2
1605233043496785115,https://www.airbnb.com/rooms/1605233043496785115,2
1605241689082503768,https://www.airbnb.com/rooms/1605241689082503768,1
1605273577463613668,https://www.airbnb.com/rooms/1605273577463613668,1
1605295838243997066,https://www.airbnb.com/rooms/1605295838243997066,2
1605298264216195904,https://www.airbnb.com/rooms/1605298264216195904,1
1605346509959648627,https://www.airbnb.com/rooms/1605346509959648627,2
1605388814422317347,https://www.airbnb.com/rooms/1605388814422317347,3
1605471882808355752,https://www.airbnb.com/rooms/1605471882808355752,1
1605856449589937997,https://www.airbnb.com/rooms/1605856449589937997,1
1605865599484408983,https://www.airbnb.com/rooms/1605865599484408983,1
1605873370289683168,https://www.airbnb.com/rooms/1605873370289683168,1
1605916170436531308,https://www.airbnb.com/rooms/1605916170436531308,6
1605923746817229057,https://www.airbnb.com/rooms/1605923746817229057,4
1605946431852909632,https://www.airbnb.com/rooms/1605946431852909632,1
1606052005271653031,https://www.airbnb.com/rooms/1606052005271653031,1
1606070775596884743,https://www.airbnb.com/rooms/1606070775596884743,2
1606151295972746168,https://www.airbnb.com/rooms/1606151295972746168,1
1606162702650109419,https://www.airbnb.com/rooms/1606162702650109419,2
1606789627740549480,https://www.airbnb.com/rooms/1606789627740549480,2
1606896234070153894,https://www.airbnb.com/rooms/1606896234070153894,2
1607379440677531866,https://www.airbnb.com/rooms/1607379440677531866,1
1607388993592405242,https://www.airbnb.com/rooms/1607388993592405242,4
1607460567591084166,https://www.airbnb.com/rooms/1607460567591084166,4
1607466848964702666,https://www.airbnb.com/rooms/1607466848964702666,4
1607469941307490557,https://www.airbnb.com/rooms/1607469941307490557,4
1607471342642865747,https://www.airbnb.com/rooms/1607471342642865747,4
1607491880930859891,https://www.airbnb.com/rooms/1607491880930859891,2
1607511206334678602,https://www.airbnb.com/rooms/1607511206334678602,1
1607511522265116368,https://www.airbnb.com/rooms/1607511522265116368,2
1607540435062414662,https://www.airbnb.com/rooms/1607540435062414662,3
1607555218462984125,https://www.airbnb.com/rooms/1607555218462984125,1
1607588988925133177,https://www.airbnb.com/rooms/1607588988925133177,1
1607592618297531157,https://www.airbnb.com/rooms/1607592618297531157,1
1608043679556136918,https://www.airbnb.com/rooms/1608043679556136918,2
1608156460624129895,https://www.airbnb.com/rooms/1608156460624129895,4
1608170754062774516,https://www.airbnb.com/rooms/1608170754062774516,1
1608358133690095633,https://www.airbnb.com/rooms/1608358133690095633,1
1608360947803145814,https://www.airbnb.com/rooms/1608360947803145814,1
1608406330084587648,https://www.airbnb.com/rooms/1608406330084587648,2
1608432619937003073,https://www.airbnb.com/rooms/1608432619937003073,4
1608478344587627259,https://www.airbnb.com/rooms/1608478344587627259,1
1608478381214962144,https://www.airbnb.com/rooms/1608478381214962144,1
1608604791373704556,https://www.airbnb.com/rooms/1608604791373704556,1
1608714021990215104,https://www.airbnb.com/rooms/1608714021990215104,1
1608860512748956246,https://www.airbnb.com/rooms/1608860512748956246,1
1608942824863656204,https://www.airbnb.com/rooms/1608942824863656204,1
1609041168430000002,https://www.airbnb.com/rooms/1609041168430000002,1
1609048208201484705,https://www.airbnb.com/rooms/1609048208201484705,1
1609098204543141939,https://www.airbnb.com/rooms/1609098204543141939,1
1610563484055511801,https://www.airbnb.com/rooms/1610563484055511801,1
1610944809035611966,https://www.airbnb.com/rooms/1610944809035611966,1
1610948109654194599,https://www.airbnb.com/rooms/1610948109654194599,3
1611009134424651182,https://www.airbnb.com/rooms/1611009134424651182,1
1611057716678469127,https://www.airbnb.com/rooms/1611057716678469127,1
1611108141569030856,https://www.airbnb.com/rooms/1611108141569030856,2
1611663375762185776,https://www.airbnb.com/rooms/1611663375762185776,3
1611786708136030123,https://www.airbnb.com/rooms/1611786708136030123,1
1611791290281798435,https://www.airbnb.com/rooms/1611791290281798435,1
1612387744975150213,https://www.airbnb.com/rooms/1612387744975150213,4
1612393275809260959,https://www.airbnb.com/rooms/1612393275809260959,1
1612441109791854147,https://www.airbnb.com/rooms/1612441109791854147,1
1612590005890573638,https://www.airbnb.com/rooms/1612590005890573638,1
1612594684284841105,https://www.airbnb.com/rooms/1612594684284841105,4
1612603937778971952,https://www.airbnb.com/rooms/1612603937778971952,4
1612680551495724064,https://www.airbnb.com/rooms/1612680551495724064,2
1612819345930457630,https://www.airbnb.com/rooms/1612819345930457630,4
1613116000006236738,https://www.airbnb.com/rooms/1613116000006236738,1
1613118642176544966,https://www.airbnb.com/rooms/1613118642176544966,1
1613129054500653652,https://www.airbnb.com/rooms/1613129054500653652,1
1613213904604306060,https://www.airbnb.com/rooms/1613213904604306060,2
1613214993608353504,https://www.airbnb.com/rooms/1613214993608353504,1
1613263658976814827,https://www.airbnb.com/rooms/1613263658976814827,4
1613265357596979023,https://www.airbnb.com/rooms/1613265357596979023,2
1613273338173295460,https://www.airbnb.com/rooms/1613273338173295460,1
1613284213358780465,https://www.airbnb.com/rooms/1613284213358780465,2
1613353754809861395,https://www.airbnb.com/rooms/1613353754809861395,2
1613806270609856608,https://www.airbnb.com/rooms/1613806270609856608,2
1613887173335388689,https://www.airbnb.com/rooms/1613887173335388689,3
1613909198497758245,https://www.airbnb.com/rooms/1613909198497758245,1
1613979434360030426,https://www.airbnb.com/rooms/1613979434360030426,2
1613984964777516794,https://www.airbnb.com/rooms/1613984964777516794,2
1613987023019302229,https://www.airbnb.com/rooms/1613987023019302229,2
1613988980406857573,https://www.airbnb.com/rooms/1613988980406857573,2
1613991727421899007,https://www.airbnb.com/rooms/1613991727421899007,1
1613993725319983133,https://www.airbnb.com/rooms/1613993725319983133,2
1613995143795168344,https://www.airbnb.com/rooms/1613995143795168344,2
1613996806855924920,https://www.airbnb.com/rooms/1613996806855924920,2
1614047402455051893,https://www.airbnb.com/rooms/1614047402455051893,3
1614055468586275857,https://www.airbnb.com/rooms/1614055468586275857,4
1614059404339216560,https://www.airbnb.com/rooms/1614059404339216560,4
1614061719133366605,https://www.airbnb.com/rooms/1614061719133366605,4
1614068443959968010,https://www.airbnb.com/rooms/1614068443959968010,3
1614089877516167096,https://www.airbnb.com/rooms/1614089877516167096,5
1614113184846992789,https://www.airbnb.com/rooms/1614113184846992789,1
1614250767646894385,https://www.airbnb.com/rooms/1614250767646894385,2
1614269595809731409,https://www.airbnb.com/rooms/1614269595809731409,1
1614366745133774343,https://www.airbnb.com/rooms/1614366745133774343,1
1614504421204142857,https://www.airbnb.com/rooms/1614504421204142857,4
1614543029497406161,https://www.airbnb.com/rooms/1614543029497406161,4
1614546209029614581,https://www.airbnb.com/rooms/1614546209029614581,2
1614557295178849774,https://www.airbnb.com/rooms/1614557295178849774,1
1614562476847737013,https://www.airbnb.com/rooms/1614562476847737013,2
1614571228475014937,https://www.airbnb.com/rooms/1614571228475014937,2
1614582583859232531,https://www.airbnb.com/rooms/1614582583859232531,1
1614585860753139805,https://www.airbnb.com/rooms/1614585860753139805,2
1614609133024411061,https://www.airbnb.com/rooms/1614609133024411061,2
1614615985565325581,https://www.airbnb.com/rooms/1614615985565325581,2
1614618940102080069,https://www.airbnb.com/rooms/1614618940102080069,2
1614641339974171668,https://www.airbnb.com/rooms/1614641339974171668,1
1614654851380477556,https://www.airbnb.com/rooms/1614654851380477556,2
1614662911963781877,https://www.airbnb.com/rooms/1614662911963781877,1
1614664710350664976,https://www.airbnb.com/rooms/1614664710350664976,2
1614768743614086607,https://www.airbnb.com/rooms/1614768743614086607,3
1614777759502810171,https://www.airbnb.com/rooms/1614777759502810171,3
1615264602271764788,https://www.airbnb.com/rooms/1615264602271764788,2
1615312167834960215,https://www.airbnb.com/rooms/1615312167834960215,1
1615323166064426132,https://www.airbnb.com/rooms/1615323166064426132,2
1615340147969667666,https://www.airbnb.com/rooms/1615340147969667666,1
1615399962186570925,https://www.airbnb.com/rooms/1615399962186570925,1
1615443864171245700,https://www.airbnb.com/rooms/1615443864171245700,1
1615447506341329866,https://www.airbnb.com/rooms/1615447506341329866,2
1615448295389181334,https://www.airbnb.com/rooms/1615448295389181334,2
1615451248911981424,https://www.airbnb.com/rooms/1615451248911981424,2
1615456100976486284,https://www.airbnb.com/rooms/1615456100976486284,2
1615458655783635854,https://www.airbnb.com/rooms/1615458655783635854,2
1615461049622107002,https://www.airbnb.com/rooms/1615461049622107002,1
1615462067524008771,https://www.airbnb.com/rooms/1615462067524008771,1
1615465030115039953,https://www.airbnb.com/rooms/1615465030115039953,1
1615472508272216354,https://www.airbnb.com/rooms/1615472508272216354,2
1615503596687564378,https://www.airbnb.com/rooms/1615503596687564378,1
1615529698184821907,https://www.airbnb.com/rooms/1615529698184821907,2
1616060420117554528,https://www.airbnb.com/rooms/1616060420117554528,4
1616211851376194545,https://www.airbnb.com/rooms/1616211851376194545,4
1616215597980914339,https://www.airbnb.com/rooms/1616215597980914339,4
1616237817427788112,https://www.airbnb.com/rooms/1616237817427788112,4
1616996299244266524,https://www.airbnb.com/rooms/1616996299244266524,2
1617487026663296249,https://www.airbnb.com/rooms/1617487026663296249,4
1617489805638300726,https://www.airbnb.com/rooms/1617489805638300726,4
1617601989209310332,https://www.airbnb.com/rooms/1617601989209310332,1
1618164643328205585,https://www.airbnb.com/rooms/1618164643328205585,4
1618349521466208741,https://www.airbnb.com/rooms/1618349521466208741,4
1618352562673080329,https://www.airbnb.com/rooms/1618352562673080329,2
1618838201486742082,https://www.airbnb.com/rooms/1618838201486742082,2
1618896203292325938,https://www.airbnb.com/rooms/1618896203292325938,1
1618916478429094939,https://www.airbnb.com/rooms/1618916478429094939,2
1618930341156554752,https://www.airbnb.com/rooms/1618930341156554752,2
1619018822629260817,https://www.airbnb.com/rooms/1619018822629260817,6
1619084394356022016,https://www.airbnb.com/rooms/1619084394356022016,2
1619089323612167513,https://www.airbnb.com/rooms/1619089323612167513,1
1619179210250299398,https://www.airbnb.com/rooms/1619179210250299398,1
1619209408175909306,https://www.airbnb.com/rooms/1619209408175909306,1
1619248180962725720,https://www.airbnb.com/rooms/1619248180962725720,1
1619270083538794317,https://www.airbnb.com/rooms/1619270083538794317,2
1619278045505199921,https://www.airbnb.com/rooms/1619278045505199921,2
1619858276991072968,https://www.airbnb.com/rooms/1619858276991072968,2
1619959441218882792,https://www.airbnb.com/rooms/1619959441218882792,5
1619976511606065678,https://www.airbnb.com/rooms/1619976511606065678,1
1619977240023216651,https://www.airbnb.com/rooms/1619977240023216651,1
1619977446827755261,https://www.airbnb.com/rooms/1619977446827755261,1
1619977629567905935,https://www.airbnb.com/rooms/1619977629567905935,1
1620439878650220780,https://www.airbnb.com/rooms/1620439878650220780,2
1620547454655769527,https://www.airbnb.com/rooms/1620547454655769527,2
1620639314260962615,https://www.airbnb.com/rooms/1620639314260962615,1
1620711341910266070,https://www.airbnb.com/rooms/1620711341910266070,1
1620928128693899455,https://www.airbnb.com/rooms/1620928128693899455,2
1621211161547937703,https://www.airbnb.com/rooms/1621211161547937703,1
1621235209780922656,https://www.airbnb.com/rooms/1621235209780922656,2
1621396351691088357,https://www.airbnb.com/rooms/1621396351691088357,2
1621773582352467592,https://www.airbnb.com/rooms/1621773582352467592,1
1621942382756432207,https://www.airbnb.com/rooms/1621942382756432207,1
1622004318603219562,https://www.airbnb.com/rooms/1622004318603219562,4
1622497391783488976,https://www.airbnb.com/rooms/1622497391783488976,2
1622649147814884114,https://www.airbnb.com/rooms/1622649147814884114,1
1622732546696060465,https://www.airbnb.com/rooms/1622732546696060465,2
1623263108927118894,https://www.airbnb.com/rooms/1623263108927118894,2
1623363436457380956,https://www.airbnb.com/rooms/1623363436457380956,2
1623438886625040123,https://www.airbnb.com/rooms/1623438886625040123,1
1623450013551245673,https://www.airbnb.com/rooms/1623450013551245673,2
1623458545877781453,https://www.airbnb.com/rooms/1623458545877781453,3
1623494154768221912,https://www.airbnb.com/rooms/1623494154768221912,2
1623560132564053792,https://www.airbnb.com/rooms/1623560132564053792,1
1623771708975756676,https://www.airbnb.com/rooms/1623771708975756676,2
1623930812153641451,https://www.airbnb.com/rooms/1623930812153641451,1
1623966778187355720,https://www.airbnb.com/rooms/1623966778187355720,1
1624003617008903687,https://www.airbnb.com/rooms/1624003617008903687,2
1624029103394716770,https://www.airbnb.com/rooms/1624029103394716770,2
1624147179301093702,https://www.airbnb.com/rooms/1624147179301093702,2
1624181306925987354,https://www.airbnb.com/rooms/1624181306925987354,2
1624270926210526115,https://www.airbnb.com/rooms/1624270926210526115,4
1624298018944766171,https://www.airbnb.com/rooms/1624298018944766171,4
1624304721931920335,https://www.airbnb.com/rooms/1624304721931920335,4
1624340848803557662,https://www.airbnb.com/rooms/1624340848803557662,2
1624729761168252636,https://www.airbnb.com/rooms/1624729761168252636,3
1624755447693651007,https://www.airbnb.com/rooms/1624755447693651007,2
1624790368782673439,https://www.airbnb.com/rooms/1624790368782673439,1
1624847457086312323,https://www.airbnb.com/rooms/1624847457086312323,6
1624973917613733277,https://www.airbnb.com/rooms/1624973917613733277,4
1625362438729567660,https://www.airbnb.com/rooms/1625362438729567660,2
1625367476065449451,https://www.airbnb.com/rooms/1625367476065449451,2
1625368089939260246,https://www.airbnb.com/rooms/1625368089939260246,2
1625373108658534892,https://www.airbnb.com/rooms/1625373108658534892,1
1625373493652960276,https://www.airbnb.com/rooms/1625373493652960276,1
1625373982853173391,https://www.airbnb.com/rooms/1625373982853173391,1
1625374339368880225,https://www.airbnb.com/rooms/1625374339368880225,1
1625405792723159243,https://www.airbnb.com/rooms/1625405792723159243,6
1625427417508773153,https://www.airbnb.com/rooms/1625427417508773153,1
1625503051013579307,https://www.airbnb.com/rooms/1625503051013579307,4
1625503419645694418,https://www.airbnb.com/rooms/1625503419645694418,2
1625602420211577758,https://www.airbnb.com/rooms/1625602420211577758,4
1625771304098475696,https://www.airbnb.com/rooms/1625771304098475696,1
1625869319010659040,https://www.airbnb.com/rooms/1625869319010659040,1
1626309110669427468,https://www.airbnb.com/rooms/1626309110669427468,1
1626397748526268700,https://www.airbnb.com/rooms/1626397748526268700,2
1626418127860710009,https://www.airbnb.com/rooms/1626418127860710009,1
1626422842358907808,https://www.airbnb.com/rooms/1626422842358907808,1
1626860271603565156,https://www.airbnb.com/rooms/1626860271603565156,2
1627027039579264434,https://www.airbnb.com/rooms/1627027039579264434,2
1627114342896834478,https://www.airbnb.com/rooms/1627114342896834478,2
1627533022289736982,https://www.airbnb.com/rooms/1627533022289736982,2
1627533313779000504,https://www.airbnb.com/rooms/1627533313779000504,1
1627539448544191673,https://www.airbnb.com/rooms/1627539448544191673,1
1627544224883518691,https://www.airbnb.com/rooms/1627544224883518691,4
1627651812902046990,https://www.airbnb.com/rooms/1627651812902046990,2
1627725365888416937,https://www.airbnb.com/rooms/1627725365888416937,1
1627758841606585051,https://www.airbnb.com/rooms/1627758841606585051,1
1627758927043092934,https://www.airbnb.com/rooms/1627758927043092934,3
1627761856251783423,https://www.airbnb.com/rooms/1627761856251783423,3
1627763867331356710,https://www.airbnb.com/rooms/1627763867331356710,3
1627765792909973497,https://www.airbnb.com/rooms/1627765792909973497,3
1627782151902932804,https://www.airbnb.com/rooms/1627782151902932804,1
1627806084943056960,https://www.airbnb.com/rooms/1627806084943056960,2
1627939274598704353,https://www.airbnb.com/rooms/1627939274598704353,4
1627952321339812960,https://www.airbnb.com/rooms/1627952321339812960,5
1627979272113852288,https://www.airbnb.com/rooms/1627979272113852288,2
1627993970732450776,https://www.airbnb.com/rooms/1627993970732450776,2
1628289277343182119,https://www.airbnb.com/rooms/1628289277343182119,2
1628293135053064386,https://www.airbnb.com/rooms/1628293135053064386,2
1628293296940479671,https://www.airbnb.com/rooms/1628293296940479671,1
1628293761834142489,https://www.airbnb.com/rooms/1628293761834142489,2
1628295851781992877,https://www.airbnb.com/rooms/1628295851781992877,3
1628301564119360196,https://www.airbnb.com/rooms/1628301564119360196,4
1628385272541411317,https://www.airbnb.com/rooms/1628385272541411317,1
1628388187463671262,https://www.airbnb.com/rooms/1628388187463671262,1
1628398796164147323,https://www.airbnb.com/rooms/1628398796164147323,1
1628402069238401231,https://www.airbnb.com/rooms/1628402069238401231,2
1628518158892027186,https://www.airbnb.com/rooms/1628518158892027186,2
1628538898579214978,https://www.airbnb.com/rooms/1628538898579214978,3
1628563068472636367,https://www.airbnb.com/rooms/1628563068472636367,1
1628571747790972208,https://www.airbnb.com/rooms/1628571747790972208,2
1628618394690524779,https://www.airbnb.com/rooms/1628618394690524779,2
1629059518589823444,https://www.airbnb.com/rooms/1629059518589823444,3
1629179361444842638,https://www.airbnb.com/rooms/1629179361444842638,2
1629229444314200860,https://www.airbnb.com/rooms/1629229444314200860,2
1629250545336563059,https://www.airbnb.com/rooms/1629250545336563059,2
1629268208973356374,https://www.airbnb.com/rooms/1629268208973356374,2
1629804240846769850,https://www.airbnb.com/rooms/1629804240846769850,2
1629834298825188521,https://www.airbnb.com/rooms/1629834298825188521,4
1629869655093474193,https://www.airbnb.com/rooms/1629869655093474193,2
1630013129411302136,https://www.airbnb.com/rooms/1630013129411302136,1
1630083258599112575,https://www.airbnb.com/rooms/1630083258599112575,2
1630137497179724680,https://www.airbnb.com/rooms/1630137497179724680,4
1630137547984958749,https://www.airbnb.com/rooms/1630137547984958749,4
1630469869972799308,https://www.airbnb.com/rooms/1630469869972799308,2
1630500606678657796,https://www.airbnb.com/rooms/1630500606678657796,3
1630524904351586715,https://www.airbnb.com/rooms/1630524904351586715,2
1630610491581702960,https://www.airbnb.com/rooms/1630610491581702960,2
1630623401661726466,https://www.airbnb.com/rooms/1630623401661726466,2
1630675623475410699,https://www.airbnb.com/rooms/1630675623475410699,3
1630769014112206421,https://www.airbnb.com/rooms/1630769014112206421,1
1630774277004009377,https://www.airbnb.com/rooms/1630774277004009377,1
1630899539278852074,https://www.airbnb.com/rooms/1630899539278852074,2
1631259658529527516,https://www.airbnb.com/rooms/1631259658529527516,6
1631285624402333158,https://www.airbnb.com/rooms/1631285624402333158,2
1631363580692374803,https://www.airbnb.com/rooms/1631363580692374803,2
1631420495767128144,https://www.airbnb.com/rooms/1631420495767128144,2
1631491057910989282,https://www.airbnb.com/rooms/1631491057910989282,4
1631680002047970582,https://www.airbnb.com/rooms/1631680002047970582,2
1631975013133544042,https://www.airbnb.com/rooms/1631975013133544042,4
1632064319723031554,https://www.airbnb.com/rooms/1632064319723031554,1
1632081682750554183,https://www.airbnb.com/rooms/1632081682750554183,2
1632117607733582007,https://www.airbnb.com/rooms/1632117607733582007,4
1632138127074879211,https://www.airbnb.com/rooms/1632138127074879211,2
1632322105890204541,https://www.airbnb.com/rooms/1632322105890204541,1
1632661953182673490,https://www.airbnb.com/rooms/1632661953182673490,2
1632680755319939128,https://www.airbnb.com/rooms/1632680755319939128,2
1632752572606149036,https://www.airbnb.com/rooms/1632752572606149036,2
1632753664075999815,https://www.airbnb.com/rooms/1632753664075999815,2
1632774410448223818,https://www.airbnb.com/rooms/1632774410448223818,2
1632776147695965497,https://www.airbnb.com/rooms/1632776147695965497,2
1632817190545028234,https://www.airbnb.com/rooms/1632817190545028234,2
1632979782786511347,https://www.airbnb.com/rooms/1632979782786511347,1
1633057064201625293,https://www.airbnb.com/rooms/1633057064201625293,1
1633329149919458707,https://www.airbnb.com/rooms/1633329149919458707,3
1633440845032558229,https://www.airbnb.com/rooms/1633440845032558229,6
1633495212094159186,https://www.airbnb.com/rooms/1633495212094159186,4
1633497476418536012,https://www.airbnb.com/rooms/1633497476418536012,1
1633597031261011637,https://www.airbnb.com/rooms/1633597031261011637,2
1633609335253502852,https://www.airbnb.com/rooms/1633609335253502852,2
1633680483820466391,https://www.airbnb.com/rooms/1633680483820466391,1
1634007971278196592,https://www.airbnb.com/rooms/1634007971278196592,1
1634136874361784462,https://www.airbnb.com/rooms/1634136874361784462,2
1634243997792920098,https://www.airbnb.com/rooms/1634243997792920098,3
1634307266360820140,https://www.airbnb.com/rooms/1634307266360820140,4
1634310396542942057,https://www.airbnb.com/rooms/1634310396542942057,2
1634346236084201075,https://www.airbnb.com/rooms/1634346236084201075,2
1634483633952102554,https://www.airbnb.com/rooms/1634483633952102554,4
1634811602409182650,https://www.airbnb.com/rooms/1634811602409182650,1
1634878866524231695,https://www.airbnb.com/rooms/1634878866524231695,1
1634902892490996951,https://www.airbnb.com/rooms/1634902892490996951,1
1634930421895065630,https://www.airbnb.com/rooms/1634930421895065630,1
1634940747921766378,https://www.airbnb.com/rooms/1634940747921766378,1
1634945135298504580,https://www.airbnb.com/rooms/1634945135298504580,2
1634951542427253243,https://www.airbnb.com/rooms/1634951542427253243,6
1635011791052784123,https://www.airbnb.com/rooms/1635011791052784123,1
1635015125616383350,https://www.airbnb.com/rooms/1635015125616383350,3
1635043939329591181,https://www.airbnb.com/rooms/1635043939329591181,1
1635053978245484348,https://www.airbnb.com/rooms/1635053978245484348,2
1635140894660403756,https://www.airbnb.com/rooms/1635140894660403756,1
1635210783873809498,https://www.airbnb.com/rooms/1635210783873809498,2
1635358466251375009,https://www.airbnb.com/rooms/1635358466251375009,1
1635688996228126543,https://www.airbnb.com/rooms/1635688996228126543,1
1635694320252295679,https://www.airbnb.com/rooms/1635694320252295679,2
1635716348972030918,https://www.airbnb.com/rooms/1635716348972030918,1
1635764928888074243,https://www.airbnb.com/rooms/1635764928888074243,1
1635860826572596534,https://www.airbnb.com/rooms/1635860826572596534,6
1635940822742925963,https://www.airbnb.com/rooms/1635940822742925963,1
1636372771520311187,https://www.airbnb.com/rooms/1636372771520311187,1
1636505522521219544,https://www.airbnb.com/rooms/1636505522521219544,1
1636549897592070444,https://www.airbnb.com/rooms/1636549897592070444,2
1636600324972013473,https://www.airbnb.com/rooms/1636600324972013473,2
1636887780588458752,https://www.airbnb.com/rooms/1636887780588458752,2
1637150036097473463,https://www.airbnb.com/rooms/1637150036097473463,2
1637233688807157585,https://www.airbnb.com/rooms/1637233688807157585,1
1637300589522463304,https://www.airbnb.com/rooms/1637300589522463304,4
1637368583752705618,https://www.airbnb.com/rooms/1637368583752705618,2
1637376024541943473,https://www.airbnb.com/rooms/1637376024541943473,1
1637406682629417695,https://www.airbnb.com/rooms/1637406682629417695,2
1637750423320930941,https://www.airbnb.com/rooms/1637750423320930941,1
1637836056341543551,https://www.airbnb.com/rooms/1637836056341543551,4
1637884542635178282,https://www.airbnb.com/rooms/1637884542635178282,1
1637934038186216828,https://www.airbnb.com/rooms/1637934038186216828,2
1637993898937789694,https://www.airbnb.com/rooms/1637993898937789694,4
1638142802296823349,https://www.airbnb.com/rooms/1638142802296823349,2
1638479139722983061,https://www.airbnb.com/rooms/1638479139722983061,1
1638507079813798630,https://www.airbnb.com/rooms/1638507079813798630,2
1638702131416039423,https://www.airbnb.com/rooms/1638702131416039423,11
1638730536525946026,https://www.airbnb.com/rooms/1638730536525946026,3
1638761537284746588,https://www.airbnb.com/rooms/1638761537284746588,2
1638804979394051771,https://www.airbnb.com/rooms/1638804979394051771,2
1638810800955829272,https://www.airbnb.com/rooms/1638810800955829272,2
1638822753129784181,https://www.airbnb.com/rooms/1638822753129784181,1
1638882984514160867,https://www.airbnb.com/rooms/1638882984514160867,2
1638923908508507631,https://www.airbnb.com/rooms/1638923908508507631,2
1639091331978424199,https://www.airbnb.com/rooms/1639091331978424199,2
1639201184310331967,https://www.airbnb.com/rooms/1639201184310331967,2
1639229244764644250,https://www.airbnb.com/rooms/1639229244764644250,1
1639254361679729180,https://www.airbnb.com/rooms/1639254361679729180,2
1639254735739570693,https://www.airbnb.com/rooms/1639254735739570693,1
1639401295640009724,https://www.airbnb.com/rooms/1639401295640009724,1
1639578844305011644,https://www.airbnb.com/rooms/1639578844305011644,2
1639585502195058294,https://www.airbnb.com/rooms/1639585502195058294,2
1639590063299919307,https://www.airbnb.com/rooms/1639590063299919307,1
1639592329182639937,https://www.airbnb.com/rooms/1639592329182639937,1
1639607223934927319,https://www.airbnb.com/rooms/1639607223934927319,2
1639679617175629351,https://www.airbnb.com/rooms/1639679617175629351,2
1639691887401007533,https://www.airbnb.com/rooms/1639691887401007533,2
1639784437306352331,https://www.airbnb.com/rooms/1639784437306352331,1
1639976219612695847,https://www.airbnb.com/rooms/1639976219612695847,2
1639991640035487916,https://www.airbnb.com/rooms/1639991640035487916,4
1640073127715928060,https://www.airbnb.com/rooms/1640073127715928060,1
1640146743763675076,https://www.airbnb.com/rooms/1640146743763675076,2
1640170989317134389,https://www.airbnb.com/rooms/1640170989317134389,2
1640173184947810777,https://www.airbnb.com/rooms/1640173184947810777,1
1640190940591866904,https://www.airbnb.com/rooms/1640190940591866904,1
1640194258061143938,https://www.airbnb.com/rooms/1640194258061143938,1
1640194667536525254,https://www.airbnb.com/rooms/1640194667536525254,1
1640194922167773287,https://www.airbnb.com/rooms/1640194922167773287,1
1640254811254990339,https://www.airbnb.com/rooms/1640254811254990339,2
1640256781236856844,https://www.airbnb.com/rooms/1640256781236856844,4
1640275923376131655,https://www.airbnb.com/rooms/1640275923376131655,2
1640300914794677538,https://www.airbnb.com/rooms/1640300914794677538,1
1640618920185229538,https://www.airbnb.com/rooms/1640618920185229538,2
1640673447083744278,https://www.airbnb.com/rooms/1640673447083744278,2
1640702029980444437,https://www.airbnb.com/rooms/1640702029980444437,1
1640774217339740708,https://www.airbnb.com/rooms/1640774217339740708,6
1640779125121346490,https://www.airbnb.com/rooms/1640779125121346490,6
1640812059596052211,https://www.airbnb.com/rooms/1640812059596052211,2
1640946627752478172,https://www.airbnb.com/rooms/1640946627752478172,1
1641032516864153911,https://www.airbnb.com/rooms/1641032516864153911,2
1641168389032064204,https://www.airbnb.com/rooms/1641168389032064204,4
1641346787106084012,https://www.airbnb.com/rooms/1641346787106084012,2
1641471575428649207,https://www.airbnb.com/rooms/1641471575428649207,1
1641561552880115926,https://www.airbnb.com/rooms/1641561552880115926,1
1642104158748430139,https://www.airbnb.com/rooms/1642104158748430139,1
1642130972251993075,https://www.airbnb.com/rooms/1642130972251993075,2
1642244253091525639,https://www.airbnb.com/rooms/1642244253091525639,2
1642302770952227843,https://www.airbnb.com/rooms/1642302770952227843,2
1642502108012099322,https://www.airbnb.com/rooms/1642502108012099322,1
1642566748446745915,https://www.airbnb.com/rooms/1642566748446745915,2
1642566879897076957,https://www.airbnb.com/rooms/1642566879897076957,1
1642567215558176321,https://www.airbnb.com/rooms/1642567215558176321,4
1642664182268400649,https://www.airbnb.com/rooms/1642664182268400649,2
1642664319557906337,https://www.airbnb.com/rooms/1642664319557906337,2
1642664806515350926,https://www.airbnb.com/rooms/1642664806515350926,2
1642665731919586442,https://www.airbnb.com/rooms/1642665731919586442,2
1642665907541045475,https://www.airbnb.com/rooms/1642665907541045475,2
1642738237446521604,https://www.airbnb.com/rooms/1642738237446521604,2
1642790194860985105,https://www.airbnb.com/rooms/1642790194860985105,1
1642796007582522029,https://www.airbnb.com/rooms/1642796007582522029,2
1642796796098772183,https://www.airbnb.com/rooms/1642796796098772183,2
1643072502995075141,https://www.airbnb.com/rooms/1643072502995075141,2
1643208070843757752,https://www.airbnb.com/rooms/1643208070843757752,1
1643532694920038284,https://www.airbnb.com/rooms/1643532694920038284,3
1643780395545742487,https://www.airbnb.com/rooms/1643780395545742487,1
1643833120328832210,https://www.airbnb.com/rooms/1643833120328832210,4
1644202092153918916,https://www.airbnb.com/rooms/1644202092153918916,3
1644275740205177240,https://www.airbnb.com/rooms/1644275740205177240,1
1644401553594361417,https://www.airbnb.com/rooms/1644401553594361417,2
1644402085322738503,https://www.airbnb.com/rooms/1644402085322738503,1
1644446854518872769,https://www.airbnb.com/rooms/1644446854518872769,4
1644450288613435446,https://www.airbnb.com/rooms/1644450288613435446,2
1644623449430214942,https://www.airbnb.com/rooms/1644623449430214942,1
1644922280488348040,https://www.airbnb.com/rooms/1644922280488348040,4
1645017079629110798,https://www.airbnb.com/rooms/1645017079629110798,1
1645029008271979044,https://www.airbnb.com/rooms/1645029008271979044,1
1645152753568993783,https://www.airbnb.com/rooms/1645152753568993783,1
1645705361989566035,https://www.airbnb.com/rooms/1645705361989566035,4
1645715050067179497,https://www.airbnb.com/rooms/1645715050067179497,2
1645775803659752470,https://www.airbnb.com/rooms/1645775803659752470,1
1645776347838589655,https://www.airbnb.com/rooms/1645776347838589655,2
1645782015282532506,https://www.airbnb.com/rooms/1645782015282532506,3
1645803130999543624,https://www.airbnb.com/rooms/1645803130999543624,2
1646451807029981757,https://www.airbnb.com/rooms/1646451807029981757,3
1646539968588116911,https://www.airbnb.com/rooms/1646539968588116911,1
1646597675848726453,https://www.airbnb.com/rooms/1646597675848726453,2
1646763042496294591,https://www.airbnb.com/rooms/1646763042496294591,1
1647115787824727884,https://www.airbnb.com/rooms/1647115787824727884,3
1647179948567930014,https://www.airbnb.com/rooms/1647179948567930014,1
1647239376668402032,https://www.airbnb.com/rooms/1647239376668402032,2
1647287829757551153,https://www.airbnb.com/rooms/1647287829757551153,1
1647308132816173785,https://www.airbnb.com/rooms/1647308132816173785,3
1647373761987004167,https://www.airbnb.com/rooms/1647373761987004167,1
1647501642227158872,https://www.airbnb.com/rooms/1647501642227158872,1
1647526555420677344,https://www.airbnb.com/rooms/1647526555420677344,1
1647533345192841047,https://www.airbnb.com/rooms/1647533345192841047,1
1647541487047964670,https://www.airbnb.com/rooms/1647541487047964670,2
1647875530740963822,https://www.airbnb.com/rooms/1647875530740963822,1
1647997412761714327,https://www.airbnb.com/rooms/1647997412761714327,3
1648015883376392061,https://www.airbnb.com/rooms/1648015883376392061,1
1648022809839659811,https://www.airbnb.com/rooms/1648022809839659811,1
1648071796852502388,https://www.airbnb.com/rooms/1648071796852502388,6
1648096439478260258,https://www.airbnb.com/rooms/1648096439478260258,2
1648120753200283512,https://www.airbnb.com/rooms/1648120753200283512,2
1648183059504330593,https://www.airbnb.com/rooms/1648183059504330593,2
1648527746513903816,https://www.airbnb.com/rooms/1648527746513903816,2
1648583087567981531,https://www.airbnb.com/rooms/1648583087567981531,2
1648844741968027622,https://www.airbnb.com/rooms/1648844741968027622,1
1648846738723299715,https://www.airbnb.com/rooms/1648846738723299715,4
1648850962287356665,https://www.airbnb.com/rooms/1648850962287356665,1
1648856976894270433,https://www.airbnb.com/rooms/1648856976894270433,2
1648875115638597476,https://www.airbnb.com/rooms/1648875115638597476,2
1648875132681124456,https://www.airbnb.com/rooms/1648875132681124456,2
1648875138739886936,https://www.airbnb.com/rooms/1648875138739886936,2
1648906718494005146,https://www.airbnb.com/rooms/1648906718494005146,5
1649243531085871906,https://www.airbnb.com/rooms/1649243531085871906,1
1649458960731620547,https://www.airbnb.com/rooms/1649458960731620547,2
1649464776920134776,https://www.airbnb.com/rooms/1649464776920134776,2
1649476025286613022,https://www.airbnb.com/rooms/1649476025286613022,1
1649631965773178902,https://www.airbnb.com/rooms/1649631965773178902,1
1649673057684120540,https://www.airbnb.com/rooms/1649673057684120540,2
1650025503519604912,https://www.airbnb.com/rooms/1650025503519604912,4
1650080289531671990,https://www.airbnb.com/rooms/1650080289531671990,1
1650110197512344189,https://www.airbnb.com/rooms/1650110197512344189,2
1650115920179181658,https://www.airbnb.com/rooms/1650115920179181658,1
1650134896171702172,https://www.airbnb.com/rooms/1650134896171702172,2
1650144209718170087,https://www.airbnb.com/rooms/1650144209718170087,4
1650154727720437753,https://www.airbnb.com/rooms/1650154727720437753,7
1650282262285118171,https://www.airbnb.com/rooms/1650282262285118171,1
1650298721848491816,https://www.airbnb.com/rooms/1650298721848491816,2
1650397894833346785,https://www.airbnb.com/rooms/1650397894833346785,2
1650413698398603498,https://www.airbnb.com/rooms/1650413698398603498,1
1650416141458178129,https://www.airbnb.com/rooms/1650416141458178129,2
1650479507703480264,https://www.airbnb.com/rooms/1650479507703480264,1
1650494263431511971,https://www.airbnb.com/rooms/1650494263431511971,8
1650560917437396347,https://www.airbnb.com/rooms/1650560917437396347,2
1651097261619563874,https://www.airbnb.com/rooms/1651097261619563874,2
1651622236508034186,https://www.airbnb.com/rooms/1651622236508034186,1
1651856138912878406,https://www.airbnb.com/rooms/1651856138912878406,1
1652215872322082954,https://www.airbnb.com/rooms/1652215872322082954,2
1652223912167574415,https://www.airbnb.com/rooms/1652223912167574415,2
1652300914378441353,https://www.airbnb.com/rooms/1652300914378441353,2
1652913024929186753,https://www.airbnb.com/rooms/1652913024929186753,2
1652943803379932242,https://www.airbnb.com/rooms/1652943803379932242,2
1653143453137082272,https://www.airbnb.com/rooms/1653143453137082272,3
1653148915438036812,https://www.airbnb.com/rooms/1653148915438036812,1
1653241575186111173,https://www.airbnb.com/rooms/1653241575186111173,3
1653786998013681797,https://www.airbnb.com/rooms/1653786998013681797,2
1653831387753841483,https://www.airbnb.com/rooms/1653831387753841483,1
1654068148208837826,https://www.airbnb.com/rooms/1654068148208837826,1
1654259351855139705,https://www.airbnb.com/rooms/1654259351855139705,2
1654351908926672939,https://www.airbnb.com/rooms/1654351908926672939,1
1654368393104571361,https://www.airbnb.com/rooms/1654368393104571361,2
1654368742087854523,https://www.airbnb.com/rooms/1654368742087854523,1
1654391074349285298,https://www.airbnb.com/rooms/1654391074349285298,4
1654391212262173209,https://www.airbnb.com/rooms/1654391212262173209,4
1654391278318552046,https://www.airbnb.com/rooms/1654391278318552046,4
1654391507568117392,https://www.airbnb.com/rooms/1654391507568117392,4
1654391575708053601,https://www.airbnb.com/rooms/1654391575708053601,4
1654391641677516850,https://www.airbnb.com/rooms/1654391641677516850,4
1654391963246406421,https://www.airbnb.com/rooms/1654391963246406421,4
1654416706226827579,https://www.airbnb.com/rooms/1654416706226827579,4
1654421679351465251,https://www.airbnb.com/rooms/1654421679351465251,1
1654513752703483662,https://www.airbnb.com/rooms/1654513752703483662,3
1654517774914174989,https://www.airbnb.com/rooms/1654517774914174989,1
1654540708772860539,https://www.airbnb.com/rooms/1654540708772860539,1
1654673285750006929,https://www.airbnb.com/rooms/1654673285750006929,3
1654756480401463960,https://www.airbnb.com/rooms/1654756480401463960,2
1654833140013962533,https://www.airbnb.com/rooms/1654833140013962533,3
1654833141762173808,https://www.airbnb.com/rooms/1654833141762173808,1
1654833662353422291,https://www.airbnb.com/rooms/1654833662353422291,1
1654879395131572456,https://www.airbnb.com/rooms/1654879395131572456,2
1654879451928180238,https://www.airbnb.com/rooms/1654879451928180238,2
1655119241934860306,https://www.airbnb.com/rooms/1655119241934860306,1
1655125908269760448,https://www.airbnb.com/rooms/1655125908269760448,2
1655133993918898087,https://www.airbnb.com/rooms/1655133993918898087,2
1655219690903661394,https://www.airbnb.com/rooms/1655219690903661394,1
1655219691622350884,https://www.airbnb.com/rooms/1655219691622350884,2
1655292110286804018,https://www.airbnb.com/rooms/1655292110286804018,2
1655329029936239948,https://www.airbnb.com/rooms/1655329029936239948,2
1655419847965726749,https://www.airbnb.com/rooms/1655419847965726749,2
1655430107158965874,https://www.airbnb.com/rooms/1655430107158965874,6
1655445930333312939,https://www.airbnb.com/rooms/1655445930333312939,2
1655517976606428963,https://www.airbnb.com/rooms/1655517976606428963,1
1655903453666712164,https://www.airbnb.com/rooms/1655903453666712164,1
1655914841137322736,https://www.airbnb.com/rooms/1655914841137322736,2
1655915317359261025,https://www.airbnb.com/rooms/1655915317359261025,2
1656001305775238806,https://www.airbnb.com/rooms/1656001305775238806,2
1656005400459076359,https://www.airbnb.com/rooms/1656005400459076359,2
1656033067798449593,https://www.airbnb.com/rooms/1656033067798449593,2
1656111531296088770,https://www.airbnb.com/rooms/1656111531296088770,4
1656114789444881311,https://www.airbnb.com/rooms/1656114789444881311,2
1656164668966676042,https://www.airbnb.com/rooms/1656164668966676042,3
1656176382559774927,https://www.airbnb.com/rooms/1656176382559774927,4
1656571430415530255,https://www.airbnb.com/rooms/1656571430415530255,1
1656571686196804178,https://www.airbnb.com/rooms/1656571686196804178,1
1656589130966668805,https://www.airbnb.com/rooms/1656589130966668805,4
1656730831851973531,https://www.airbnb.com/rooms/1656730831851973531,1
1657322616759374158,https://www.airbnb.com/rooms/1657322616759374158,1
1657402174372091985,https://www.airbnb.com/rooms/1657402174372091985,2
1657402738438361348,https://www.airbnb.com/rooms/1657402738438361348,1
1657501514771650436,https://www.airbnb.com/rooms/1657501514771650436,2
1657521138194690965,https://www.airbnb.com/rooms/1657521138194690965,2
1657543366231264852,https://www.airbnb.com/rooms/1657543366231264852,1
1657548016117912370,https://www.airbnb.com/rooms/1657548016117912370,2
1657594974478661378,https://www.airbnb.com/rooms/1657594974478661378,2
1658041746214802867,https://www.airbnb.com/rooms/1658041746214802867,1
1658128593443023126,https://www.airbnb.com/rooms/1658128593443023126,2
1658137581243946816,https://www.airbnb.com/rooms/1658137581243946816,2
1658137640581616838,https://www.airbnb.com/rooms/1658137640581616838,2
1658138962651260893,https://www.airbnb.com/rooms/1658138962651260893,2
1658811344183426008,https://www.airbnb.com/rooms/1658811344183426008,2
1658811357139234289,https://www.airbnb.com/rooms/1658811357139234289,2
1658811361721225262,https://www.airbnb.com/rooms/1658811361721225262,2
1658811362291568886,https://www.airbnb.com/rooms/1658811362291568886,2
1658915601732239325,https://www.airbnb.com/rooms/1658915601732239325,1
1658926794654949292,https://www.airbnb.com/rooms/1658926794654949292,2
1658927270774065938,https://www.airbnb.com/rooms/1658927270774065938,2
1658967800714164746,https://www.airbnb.com/rooms/1658967800714164746,1
1658968728684240123,https://www.airbnb.com/rooms/1658968728684240123,1
1658969394266194676,https://www.airbnb.com/rooms/1658969394266194676,1
1658973382879803915,https://www.airbnb.com/rooms/1658973382879803915,1
1658977875965598377,https://www.airbnb.com/rooms/1658977875965598377,1
1658977876838730522,https://www.airbnb.com/rooms/1658977876838730522,1
1658988708206076679,https://www.airbnb.com/rooms/1658988708206076679,1
1659009628810385411,https://www.airbnb.com/rooms/1659009628810385411,1
1659133095169353188,https://www.airbnb.com/rooms/1659133095169353188,1
1659479316176234064,https://www.airbnb.com/rooms/1659479316176234064,3
1659492185952558749,https://www.airbnb.com/rooms/1659492185952558749,4
1659544943926401702,https://www.airbnb.com/rooms/1659544943926401702,1
1659566138632668009,https://www.airbnb.com/rooms/1659566138632668009,2
1659819347140294409,https://www.airbnb.com/rooms/1659819347140294409,4
1659997830394794717,https://www.airbnb.com/rooms/1659997830394794717,2
1660111714178928833,https://www.airbnb.com/rooms/1660111714178928833,1
1660178824235940275,https://www.airbnb.com/rooms/1660178824235940275,3
1660200177751166571,https://www.airbnb.com/rooms/1660200177751166571,1
1660201596775041492,https://www.airbnb.com/rooms/1660201596775041492,2
1660246405792504365,https://www.airbnb.com/rooms/1660246405792504365,1
1660301491229676289,https://www.airbnb.com/rooms/1660301491229676289,4
1660317303000784356,https://www.airbnb.com/rooms/1660317303000784356,1
1660323503655102902,https://www.airbnb.com/rooms/1660323503655102902,2
1660324150265490919,https://www.airbnb.com/rooms/1660324150265490919,1
1660340414738034336,https://www.airbnb.com/rooms/1660340414738034336,2
1660381004822407119,https://www.airbnb.com/rooms/1660381004822407119,1
1660471669728613350,https://www.airbnb.com/rooms/1660471669728613350,1
1660527153734853531,https://www.airbnb.com/rooms/1660527153734853531,1
1660686293395354348,https://www.airbnb.com/rooms/1660686293395354348,2
1660875687883041402,https://www.airbnb.com/rooms/1660875687883041402,2
1660959249797556985,https://www.airbnb.com/rooms/1660959249797556985,2
1660994440075743551,https://www.airbnb.com/rooms/1660994440075743551,1
1661251827873022974,https://www.airbnb.com/rooms/1661251827873022974,1
1661533789921233350,https://www.airbnb.com/rooms/1661533789921233350,2
1661674335689396367,https://www.airbnb.com/rooms/1661674335689396367,1
1661712669060296042,https://www.airbnb.com/rooms/1661712669060296042,1
1661868383792755566,https://www.airbnb.com/rooms/1661868383792755566,2
1661960684653147191,https://www.airbnb.com/rooms/1661960684653147191,2
1662511472962765399,https://www.airbnb.com/rooms/1662511472962765399,2
1662712226332830571,https://www.airbnb.com/rooms/1662712226332830571,1
1662887004597968122,https://www.airbnb.com/rooms/1662887004597968122,2
1663115719232744808,https://www.airbnb.com/rooms/1663115719232744808,1
1663120015491308887,https://www.airbnb.com/rooms/1663120015491308887,1
1663248403348660679,https://www.airbnb.com/rooms/1663248403348660679,3
1663249159594961996,https://www.airbnb.com/rooms/1663249159594961996,3
1663287241624385156,https://www.airbnb.com/rooms/1663287241624385156,1
1663359197180425121,https://www.airbnb.com/rooms/1663359197180425121,2
1663417783979423893,https://www.airbnb.com/rooms/1663417783979423893,2
1663452445539944281,https://www.airbnb.com/rooms/1663452445539944281,1
1663832463228960439,https://www.airbnb.com/rooms/1663832463228960439,1
1663980266544202012,https://www.airbnb.com/rooms/1663980266544202012,3
1663983420690462696,https://www.airbnb.com/rooms/1663983420690462696,1
1664070686838961981,https://www.airbnb.com/rooms/1664070686838961981,1
1664071048077941250,https://www.airbnb.com/rooms/1664071048077941250,1
1664248901109848872,https://www.airbnb.com/rooms/1664248901109848872,1
1664545942907044443,https://www.airbnb.com/rooms/1664545942907044443,3
1664598387138232957,https://www.airbnb.com/rooms/1664598387138232957,2
1664604140285631216,https://www.airbnb.com/rooms/1664604140285631216,1
1664813759729676566,https://www.airbnb.com/rooms/1664813759729676566,1
1664853744271402344,https://www.airbnb.com/rooms/1664853744271402344,2
1664937488824340069,https://www.airbnb.com/rooms/1664937488824340069,4
1664938477242001874,https://www.airbnb.com/rooms/1664938477242001874,1
1665308192346549281,https://www.airbnb.com/rooms/1665308192346549281,2
1665439120664437543,https://www.airbnb.com/rooms/1665439120664437543,1
1665448500633608541,https://www.airbnb.com/rooms/1665448500633608541,2
1665485117964234611,https://www.airbnb.com/rooms/1665485117964234611,2
1665627988933651534,https://www.airbnb.com/rooms/1665627988933651534,2
1665846206672616810,https://www.airbnb.com/rooms/1665846206672616810,1
1666096559118653221,https://www.airbnb.com/rooms/1666096559118653221,2
1666166918951229736,https://www.airbnb.com/rooms/1666166918951229736,2
1666182841848385323,https://www.airbnb.com/rooms/1666182841848385323,4
1666859906130935371,https://www.airbnb.com/rooms/1666859906130935371,2
1667019492157526426,https://www.airbnb.com/rooms/1667019492157526426,1
1667448022124112946,https://www.airbnb.com/rooms/1667448022124112946,2
1667612855319365753,https://www.airbnb.com/rooms/1667612855319365753,6
1667682645855560800,https://www.airbnb.com/rooms/1667682645855560800,1
1667700593131501281,https://www.airbnb.com/rooms/1667700593131501281,2
1667749371567349317,https://www.airbnb.com/rooms/1667749371567349317,2
1667751543887553217,https://www.airbnb.com/rooms/1667751543887553217,1
1667861141995432187,https://www.airbnb.com/rooms/1667861141995432187,1
1667889607381313560,https://www.airbnb.com/rooms/1667889607381313560,2
1668086586481664693,https://www.airbnb.com/rooms/1668086586481664693,1
1668086662226446792,https://www.airbnb.com/rooms/1668086662226446792,1
1668086693285354516,https://www.airbnb.com/rooms/1668086693285354516,1
1668086742628017876,https://www.airbnb.com/rooms/1668086742628017876,1
1668086771027361922,https://www.airbnb.com/rooms/1668086771027361922,1
1668086773979409989,https://www.airbnb.com/rooms/1668086773979409989,1
1668087311772586569,https://www.airbnb.com/rooms/1668087311772586569,1
1668087344001838556,https://www.airbnb.com/rooms/1668087344001838556,1
1668146952825824835,https://www.airbnb.com/rooms/1668146952825824835,1
1668146982608146136,https://www.airbnb.com/rooms/1668146982608146136,1
1668147021807932920,https://www.airbnb.com/rooms/1668147021807932920,1
1668228060766135440,https://www.airbnb.com/rooms/1668228060766135440,2
1668231581765378693,https://www.airbnb.com/rooms/1668231581765378693,2
1668236655325793621,https://www.airbnb.com/rooms/1668236655325793621,4
1668237512833410111,https://www.airbnb.com/rooms/1668237512833410111,1
1668318566058140597,https://www.airbnb.com/rooms/1668318566058140597,2
1668379760561442593,https://www.airbnb.com/rooms/1668379760561442593,2
1668853102068405749,https://www.airbnb.com/rooms/1668853102068405749,4
1668896549614668818,https://www.airbnb.com/rooms/1668896549614668818,1
1668944154028770443,https://www.airbnb.com/rooms/1668944154028770443,1
1669015899846069497,https://www.airbnb.com/rooms/1669015899846069497,1
1669091767613327861,https://www.airbnb.com/rooms/1669091767613327861,4
1669092035634739423,https://www.airbnb.com/rooms/1669092035634739423,2
1669143102051118102,https://www.airbnb.com/rooms/1669143102051118102,1
1669143895405695466,https://www.airbnb.com/rooms/1669143895405695466,3
1669154761806845372,https://www.airbnb.com/rooms/1669154761806845372,1
1669185704293415022,https://www.airbnb.com/rooms/1669185704293415022,2
1669222434269553280,https://www.airbnb.com/rooms/1669222434269553280,2
1669547880550199431,https://www.airbnb.com/rooms/1669547880550199431,2
1669547881046150812,https://www.airbnb.com/rooms/1669547881046150812,2
1669547882804975153,https://www.airbnb.com/rooms/1669547882804975153,2
1669592676128570920,https://www.airbnb.com/rooms/1669592676128570920,2
1669592676884144700,https://www.airbnb.com/rooms/1669592676884144700,2
1669592677024767551,https://www.airbnb.com/rooms/1669592677024767551,2
1669592677129802097,https://www.airbnb.com/rooms/1669592677129802097,2
1669592677345379818,https://www.airbnb.com/rooms/1669592677345379818,2
1669592677691796779,https://www.airbnb.com/rooms/1669592677691796779,2
1669592677758855588,https://www.airbnb.com/rooms/1669592677758855588,2
1669592677963933601,https://www.airbnb.com/rooms/1669592677963933601,2
1669592678256742460,https://www.airbnb.com/rooms/1669592678256742460,2
1669592679246403009,https://www.airbnb.com/rooms/1669592679246403009,2
1669592679945551216,https://www.airbnb.com/rooms/1669592679945551216,2
1669592680677969614,https://www.airbnb.com/rooms/1669592680677969614,2
1669592684675069790,https://www.airbnb.com/rooms/1669592684675069790,2
1669592691151559354,https://www.airbnb.com/rooms/1669592691151559354,2
1669592691338169631,https://www.airbnb.com/rooms/1669592691338169631,2
1669592693959396458,https://www.airbnb.com/rooms/1669592693959396458,2
1669592694101969773,https://www.airbnb.com/rooms/1669592694101969773,2
1669592694908729355,https://www.airbnb.com/rooms/1669592694908729355,2
1669592695768250929,https://www.airbnb.com/rooms/1669592695768250929,2
1669592696716600562,https://www.airbnb.com/rooms/1669592696716600562,2
1669592710202751492,https://www.airbnb.com/rooms/1669592710202751492,2
1669592713277161050,https://www.airbnb.com/rooms/1669592713277161050,2
1669592715617015436,https://www.airbnb.com/rooms/1669592715617015436,2
1669592715709290125,https://www.airbnb.com/rooms/1669592715709290125,2
1669592718880124049,https://www.airbnb.com/rooms/1669592718880124049,2
1669592720626319280,https://www.airbnb.com/rooms/1669592720626319280,2
1669592721405434371,https://www.airbnb.com/rooms/1669592721405434371,2
1669592726562640351,https://www.airbnb.com/rooms/1669592726562640351,2
1669592728220876797,https://www.airbnb.com/rooms/1669592728220876797,2
1669592729892676969,https://www.airbnb.com/rooms/1669592729892676969,2
1669592730623439795,https://www.airbnb.com/rooms/1669592730623439795,2
1669596849993863260,https://www.airbnb.com/rooms/1669596849993863260,6
1669601983099103654,https://www.airbnb.com/rooms/1669601983099103654,3
1669610765531332525,https://www.airbnb.com/rooms/1669610765531332525,2
1669611365507493843,https://www.airbnb.com/rooms/1669611365507493843,10
1669636780362471058,https://www.airbnb.com/rooms/1669636780362471058,2
1669636780465317565,https://www.airbnb.com/rooms/1669636780465317565,2
1669636781161122673,https://www.airbnb.com/rooms/1669636781161122673,2
1669636782296400273,https://www.airbnb.com/rooms/1669636782296400273,2
1669636973400480297,https://www.airbnb.com/rooms/1669636973400480297,2
1669642421239728506,https://www.airbnb.com/rooms/1669642421239728506,1
1669657758407816928,https://www.airbnb.com/rooms/1669657758407816928,2
1669685812237724479,https://www.airbnb.com/rooms/1669685812237724479,1
1669771672988103987,https://www.airbnb.com/rooms/1669771672988103987,2
1669846058406009720,https://www.airbnb.com/rooms/1669846058406009720,6
1670054692512256814,https://www.airbnb.com/rooms/1670054692512256814,1
1670371551975315923,https://www.airbnb.com/rooms/1670371551975315923,1
1670371763792375151,https://www.airbnb.com/rooms/1670371763792375151,2
1670388500984205884,https://www.airbnb.com/rooms/1670388500984205884,3
1670402742587551308,https://www.airbnb.com/rooms/1670402742587551308,2
1670423998815512086,https://www.airbnb.com/rooms/1670423998815512086,2
1670708436993226834,https://www.airbnb.com/rooms/1670708436993226834,1
1671074165921282478,https://www.airbnb.com/rooms/1671074165921282478,4
1671074725400046224,https://www.airbnb.com/rooms/1671074725400046224,2
1671311734336363130,https://www.airbnb.com/rooms/1671311734336363130,4
1671343852728375075,https://www.airbnb.com/rooms/1671343852728375075,2
1671343852783789617,https://www.airbnb.com/rooms/1671343852783789617,2
1671344201926735282,https://www.airbnb.com/rooms/1671344201926735282,2
1671389213223445262,https://www.airbnb.com/rooms/1671389213223445262,2
1672515305657261659,https://www.airbnb.com/rooms/1672515305657261659,2
1672686828873132268,https://www.airbnb.com/rooms/1672686828873132268,1
1672737164964228283,https://www.airbnb.com/rooms/1672737164964228283,2
1673053190037255171,https://www.airbnb.com/rooms/1673053190037255171,1
1673062200291607586,https://www.airbnb.com/rooms/1673062200291607586,1
1673197282255885574,https://www.airbnb.com/rooms/1673197282255885574,4
1673268697713691695,https://www.airbnb.com/rooms/1673268697713691695,1
1673298142062768926,https://www.airbnb.com/rooms/1673298142062768926,2
1673304909576963707,https://www.airbnb.com/rooms/1673304909576963707,2
1673372493824110677,https://www.airbnb.com/rooms/1673372493824110677,3
1673375823561157077,https://www.airbnb.com/rooms/1673375823561157077,2
1673475934884380308,https://www.airbnb.com/rooms/1673475934884380308,1
1673516454602338651,https://www.airbnb.com/rooms/1673516454602338651,4
1673520090131901106,https://www.airbnb.com/rooms/1673520090131901106,2
1673574133738200083,https://www.airbnb.com/rooms/1673574133738200083,2
1673603757989700660,https://www.airbnb.com/rooms/1673603757989700660,1
1673636511405640387,https://www.airbnb.com/rooms/1673636511405640387,1
1674006791093157558,https://www.airbnb.com/rooms/1674006791093157558,3
1674061400379801656,https://www.airbnb.com/rooms/1674061400379801656,1
1674156712189446813,https://www.airbnb.com/rooms/1674156712189446813,2
1674165954956801104,https://www.airbnb.com/rooms/1674165954956801104,1
1674183050039608001,https://www.airbnb.com/rooms/1674183050039608001,4
1674556221322190588,https://www.airbnb.com/rooms/1674556221322190588,1
1674769172391802484,https://www.airbnb.com/rooms/1674769172391802484,1
1674771563375922164,https://www.airbnb.com/rooms/1674771563375922164,3
1674833575946093753,https://www.airbnb.com/rooms/1674833575946093753,4
1674867575175152041,https://www.airbnb.com/rooms/1674867575175152041,1
1674953132589459895,https://www.airbnb.com/rooms/1674953132589459895,2
1675052722444229274,https://www.airbnb.com/rooms/1675052722444229274,3
1675161847844042010,https://www.airbnb.com/rooms/1675161847844042010,1
1675172300258464757,https://www.airbnb.com/rooms/1675172300258464757,3
1675174990458294747,https://www.airbnb.com/rooms/1675174990458294747,4
1675595705375738419,https://www.airbnb.com/rooms/1675595705375738419,6
1675711926738144266,https://www.airbnb.com/rooms/1675711926738144266,1
1676030901541851232,https://www.airbnb.com/rooms/1676030901541851232,2
1676152382317666422,https://www.airbnb.com/rooms/1676152382317666422,3
1676201900846597799,https://www.airbnb.com/rooms/1676201900846597799,2
1676213659973255521,https://www.airbnb.com/rooms/1676213659973255521,2
1676304040008452917,https://www.airbnb.com/rooms/1676304040008452917,1
1676437556335884218,https://www.airbnb.com/rooms/1676437556335884218,2
1676931292159563866,https://www.airbnb.com/rooms/1676931292159563866,2
1677236702108211309,https://www.airbnb.com/rooms/1677236702108211309,2
1677564060262494313,https://www.airbnb.com/rooms/1677564060262494313,2
1677722863200551846,https://www.airbnb.com/rooms/1677722863200551846,2
1677942760875517602,https://www.airbnb.com/rooms/1677942760875517602,1
1678359741519063460,https://www.airbnb.com/rooms/1678359741519063460,1
1678412727525616851,https://www.airbnb.com/rooms/1678412727525616851,2
1678461823190630665,https://www.airbnb.com/rooms/1678461823190630665,2
1678465625675798355,https://www.airbnb.com/rooms/1678465625675798355,6
1678465793786275054,https://www.airbnb.com/rooms/1678465793786275054,13
1678465873972647515,https://www.airbnb.com/rooms/1678465873972647515,2
1678466120953298253,https://www.airbnb.com/rooms/1678466120953298253,4
1678477026367593539,https://www.airbnb.com/rooms/1678477026367593539,2
1678482546810195201,https://www.airbnb.com/rooms/1678482546810195201,1
1678535396951175034,https://www.airbnb.com/rooms/1678535396951175034,2
1678602176445476487,https://www.airbnb.com/rooms/1678602176445476487,1
1678638856192945827,https://www.airbnb.com/rooms/1678638856192945827,6
1678647534385545248,https://www.airbnb.com/rooms/1678647534385545248,2
1679126703200373044,https://www.airbnb.com/rooms/1679126703200373044,1
1679140197484622580,https://www.airbnb.com/rooms/1679140197484622580,1
1679143272768135448,https://www.airbnb.com/rooms/1679143272768135448,1
1679197632642234196,https://www.airbnb.com/rooms/1679197632642234196,1
1679199883408832450,https://www.airbnb.com/rooms/1679199883408832450,1
1679201658383874287,https://www.airbnb.com/rooms/1679201658383874287,2
1679202649024973801,https://www.airbnb.com/rooms/1679202649024973801,1
1679203233318711782,https://www.airbnb.com/rooms/1679203233318711782,1
1679209137673910349,https://www.airbnb.com/rooms/1679209137673910349,4
1679227758462127662,https://www.airbnb.com/rooms/1679227758462127662,1
1679234287384295632,https://www.airbnb.com/rooms/1679234287384295632,3
1679256655884890323,https://www.airbnb.com/rooms/1679256655884890323,1
1679283374518032623,https://www.airbnb.com/rooms/1679283374518032623,2
1679428415706731387,https://www.airbnb.com/rooms/1679428415706731387,1
1679431116809803270,https://www.airbnb.com/rooms/1679431116809803270,1
1679437713586401569,https://www.airbnb.com/rooms/1679437713586401569,2
1679437943362267899,https://www.airbnb.com/rooms/1679437943362267899,1
1679467617384018803,https://www.airbnb.com/rooms/1679467617384018803,1
1679701485378904162,https://www.airbnb.com/rooms/1679701485378904162,2
1679782420938292766,https://www.airbnb.com/rooms/1679782420938292766,1
1679957836268786303,https://www.airbnb.com/rooms/1679957836268786303,1
1680566366760350206,https://www.airbnb.com/rooms/1680566366760350206,1
1680639469965468750,https://www.airbnb.com/rooms/1680639469965468750,1
1680642460106110724,https://www.airbnb.com/rooms/1680642460106110724,1
1680647525389972426,https://www.airbnb.com/rooms/1680647525389972426,1
1680650218306124670,https://www.airbnb.com/rooms/1680650218306124670,2
1680873998877375102,https://www.airbnb.com/rooms/1680873998877375102,2
1681213097659803244,https://www.airbnb.com/rooms/1681213097659803244,4
1681278714919225275,https://www.airbnb.com/rooms/1681278714919225275,2
1681289572513098117,https://www.airbnb.com/rooms/1681289572513098117,1
1681296277532238891,https://www.airbnb.com/rooms/1681296277532238891,2
1681362100039348828,https://www.airbnb.com/rooms/1681362100039348828,2
1681430199967661416,https://www.airbnb.com/rooms/1681430199967661416,1
1681442596544641356,https://www.airbnb.com/rooms/1681442596544641356,1
1681479773376953408,https://www.airbnb.com/rooms/1681479773376953408,1
1681479856686166830,https://www.airbnb.com/rooms/1681479856686166830,1
1681538390618993926,https://www.airbnb.com/rooms/1681538390618993926,2
1681586716172247970,https://www.airbnb.com/rooms/1681586716172247970,2
1681601268429381846,https://www.airbnb.com/rooms/1681601268429381846,2
1681615911526852276,https://www.airbnb.com/rooms/1681615911526852276,2
1682070472058252274,https://www.airbnb.com/rooms/1682070472058252274,1
1682156694519792589,https://www.airbnb.com/rooms/1682156694519792589,3
1682156727729691089,https://www.airbnb.com/rooms/1682156727729691089,3
1682723232031756246,https://www.airbnb.com/rooms/1682723232031756246,1
1682962104301256265,https://www.airbnb.com/rooms/1682962104301256265,1
1682997272332128750,https://www.airbnb.com/rooms/1682997272332128750,1
1683031239453395610,https://www.airbnb.com/rooms/1683031239453395610,2
1683336284019444412,https://www.airbnb.com/rooms/1683336284019444412,2
1683383421775502929,https://www.airbnb.com/rooms/1683383421775502929,4
1683429657417086320,https://www.airbnb.com/rooms/1683429657417086320,2
1683440648069578985,https://www.airbnb.com/rooms/1683440648069578985,2
1683442822473492721,https://www.airbnb.com/rooms/1683442822473492721,2
1683459905748963433,https://www.airbnb.com/rooms/1683459905748963433,2
1683476997288851414,https://www.airbnb.com/rooms/1683476997288851414,3
1683501178487240807,https://www.airbnb.com/rooms/1683501178487240807,2
1683556714505063784,https://www.airbnb.com/rooms/1683556714505063784,2
1683661447516494355,https://www.airbnb.com/rooms/1683661447516494355,1
1683710688007052357,https://www.airbnb.com/rooms/1683710688007052357,1
1683744698460781467,https://www.airbnb.com/rooms/1683744698460781467,3
1683793560324568834,https://www.airbnb.com/rooms/1683793560324568834,1
1684166456279632440,https://www.airbnb.com/rooms/1684166456279632440,2
1684192013788422390,https://www.airbnb.com/rooms/1684192013788422390,2
1684203869380545014,https://www.airbnb.com/rooms/1684203869380545014,1
1684229775018178449,https://www.airbnb.com/rooms/1684229775018178449,4
1684240161789589976,https://www.airbnb.com/rooms/1684240161789589976,4
1684243759135835940,https://www.airbnb.com/rooms/1684243759135835940,4
1684302623574250891,https://www.airbnb.com/rooms/1684302623574250891,2
1684808826215146476,https://www.airbnb.com/rooms/1684808826215146476,1
1684821047736494322,https://www.airbnb.com/rooms/1684821047736494322,4
1684851890986977221,https://www.airbnb.com/rooms/1684851890986977221,2
1684854412969452037,https://www.airbnb.com/rooms/1684854412969452037,2
1684968644304096443,https://www.airbnb.com/rooms/1684968644304096443,3
1684986865528128246,https://www.airbnb.com/rooms/1684986865528128246,2
1685002050634477159,https://www.airbnb.com/rooms/1685002050634477159,2
1685045634921304260,https://www.airbnb.com/rooms/1685045634921304260,2
1685213449639793340,https://www.airbnb.com/rooms/1685213449639793340,2
1685224150962173421,https://www.airbnb.com/rooms/1685224150962173421,1
1685281353070611801,https://www.airbnb.com/rooms/1685281353070611801,1
1685461583659320305,https://www.airbnb.com/rooms/1685461583659320305,1
1685572334445536321,https://www.airbnb.com/rooms/1685572334445536321,2
1685676424207705862,https://www.airbnb.com/rooms/1685676424207705862,6
1685760352990202799,https://www.airbnb.com/rooms/1685760352990202799,1
1685773216206425347,https://www.airbnb.com/rooms/1685773216206425347,2
1685802047971939795,https://www.airbnb.com/rooms/1685802047971939795,1
1685942362992642667,https://www.airbnb.com/rooms/1685942362992642667,2
1686347187085879648,https://www.airbnb.com/rooms/1686347187085879648,4
1686395108334115070,https://www.airbnb.com/rooms/1686395108334115070,2
1686441551007915573,https://www.airbnb.com/rooms/1686441551007915573,2
1686441917974995920,https://www.airbnb.com/rooms/1686441917974995920,2
1686676289872233648,https://www.airbnb.com/rooms/1686676289872233648,2
1687049090770274104,https://www.airbnb.com/rooms/1687049090770274104,4
1687069390059497291,https://www.airbnb.com/rooms/1687069390059497291,3
1687210828863023235,https://www.airbnb.com/rooms/1687210828863023235,2
1687717925298463940,https://www.airbnb.com/rooms/1687717925298463940,2
1687735518137373374,https://www.airbnb.com/rooms/1687735518137373374,1
1687891645742639425,https://www.airbnb.com/rooms/1687891645742639425,2
1687921644174638802,https://www.airbnb.com/rooms/1687921644174638802,3
1687997483487983439,https://www.airbnb.com/rooms/1687997483487983439,1
1688142192438568530,https://www.airbnb.com/rooms/1688142192438568530,4
1688512459585389277,https://www.airbnb.com/rooms/1688512459585389277,1
1688554387031669718,https://www.airbnb.com/rooms/1688554387031669718,7
1688559855657650882,https://www.airbnb.com/rooms/1688559855657650882,1
1688567181418548240,https://www.airbnb.com/rooms/1688567181418548240,3
1688569393623610942,https://www.airbnb.com/rooms/1688569393623610942,2
1688641783680194160,https://www.airbnb.com/rooms/1688641783680194160,1
1688648905247967730,https://www.airbnb.com/rooms/1688648905247967730,1
1688743973292920588,https://www.airbnb.com/rooms/1688743973292920588,1
1688754568449832929,https://www.airbnb.com/rooms/1688754568449832929,1
1688847326506915000,https://www.airbnb.com/rooms/1688847326506915000,4
1689343431826354493,https://www.airbnb.com/rooms/1689343431826354493,1
1689476644940490633,https://www.airbnb.com/rooms/1689476644940490633,2
1689851024850624033,https://www.airbnb.com/rooms/1689851024850624033,2
1689945866853738853,https://www.airbnb.com/rooms/1689945866853738853,2
1690009607411868622,https://www.airbnb.com/rooms/1690009607411868622,1
1690074492699616914,https://www.airbnb.com/rooms/1690074492699616914,1
1690074498888633478,https://www.airbnb.com/rooms/1690074498888633478,1
1690074499099264029,https://www.airbnb.com/rooms/1690074499099264029,1
1690074503738565592,https://www.airbnb.com/rooms/1690074503738565592,1
1690074505270390030,https://www.airbnb.com/rooms/1690074505270390030,1
1690074544465355338,https://www.airbnb.com/rooms/1690074544465355338,1
1690074548477450500,https://www.airbnb.com/rooms/1690074548477450500,1
1690074548624550003,https://www.airbnb.com/rooms/1690074548624550003,1
1690112360893783696,https://www.airbnb.com/rooms/1690112360893783696,1
1690121134496817634,https://www.airbnb.com/rooms/1690121134496817634,1
1690186261285810450,https://www.airbnb.com/rooms/1690186261285810450,2
1690236220181330926,https://www.airbnb.com/rooms/1690236220181330926,1
1690289749838264270,https://www.airbnb.com/rooms/1690289749838264270,1
1690711407790297590,https://www.airbnb.com/rooms/1690711407790297590,1
1690752582047894170,https://www.airbnb.com/rooms/1690752582047894170,1
1690760048869752293,https://www.airbnb.com/rooms/1690760048869752293,2
1690848603078941340,https://www.airbnb.com/rooms/1690848603078941340,3
1690970247842119342,https://www.airbnb.com/rooms/1690970247842119342,2
1690971909179543304,https://www.airbnb.com/rooms/1690971909179543304,2
1690994003629733071,https://www.airbnb.com/rooms/1690994003629733071,2
1691001164490796605,https://www.airbnb.com/rooms/1691001164490796605,2
1691395358518065944,https://www.airbnb.com/rooms/1691395358518065944,3
1691400198948694018,https://www.airbnb.com/rooms/1691400198948694018,2
1691443379423440840,https://www.airbnb.com/rooms/1691443379423440840,1
1691507117841177667,https://www.airbnb.com/rooms/1691507117841177667,2
1691565688444583082,https://www.airbnb.com/rooms/1691565688444583082,2
1692037752099859534,https://www.airbnb.com/rooms/1692037752099859534,1
1692042078155237974,https://www.airbnb.com/rooms/1692042078155237974,1
1692044037880414697,https://www.airbnb.com/rooms/1692044037880414697,1
1692112841463289061,https://www.airbnb.com/rooms/1692112841463289061,4
1692179539480554895,https://www.airbnb.com/rooms/1692179539480554895,1
1692193074832538769,https://www.airbnb.com/rooms/1692193074832538769,1
1692272190296960406,https://www.airbnb.com/rooms/1692272190296960406,2
1692426949168622366,https://www.airbnb.com/rooms/1692426949168622366,1
1692793879730786358,https://www.airbnb.com/rooms/1692793879730786358,1
1693017776102971852,https://www.airbnb.com/rooms/1693017776102971852,3
1693091601161805067,https://www.airbnb.com/rooms/1693091601161805067,1
1693255190013985779,https://www.airbnb.com/rooms/1693255190013985779,2
1693434264095021721,https://www.airbnb.com/rooms/1693434264095021721,1
1693434264185889000,https://www.airbnb.com/rooms/1693434264185889000,1
1693434266659860593,https://www.airbnb.com/rooms/1693434266659860593,1
1693434267021101934,https://www.airbnb.com/rooms/1693434267021101934,1
1693518185049736438,https://www.airbnb.com/rooms/1693518185049736438,1
1693624295448861204,https://www.airbnb.com/rooms/1693624295448861204,2
1693663009139816899,https://www.airbnb.com/rooms/1693663009139816899,1
1693681460778627311,https://www.airbnb.com/rooms/1693681460778627311,2
1693813782303502470,https://www.airbnb.com/rooms/1693813782303502470,1
1693933825226089709,https://www.airbnb.com/rooms/1693933825226089709,5
1694393847520680542,https://www.airbnb.com/rooms/1694393847520680542,4
1694532846266424367,https://www.airbnb.com/rooms/1694532846266424367,4
1694626742314100141,https://www.airbnb.com/rooms/1694626742314100141,2
1695064793475862279,https://www.airbnb.com/rooms/1695064793475862279,2
1695136619449337168,https://www.airbnb.com/rooms/1695136619449337168,2
1695149336090490245,https://www.airbnb.com/rooms/1695149336090490245,2
1695155869450459335,https://www.airbnb.com/rooms/1695155869450459335,2
1695156037593001279,https://www.airbnb.com/rooms/1695156037593001279,3
1695156231423904395,https://www.airbnb.com/rooms/1695156231423904395,2
1695156342040421412,https://www.airbnb.com/rooms/1695156342040421412,1
1695156401165798335,https://www.airbnb.com/rooms/1695156401165798335,2
1695156453041338143,https://www.airbnb.com/rooms/1695156453041338143,1
1695156535999547470,https://www.airbnb.com/rooms/1695156535999547470,1
1695156652692280794,https://www.airbnb.com/rooms/1695156652692280794,2
1695156764293965822,https://www.airbnb.com/rooms/1695156764293965822,2
1695156837533353683,https://www.airbnb.com/rooms/1695156837533353683,2
1695156900264304062,https://www.airbnb.com/rooms/1695156900264304062,4
1695157002529603843,https://www.airbnb.com/rooms/1695157002529603843,1
1695157056666600621,https://www.airbnb.com/rooms/1695157056666600621,1
1695157164845898056,https://www.airbnb.com/rooms/1695157164845898056,2
1695157286392335482,https://www.airbnb.com/rooms/1695157286392335482,1
1695157335563154992,https://www.airbnb.com/rooms/1695157335563154992,4
1695157390271717324,https://www.airbnb.com/rooms/1695157390271717324,4
1695157448070060428,https://www.airbnb.com/rooms/1695157448070060428,2
1695157558303887592,https://www.airbnb.com/rooms/1695157558303887592,3
1695157623445741599,https://www.airbnb.com/rooms/1695157623445741599,4
1695157683020552922,https://www.airbnb.com/rooms/1695157683020552922,1
1695157735204464240,https://www.airbnb.com/rooms/1695157735204464240,2
1695157783147154079,https://www.airbnb.com/rooms/1695157783147154079,3
1695157849760413124,https://www.airbnb.com/rooms/1695157849760413124,1
1695157899628052907,https://www.airbnb.com/rooms/1695157899628052907,4
1695157979172187485,https://www.airbnb.com/rooms/1695157979172187485,4
1695158045645750919,https://www.airbnb.com/rooms/1695158045645750919,6
1695158105134914974,https://www.airbnb.com/rooms/1695158105134914974,4
1695158366582723764,https://www.airbnb.com/rooms/1695158366582723764,1
1695158422129399139,https://www.airbnb.com/rooms/1695158422129399139,1
1695201691681473972,https://www.airbnb.com/rooms/1695201691681473972,1
1695243414574519659,https://www.airbnb.com/rooms/1695243414574519659,9
1695307815329120428,https://www.airbnb.com/rooms/1695307815329120428,1
1695362187390436477,https://www.airbnb.com/rooms/1695362187390436477,1
1695392834842935285,https://www.airbnb.com/rooms/1695392834842935285,2
1695449702440283751,https://www.airbnb.com/rooms/1695449702440283751,2
1695605526637426094,https://www.airbnb.com/rooms/1695605526637426094,2
1695652262817965062,https://www.airbnb.com/rooms/1695652262817965062,1
1695719782491702674,https://www.airbnb.com/rooms/1695719782491702674,4
1695757908553311558,https://www.airbnb.com/rooms/1695757908553311558,2
1695769037303495730,https://www.airbnb.com/rooms/1695769037303495730,2
1695778724048371779,https://www.airbnb.com/rooms/1695778724048371779,2
1696063100987668620,https://www.airbnb.com/rooms/1696063100987668620,1
1696070021003132888,https://www.airbnb.com/rooms/1696070021003132888,2
1696458666276746393,https://www.airbnb.com/rooms/1696458666276746393,2
1696463274997867461,https://www.airbnb.com/rooms/1696463274997867461,2
1696463672215439200,https://www.airbnb.com/rooms/1696463672215439200,3
1696550184912523190,https://www.airbnb.com/rooms/1696550184912523190,1
1696584681181133155,https://www.airbnb.com/rooms/1696584681181133155,2
1696668318599399450,https://www.airbnb.com/rooms/1696668318599399450,4
1696829770533996157,https://www.airbnb.com/rooms/1696829770533996157,1
1697257592062615324,https://www.airbnb.com/rooms/1697257592062615324,2
1697367316838101586,https://www.airbnb.com/rooms/1697367316838101586,4
1697385308548019475,https://www.airbnb.com/rooms/1697385308548019475,4
1697411855930286966,https://www.airbnb.com/rooms/1697411855930286966,2
1697945968251650008,https://www.airbnb.com/rooms/1697945968251650008,1
1697954067148662083,https://www.airbnb.com/rooms/1697954067148662083,2
1697964858552210047,https://www.airbnb.com/rooms/1697964858552210047,1
1697994906793774636,https://www.airbnb.com/rooms/1697994906793774636,1
1698030875125517114,https://www.airbnb.com/rooms/1698030875125517114,2
1698075854314462443,https://www.airbnb.com/rooms/1698075854314462443,3
1698752256660582104,https://www.airbnb.com/rooms/1698752256660582104,2
1698807269824699875,https://www.airbnb.com/rooms/1698807269824699875,1
1698850317941715548,https://www.airbnb.com/rooms/1698850317941715548,2
1698853860880248670,https://www.airbnb.com/rooms/1698853860880248670,1
1698856998565559726,https://www.airbnb.com/rooms/1698856998565559726,2
1698882892918749474,https://www.airbnb.com/rooms/1698882892918749474,2
1698883971552740416,https://www.airbnb.com/rooms/1698883971552740416,1
1698921051250634198,https://www.airbnb.com/rooms/1698921051250634198,3
1698955812348199559,https://www.airbnb.com/rooms/1698955812348199559,2
1699119263638156786,https://www.airbnb.com/rooms/1699119263638156786,2
1699252328806054469,https://www.airbnb.com/rooms/1699252328806054469,1
1699329879379095031,https://www.airbnb.com/rooms/1699329879379095031,2
1699371478785608852,https://www.airbnb.com/rooms/1699371478785608852,2
1699381732581755089,https://www.airbnb.com/rooms/1699381732581755089,6
1699390343655318800,https://www.airbnb.com/rooms/1699390343655318800,3
1699396829714352394,https://www.airbnb.com/rooms/1699396829714352394,2
1699416808951768439,https://www.airbnb.com/rooms/1699416808951768439,2
1699427671835592508,https://www.airbnb.com/rooms/1699427671835592508,2
1699433668508775495,https://www.airbnb.com/rooms/1699433668508775495,2
1699442632779474024,https://www.airbnb.com/rooms/1699442632779474024,2
1699443554236838821,https://www.airbnb.com/rooms/1699443554236838821,2
1699444634235729687,https://www.airbnb.com/rooms/1699444634235729687,2
1699515649985303324,https://www.airbnb.com/rooms/1699515649985303324,2
1699528957446345500,https://www.airbnb.com/rooms/1699528957446345500,2
1699549463317409287,https://www.airbnb.com/rooms/1699549463317409287,2
1699630412158377731,https://www.airbnb.com/rooms/1699630412158377731,3
1699664115282123602,https://www.airbnb.com/rooms/1699664115282123602,2
1699680704385823520,https://www.airbnb.com/rooms/1699680704385823520,4
1699742144131961692,https://www.airbnb.com/rooms/1699742144131961692,1
1699744109127404932,https://www.airbnb.com/rooms/1699744109127404932,2
1700040818800021532,https://www.airbnb.com/rooms/1700040818800021532,1
1700048677416198985,https://www.airbnb.com/rooms/1700048677416198985,4
1700095786452129986,https://www.airbnb.com/rooms/1700095786452129986,2
1700108021251604884,https://www.airbnb.com/rooms/1700108021251604884,3
1700108021760276108,https://www.airbnb.com/rooms/1700108021760276108,3
1700132298313748139,https://www.airbnb.com/rooms/1700132298313748139,6
1700145342010234851,https://www.airbnb.com/rooms/1700145342010234851,2
1700166498316971582,https://www.airbnb.com/rooms/1700166498316971582,6
1700193859486042230,https://www.airbnb.com/rooms/1700193859486042230,2
1700204760354278593,https://www.airbnb.com/rooms/1700204760354278593,1
1700213180669859049,https://www.airbnb.com/rooms/1700213180669859049,2
1700263615713384657,https://www.airbnb.com/rooms/1700263615713384657,1
1700268181341036528,https://www.airbnb.com/rooms/1700268181341036528,7
1700272765199182486,https://www.airbnb.com/rooms/1700272765199182486,4
1700292830462298955,https://www.airbnb.com/rooms/1700292830462298955,1
1700292830765752376,https://www.airbnb.com/rooms/1700292830765752376,2
1700328230871480944,https://www.airbnb.com/rooms/1700328230871480944,6
1700428057813316101,https://www.airbnb.com/rooms/1700428057813316101,7
1700441147296015204,https://www.airbnb.com/rooms/1700441147296015204,9
1700455760084488090,https://www.airbnb.com/rooms/1700455760084488090,3
1700496259476199725,https://www.airbnb.com/rooms/1700496259476199725,4
1700706078016681031,https://www.airbnb.com/rooms/1700706078016681031,2
1700766749803927844,https://www.airbnb.com/rooms/1700766749803927844,2
1700787023410063131,https://www.airbnb.com/rooms/1700787023410063131,2
1700802126109234619,https://www.airbnb.com/rooms/1700802126109234619,2
1700867307515836387,https://www.airbnb.com/rooms/1700867307515836387,1
1700869716551710094,https://www.airbnb.com/rooms/1700869716551710094,2
1700985674686601126,https://www.airbnb.com/rooms/1700985674686601126,1
1700998619280678166,https://www.airbnb.com/rooms/1700998619280678166,4
1701005043414491387,https://www.airbnb.com/rooms/1701005043414491387,2
1701436745822308013,https://www.airbnb.com/rooms/1701436745822308013,3
1701542350814024756,https://www.airbnb.com/rooms/1701542350814024756,2
1701558259969928229,https://www.airbnb.com/rooms/1701558259969928229,4
1701654630464053860,https://www.airbnb.com/rooms/1701654630464053860,5
1701663199501216881,https://www.airbnb.com/rooms/1701663199501216881,2
1701671183922154651,https://www.airbnb.com/rooms/1701671183922154651,2
1701671687483633423,https://www.airbnb.com/rooms/1701671687483633423,2
1701691310646956563,https://www.airbnb.com/rooms/1701691310646956563,2
1701691839794767015,https://www.airbnb.com/rooms/1701691839794767015,4
1702607552603655642,https://www.airbnb.com/rooms/1702607552603655642,2
1703007108120284887,https://www.airbnb.com/rooms/1703007108120284887,1
1703115258738479908,https://www.airbnb.com/rooms/1703115258738479908,1
1703173368715469960,https://www.airbnb.com/rooms/1703173368715469960,2
1703228338700452114,https://www.airbnb.com/rooms/1703228338700452114,1
1703323686534031903,https://www.airbnb.com/rooms/1703323686534031903,1
1703362610226450523,https://www.airbnb.com/rooms/1703362610226450523,2
1703504489381005548,https://www.airbnb.com/rooms/1703504489381005548,1
1703612133173334592,https://www.airbnb.com/rooms/1703612133173334592,2
1703658766476392485,https://www.airbnb.com/rooms/1703658766476392485,1
1703689743045087637,https://www.airbnb.com/rooms/1703689743045087637,2
1703774998751383224,https://www.airbnb.com/rooms/1703774998751383224,2
1703821923993963462,https://www.airbnb.com/rooms/1703821923993963462,5
1703827308072141610,https://www.airbnb.com/rooms/1703827308072141610,1
1704100159545730612,https://www.airbnb.com/rooms/1704100159545730612,1
1704397644769481628,https://www.airbnb.com/rooms/1704397644769481628,1
1704441624766115041,https://www.airbnb.com/rooms/1704441624766115041,2
1704452615554844556,https://www.airbnb.com/rooms/1704452615554844556,8
1704454549828553180,https://www.airbnb.com/rooms/1704454549828553180,2
1704550015766170743,https://www.airbnb.com/rooms/1704550015766170743,1
1704680582632961499,https://www.airbnb.com/rooms/1704680582632961499,4
1704707180193610467,https://www.airbnb.com/rooms/1704707180193610467,1
1704928544857712456,https://www.airbnb.com/rooms/1704928544857712456,1
1704948669670451165,https://www.airbnb.com/rooms/1704948669670451165,1
1705039023577852603,https://www.airbnb.com/rooms/1705039023577852603,2
1705079992470418984,https://www.airbnb.com/rooms/1705079992470418984,2
1705197362962379521,https://www.airbnb.com/rooms/1705197362962379521,2
1705278914883204029,https://www.airbnb.com/rooms/1705278914883204029,1
1705294529651028357,https://www.airbnb.com/rooms/1705294529651028357,1
1705353838697816700,https://www.airbnb.com/rooms/1705353838697816700,2
1705356640043915337,https://www.airbnb.com/rooms/1705356640043915337,2
1705366343429609700,https://www.airbnb.com/rooms/1705366343429609700,1
1705521887972300680,https://www.airbnb.com/rooms/1705521887972300680,1
1705817577231068927,https://www.airbnb.com/rooms/1705817577231068927,5
1705867968734427081,https://www.airbnb.com/rooms/1705867968734427081,1
1705871501413448406,https://www.airbnb.com/rooms/1705871501413448406,1
1705888034357620489,https://www.airbnb.com/rooms/1705888034357620489,2
1706106527480340305,https://www.airbnb.com/rooms/1706106527480340305,2
1706138221528044993,https://www.airbnb.com/rooms/1706138221528044993,1
1706156067675303371,https://www.airbnb.com/rooms/1706156067675303371,2
1706190721082502007,https://www.airbnb.com/rooms/1706190721082502007,2
1706209591152860469,https://www.airbnb.com/rooms/1706209591152860469,1
1706216283644617833,https://www.airbnb.com/rooms/1706216283644617833,1
1706643695209507018,https://www.airbnb.com/rooms/1706643695209507018,2
1706692974876766231,https://www.airbnb.com/rooms/1706692974876766231,2
1706693108953984974,https://www.airbnb.com/rooms/1706693108953984974,2
1706694472712276306,https://www.airbnb.com/rooms/1706694472712276306,1
1706700165836200496,https://www.airbnb.com/rooms/1706700165836200496,1
1706770734383883482,https://www.airbnb.com/rooms/1706770734383883482,4
1706790115578132382,https://www.airbnb.com/rooms/1706790115578132382,1
1707015664746629995,https://www.airbnb.com/rooms/1707015664746629995,4
1707190816871746506,https://www.airbnb.com/rooms/1707190816871746506,3
1707604016138471950,https://www.airbnb.com/rooms/1707604016138471950,4
1707650958830516949,https://www.airbnb.com/rooms/1707650958830516949,2
1707723962915458201,https://www.airbnb.com/rooms/1707723962915458201,4
1707986961056090911,https://www.airbnb.com/rooms/1707986961056090911,2
1708051758118155105,https://www.airbnb.com/rooms/1708051758118155105,1
1708051797528158185,https://www.airbnb.com/rooms/1708051797528158185,1
1708085713363672975,https://www.airbnb.com/rooms/1708085713363672975,1
1708748451436218519,https://www.airbnb.com/rooms/1708748451436218519,2
1708819409020063556,https://www.airbnb.com/rooms/1708819409020063556,1
1708919192244526125,https://www.airbnb.com/rooms/1708919192244526125,2
1709480003320887993,https://www.airbnb.com/rooms/1709480003320887993,2
1709560643472155870,https://www.airbnb.com/rooms/1709560643472155870,2
1709591419769355530,https://www.airbnb.com/rooms/1709591419769355530,2
1709695511778528248,https://www.airbnb.com/rooms/1709695511778528248,2
1709701412516526327,https://www.airbnb.com/rooms/1709701412516526327,4
1710385317858099536,https://www.airbnb.com/rooms/1710385317858099536,1
1710396798039608780,https://www.airbnb.com/rooms/1710396798039608780,4
1710421070777272209,https://www.airbnb.com/rooms/1710421070777272209,1
1710435415731763387,https://www.airbnb.com/rooms/1710435415731763387,2
1710583746695101665,https://www.airbnb.com/rooms/1710583746695101665,2
1710644443217510758,https://www.airbnb.com/rooms/1710644443217510758,3
1710906765546434168,https://www.airbnb.com/rooms/1710906765546434168,5
1710971716223857678,https://www.airbnb.com/rooms/1710971716223857678,4
1711051311190663060,https://www.airbnb.com/rooms/1711051311190663060,2
1711062653669430475,https://www.airbnb.com/rooms/1711062653669430475,1
1711086466158671966,https://www.airbnb.com/rooms/1711086466158671966,2
1711086466513889705,https://www.airbnb.com/rooms/1711086466513889705,2
1711086466626045293,https://www.airbnb.com/rooms/1711086466626045293,2
1711086466627766793,https://www.airbnb.com/rooms/1711086466627766793,2
1711086466945349143,https://www.airbnb.com/rooms/1711086466945349143,2
1711086467327556724,https://www.airbnb.com/rooms/1711086467327556724,2
1711086467524390243,https://www.airbnb.com/rooms/1711086467524390243,2
1711086468724460179,https://www.airbnb.com/rooms/1711086468724460179,2
1711241381170426491,https://www.airbnb.com/rooms/1711241381170426491,2
1711268633624523301,https://www.airbnb.com/rooms/1711268633624523301,1
1711444023245163728,https://www.airbnb.com/rooms/1711444023245163728,6
1711480484086496215,https://www.airbnb.com/rooms/1711480484086496215,4
1711480498109526504,https://www.airbnb.com/rooms/1711480498109526504,2
1711491181616712108,https://www.airbnb.com/rooms/1711491181616712108,3
1711875822274893006,https://www.airbnb.com/rooms/1711875822274893006,2
1711884306353461358,https://www.airbnb.com/rooms/1711884306353461358,4
1711955290733578171,https://www.airbnb.com/rooms/1711955290733578171,3
1711966895449690372,https://www.airbnb.com/rooms/1711966895449690372,2
1712232674370312724,https://www.airbnb.com/rooms/1712232674370312724,2
1712368915078782673,https://www.airbnb.com/rooms/1712368915078782673,1
1712383156740474025,https://www.airbnb.com/rooms/1712383156740474025,2
1712412815757386500,https://www.airbnb.com/rooms/1712412815757386500,2
1712415440179817547,https://www.airbnb.com/rooms/1712415440179817547,2
1712417038626839772,https://www.airbnb.com/rooms/1712417038626839772,2
1712732438713327679,https://www.airbnb.com/rooms/1712732438713327679,2
1712911307512697433,https://www.airbnb.com/rooms/1712911307512697433,2
1713186120099955402,https://www.airbnb.com/rooms/1713186120099955402,2
1713359102195560313,https://www.airbnb.com/rooms/1713359102195560313,4
1713364276201159414,https://www.airbnb.com/rooms/1713364276201159414,2
1713390983279865442,https://www.airbnb.com/rooms/1713390983279865442,4
1713425847226263176,https://www.airbnb.com/rooms/1713425847226263176,1
1713431025192951052,https://www.airbnb.com/rooms/1713431025192951052,1
1713858954484115733,https://www.airbnb.com/rooms/1713858954484115733,1
1713920803376471020,https://www.airbnb.com/rooms/1713920803376471020,2
1714094790850938349,https://www.airbnb.com/rooms/1714094790850938349,2
1714109037536185331,https://www.airbnb.com/rooms/1714109037536185331,1
1714110609017845320,https://www.airbnb.com/rooms/1714110609017845320,2
1714241559746935951,https://www.airbnb.com/rooms/1714241559746935951,3
1714565669902913478,https://www.airbnb.com/rooms/1714565669902913478,2
1714577004426189341,https://www.airbnb.com/rooms/1714577004426189341,6
1714693355592565115,https://www.airbnb.com/rooms/1714693355592565115,2
1714731596281421123,https://www.airbnb.com/rooms/1714731596281421123,1
1714760515186145381,https://www.airbnb.com/rooms/1714760515186145381,2
1714761174856783364,https://www.airbnb.com/rooms/1714761174856783364,1
1714841954914208125,https://www.airbnb.com/rooms/1714841954914208125,5
1714941565256533243,https://www.airbnb.com/rooms/1714941565256533243,2
1714947067812679573,https://www.airbnb.com/rooms/1714947067812679573,3
1715296410367316310,https://www.airbnb.com/rooms/1715296410367316310,2
1715308132461559953,https://www.airbnb.com/rooms/1715308132461559953,1
1715335973838071156,https://www.airbnb.com/rooms/1715335973838071156,6
1715339328329872106,https://www.airbnb.com/rooms/1715339328329872106,4
1715390392246399477,https://www.airbnb.com/rooms/1715390392246399477,1
1715401770193476998,https://www.airbnb.com/rooms/1715401770193476998,2
1715438550421613902,https://www.airbnb.com/rooms/1715438550421613902,2
1715481268992105662,https://www.airbnb.com/rooms/1715481268992105662,6
1715483839713348611,https://www.airbnb.com/rooms/1715483839713348611,6
1715502505484533846,https://www.airbnb.com/rooms/1715502505484533846,6
1715515821793986593,https://www.airbnb.com/rooms/1715515821793986593,2
1715516411861307679,https://www.airbnb.com/rooms/1715516411861307679,2
1715527026820165322,https://www.airbnb.com/rooms/1715527026820165322,4
1715542900184383243,https://www.airbnb.com/rooms/1715542900184383243,4
1715546033486259535,https://www.airbnb.com/rooms/1715546033486259535,4
1715550604786996581,https://www.airbnb.com/rooms/1715550604786996581,4
1715554727794924950,https://www.airbnb.com/rooms/1715554727794924950,4
1715582505150779142,https://www.airbnb.com/rooms/1715582505150779142,1
1715612790925419719,https://www.airbnb.com/rooms/1715612790925419719,4
1715612933498730524,https://www.airbnb.com/rooms/1715612933498730524,2
1715616009378558951,https://www.airbnb.com/rooms/1715616009378558951,4
1715620154809550999,https://www.airbnb.com/rooms/1715620154809550999,4
1715625862539111997,https://www.airbnb.com/rooms/1715625862539111997,4
1715629529359546161,https://www.airbnb.com/rooms/1715629529359546161,4
1715641771290282839,https://www.airbnb.com/rooms/1715641771290282839,4
1715722484480557214,https://www.airbnb.com/rooms/1715722484480557214,6
1715732921080363766,https://www.airbnb.com/rooms/1715732921080363766,2
1715944479654096436,https://www.airbnb.com/rooms/1715944479654096436,3
1715988053911752618,https://www.airbnb.com/rooms/1715988053911752618,2
1715988255015701774,https://www.airbnb.com/rooms/1715988255015701774,2
1716026176094700401,https://www.airbnb.com/rooms/1716026176094700401,2
1716122236754932483,https://www.airbnb.com/rooms/1716122236754932483,2
1716208547445000174,https://www.airbnb.com/rooms/1716208547445000174,4
1716222769995205468,https://www.airbnb.com/rooms/1716222769995205468,2
1716223885118131733,https://www.airbnb.com/rooms/1716223885118131733,2
1716226945266267930,https://www.airbnb.com/rooms/1716226945266267930,4
1716257990234509274,https://www.airbnb.com/rooms/1716257990234509274,3
1716281924721612287,https://www.airbnb.com/rooms/1716281924721612287,4
1716324896814180508,https://www.airbnb.com/rooms/1716324896814180508,2
1716526462782308177,https://www.airbnb.com/rooms/1716526462782308177,4
1716530546047514776,https://www.airbnb.com/rooms/1716530546047514776,4
1716673164288051202,https://www.airbnb.com/rooms/1716673164288051202,4
1716754174379552601,https://www.airbnb.com/rooms/1716754174379552601,1
1716800301232980755,https://www.airbnb.com/rooms/1716800301232980755,2
1716855155467338404,https://www.airbnb.com/rooms/1716855155467338404,4
1716915704209467347,https://www.airbnb.com/rooms/1716915704209467347,1
1717094821290402273,https://www.airbnb.com/rooms/1717094821290402273,2
1717377214551850420,https://www.airbnb.com/rooms/1717377214551850420,2
1717407154742305861,https://www.airbnb.com/rooms/1717407154742305861,1
1717498430595674024,https://www.airbnb.com/rooms/1717498430595674024,1
1717583685759991354,https://www.airbnb.com/rooms/1717583685759991354,1
1717668417570764814,https://www.airbnb.com/rooms/1717668417570764814,2
1718159252166343257,https://www.airbnb.com/rooms/1718159252166343257,2
1718235018346774633,https://www.airbnb.com/rooms/1718235018346774633,3
1718254859755136842,https://www.airbnb.com/rooms/1718254859755136842,2
1718292841443816969,https://www.airbnb.com/rooms/1718292841443816969,4
1718331358937388318,https://www.airbnb.com/rooms/1718331358937388318,4
1718358955756336827,https://www.airbnb.com/rooms/1718358955756336827,2
1718370054400610345,https://www.airbnb.com/rooms/1718370054400610345,2
1718377615463918054,https://www.airbnb.com/rooms/1718377615463918054,1
1718401148973241469,https://www.airbnb.com/rooms/1718401148973241469,2
1718424276136425282,https://www.airbnb.com/rooms/1718424276136425282,2
1718430831499289304,https://www.airbnb.com/rooms/1718430831499289304,1
1718466620893746332,https://www.airbnb.com/rooms/1718466620893746332,1
1718593532592181164,https://www.airbnb.com/rooms/1718593532592181164,2
1719011310077784803,https://www.airbnb.com/rooms/1719011310077784803,2
1719011475076907061,https://www.airbnb.com/rooms/1719011475076907061,2
1719012138183514629,https://www.airbnb.com/rooms/1719012138183514629,4
1719135139689048151,https://www.airbnb.com/rooms/1719135139689048151,1
1719626892562124374,https://www.airbnb.com/rooms/1719626892562124374,1
1719734414881884655,https://www.airbnb.com/rooms/1719734414881884655,3
1719734468401559059,https://www.airbnb.com/rooms/1719734468401559059,2
1719772717594738946,https://www.airbnb.com/rooms/1719772717594738946,3
1719923358523568540,https://www.airbnb.com/rooms/1719923358523568540,4
1720026137544740112,https://www.airbnb.com/rooms/1720026137544740112,1
1720304694675349332,https://www.airbnb.com/rooms/1720304694675349332,3
1720371326968156670,https://www.airbnb.com/rooms/1720371326968156670,1
1720388215870562326,https://www.airbnb.com/rooms/1720388215870562326,1
1720409377102825929,https://www.airbnb.com/rooms/1720409377102825929,1
1720420199444748785,https://www.airbnb.com/rooms/1720420199444748785,2
1720438817190651905,https://www.airbnb.com/rooms/1720438817190651905,4
1720447157923570684,https://www.airbnb.com/rooms/1720447157923570684,1
1720508954268692320,https://www.airbnb.com/rooms/1720508954268692320,3
1720599092157542102,https://www.airbnb.com/rooms/1720599092157542102,2
1721029118025511788,https://www.airbnb.com/rooms/1721029118025511788,4
1721284212018385209,https://www.airbnb.com/rooms/1721284212018385209,4
1721405703414138560,https://www.airbnb.com/rooms/1721405703414138560,4
1721440485432337841,https://www.airbnb.com/rooms/1721440485432337841,1
1721517187905487252,https://www.airbnb.com/rooms/1721517187905487252,12
1721517352990803662,https://www.airbnb.com/rooms/1721517352990803662,2
1721517353506022145,https://www.airbnb.com/rooms/1721517353506022145,3
1721519618586012122,https://www.airbnb.com/rooms/1721519618586012122,6
1721754592238137400,https://www.airbnb.com/rooms/1721754592238137400,3
1721762439694967382,https://www.airbnb.com/rooms/1721762439694967382,1
1721866581707097558,https://www.airbnb.com/rooms/1721866581707097558,2
1721879009298775148,https://www.airbnb.com/rooms/1721879009298775148,3
1722023920289507029,https://www.airbnb.com/rooms/1722023920289507029,1
1722060938174803850,https://www.airbnb.com/rooms/1722060938174803850,3
1722064126485361324,https://www.airbnb.com/rooms/1722064126485361324,1
1722085283448416677,https://www.airbnb.com/rooms/1722085283448416677,1
1722173814063062103,https://www.airbnb.com/rooms/1722173814063062103,1
1722664944485187118,https://www.airbnb.com/rooms/1722664944485187118,5
1722714459202786149,https://www.airbnb.com/rooms/1722714459202786149,1
1722815861779371111,https://www.airbnb.com/rooms/1722815861779371111,1
1723343874136619141,https://www.airbnb.com/rooms/1723343874136619141,2
1723374847688573361,https://www.airbnb.com/rooms/1723374847688573361,1
1724127923259425823,https://www.airbnb.com/rooms/1724127923259425823,3
1724244073446399919,https://www.airbnb.com/rooms/1724244073446399919,9
1724305061890603889,https://www.airbnb.com/rooms/1724305061890603889,2
1724698879750574286,https://www.airbnb.com/rooms/1724698879750574286,4
1724811676387258321,https://www.airbnb.com/rooms/1724811676387258321,3
1724833631329287176,https://www.airbnb.com/rooms/1724833631329287176,1
1724854380665847643,https://www.airbnb.com/rooms/1724854380665847643,2
1724925394810567289,https://www.airbnb.com/rooms/1724925394810567289,2
1724932591900100615,https://www.airbnb.com/rooms/1724932591900100615,1
1725010251221757844,https://www.airbnb.com/rooms/1725010251221757844,2
1725038353845668883,https://www.airbnb.com/rooms/1725038353845668883,1
1725561628080616294,https://www.airbnb.com/rooms/1725561628080616294,1
1725571356106914766,https://www.airbnb.com/rooms/1725571356106914766,2
1725577292705392340,https://www.airbnb.com/rooms/1725577292705392340,1
1725618728305723569,https://www.airbnb.com/rooms/1725618728305723569,2
1726062486431382296,https://www.airbnb.com/rooms/1726062486431382296,2
1726185800148287470,https://www.airbnb.com/rooms/1726185800148287470,2
1726289142539050346,https://www.airbnb.com/rooms/1726289142539050346,1
1726296944172432400,https://www.airbnb.com/rooms/1726296944172432400,1
1726324595956050987,https://www.airbnb.com/rooms/1726324595956050987,1
1726326817210129784,https://www.airbnb.com/rooms/1726326817210129784,1
1726361220040595745,https://www.airbnb.com/rooms/1726361220040595745,1
1726434792521463592,https://www.airbnb.com/rooms/1726434792521463592,2
1726541977501632736,https://www.airbnb.com/rooms/1726541977501632736,2
1726595910514452655,https://www.airbnb.com/rooms/1726595910514452655,4
1727016764051996700,https://www.airbnb.com/rooms/1727016764051996700,2
1727027481013355279,https://www.airbnb.com/rooms/1727027481013355279,1
1727060676187395215,https://www.airbnb.com/rooms/1727060676187395215,2
1727061755071339339,https://www.airbnb.com/rooms/1727061755071339339,4
1727150940933419772,https://www.airbnb.com/rooms/1727150940933419772,1
1727235471347362797,https://www.airbnb.com/rooms/1727235471347362797,2
1727605034301813332,https://www.airbnb.com/rooms/1727605034301813332,1
1727640129311745565,https://www.airbnb.com/rooms/1727640129311745565,1
1727738597007626667,https://www.airbnb.com/rooms/1727738597007626667,1
1728348806068597013,https://www.airbnb.com/rooms/1728348806068597013,1
1728413265217031322,https://www.airbnb.com/rooms/1728413265217031322,2
1728601041690799988,https://www.airbnb.com/rooms/1728601041690799988,2
1729118322750838268,https://www.airbnb.com/rooms/1729118322750838268,4
1729139588261199995,https://www.airbnb.com/rooms/1729139588261199995,8
1729146226835819352,https://www.airbnb.com/rooms/1729146226835819352,2
1729214436321857787,https://www.airbnb.com/rooms/1729214436321857787,2
1729478043224549821,https://www.airbnb.com/rooms/1729478043224549821,1
1729750079492890434,https://www.airbnb.com/rooms/1729750079492890434,2
1729820601817752997,https://www.airbnb.com/rooms/1729820601817752997,1
1729970205879561369,https://www.airbnb.com/rooms/1729970205879561369,3
1730051724314705188,https://www.airbnb.com/rooms/1730051724314705188,2
1730111173254725288,https://www.airbnb.com/rooms/1730111173254725288,1
1730164714666161493,https://www.airbnb.com/rooms/1730164714666161493,1
1730198391229873816,https://www.airbnb.com/rooms/1730198391229873816,2
1730290588807845739,https://www.airbnb.com/rooms/1730290588807845739,2
1730539558638085528,https://www.airbnb.com/rooms/1730539558638085528,1
1730563797832117090,https://www.airbnb.com/rooms/1730563797832117090,2
1730615304538455942,https://www.airbnb.com/rooms/1730615304538455942,1
1730656310451442221,https://www.airbnb.com/rooms/1730656310451442221,1
1730685362955316585,https://www.airbnb.com/rooms/1730685362955316585,1
1730685496518635772,https://www.airbnb.com/rooms/1730685496518635772,1
1730696450307324369,https://www.airbnb.com/rooms/1730696450307324369,2
1730705259074066090,https://www.airbnb.com/rooms/1730705259074066090,3
1730765273869354633,https://www.airbnb.com/rooms/1730765273869354633,2
1730828370514110739,https://www.airbnb.com/rooms/1730828370514110739,2
1730920148960981812,https://www.airbnb.com/rooms/1730920148960981812,1
1731186060965657590,https://www.airbnb.com/rooms/1731186060965657590,2
1731334464926362023,https://www.airbnb.com/rooms/1731334464926362023,1
1731713351454799922,https://www.airbnb.com/rooms/1731713351454799922,2
1731865950423054152,https://www.airbnb.com/rooms/1731865950423054152,1
1731869074695931224,https://www.airbnb.com/rooms/1731869074695931224,2
1731902130978652651,https://www.airbnb.com/rooms/1731902130978652651,2
1731907949071048484,https://www.airbnb.com/rooms/1731907949071048484,2
1731920105375763430,https://www.airbnb.com/rooms/1731920105375763430,1
1732025978901518196,https://www.airbnb.com/rooms/1732025978901518196,2
1732040297882098125,https://www.airbnb.com/rooms/1732040297882098125,2
1732073678087813442,https://www.airbnb.com/rooms/1732073678087813442,1
1732226948785262892,https://www.airbnb.com/rooms/1732226948785262892,3
1732253329694241846,https://www.airbnb.com/rooms/1732253329694241846,2
1732731060426914412,https://www.airbnb.com/rooms/1732731060426914412,1
1732851394148730561,https://www.airbnb.com/rooms/1732851394148730561,2
1732879176565162554,https://www.airbnb.com/rooms/1732879176565162554,2
1732890052798464389,https://www.airbnb.com/rooms/1732890052798464389,2
1732893644021912691,https://www.airbnb.com/rooms/1732893644021912691,2
1732899195723661704,https://www.airbnb.com/rooms/1732899195723661704,2
1733439750587446422,https://www.airbnb.com/rooms/1733439750587446422,3
1733834247697893183,https://www.airbnb.com/rooms/1733834247697893183,2
1733882853554843274,https://www.airbnb.com/rooms/1733882853554843274,2
1734110202807641140,https://www.airbnb.com/rooms/1734110202807641140,1
1734113121604712514,https://www.airbnb.com/rooms/1734113121604712514,2
1734136649905860614,https://www.airbnb.com/rooms/1734136649905860614,4
1734228657830578679,https://www.airbnb.com/rooms/1734228657830578679,1
1734238317556342357,https://www.airbnb.com/rooms/1734238317556342357,6
1734250423547332769,https://www.airbnb.com/rooms/1734250423547332769,6
1734324464952603690,https://www.airbnb.com/rooms/1734324464952603690,2
1734393639175787554,https://www.airbnb.com/rooms/1734393639175787554,1
1734434029170718232,https://www.airbnb.com/rooms/1734434029170718232,2
1734435108135932857,https://www.airbnb.com/rooms/1734435108135932857,1
1734857043935204460,https://www.airbnb.com/rooms/1734857043935204460,4
1734875856942340610,https://www.airbnb.com/rooms/1734875856942340610,1
1734928286199704636,https://www.airbnb.com/rooms/1734928286199704636,2
1735013782689822129,https://www.airbnb.com/rooms/1735013782689822129,2
1735023988873891619,https://www.airbnb.com/rooms/1735023988873891619,1
1735111367515639343,https://www.airbnb.com/rooms/1735111367515639343,2
1735194616717855219,https://www.airbnb.com/rooms/1735194616717855219,6
1735232678850667399,https://www.airbnb.com/rooms/1735232678850667399,1
1735490526484000993,https://www.airbnb.com/rooms/1735490526484000993,1
1735525297878653933,https://www.airbnb.com/rooms/1735525297878653933,3
1735570878531065228,https://www.airbnb.com/rooms/1735570878531065228,1
1735644797604179103,https://www.airbnb.com/rooms/1735644797604179103,2
1735651788787723239,https://www.airbnb.com/rooms/1735651788787723239,1
1735662996300917020,https://www.airbnb.com/rooms/1735662996300917020,1
1735664676541020300,https://www.airbnb.com/rooms/1735664676541020300,2
1735667590175130084,https://www.airbnb.com/rooms/1735667590175130084,1
1735669796611766709,https://www.airbnb.com/rooms/1735669796611766709,1
1735774015238692659,https://www.airbnb.com/rooms/1735774015238692659,2
1735822965368012066,https://www.airbnb.com/rooms/1735822965368012066,2
1735825160419032713,https://www.airbnb.com/rooms/1735825160419032713,2
1736195316159561372,https://www.airbnb.com/rooms/1736195316159561372,1
1736250294570967277,https://www.airbnb.com/rooms/1736250294570967277,2
1736289906109349286,https://www.airbnb.com/rooms/1736289906109349286,1
1736349845421902441,https://www.airbnb.com/rooms/1736349845421902441,2
1736372544236546529,https://www.airbnb.com/rooms/1736372544236546529,4
1736380722186831585,https://www.airbnb.com/rooms/1736380722186831585,2
1736383092400541922,https://www.airbnb.com/rooms/1736383092400541922,2
1736397737356158226,https://www.airbnb.com/rooms/1736397737356158226,2
1736543173666292892,https://www.airbnb.com/rooms/1736543173666292892,4
1736546690286611434,https://www.airbnb.com/rooms/1736546690286611434,2
1736615697280975035,https://www.airbnb.com/rooms/1736615697280975035,3
1736639838395090994,https://www.airbnb.com/rooms/1736639838395090994,6
1736990110812006145,https://www.airbnb.com/rooms/1736990110812006145,1
1737112200279972020,https://www.airbnb.com/rooms/1737112200279972020,1
1737150801579862233,https://www.airbnb.com/rooms/1737150801579862233,2
1737151773624570701,https://www.airbnb.com/rooms/1737151773624570701,2
1737171397645054201,https://www.airbnb.com/rooms/1737171397645054201,2
1737178012212569412,https://www.airbnb.com/rooms/1737178012212569412,4
1737359213387582698,https://www.airbnb.com/rooms/1737359213387582698,2
1737360683310555552,https://www.airbnb.com/rooms/1737360683310555552,2
1737361912725414908,https://www.airbnb.com/rooms/1737361912725414908,1
1737363608395194967,https://www.airbnb.com/rooms/1737363608395194967,2
1737394228885606705,https://www.airbnb.com/rooms/1737394228885606705,1
1737834619982707663,https://www.airbnb.com/rooms/1737834619982707663,1
1737856894775300912,https://www.airbnb.com/rooms/1737856894775300912,1
1738265999009897358,https://www.airbnb.com/rooms/1738265999009897358,2
1738481999768163565,https://www.airbnb.com/rooms/1738481999768163565,2
1738789703093547892,https://www.airbnb.com/rooms/1738789703093547892,2
1739172608187861585,https://www.airbnb.com/rooms/1739172608187861585,2
1739174629800844907,https://www.airbnb.com/rooms/1739174629800844907,1
1739197524693466000,https://www.airbnb.com/rooms/1739197524693466000,1
1739334404794586754,https://www.airbnb.com/rooms/1739334404794586754,1
1739334410232408113,https://www.airbnb.com/rooms/1739334410232408113,1
1739334412773260101,https://www.airbnb.com/rooms/1739334412773260101,1
1739334417175798913,https://www.airbnb.com/rooms/1739334417175798913,1
1739334423270895970,https://www.airbnb.com/rooms/1739334423270895970,1
1739334424095041080,https://www.airbnb.com/rooms/1739334424095041080,1
1739924835066279972,https://www.airbnb.com/rooms/1739924835066279972,3
1740039898165020237,https://www.airbnb.com/rooms/1740039898165020237,2
1740046715558681124,https://www.airbnb.com/rooms/1740046715558681124,2
1740091324869658265,https://www.airbnb.com/rooms/1740091324869658265,2
1740091801622204245,https://www.airbnb.com/rooms/1740091801622204245,2
1740091869654921408,https://www.airbnb.com/rooms/1740091869654921408,2
1740091928675553014,https://www.airbnb.com/rooms/1740091928675553014,2
1740092058650262573,https://www.airbnb.com/rooms/1740092058650262573,2
1740092128825038061,https://www.airbnb.com/rooms/1740092128825038061,2
1740134212202380342,https://www.airbnb.com/rooms/1740134212202380342,1
1740150245806349919,https://www.airbnb.com/rooms/1740150245806349919,2
1740173642990245644,https://www.airbnb.com/rooms/1740173642990245644,2
1740601815910910388,https://www.airbnb.com/rooms/1740601815910910388,2
1740605484084815996,https://www.airbnb.com/rooms/1740605484084815996,2
1740650628422280754,https://www.airbnb.com/rooms/1740650628422280754,1
1740656564411243590,https://www.airbnb.com/rooms/1740656564411243590,6
1740933631858453851,https://www.airbnb.com/rooms/1740933631858453851,1
1740952187725882204,https://www.airbnb.com/rooms/1740952187725882204,5
1741363845559802877,https://www.airbnb.com/rooms/1741363845559802877,2
1741370801107275810,https://www.airbnb.com/rooms/1741370801107275810,2
1741489380695719673,https://www.airbnb.com/rooms/1741489380695719673,1
1741533895929660086,https://www.airbnb.com/rooms/1741533895929660086,2
1741535527062739524,https://www.airbnb.com/rooms/1741535527062739524,13
1741570658922893909,https://www.airbnb.com/rooms/1741570658922893909,3
1741660813337914668,https://www.airbnb.com/rooms/1741660813337914668,1
1742092202638597378,https://www.airbnb.com/rooms/1742092202638597378,3
1742258685725444863,https://www.airbnb.com/rooms/1742258685725444863,1
1742264216047790677,https://www.airbnb.com/rooms/1742264216047790677,1
1742271765871738439,https://www.airbnb.com/rooms/1742271765871738439,2
1742333733633719570,https://www.airbnb.com/rooms/1742333733633719570,2
1742347120581509534,https://www.airbnb.com/rooms/1742347120581509534,2
1742769207689670021,https://www.airbnb.com/rooms/1742769207689670021,2
1742804562716868332,https://www.airbnb.com/rooms/1742804562716868332,1
1742879840880203832,https://www.airbnb.com/rooms/1742879840880203832,4
1742982895952562875,https://www.airbnb.com/rooms/1742982895952562875,2
1743030748055857600,https://www.airbnb.com/rooms/1743030748055857600,1
1743097485621151543,https://www.airbnb.com/rooms/1743097485621151543,1
1743119970845304543,https://www.airbnb.com/rooms/1743119970845304543,1
1743191654107699141,https://www.airbnb.com/rooms/1743191654107699141,3
1743301485824836018,https://www.airbnb.com/rooms/1743301485824836018,1
1743598711655170381,https://www.airbnb.com/rooms/1743598711655170381,1
1743602580165549643,https://www.airbnb.com/rooms/1743602580165549643,2
1743655314866311009,https://www.airbnb.com/rooms/1743655314866311009,3
1743810349685325652,https://www.airbnb.com/rooms/1743810349685325652,1
1744273747874565862,https://www.airbnb.com/rooms/1744273747874565862,3
1744314975553970764,https://www.airbnb.com/rooms/1744314975553970764,2
1744325744088790792,https://www.airbnb.com/rooms/1744325744088790792,6
1744381423651037372,https://www.airbnb.com/rooms/1744381423651037372,4
1744423244856811687,https://www.airbnb.com/rooms/1744423244856811687,2
1744548136817254256,https://www.airbnb.com/rooms/1744548136817254256,2
1744560157618424751,https://www.airbnb.com/rooms/1744560157618424751,2
1744617660524199332,https://www.airbnb.com/rooms/1744617660524199332,2
1744958964431783919,https://www.airbnb.com/rooms/1744958964431783919,2
1744968420901003169,https://www.airbnb.com/rooms/1744968420901003169,2
1745076011453422713,https://www.airbnb.com/rooms/1745076011453422713,1
1745076840559721548,https://www.airbnb.com/rooms/1745076840559721548,2
1745095055728476805,https://www.airbnb.com/rooms/1745095055728476805,2
1745150199250245749,https://www.airbnb.com/rooms/1745150199250245749,2
1745254984267023546,https://www.airbnb.com/rooms/1745254984267023546,2
1745269312023628699,https://www.airbnb.com/rooms/1745269312023628699,7
1745667546426383772,https://www.airbnb.com/rooms/1745667546426383772,2
1745728008706590775,https://www.airbnb.com/rooms/1745728008706590775,1
1745752051494823332,https://www.airbnb.com/rooms/1745752051494823332,1
1745826650836279332,https://www.airbnb.com/rooms/1745826650836279332,2
1745847798769585131,https://www.airbnb.com/rooms/1745847798769585131,1
1745955898150170717,https://www.airbnb.com/rooms/1745955898150170717,2
1746014877255393843,https://www.airbnb.com/rooms/1746014877255393843,6
1746019855815597206,https://www.airbnb.com/rooms/1746019855815597206,2
1746020356034869935,https://www.airbnb.com/rooms/1746020356034869935,1
1746103957222405952,https://www.airbnb.com/rooms/1746103957222405952,2
1746251149409766340,https://www.airbnb.com/rooms/1746251149409766340,10
1746252133447491583,https://www.airbnb.com/rooms/1746252133447491583,2
1746459339161946240,https://www.airbnb.com/rooms/1746459339161946240,2
1746500206796343859,https://www.airbnb.com/rooms/1746500206796343859,1
1746538927496826691,https://www.airbnb.com/rooms/1746538927496826691,1
1746558610186839975,https://www.airbnb.com/rooms/1746558610186839975,2
1746560453082713495,https://www.airbnb.com/rooms/1746560453082713495,2
1746579226744653973,https://www.airbnb.com/rooms/1746579226744653973,2
1746639449951267149,https://www.airbnb.com/rooms/1746639449951267149,1
1746731278164997273,https://www.airbnb.com/rooms/1746731278164997273,2
1747360047965466540,https://www.airbnb.com/rooms/1747360047965466540,7
1747404099054846691,https://www.airbnb.com/rooms/1747404099054846691,1
1747885426745912643,https://www.airbnb.com/rooms/1747885426745912643,4
1748025385007629160,https://www.airbnb.com/rooms/1748025385007629160,2
1748153239654317541,https://www.airbnb.com/rooms/1748153239654317541,4
1748163935594101210,https://www.airbnb.com/rooms/1748163935594101210,2
1748477252951323824,https://www.airbnb.com/rooms/1748477252951323824,4
1748706702504861538,https://www.airbnb.com/rooms/1748706702504861538,1
1748842424109689978,https://www.airbnb.com/rooms/1748842424109689978,2
1749210280255337003,https://www.airbnb.com/rooms/1749210280255337003,1
1749386839671373765,https://www.airbnb.com/rooms/1749386839671373765,3
1749409481901776414,https://www.airbnb.com/rooms/1749409481901776414,1
1749415909497706176,https://www.airbnb.com/rooms/1749415909497706176,2
1749424256201226513,https://www.airbnb.com/rooms/1749424256201226513,1
1749447508620942707,https://www.airbnb.com/rooms/1749447508620942707,1
1749608736295639138,https://www.airbnb.com/rooms/1749608736295639138,2
1749612674352364582,https://www.airbnb.com/rooms/1749612674352364582,1
1750053371251599183,https://www.airbnb.com/rooms/1750053371251599183,3
1750063708140473092,https://www.airbnb.com/rooms/1750063708140473092,3
1750097744490093867,https://www.airbnb.com/rooms/1750097744490093867,1
1750127843852574501,https://www.airbnb.com/rooms/1750127843852574501,1
1750245295939868771,https://www.airbnb.com/rooms/1750245295939868771,1
1750272462972056581,https://www.airbnb.com/rooms/1750272462972056581,2
1750282881286260882,https://www.airbnb.com/rooms/1750282881286260882,1
1750286944373073382,https://www.airbnb.com/rooms/1750286944373073382,4
1750289257938821175,https://www.airbnb.com/rooms/1750289257938821175,2
1750320989365894710,https://www.airbnb.com/rooms/1750320989365894710,1
1750321673545277901,https://www.airbnb.com/rooms/1750321673545277901,1
1750325155461483647,https://www.airbnb.com/rooms/1750325155461483647,1
1750325981460218869,https://www.airbnb.com/rooms/1750325981460218869,2
1750329945130713361,https://www.airbnb.com/rooms/1750329945130713361,4
1750330434039039761,https://www.airbnb.com/rooms/1750330434039039761,4
1750331002065297076,https://www.airbnb.com/rooms/1750331002065297076,1
1750383729512706171,https://www.airbnb.com/rooms/1750383729512706171,4
1750437932450838281,https://www.airbnb.com/rooms/1750437932450838281,2
1750453356470754724,https://www.airbnb.com/rooms/1750453356470754724,3
1750756344530246383,https://www.airbnb.com/rooms/1750756344530246383,1
1750843664320130708,https://www.airbnb.com/rooms/1750843664320130708,1
1750844780185494841,https://www.airbnb.com/rooms/1750844780185494841,1
1750850188750784768,https://www.airbnb.com/rooms/1750850188750784768,1
1750880128266503379,https://www.airbnb.com/rooms/1750880128266503379,4
1750906797268808692,https://www.airbnb.com/rooms/1750906797268808692,1
1750957417498798051,https://www.airbnb.com/rooms/1750957417498798051,3
1750999591004118618,https://www.airbnb.com/rooms/1750999591004118618,1
1751000214942524641,https://www.airbnb.com/rooms/1751000214942524641,1
1751043168644145303,https://www.airbnb.com/rooms/1751043168644145303,1
1751066551526200518,https://www.airbnb.com/rooms/1751066551526200518,2
1751571086935191655,https://www.airbnb.com/rooms/1751571086935191655,3
1751589537681929968,https://www.airbnb.com/rooms/1751589537681929968,1
1751597385904694921,https://www.airbnb.com/rooms/1751597385904694921,1
1751624862342422441,https://www.airbnb.com/rooms/1751624862342422441,2
1751630264176584711,https://www.airbnb.com/rooms/1751630264176584711,1
1751645044483382491,https://www.airbnb.com/rooms/1751645044483382491,2
1751695621751993154,https://www.airbnb.com/rooms/1751695621751993154,2
1751712953607587321,https://www.airbnb.com/rooms/1751712953607587321,2
1751713774915849685,https://www.airbnb.com/rooms/1751713774915849685,2
1751714682007168388,https://www.airbnb.com/rooms/1751714682007168388,2
1751919116095211486,https://www.airbnb.com/rooms/1751919116095211486,1
1752202107299817977,https://www.airbnb.com/rooms/1752202107299817977,1
1752263531350595670,https://www.airbnb.com/rooms/1752263531350595670,4
1752366492686036144,https://www.airbnb.com/rooms/1752366492686036144,1
1752368018435549668,https://www.airbnb.com/rooms/1752368018435549668,2
1752374943267621396,https://www.airbnb.com/rooms/1752374943267621396,2
1752533591398694787,https://www.airbnb.com/rooms/1752533591398694787,2
1752555720422308373,https://www.airbnb.com/rooms/1752555720422308373,1
1753000867283414112,https://www.airbnb.com/rooms/1753000867283414112,1
1753096809757587956,https://www.airbnb.com/rooms/1753096809757587956,1
1753129000549497062,https://www.airbnb.com/rooms/1753129000549497062,1
1753204141391072107,https://www.airbnb.com/rooms/1753204141391072107,2
1753312744599015808,https://www.airbnb.com/rooms/1753312744599015808,2
1753702832303484768,https://www.airbnb.com/rooms/1753702832303484768,2
1753709044827466632,https://www.airbnb.com/rooms/1753709044827466632,2
1754043943127868629,https://www.airbnb.com/rooms/1754043943127868629,2
1754552272075692531,https://www.airbnb.com/rooms/1754552272075692531,4
1754581551815730088,https://www.airbnb.com/rooms/1754581551815730088,2
1754585402933495608,https://www.airbnb.com/rooms/1754585402933495608,2
1754587382192603393,https://www.airbnb.com/rooms/1754587382192603393,2
1754681571264495012,https://www.airbnb.com/rooms/1754681571264495012,9
1754725079127720999,https://www.airbnb.com/rooms/1754725079127720999,2
1754740506136681488,https://www.airbnb.com/rooms/1754740506136681488,2
1755134005763650681,https://www.airbnb.com/rooms/1755134005763650681,2
1755143231087905276,https://www.airbnb.com/rooms/1755143231087905276,2
1755149630112748008,https://www.airbnb.com/rooms/1755149630112748008,1
1755234964542560391,https://www.airbnb.com/rooms/1755234964542560391,2
1755250393503360628,https://www.airbnb.com/rooms/1755250393503360628,1
1755284778375864519,https://www.airbnb.com/rooms/1755284778375864519,2
1755289470394850088,https://www.airbnb.com/rooms/1755289470394850088,2
1755291790992968444,https://www.airbnb.com/rooms/1755291790992968444,2
1755295072928735432,https://www.airbnb.com/rooms/1755295072928735432,2
1755297083727364877,https://www.airbnb.com/rooms/1755297083727364877,4
1755301707044822453,https://www.airbnb.com/rooms/1755301707044822453,1
1755344403879600028,https://www.airbnb.com/rooms/1755344403879600028,2
1755409833428792503,https://www.airbnb.com/rooms/1755409833428792503,12
1755827170361128300,https://www.airbnb.com/rooms/1755827170361128300,2
1755836744016105558,https://www.airbnb.com/rooms/1755836744016105558,2
1755942235923986901,https://www.airbnb.com/rooms/1755942235923986901,1
1756088500183798590,https://www.airbnb.com/rooms/1756088500183798590,1
1756090160376859088,https://www.airbnb.com/rooms/1756090160376859088,2
1756092816776403785,https://www.airbnb.com/rooms/1756092816776403785,2
1756141264871227259,https://www.airbnb.com/rooms/1756141264871227259,1
1756254235605156357,https://www.airbnb.com/rooms/1756254235605156357,1
1756268644778721346,https://www.airbnb.com/rooms/1756268644778721346,1
1756662803850631799,https://www.airbnb.com/rooms/1756662803850631799,1
1756714366680522697,https://www.airbnb.com/rooms/1756714366680522697,3
1756754921976930485,https://www.airbnb.com/rooms/1756754921976930485,2
1756757469090150261,https://www.airbnb.com/rooms/1756757469090150261,2
1756758532811688040,https://www.airbnb.com/rooms/1756758532811688040,2
1756969853754087787,https://www.airbnb.com/rooms/1756969853754087787,2
1757028796889463934,https://www.airbnb.com/rooms/1757028796889463934,3
1757201264076894185,https://www.airbnb.com/rooms/1757201264076894185,4
1757209457604326593,https://www.airbnb.com/rooms/1757209457604326593,2
1757299020761868942,https://www.airbnb.com/rooms/1757299020761868942,2
1757352693416368886,https://www.airbnb.com/rooms/1757352693416368886,2
1757367031982644063,https://www.airbnb.com/rooms/1757367031982644063,2
1757484504301259093,https://www.airbnb.com/rooms/1757484504301259093,2
1757486094659414607,https://www.airbnb.com/rooms/1757486094659414607,3
1757559397782272616,https://www.airbnb.com/rooms/1757559397782272616,1
1758002858328619795,https://www.airbnb.com/rooms/1758002858328619795,1
1758049320796237674,https://www.airbnb.com/rooms/1758049320796237674,1
1758053850628038729,https://www.airbnb.com/rooms/1758053850628038729,1
1758074035950301954,https://www.airbnb.com/rooms/1758074035950301954,1
1758105083374692073,https://www.airbnb.com/rooms/1758105083374692073,5
1758192531231228214,https://www.airbnb.com/rooms/1758192531231228214,2
1758280993420055280,https://www.airbnb.com/rooms/1758280993420055280,1
1758722115820068112,https://www.airbnb.com/rooms/1758722115820068112,1
1758804126658615826,https://www.airbnb.com/rooms/1758804126658615826,1
1758874202998280161,https://www.airbnb.com/rooms/1758874202998280161,1
1759091976763755639,https://www.airbnb.com/rooms/1759091976763755639,2
1759105143691724145,https://www.airbnb.com/rooms/1759105143691724145,1
1759565749858119910,https://www.airbnb.com/rooms/1759565749858119910,8
1759566585532519455,https://www.airbnb.com/rooms/1759566585532519455,1
1759605454281347502,https://www.airbnb.com/rooms/1759605454281347502,5
1759630372375356428,https://www.airbnb.com/rooms/1759630372375356428,3
1759721637956749735,https://www.airbnb.com/rooms/1759721637956749735,2
1759721792937666306,https://www.airbnb.com/rooms/1759721792937666306,2
1759749782409587682,https://www.airbnb.com/rooms/1759749782409587682,2
1759751948652641259,https://www.airbnb.com/rooms/1759751948652641259,2
1759754671735818671,https://www.airbnb.com/rooms/1759754671735818671,2
1759801323773031681,https://www.airbnb.com/rooms/1759801323773031681,2
1760215498606348160,https://www.airbnb.com/rooms/1760215498606348160,1
1760293346996801262,https://www.airbnb.com/rooms/1760293346996801262,2
1760337095753836383,https://www.airbnb.com/rooms/1760337095753836383,2
1760386074553107761,https://www.airbnb.com/rooms/1760386074553107761,4
1760406109578651691,https://www.airbnb.com/rooms/1760406109578651691,1
1760458229267390377,https://www.airbnb.com/rooms/1760458229267390377,2
1760470452750419664,https://www.airbnb.com/rooms/1760470452750419664,1
1760485412271306641,https://www.airbnb.com/rooms/1760485412271306641,2
1760486573840974127,https://www.airbnb.com/rooms/1760486573840974127,2
1760489016472263471,https://www.airbnb.com/rooms/1760489016472263471,2
1760491791312762770,https://www.airbnb.com/rooms/1760491791312762770,2
1760573192703410565,https://www.airbnb.com/rooms/1760573192703410565,2
1760916135538230596,https://www.airbnb.com/rooms/1760916135538230596,2
1760930319162683063,https://www.airbnb.com/rooms/1760930319162683063,2
1760934313287612710,https://www.airbnb.com/rooms/1760934313287612710,1
1761007359563564682,https://www.airbnb.com/rooms/1761007359563564682,4
1761010943818393730,https://www.airbnb.com/rooms/1761010943818393730,3
1761032596806487924,https://www.airbnb.com/rooms/1761032596806487924,1
1761060019971255576,https://www.airbnb.com/rooms/1761060019971255576,2
1761060031846782274,https://www.airbnb.com/rooms/1761060031846782274,2
1761060032390721055,https://www.airbnb.com/rooms/1761060032390721055,2
1761060032594267963,https://www.airbnb.com/rooms/1761060032594267963,2
1761060034871142585,https://www.airbnb.com/rooms/1761060034871142585,2
1761060038338720429,https://www.airbnb.com/rooms/1761060038338720429,2
1761090454832906666,https://www.airbnb.com/rooms/1761090454832906666,2
1761099470990668611,https://www.airbnb.com/rooms/1761099470990668611,2
1761107930216030475,https://www.airbnb.com/rooms/1761107930216030475,2
1761109112224623967,https://www.airbnb.com/rooms/1761109112224623967,2
1761110104109010413,https://www.airbnb.com/rooms/1761110104109010413,2
1761112006800789525,https://www.airbnb.com/rooms/1761112006800789525,2
1761114829923241482,https://www.airbnb.com/rooms/1761114829923241482,2
1761119896931810122,https://www.airbnb.com/rooms/1761119896931810122,2
1761121193563855971,https://www.airbnb.com/rooms/1761121193563855971,2
1761122292793670556,https://www.airbnb.com/rooms/1761122292793670556,2
1761126506871647390,https://www.airbnb.com/rooms/1761126506871647390,1
1761131201793075194,https://www.airbnb.com/rooms/1761131201793075194,2
1761145897074891880,https://www.airbnb.com/rooms/1761145897074891880,4
1761177363229203936,https://www.airbnb.com/rooms/1761177363229203936,1
1761221066696009998,https://www.airbnb.com/rooms/1761221066696009998,2
1761244731826838336,https://www.airbnb.com/rooms/1761244731826838336,2
1761259665845475844,https://www.airbnb.com/rooms/1761259665845475844,2
1761266202842082128,https://www.airbnb.com/rooms/1761266202842082128,2
1761302151343001667,https://www.airbnb.com/rooms/1761302151343001667,2
1761729481584251964,https://www.airbnb.com/rooms/1761729481584251964,1
1761820850393409931,https://www.airbnb.com/rooms/1761820850393409931,1
1761849220815733291,https://www.airbnb.com/rooms/1761849220815733291,2
1761945216087857469,https://www.airbnb.com/rooms/1761945216087857469,2
1761965600328837166,https://www.airbnb.com/rooms/1761965600328837166,2
1762345016309848357,https://www.airbnb.com/rooms/1762345016309848357,1
1762362207253311112,https://www.airbnb.com/rooms/1762362207253311112,2
1762365517004737654,https://www.airbnb.com/rooms/1762365517004737654,1
1762391469887084874,https://www.airbnb.com/rooms/1762391469887084874,1
1762418391672060425,https://www.airbnb.com/rooms/1762418391672060425,1
1762482746802664942,https://www.airbnb.com/rooms/1762482746802664942,2
1762484449759461224,https://www.airbnb.com/rooms/1762484449759461224,2
1762506198819186440,https://www.airbnb.com/rooms/1762506198819186440,2
1762581241206397521,https://www.airbnb.com/rooms/1762581241206397521,1
1763113480024853301,https://www.airbnb.com/rooms/1763113480024853301,2
1763131202866707088,https://www.airbnb.com/rooms/1763131202866707088,1
1763249117395995252,https://www.airbnb.com/rooms/1763249117395995252,2
1763257637821139180,https://www.airbnb.com/rooms/1763257637821139180,4
1763266206881389039,https://www.airbnb.com/rooms/1763266206881389039,2
1763277151851029505,https://www.airbnb.com/rooms/1763277151851029505,2
1763280898525749064,https://www.airbnb.com/rooms/1763280898525749064,2
1763303312240764399,https://www.airbnb.com/rooms/1763303312240764399,1
1763316777394644006,https://www.airbnb.com/rooms/1763316777394644006,4
1763385912697381633,https://www.airbnb.com/rooms/1763385912697381633,4
1763758216026814740,https://www.airbnb.com/rooms/1763758216026814740,3
1763886309145334060,https://www.airbnb.com/rooms/1763886309145334060,1
1764101030164915188,https://www.airbnb.com/rooms/1764101030164915188,2
1764161614707307758,https://www.airbnb.com/rooms/1764161614707307758,2
1764165176254103642,https://www.airbnb.com/rooms/1764165176254103642,2
1764179257072149043,https://www.airbnb.com/rooms/1764179257072149043,3
1764557823803115438,https://www.airbnb.com/rooms/1764557823803115438,1
1764588514951347381,https://www.airbnb.com/rooms/1764588514951347381,3
1764591807501526022,https://www.airbnb.com/rooms/1764591807501526022,4
1764599178483249880,https://www.airbnb.com/rooms/1764599178483249880,2
1764602524158658018,https://www.airbnb.com/rooms/1764602524158658018,2
1764616469488749676,https://www.airbnb.com/rooms/1764616469488749676,1
1764622359306490445,https://www.airbnb.com/rooms/1764622359306490445,1
1764667862370906322,https://www.airbnb.com/rooms/1764667862370906322,4
1764700613535713846,https://www.airbnb.com/rooms/1764700613535713846,3
1764754415349857299,https://www.airbnb.com/rooms/1764754415349857299,3
1764927456459519962,https://www.airbnb.com/rooms/1764927456459519962,5
1764928053066277604,https://www.airbnb.com/rooms/1764928053066277604,2
1765037917751125376,https://www.airbnb.com/rooms/1765037917751125376,1
1765227134448104839,https://www.airbnb.com/rooms/1765227134448104839,2
1765236876485652121,https://www.airbnb.com/rooms/1765236876485652121,1
1765244643869432707,https://www.airbnb.com/rooms/1765244643869432707,4
1765268082337817354,https://www.airbnb.com/rooms/1765268082337817354,2
1765478811667988222,https://www.airbnb.com/rooms/1765478811667988222,1
1765483515653145844,https://www.airbnb.com/rooms/1765483515653145844,1
1765670222662131090,https://www.airbnb.com/rooms/1765670222662131090,1
1765903939548254984,https://www.airbnb.com/rooms/1765903939548254984,2
1765904105624742325,https://www.airbnb.com/rooms/1765904105624742325,2
1765982568445523034,https://www.airbnb.com/rooms/1765982568445523034,5
1765988409350882015,https://www.airbnb.com/rooms/1765988409350882015,1
1766035008103411802,https://www.airbnb.com/rooms/1766035008103411802,4
1766043112736225977,https://www.airbnb.com/rooms/1766043112736225977,2
1766050446154793431,https://www.airbnb.com/rooms/1766050446154793431,4
1766057277924149087,https://www.airbnb.com/rooms/1766057277924149087,2
1766078634682582883,https://www.airbnb.com/rooms/1766078634682582883,20
1766100986810846595,https://www.airbnb.com/rooms/1766100986810846595,2
1766181732866703843,https://www.airbnb.com/rooms/1766181732866703843,4
1766213738988288254,https://www.airbnb.com/rooms/1766213738988288254,1
1766239326118708957,https://www.airbnb.com/rooms/1766239326118708957,4
1766711981426181734,https://www.airbnb.com/rooms/1766711981426181734,4
1766806567852051948,https://www.airbnb.com/rooms/1766806567852051948,1
1766847822288063762,https://www.airbnb.com/rooms/1766847822288063762,3
1766869116881386087,https://www.airbnb.com/rooms/1766869116881386087,1
1766880280138583953,https://www.airbnb.com/rooms/1766880280138583953,1
1766905248773944245,https://www.airbnb.com/rooms/1766905248773944245,2
1766913864279078382,https://www.airbnb.com/rooms/1766913864279078382,1
1766954386727435751,https://www.airbnb.com/rooms/1766954386727435751,2
1766955540918023966,https://www.airbnb.com/rooms/1766955540918023966,2
1766963491850282086,https://www.airbnb.com/rooms/1766963491850282086,2
1766984902994493206,https://www.airbnb.com/rooms/1766984902994493206,1
1767010871381567872,https://www.airbnb.com/rooms/1767010871381567872,4
1767014917934043376,https://www.airbnb.com/rooms/1767014917934043376,1
1767041794485202641,https://www.airbnb.com/rooms/1767041794485202641,4
1767052987181343699,https://www.airbnb.com/rooms/1767052987181343699,1
1767161354391219219,https://www.airbnb.com/rooms/1767161354391219219,1
1767412011854157337,https://www.airbnb.com/rooms/1767412011854157337,1
1767413795464939288,https://www.airbnb.com/rooms/1767413795464939288,1
1767560320861002078,https://www.airbnb.com/rooms/1767560320861002078,2
1767580676851650907,https://www.airbnb.com/rooms/1767580676851650907,4
1767581474322821416,https://www.airbnb.com/rooms/1767581474322821416,1
1767639927965112442,https://www.airbnb.com/rooms/1767639927965112442,2
1767712942574197103,https://www.airbnb.com/rooms/1767712942574197103,6
1767755648407722618,https://www.airbnb.com/rooms/1767755648407722618,6
1768121034269602369,https://www.airbnb.com/rooms/1768121034269602369,2
1768232600817516020,https://www.airbnb.com/rooms/1768232600817516020,2
1768285332093110464,https://www.airbnb.com/rooms/1768285332093110464,2
1768335448828469673,https://www.airbnb.com/rooms/1768335448828469673,4
1768342558776679785,https://www.airbnb.com/rooms/1768342558776679785,1
1768394708230934142,https://www.airbnb.com/rooms/1768394708230934142,4
1768405546935953554,https://www.airbnb.com/rooms/1768405546935953554,1
1768419822141950312,https://www.airbnb.com/rooms/1768419822141950312,3
1768808778490201359,https://www.airbnb.com/rooms/1768808778490201359,2
1768817926412355265,https://www.airbnb.com/rooms/1768817926412355265,2
1768968233066353084,https://www.airbnb.com/rooms/1768968233066353084,2
1768999246284473675,https://www.airbnb.com/rooms/1768999246284473675,1
1769001647311113037,https://www.airbnb.com/rooms/1769001647311113037,1
1769112320269624238,https://www.airbnb.com/rooms/1769112320269624238,2
1769118281746221782,https://www.airbnb.com/rooms/1769118281746221782,2
1769203879513534230,https://www.airbnb.com/rooms/1769203879513534230,2
1769224122550778604,https://www.airbnb.com/rooms/1769224122550778604,2
1769232969480300873,https://www.airbnb.com/rooms/1769232969480300873,1
1769239563307136689,https://www.airbnb.com/rooms/1769239563307136689,2
1769371904586245231,https://www.airbnb.com/rooms/1769371904586245231,2
1769556297991024355,https://www.airbnb.com/rooms/1769556297991024355,4
1769676329595584300,https://www.airbnb.com/rooms/1769676329595584300,1
1769695034043693015,https://www.airbnb.com/rooms/1769695034043693015,1
1769735365271768220,https://www.airbnb.com/rooms/1769735365271768220,2
1769823058007537724,https://www.airbnb.com/rooms/1769823058007537724,7
1769929931229140143,https://www.airbnb.com/rooms/1769929931229140143,4
1769941653904107730,https://www.airbnb.com/rooms/1769941653904107730,1
1769968379066928908,https://www.airbnb.com/rooms/1769968379066928908,1
1770035755151709384,https://www.airbnb.com/rooms/1770035755151709384,1
1770341235476520521,https://www.airbnb.com/rooms/1770341235476520521,2
1770381267977198508,https://www.airbnb.com/rooms/1770381267977198508,2
1770438481683109172,https://www.airbnb.com/rooms/1770438481683109172,1
1770470304086699335,https://www.airbnb.com/rooms/1770470304086699335,2
1770494657894835726,https://www.airbnb.com/rooms/1770494657894835726,6
1770517608095816171,https://www.airbnb.com/rooms/1770517608095816171,2
1770518187972206881,https://www.airbnb.com/rooms/1770518187972206881,2
1770544971085578639,https://www.airbnb.com/rooms/1770544971085578639,4
1770551246522760551,https://www.airbnb.com/rooms/1770551246522760551,4
1770574469229679105,https://www.airbnb.com/rooms/1770574469229679105,1
1770575836894067944,https://www.airbnb.com/rooms/1770575836894067944,2
1770993257480519623,https://www.airbnb.com/rooms/1770993257480519623,2
1771083506537506171,https://www.airbnb.com/rooms/1771083506537506171,3
1771091669418653255,https://www.airbnb.com/rooms/1771091669418653255,1
1771099244095924382,https://www.airbnb.com/rooms/1771099244095924382,11
1771102374222103924,https://www.airbnb.com/rooms/1771102374222103924,1
1771186627738347651,https://www.airbnb.com/rooms/1771186627738347651,1
1771211691431882352,https://www.airbnb.com/rooms/1771211691431882352,2
1771241823258614493,https://www.airbnb.com/rooms/1771241823258614493,1
1771272800889796450,https://www.airbnb.com/rooms/1771272800889796450,4
1771287747760835821,https://www.airbnb.com/rooms/1771287747760835821,1
1771326225959585630,https://www.airbnb.com/rooms/1771326225959585630,1
1771807459093132769,https://www.airbnb.com/rooms/1771807459093132769,2
1771907936201872277,https://www.airbnb.com/rooms/1771907936201872277,1
1771981789505081732,https://www.airbnb.com/rooms/1771981789505081732,2
1772009338684853015,https://www.airbnb.com/rooms/1772009338684853015,1
1772009490269856604,https://www.airbnb.com/rooms/1772009490269856604,3
1772029449122270666,https://www.airbnb.com/rooms/1772029449122270666,1
1772037192330952437,https://www.airbnb.com/rooms/1772037192330952437,1
1772047214711561994,https://www.airbnb.com/rooms/1772047214711561994,2
1772047233696462261,https://www.airbnb.com/rooms/1772047233696462261,4
1772048641643473054,https://www.airbnb.com/rooms/1772048641643473054,2
1772053678798053435,https://www.airbnb.com/rooms/1772053678798053435,2
1772087946458102457,https://www.airbnb.com/rooms/1772087946458102457,1
1772112469821691699,https://www.airbnb.com/rooms/1772112469821691699,10
1772132844101790088,https://www.airbnb.com/rooms/1772132844101790088,1
1772241534270503620,https://www.airbnb.com/rooms/1772241534270503620,4
1772298922676996768,https://www.airbnb.com/rooms/1772298922676996768,2
1772515053122247546,https://www.airbnb.com/rooms/1772515053122247546,2
1772621722926023543,https://www.airbnb.com/rooms/1772621722926023543,1
1772624474879592729,https://www.airbnb.com/rooms/1772624474879592729,4
1772704328135349510,https://www.airbnb.com/rooms/1772704328135349510,2
1772706669054172812,https://www.airbnb.com/rooms/1772706669054172812,3
1772902546631277864,https://www.airbnb.com/rooms/1772902546631277864,1
1773362149697665347,https://www.airbnb.com/rooms/1773362149697665347,1
1773509230181127345,https://www.airbnb.com/rooms/1773509230181127345,4
1773532080929468168,https://www.airbnb.com/rooms/1773532080929468168,2
1774018976614163933,https://www.airbnb.com/rooms/1774018976614163933,1
1774064786379862533,https://www.airbnb.com/rooms/1774064786379862533,2
1774081099075856943,https://www.airbnb.com/rooms/1774081099075856943,4
1774180042720121651,https://www.airbnb.com/rooms/1774180042720121651,2
1774217793272645067,https://www.airbnb.com/rooms/1774217793272645067,2
1774691087887343444,https://www.airbnb.com/rooms/1774691087887343444,2
1774803394878681043,https://www.airbnb.com/rooms/1774803394878681043,1
1774839870706885680,https://www.airbnb.com/rooms/1774839870706885680,2
1774896670058347403,https://www.airbnb.com/rooms/1774896670058347403,3
1774897618984623152,https://www.airbnb.com/rooms/1774897618984623152,2
1774919304843718190,https://www.airbnb.com/rooms/1774919304843718190,2
1775254829420149464,https://www.airbnb.com/rooms/1775254829420149464,3
1775400305289099110,https://www.airbnb.com/rooms/1775400305289099110,2
1775436931295983618,https://www.airbnb.com/rooms/1775436931295983618,2
1775522910816348491,https://www.airbnb.com/rooms/1775522910816348491,8
1775548268983839414,https://www.airbnb.com/rooms/1775548268983839414,2
1775554016025787324,https://www.airbnb.com/rooms/1775554016025787324,2
1775622907331921797,https://www.airbnb.com/rooms/1775622907331921797,1
1775688977836457705,https://www.airbnb.com/rooms/1775688977836457705,1
1775786097710256434,https://www.airbnb.com/rooms/1775786097710256434,1
1775990350991333506,https://www.airbnb.com/rooms/1775990350991333506,1
1776270137640484581,https://www.airbnb.com/rooms/1776270137640484581,2
1776361243450390336,https://www.airbnb.com/rooms/1776361243450390336,4
1776376022238985011,https://www.airbnb.com/rooms/1776376022238985011,1
1776395858604879466,https://www.airbnb.com/rooms/1776395858604879466,2
1776423226184700581,https://www.airbnb.com/rooms/1776423226184700581,1
1776430019467407227,https://www.airbnb.com/rooms/1776430019467407227,2
1776434421598092071,https://www.airbnb.com/rooms/1776434421598092071,4
1776462187886417309,https://www.airbnb.com/rooms/1776462187886417309,4
1776466723748646704,https://www.airbnb.com/rooms/1776466723748646704,4
1776537465279947300,https://www.airbnb.com/rooms/1776537465279947300,4
1776829697002482152,https://www.airbnb.com/rooms/1776829697002482152,2
1776866771501028813,https://www.airbnb.com/rooms/1776866771501028813,2
1776990460467520869,https://www.airbnb.com/rooms/1776990460467520869,2
1777028348397115195,https://www.airbnb.com/rooms/1777028348397115195,4
1777033262663966060,https://www.airbnb.com/rooms/1777033262663966060,2
1777043765985105656,https://www.airbnb.com/rooms/1777043765985105656,4
1777046406147598220,https://www.airbnb.com/rooms/1777046406147598220,1
1777086058399267350,https://www.airbnb.com/rooms/1777086058399267350,2
1777548258771285485,https://www.airbnb.com/rooms/1777548258771285485,2
1777565577555567861,https://www.airbnb.com/rooms/1777565577555567861,4
1777661826428572557,https://www.airbnb.com/rooms/1777661826428572557,6
1777662547004016696,https://www.airbnb.com/rooms/1777662547004016696,2
1777702058610122661,https://www.airbnb.com/rooms/1777702058610122661,3
1777771043511867483,https://www.airbnb.com/rooms/1777771043511867483,1
1777818784198879028,https://www.airbnb.com/rooms/1777818784198879028,1
1778085284994749419,https://www.airbnb.com/rooms/1778085284994749419,1
1778119011362417984,https://www.airbnb.com/rooms/1778119011362417984,2
1778311345676067683,https://www.airbnb.com/rooms/1778311345676067683,5
1778375591509590201,https://www.airbnb.com/rooms/1778375591509590201,1
1778511372226997821,https://www.airbnb.com/rooms/1778511372226997821,1
1778562332318692583,https://www.airbnb.com/rooms/1778562332318692583,4
1779043354589863947,https://www.airbnb.com/rooms/1779043354589863947,1
1779141502439831057,https://www.airbnb.com/rooms/1779141502439831057,1
1779268613222451012,https://www.airbnb.com/rooms/1779268613222451012,3
1779306762450816383,https://www.airbnb.com/rooms/1779306762450816383,2
1779341583182776650,https://www.airbnb.com/rooms/1779341583182776650,5
1779401494066107753,https://www.airbnb.com/rooms/1779401494066107753,5
1779743865026047781,https://www.airbnb.com/rooms/1779743865026047781,1
1779854438816220660,https://www.airbnb.com/rooms/1779854438816220660,2
1779998418949364767,https://www.airbnb.com/rooms/1779998418949364767,1
1780206646156971986,https://www.airbnb.com/rooms/1780206646156971986,1
1780384201328978680,https://www.airbnb.com/rooms/1780384201328978680,2
1780418153595133724,https://www.airbnb.com/rooms/1780418153595133724,4
1780522261842685250,https://www.airbnb.com/rooms/1780522261842685250,2
1780748978268670051,https://www.airbnb.com/rooms/1780748978268670051,3
1781254159926565766,https://www.airbnb.com/rooms/1781254159926565766,4
1781275190966653488,https://www.airbnb.com/rooms/1781275190966653488,8
1781283154450222624,https://www.airbnb.com/rooms/1781283154450222624,1
1781324780117198960,https://www.airbnb.com/rooms/1781324780117198960,2
1781357482815380669,https://www.airbnb.com/rooms/1781357482815380669,3
1781435864813779118,https://www.airbnb.com/rooms/1781435864813779118,4
1781499486583237457,https://www.airbnb.com/rooms/1781499486583237457,8
1781580412973987806,https://www.airbnb.com/rooms/1781580412973987806,6
1781596360667009785,https://www.airbnb.com/rooms/1781596360667009785,3
1781960157169719273,https://www.airbnb.com/rooms/1781960157169719273,4
1782007154874320853,https://www.airbnb.com/rooms/1782007154874320853,3
1782023084998501697,https://www.airbnb.com/rooms/1782023084998501697,1
1782059597978088388,https://www.airbnb.com/rooms/1782059597978088388,2
1782121127700162657,https://www.airbnb.com/rooms/1782121127700162657,6
1782131748755118619,https://www.airbnb.com/rooms/1782131748755118619,18
1782147454056596524,https://www.airbnb.com/rooms/1782147454056596524,1
1782147693503606689,https://www.airbnb.com/rooms/1782147693503606689,2
1782314132340417069,https://www.airbnb.com/rooms/1782314132340417069,1
1782321961528421733,https://www.airbnb.com/rooms/1782321961528421733,1
1782333553577920134,https://www.airbnb.com/rooms/1782333553577920134,2
1782343845461661428,https://www.airbnb.com/rooms/1782343845461661428,3
1782355676401525848,https://www.airbnb.com/rooms/1782355676401525848,3
1782356113557595445,https://www.airbnb.com/rooms/1782356113557595445,2
1782359296643079085,https://www.airbnb.com/rooms/1782359296643079085,1
1782399128362461244,https://www.airbnb.com/rooms/1782399128362461244,1
1782484662647892535,https://www.airbnb.com/rooms/1782484662647892535,2
1782733946636442378,https://www.airbnb.com/rooms/1782733946636442378,2
1782742381178087204,https://www.airbnb.com/rooms/1782742381178087204,1
1782765879105653136,https://www.airbnb.com/rooms/1782765879105653136,1
1783113883646531697,https://www.airbnb.com/rooms/1783113883646531697,1
