area_id,address_block,zip,permit_count,address_points,candidate_plots,status,license_cases
block-0001,BLOCK OF 100 ANTHONY ST,78702,3,0,0,no address-point match,"[""2025-144776 OL"", ""2025-032862 OL"", ""2025-007931 OL""]"
block-0002,BLOCK OF 100 COLEMAN ST,78704,1,15,15,mapped,"[""2023-020479 OL""]"
block-0003,BLOCK OF 100 CROSS ST,78702,3,0,0,no address-point match,"[""2026-030688 OL"", ""2020-060234 OL"", ""2025-022409 OL""]"
block-0004,BLOCK OF 100 CUMBERLAND RD,78704,1,3,3,mapped,"[""2022-110393 OL""]"
block-0005,BLOCK OF 100 E 30TH ST,78705,1,11,5,mapped,"[""2025-133889 OL""]"
block-0006,BLOCK OF 100 E 47TH ST,78751,1,3,3,mapped,"[""2019-009924 OL""]"
block-0007,BLOCK OF 100 E 48TH ST,78751,2,3,3,mapped,"[""2026-107345 OL"", ""2014-111041 OL""]"
block-0008,BLOCK OF 100 E GIBSON ST,78704,1,2,2,mapped,"[""2024-001589 OL""]"
block-0009,BLOCK OF 100 E MILTON ST,78704,1,3,2,mapped,"[""2018-013807 OL""]"
block-0010,BLOCK OF 100 E ST JOHNS AVE,78752,1,11,11,mapped,"[""2020-033405 OL""]"
block-0011,BLOCK OF 100 HAVANA ST,78704,1,10,10,mapped,"[""2026-027500 OL""]"
block-0012,BLOCK OF 100 HERGOTZ LN,78742,4,21,21,mapped,"[""2024-006810 OL"", ""2024-006841 OL"", ""2024-001280 OL"", ""2024-001249 OL""]"
block-0013,BLOCK OF 100 KAREN HILL PL,78652,1,20,20,mapped,"[""2026-026487 OL""]"
block-0014,BLOCK OF 100 LYNN ST,78702,6,0,0,no address-point match,"[""2026-068204 OL"", ""2026-017746 OL"", ""2025-082226 OL"", ""2026-004170 OL"", ""2026-062529 OL"", ""2022-028736 OL""]"
block-0015,BLOCK OF 100 METEOR DR,78745,1,18,18,mapped,"[""2026-069354 OL""]"
block-0016,BLOCK OF 100 NAVASOTA ST,78702,1,2,2,mapped,"[""2026-117688 OL""]"
block-0017,BLOCK OF 100 NELLIE ST,78704,1,3,2,mapped,"[""2020-195010 OL""]"
block-0018,BLOCK OF 100 RAINEY ST,78701,59,0,0,no address-point match,"[""2025-158145 OL"", ""2025-157900 OL"", ""2025-156017 OL"", ""2025-158074 OL"", ""2025-158114 OL"", ""2025-157883 OL"", ""2025-156257 OL"", ""2025-156040 OL"", ""2025-158022 OL"", ""2025-157945 OL"", ""2025-157955 OL"", ""2025-155700 OL"", ""2025-151447 OL"", ""2025-157859 OL"", ""2025-157972 OL"", ""2025-158007 OL"", ""2025-158125 OL"", ""2025-157887 OL"", ""2025-157838 OL"", ""2025-157961 OL"", ""2025-151435 OL"", ""2025-158083 OL"", ""2025-158155 OL"", ""2025-157864 OL"", ""2025-156250 OL"", ""2025-156049 OL"", ""2025-158015 OL"", ""2025-158001 OL"", ""2025-158161 OL"", ""2025-155736 OL"", ""2025-157915 OL"", ""2025-157987 OL"", ""2025-157874 OL"", ""2025-151454 OL"", ""2025-157935 OL"", ""2025-158059 OL"", ""2025-157873 OL"", ""2025-158056 OL"", ""2025-151461 OL"", ""2025-157836 OL"", ""2025-156265 OL"", ""2025-157850 OL"", ""2025-158106 OL"", ""2025-155791 OL"", ""2025-158047 OL"", ""2025-100195 OL"", ""2025-158090 OL"", ""2025-157853 OL"", ""2025-157919 OL"", ""2025-157891 OL"", ""2025-156028 OL"", ""2025-156159 OL"", ""2025-158002 OL"", ""2025-155783 OL"", ""2025-156173 OL"", ""2025-155711 OL"", ""2025-155720 OL"", ""2025-156245 OL"", ""2025-157995 OL""]"
block-0019,BLOCK OF 100 ROBERT T MARTINEZ JR ST,78702,4,2,2,mapped,"[""2026-107793 OL"", ""2025-159216 OL"", ""2017-046599 OL"", ""2026-108917 OL""]"
block-0020,BLOCK OF 100 SAN SABA ST,78702,1,2,2,mapped,"[""2025-131587 OL""]"
block-0021,BLOCK OF 100 W ELIZABETH ST,78704,1,3,2,mapped,"[""2023-124111 OL""]"
block-0022,BLOCK OF 100 W FAWNRIDGE DR,78753,1,4,4,mapped,"[""2026-086714 OL""]"
block-0023,BLOCK OF 100 WALLER ST,78702,7,3,3,mapped,"[""2026-028564 OL"", ""2026-027746 OL"", ""2025-020076 OL"", ""2026-056413 OL"", ""2024-007598 OL"", ""2026-009854 OL"", ""2026-024988 OL""]"
block-0024,BLOCK OF 200 BEN HOWELL DR,78704,1,8,8,mapped,"[""2026-014469 OL""]"
block-0025,BLOCK OF 200 CHAPARRAL RD,78745,1,7,5,mapped,"[""2026-092444 OL""]"
block-0026,BLOCK OF 200 E 33RD ST,78705,1,10,10,mapped,"[""2024-018679 OL""]"
block-0027,BLOCK OF 200 E 41ST ST,78751,1,1,1,mapped,"[""2014-001268 OL""]"
block-0028,BLOCK OF 200 E 4TH ST,78701,8,6,6,mapped,"[""2019-215544 OL"", ""2019-215473 OL"", ""2019-215538 OL"", ""2019-215563 OL"", ""2019-215520 OL"", ""2019-215492 OL"", ""2019-215558 OL"", ""2019-215527 OL""]"
block-0029,BLOCK OF 200 E CROSLIN ST,78752,1,7,7,mapped,"[""2026-112610 OL""]"
block-0030,BLOCK OF 200 EL PASO ST,78704,1,10,10,mapped,"[""2026-058749 OL""]"
block-0031,BLOCK OF 200 LAVACA ST,78701,18,5,3,mapped,"[""2018-020882 OL"", ""2019-233021 OL"", ""2019-233040 OL"", ""2018-022161 OL"", ""2021-122602 OL"", ""2018-022156 OL"", ""2019-233029 OL"", ""2019-234734 OL"", ""2019-233002 OL"", ""2019-176122 OL"", ""2019-235517 OL"", ""2019-036865 OL"", ""2019-233049 OL"", ""2019-176256 OL"", ""2018-022202 OL"", ""2019-233016 OL"", ""2017-067040 OL"", ""2018-020877 OL""]"
block-0032,BLOCK OF 200 LELAND ST,78704,1,4,1,mapped,"[""2022-140769 OL""]"
block-0033,BLOCK OF 200 MONTOPOLIS DR,78741,1,5,5,mapped,"[""2025-120416 OL""]"
block-0034,BLOCK OF 200 NELRAY BLVD,78751,1,12,12,mapped,"[""2025-022226 OL""]"
block-0035,BLOCK OF 200 PARK LN,78704,3,13,13,mapped,"[""2013-011392 OL"", ""2026-033824 OL"", ""2025-114050 OL""]"
block-0036,BLOCK OF 200 SANDRA ST,78745,1,4,4,mapped,"[""2026-025404 OL""]"
block-0037,BLOCK OF 200 SHERATON AVE,78745,2,14,14,mapped,"[""2023-027611 OL"", ""2023-032989 OL""]"
block-0038,BLOCK OF 200 TILLERY SQ,78702,1,9,9,mapped,"[""2025-056124 OL""]"
block-0039,BLOCK OF 200 W ELIZABETH ST,78704,1,2,1,mapped,"[""2013-130156 OL""]"
block-0040,BLOCK OF 200 W MILTON ST,78704,2,4,2,mapped,"[""2026-078535 OL"", ""2019-186466 OL""]"
block-0041,BLOCK OF 200 W MOCKINGBIRD LN,78745,1,9,8,mapped,"[""2024-126122 OL""]"
block-0042,BLOCK OF 200 W NORTH LOOP BLVD,78751,1,16,9,mapped,"[""2025-032188 OL""]"
block-0043,BLOCK OF 300 BLACKBERRY DR,78745,1,9,9,mapped,"[""2026-077241 OL""]"
block-0044,BLOCK OF 300 BRAZOS ST,78701,9,2,2,mapped,"[""2021-074863 OL"", ""2021-074563 OL"", ""2021-074832 OL"", ""2021-074580 OL"", ""2021-074750 OL"", ""2021-074811 OL"", ""2021-074593 OL"", ""2021-074680 OL"", ""2021-074784 OL""]"
block-0045,BLOCK OF 300 DELMAR AVE,78752,1,14,14,mapped,"[""2024-166208 OL""]"
block-0046,BLOCK OF 300 E 4TH ST,78701,14,7,6,mapped,"[""2019-215546 OL"", ""2019-215657 OL"", ""2019-215522 OL"", ""2019-215542 OL"", ""2019-215557 OL"", ""2019-215604 OL"", ""2019-215481 OL"", ""2019-215621 OL"", ""2019-215675 OL"", ""2019-215552 OL"", ""2022-133616 OL"", ""2019-215570 OL"", ""2019-215654 OL"", ""2019-215578 OL""]"
block-0047,BLOCK OF 300 E LIVE OAK ST,78704,1,10,8,mapped,"[""2024-153115 OL""]"
block-0048,BLOCK OF 300 E SKYVIEW RD,78752,1,8,8,mapped,"[""2026-083654 OL""]"
block-0049,BLOCK OF 300 HACKBERRY LN,78753,1,12,11,mapped,"[""2026-110502 OL""]"
block-0050,BLOCK OF 300 IRMA DR,78752,1,9,9,mapped,"[""2025-156051 OL""]"
block-0051,BLOCK OF 300 LE GRANDE AVE,78704,1,11,11,mapped,"[""2012-100685 OL""]"
block-0052,BLOCK OF 300 RIDGEWOOD RD,78746,1,15,14,mapped,"[""2026-059120 OL""]"
block-0053,BLOCK OF 300 STARBRIGHT DR,78745,1,6,6,mapped,"[""2024-051183 OL""]"
block-0054,BLOCK OF 300 TERRACE DR,78704,1,8,7,mapped,"[""2023-068593 OL""]"
block-0055,BLOCK OF 300 TILBURY LN,78745,1,13,13,mapped,"[""2024-024754 OL""]"
block-0056,BLOCK OF 300 W 45TH ST,78751,1,6,5,mapped,"[""2016-020784 OL""]"
block-0057,BLOCK OF 300 W ELIZABETH ST,78704,1,3,3,mapped,"[""2025-115889 OL""]"
block-0058,BLOCK OF 300 W MILTON ST,78704,2,11,11,mapped,"[""2019-014826 OL"", ""2026-041859 OL""]"
block-0059,BLOCK OF 300 W OLTORF ST,78704,1,7,7,mapped,"[""2025-157372 OL""]"
block-0060,BLOCK OF 300 W WILLIAM CANNON DR,78745,1,23,23,mapped,"[""2025-020176 OL""]"
block-0061,BLOCK OF 400 ACADEMY DR,78704,1,3,3,mapped,"[""2025-158704 OL""]"
block-0062,BLOCK OF 400 BATTLE BEND BLVD,78745,1,9,9,mapped,"[""2026-013329 OL""]"
block-0063,BLOCK OF 400 CELERY LOOP,78748,1,11,11,mapped,"[""2023-113475 OL""]"
block-0064,BLOCK OF 400 DEEP EDDY AVE,78703,1,3,3,mapped,"[""2026-012878 OL""]"
block-0065,BLOCK OF 400 E 34TH ST,78705,1,5,5,mapped,"[""2025-146141 OL""]"
block-0066,BLOCK OF 400 E ANNIE ST,78704,1,8,8,mapped,"[""2023-150560 OL""]"
block-0067,BLOCK OF 400 HOGG PECAN PASS,78748,1,9,9,mapped,"[""2026-041206 OL""]"
block-0068,BLOCK OF 400 LIGHTSEY RD,78704,1,13,13,mapped,"[""2023-161382 OL""]"
block-0069,BLOCK OF 400 LOCKHART DR,78704,1,4,4,mapped,"[""2026-070855 OL""]"
block-0070,BLOCK OF 400 N PLEASANT VALLEY RD,78702,3,10,7,mapped,"[""2019-202160 OL"", ""2026-042819 OL"", ""2026-088404 OL""]"
block-0071,BLOCK OF 400 OERTLI LN,78753,1,9,9,mapped,"[""2025-158676 OL""]"
block-0072,BLOCK OF 400 PARK LN,78704,1,2,2,mapped,"[""2018-004534 OL""]"
block-0073,BLOCK OF 400 PEDERNALES ST,78702,1,8,6,mapped,"[""2023-150363 OL""]"
block-0074,BLOCK OF 400 POWELL CIR,78704,1,5,5,mapped,"[""2026-095490 OL""]"
block-0075,BLOCK OF 400 ROWLAND DR,78745,1,1,1,mapped,"[""2022-158147 OL""]"
block-0076,BLOCK OF 400 SOUTH PARK DR,78704,1,10,8,mapped,"[""2019-171228 OL""]"
block-0077,BLOCK OF 400 W 37TH ST,78705,2,11,11,mapped,"[""2026-032863 OL"", ""2026-074544 OL""]"
block-0078,BLOCK OF 400 W 3RD ST,78701,38,5,4,mapped,"[""2017-122937 OL"", ""2022-027843 OL"", ""2019-082949 OL"", ""2020-169495 OL"", ""2020-001545 OL"", ""2019-026367 OL"", ""2017-122160 OL"", ""2020-038503 OL"", ""2020-169352 OL"", ""2020-169452 OL"", ""2019-036839 OL"", ""2022-027835 OL"", ""2017-122112 OL"", ""2020-005859 OL"", ""2018-203914 OL"", ""2019-082959 OL"", ""2019-032545 OL"", ""2021-029065 OL"", ""2017-122653 OL"", ""2021-198799 OL"", ""2020-080949 OL"", ""2020-169535 OL"", ""2021-071964 OL"", ""2017-130014 OL"", ""2018-022551 OL"", ""2019-131155 OL"", ""2019-131130 OL"", ""2022-156894 OL"", ""2020-169437 OL"", ""2017-122656 OL"", ""2024-035075 OL"", ""2020-009981 OL"", ""2017-122131 OL"", ""2022-140354 OL"", ""2017-122953 OL"", ""2018-203928 OL"", ""2018-022566 OL"", ""2020-194125 OL""]"
block-0079,BLOCK OF 400 W ALPINE RD,78704,2,6,3,mapped,"[""2026-017787 OL"", ""2023-004296 OL""]"
block-0080,BLOCK OF 400 W ANNIE ST,78704,1,11,10,mapped,"[""2022-170286 OL""]"
block-0081,BLOCK OF 400 W ELIZABETH ST,78704,1,4,4,mapped,"[""2023-058275 OL""]"
block-0082,BLOCK OF 400 W MARY ST,78704,2,13,13,mapped,"[""2021-087732 OL"", ""2018-009372 OL""]"
block-0083,BLOCK OF 400 W MILTON ST,78704,3,7,7,mapped,"[""2026-042196 OL"", ""2025-137854 OL"", ""2024-010944 OL""]"
block-0084,BLOCK OF 400 W MONROE ST,78704,1,9,9,mapped,"[""2025-131892 OL""]"
block-0085,BLOCK OF 400 WOODWARD ST,78704,1,3,3,mapped,"[""2025-142577 OL""]"
block-0086,BLOCK OF 500 ACADEMY DR,78704,2,20,20,mapped,"[""2013-000176 OL"", ""2017-142067 OL""]"
block-0087,BLOCK OF 500 ALLEN ST,78702,1,7,7,mapped,"[""2023-147411 OL""]"
block-0088,BLOCK OF 500 ARBOR LN,78745,1,12,12,mapped,"[""2025-159004 OL""]"
block-0089,BLOCK OF 500 BLACKSON AVE,78752,1,11,11,mapped,"[""2022-140572 OL""]"
block-0090,BLOCK OF 500 BOULDIN AVE,78704,1,4,4,mapped,"[""2014-028609 OL""]"
block-0091,BLOCK OF 500 BRAMBLE DR,78745,1,7,7,mapped,"[""2024-023940 OL""]"
block-0092,BLOCK OF 500 CATER DR,78704,1,5,5,mapped,"[""2026-036329 OL""]"
block-0093,BLOCK OF 500 CHAPARRAL RD,78745,1,7,7,mapped,"[""2025-139443 OL""]"
block-0094,BLOCK OF 500 CONGRESS AVE,78701,10,7,6,mapped,"[""2026-043570 OL"", ""2026-043486 OL"", ""2026-043445 OL"", ""2026-043573 OL"", ""2026-043437 OL"", ""2026-043478 OL"", ""2026-043383 OL"", ""2026-043584 OL"", ""2026-043561 OL"", ""2026-043580 OL""]"
block-0095,BLOCK OF 500 E 38TH ST,78751,1,5,5,mapped,"[""2023-030522 OL""]"
block-0096,BLOCK OF 500 E 40TH ST,78751,1,12,12,mapped,"[""2025-153019 OL""]"
block-0097,BLOCK OF 500 E 43RD ST,78751,1,4,4,mapped,"[""2017-017081 OL""]"
block-0098,BLOCK OF 500 E ANNIE ST,78704,2,16,16,mapped,"[""2024-151125 OL"", ""2018-004645 OL""]"
block-0099,BLOCK OF 500 E LIVE OAK ST,78704,1,21,17,mapped,"[""2017-042692 OL""]"
block-0100,BLOCK OF 500 E MARY ST,78704,1,20,20,mapped,"[""2026-040487 OL""]"
block-0101,BLOCK OF 500 E MONROE ST,78704,2,15,14,mapped,"[""2018-185155 OL"", ""2018-075682 OL""]"
block-0102,BLOCK OF 500 E OLTORF ST,78704,10,8,5,mapped,"[""2026-043604 OL"", ""2026-043616 OL"", ""2026-043596 OL"", ""2026-043630 OL"", ""2026-043640 OL"", ""2026-043641 OL"", ""2026-043639 OL"", ""2026-043605 OL"", ""2026-045989 OL"", ""2026-043611 OL""]"
block-0103,BLOCK OF 500 EL PASO ST,78704,1,16,16,mapped,"[""2022-054845 OL""]"
block-0104,BLOCK OF 500 FRANKLIN BLVD,78751,1,9,9,mapped,"[""2026-088996 OL""]"
block-0105,BLOCK OF 500 LELAND ST,78704,1,14,12,mapped,"[""2015-107140 OL""]"
block-0106,BLOCK OF 500 LOCKHART DR,78704,2,19,19,mapped,"[""2026-083948 OL"", ""2022-153544 OL""]"
block-0107,BLOCK OF 500 MONTOPOLIS DR,78741,1,14,12,mapped,"[""2023-113240 OL""]"
block-0108,BLOCK OF 500 PECAN GROVE RD,78704,2,8,8,mapped,"[""2026-035239 OL"", ""2026-035225 OL""]"
block-0109,BLOCK OF 500 PHILCO DR,78745,1,6,6,mapped,"[""2017-108001 OL""]"
block-0110,BLOCK OF 500 POST ROAD DR,78704,1,8,8,mapped,"[""2021-025875 OL""]"
block-0111,BLOCK OF 500 POWELL CIR,78704,1,8,8,mapped,"[""2026-050172 OL""]"
block-0112,BLOCK OF 500 S CONGRESS AVE,78704,6,4,4,mapped,"[""2026-043375 OL"", ""2026-043462 OL"", ""2026-043365 OL"", ""2026-043373 OL"", ""2026-043401 OL"", ""2026-043183 OL""]"
block-0113,BLOCK OF 500 SACRAMENTO DR,78704,1,21,21,mapped,"[""2014-013684 OL""]"
block-0114,BLOCK OF 500 SOUTH PARK DR,78704,1,14,14,mapped,"[""2022-040399 OL""]"
block-0115,BLOCK OF 500 SUNNY LN,78704,1,14,14,mapped,"[""2021-072811 OL""]"
block-0116,BLOCK OF 500 THRASHER LN,78741,1,12,12,mapped,"[""2026-036962 OL""]"
block-0117,BLOCK OF 500 TILLERY ST,78702,1,7,7,mapped,"[""2018-021130 OL""]"
block-0118,BLOCK OF 500 TREYS WAY,78745,1,10,10,mapped,"[""2026-029419 OL""]"
block-0119,BLOCK OF 500 UPSON ST,78703,1,9,9,mapped,"[""2018-087815 OL""]"
block-0120,BLOCK OF 500 VERMONT RD,78702,1,8,8,mapped,"[""2023-040235 OL""]"
block-0121,BLOCK OF 500 W 16TH ST,78701,1,6,5,mapped,"[""2026-072987 OL""]"
block-0122,BLOCK OF 500 W 43RD ST,78751,1,7,5,mapped,"[""2015-121320 OL""]"
block-0123,BLOCK OF 500 W 8TH ST,78701,47,7,5,mapped,"[""2018-024058 OL"", ""2018-022067 OL"", ""2018-021966 OL"", ""2018-024074 OL"", ""2018-020908 OL"", ""2018-021035 OL"", ""2018-021079 OL"", ""2018-020950 OL"", ""2018-024225 OL"", ""2018-020913 OL"", ""2018-022055 OL"", ""2018-021061 OL"", ""2018-024161 OL"", ""2018-024170 OL"", ""2018-024121 OL"", ""2018-022024 OL"", ""2018-024211 OL"", ""2018-020934 OL"", ""2018-021097 OL"", ""2018-020983 OL"", ""2018-024259 OL"", ""2018-024111 OL"", ""2018-021946 OL"", ""2018-024221 OL"", ""2018-021940 OL"", ""2018-020989 OL"", ""2018-024039 OL"", ""2018-021928 OL"", ""2018-022042 OL"", ""2018-024238 OL"", ""2018-024093 OL"", ""2018-021127 OL"", ""2018-021978 OL"", ""2018-024153 OL"", ""2018-024246 OL"", ""2018-024043 OL"", ""2018-024101 OL"", ""2018-024129 OL"", ""2018-022004 OL"", ""2018-020942 OL"", ""2018-021115 OL"", ""2018-021955 OL"", ""2018-020917 OL"", ""2018-024134 OL"", ""2018-020929 OL"", ""2018-021026 OL"", ""2018-021048 OL""]"
block-0124,BLOCK OF 600 BLANCO ST,78703,2,15,9,mapped,"[""2026-040726 OL"", ""2025-134484 OL""]"
block-0125,BLOCK OF 600 BRUSHY ST,78702,6,1,1,mapped,"[""2025-133404 OL"", ""2025-144710 OL"", ""2025-162144 OL"", ""2025-163098 OL"", ""2026-028368 OL"", ""2025-136193 OL""]"
block-0126,BLOCK OF 600 CLIFFORD DR,78745,1,13,13,mapped,"[""2023-021199 OL""]"
block-0127,BLOCK OF 600 DENSON DR,78752,1,9,7,mapped,"[""2026-095911 OL""]"
block-0128,BLOCK OF 600 E 38TH ST,78705,1,5,5,mapped,"[""2023-040792 OL""]"
block-0129,BLOCK OF 600 E 48TH ST,78751,1,14,14,mapped,"[""2023-131628 OL""]"
block-0130,BLOCK OF 600 E 50TH ST,78751,1,5,5,mapped,"[""2016-027617 OL""]"
block-0131,BLOCK OF 600 FLETCHER ST,78704,1,10,10,mapped,"[""2022-170217 OL""]"
block-0132,BLOCK OF 600 HARTHAN ST,78703,2,13,9,mapped,"[""2026-090541 OL"", ""2015-051246 OL""]"
block-0133,BLOCK OF 600 HIGHLAND AVE,78703,1,11,10,mapped,"[""2026-045470 OL""]"
block-0134,BLOCK OF 600 JEWELL ST,78704,1,4,4,mapped,"[""2026-094005 OL""]"
block-0135,BLOCK OF 600 JOSEPHINE ST,78704,1,9,9,mapped,"[""2013-124632 OL""]"
block-0136,BLOCK OF 600 KEMP ST,78741,1,14,13,mapped,"[""2024-109804 OL""]"
block-0137,BLOCK OF 600 KINNEY AVE,78704,1,11,7,mapped,"[""2026-099116 OL""]"
block-0138,BLOCK OF 600 OLD STONE RD,78745,1,10,10,mapped,"[""2026-105286 OL""]"
block-0139,BLOCK OF 600 ONION ST,78702,1,2,1,mapped,"[""2025-022253 OL""]"
block-0140,BLOCK OF 600 PEACOCK LN,78704,1,14,4,mapped,"[""2017-126183 OL""]"
block-0141,BLOCK OF 600 UPSON ST,78703,1,13,13,mapped,"[""2026-102498 OL""]"
block-0142,BLOCK OF 600 W 11TH ST,78701,1,4,4,mapped,"[""2014-110878 OL""]"
block-0143,BLOCK OF 600 W 17TH ST,78701,3,7,3,mapped,"[""2026-065403 OL"", ""2026-065407 OL"", ""2026-065392 OL""]"
block-0144,BLOCK OF 600 W 18TH ST,78701,1,6,2,mapped,"[""2025-055976 OL""]"
block-0145,BLOCK OF 600 W 30TH ST,78705,1,6,6,mapped,"[""2021-151731 OL""]"
block-0146,BLOCK OF 600 W 31ST HALF ST,78705,1,18,13,mapped,"[""2026-008374 OL""]"
block-0147,BLOCK OF 600 W 7TH ST,78701,5,4,4,mapped,"[""2023-122293 OL"", ""2024-157988 OL"", ""2026-036910 OL"", ""2025-027111 OL"", ""2025-159801 OL""]"
block-0148,BLOCK OF 600 W CRESTLAND DR,78752,1,22,22,mapped,"[""2026-016994 OL""]"
block-0149,BLOCK OF 600 W ELIZABETH ST,78704,1,8,8,mapped,"[""2025-138908 OL""]"
block-0150,BLOCK OF 600 W JOHANNA ST,78704,3,11,10,mapped,"[""2025-129760 OL"", ""2025-129725 OL"", ""2023-132830 OL""]"
block-0151,BLOCK OF 600 W LIVE OAK ST,78704,1,15,15,mapped,"[""2025-109574 OL""]"
block-0152,BLOCK OF 600 W MARY ST,78704,2,11,11,mapped,"[""2023-125352 OL"", ""2012-108179 OL""]"
block-0153,BLOCK OF 600 W MONROE ST,78704,1,7,6,mapped,"[""2016-152974 OL""]"
block-0154,BLOCK OF 600 W NORTH LOOP BLVD,78751,2,16,16,mapped,"[""2026-024112 OL"", ""2026-052127 OL""]"
block-0155,BLOCK OF 600 W ST JOHNS AVE,78752,1,19,13,mapped,"[""2019-236151 OL""]"
block-0156,BLOCK OF 600 WINFLO DR,78703,1,2,2,mapped,"[""2022-039078 OL""]"
block-0157,BLOCK OF 700 BATTLE BEND BLVD,78745,1,5,5,mapped,"[""2026-093972 OL""]"
block-0158,BLOCK OF 700 BAYLOR ST,78703,1,8,6,mapped,"[""2023-032660 OL""]"
block-0159,BLOCK OF 700 CARDINAL LN,78704,1,5,5,mapped,"[""2026-068358 OL""]"
block-0160,BLOCK OF 700 E 3RD ST,78701,1,1,1,mapped,"[""2024-039275 OL""]"
block-0161,BLOCK OF 700 EMERALD WOOD DR,78745,2,11,11,mapped,"[""2025-113147 OL"", ""2026-087200 OL""]"
block-0162,BLOCK OF 700 GARNER AVE,78704,2,11,8,mapped,"[""2023-024539 OL"", ""2020-166308 OL""]"
block-0163,BLOCK OF 700 GREAT BRITAIN BLVD,78748,1,20,20,mapped,"[""2025-134751 OL""]"
block-0164,BLOCK OF 700 HARRIS AVE,78705,1,21,21,mapped,"[""2026-117751 OL""]"
block-0165,BLOCK OF 700 HEARN ST,78703,1,4,4,mapped,"[""2020-186433 OL""]"
block-0166,BLOCK OF 700 HIGHLAND AVE,78703,1,9,7,mapped,"[""2022-067897 OL""]"
block-0167,BLOCK OF 700 KEASBEY ST,78751,1,11,11,mapped,"[""2012-102168 OL""]"
block-0168,BLOCK OF 700 KINNEY AVE,78704,1,12,11,mapped,"[""2022-162605 OL""]"
block-0169,BLOCK OF 700 LANDON LN,78705,2,20,20,mapped,"[""2025-138995 OL"", ""2024-129388 OL""]"
block-0170,BLOCK OF 700 LITTLE OAK DR,78753,1,10,10,mapped,"[""2024-110177 OL""]"
block-0171,BLOCK OF 700 MALTESE CROSS DR,78748,1,19,19,mapped,"[""2025-143267 OL""]"
block-0172,BLOCK OF 700 OAKLAND AVE,78703,1,10,8,mapped,"[""2024-048095 OL""]"
block-0173,BLOCK OF 700 PATTERSON AVE,78703,2,29,26,mapped,"[""2015-132652 OL"", ""2024-025268 OL""]"
block-0174,BLOCK OF 700 PEDERNALES ST,78702,1,13,12,mapped,"[""2025-113246 OL""]"
block-0175,BLOCK OF 700 PRESSLER ST,78703,1,6,6,mapped,"[""2013-124573 OL""]"
block-0176,BLOCK OF 700 S 1ST ST,78704,4,2,2,mapped,"[""2014-061015 OL"", ""2014-061074 OL"", ""2014-061094 OL"", ""2014-061065 OL""]"
block-0177,BLOCK OF 700 SPRINGDALE RD,78702,1,16,14,mapped,"[""2026-067382 OL""]"
block-0178,BLOCK OF 700 VALDEZ ST,78741,1,12,12,mapped,"[""2023-150703 OL""]"
block-0179,BLOCK OF 700 W 14TH ST,78701,1,6,5,mapped,"[""2026-093867 OL""]"
block-0180,BLOCK OF 700 W 34TH ST,78705,4,13,11,mapped,"[""2026-028932 OL"", ""2026-051455 OL"", ""2023-155236 OL"", ""2022-074058 OL""]"
block-0181,BLOCK OF 700 W ANNIE ST,78704,3,16,16,mapped,"[""2025-056175 OL"", ""2025-048847 OL"", ""2018-052710 OL""]"
block-0182,BLOCK OF 700 W CRESTLAND DR,78752,2,10,10,mapped,"[""2026-119848 OL"", ""2016-127139 OL""]"
block-0183,BLOCK OF 700 W ELIZABETH ST,78704,2,12,12,mapped,"[""2026-095370 OL"", ""2026-096712 OL""]"
block-0184,BLOCK OF 700 W GIBSON ST,78704,1,10,10,mapped,"[""2019-015026 OL""]"
block-0185,BLOCK OF 700 W JOHANNA ST,78704,1,16,16,mapped,"[""2017-001496 OL""]"
block-0186,BLOCK OF 700 W MARY ST,78704,1,13,12,mapped,"[""2021-137800 OL""]"
block-0187,BLOCK OF 800 BLANCO ST,78703,7,9,7,mapped,"[""2026-105260 OL"", ""2026-029596 OL"", ""2021-126853 OL"", ""2022-177048 OL"", ""2026-009426 OL"", ""2026-037099 OL"", ""2025-152870 OL""]"
block-0188,BLOCK OF 800 CAPITOL CT,78756,1,9,9,mapped,"[""2024-155914 OL""]"
block-0189,BLOCK OF 800 CHICON ST,78702,1,2,2,mapped,"[""2025-035338 OL""]"
block-0190,BLOCK OF 800 CHRISTOPHER ST,78704,1,13,13,mapped,"[""2023-012826 OL""]"
block-0191,BLOCK OF 800 COLUMBUS ST,78704,1,14,14,mapped,"[""2026-020200 OL""]"
block-0192,BLOCK OF 800 E 13TH ST,78702,2,7,6,mapped,"[""2019-214267 OL"", ""2025-137482 OL""]"
block-0193,BLOCK OF 800 E 44TH ST,78751,1,11,11,mapped,"[""2018-007931 OL""]"
block-0194,BLOCK OF 800 E 45TH ST,78751,1,10,9,mapped,"[""2025-131325 OL""]"
block-0195,BLOCK OF 800 E 48TH ST,78751,1,10,10,mapped,"[""2017-104481 OL""]"
block-0196,BLOCK OF 800 E 52ND ST,78751,1,2,2,mapped,"[""2026-099243 OL""]"
block-0197,BLOCK OF 800 EBERHART LN,78745,1,11,11,mapped,"[""2022-056772 OL""]"
block-0198,BLOCK OF 800 EDGECLIFF TER,78704,1,7,7,mapped,"[""2026-014344 OL""]"
block-0199,BLOCK OF 800 FALKLAND TRCE,78660,1,18,18,mapped,"[""2024-141788 OL""]"
block-0200,BLOCK OF 800 FLORADALE DR,78753,1,11,11,mapped,"[""2026-027758 OL""]"
block-0201,BLOCK OF 800 GLEN RD,78753,1,4,4,mapped,"[""2026-042762 OL""]"
block-0202,BLOCK OF 800 KINNEY AVE,78704,1,9,9,mapped,"[""2026-033991 OL""]"
block-0203,BLOCK OF 800 LATTERIDGE DR,78748,1,27,27,mapped,"[""2026-006181 OL""]"
block-0204,BLOCK OF 800 MILL ST,78702,1,3,2,mapped,"[""2025-136158 OL""]"
block-0205,BLOCK OF 800 NEWCASTLE DR,78745,1,7,7,mapped,"[""2025-151351 OL""]"
block-0206,BLOCK OF 800 NILE ST,78702,1,6,6,mapped,"[""2024-123210 OL""]"
block-0207,BLOCK OF 800 NORTHWESTERN AVE,78702,1,3,3,mapped,"[""2025-129075 OL""]"
block-0208,BLOCK OF 800 S 1ST ST,78704,4,3,3,mapped,"[""2014-061169 OL"", ""2014-061130 OL"", ""2014-061187 OL"", ""2014-061200 OL""]"
block-0209,BLOCK OF 800 SAHARA AVE,78745,1,21,20,mapped,"[""2025-156578 OL""]"
block-0210,BLOCK OF 800 SAN SABA ST,78702,1,2,2,mapped,"[""2025-154070 OL""]"
block-0211,BLOCK OF 800 W 17TH ST,78701,3,6,2,mapped,"[""2017-034571 OL"", ""2024-112235 OL"", ""2026-033114 OL""]"
block-0212,BLOCK OF 800 W 24TH ST,78705,1,2,2,mapped,"[""2025-082421 OL""]"
block-0213,BLOCK OF 800 W 30TH ST,78705,1,11,11,mapped,"[""2019-182323 OL""]"
block-0214,BLOCK OF 800 W ANNIE ST,78704,2,12,12,mapped,"[""2023-125701 OL"", ""2023-113281 OL""]"
block-0215,BLOCK OF 800 W ELIZABETH ST,78704,1,11,11,mapped,"[""2024-030570 OL""]"
block-0216,BLOCK OF 800 W GIBSON ST,78704,1,17,17,mapped,"[""2025-147676 OL""]"
block-0217,BLOCK OF 800 W MARY ST,78704,1,16,16,mapped,"[""2019-190174 OL""]"
block-0218,BLOCK OF 800 W OLTORF ST,78704,2,13,13,mapped,"[""2023-027438 OL"", ""2026-041946 OL""]"
block-0219,BLOCK OF 900 BANISTER LN,78704,1,4,4,mapped,"[""2019-010392 OL""]"
block-0220,BLOCK OF 900 BODARK LN,78745,1,29,29,mapped,"[""2026-119812 OL""]"
block-0221,BLOCK OF 900 BRENTWOOD ST,78757,1,10,10,mapped,"[""2026-079299 OL""]"
block-0222,BLOCK OF 900 CHOTE AVE,78702,1,13,13,mapped,"[""2025-148049 OL""]"
block-0223,BLOCK OF 900 DANIEL DR,78704,1,10,10,mapped,"[""2026-019740 OL""]"
block-0224,BLOCK OF 900 E 13TH ST,78702,3,13,13,mapped,"[""2026-118292 OL"", ""2022-058082 OL"", ""2025-151456 OL""]"
block-0225,BLOCK OF 900 E 2ND ST,78702,1,11,11,mapped,"[""2023-138610 OL""]"
block-0226,BLOCK OF 900 E 37TH ST,78705,1,21,20,mapped,"[""2018-085736 OL""]"
block-0227,BLOCK OF 900 E 41ST ST,78751,3,8,7,mapped,"[""2026-074517 OL"", ""2026-074586 OL"", ""2026-074579 OL""]"
block-0228,BLOCK OF 900 E 48TH ST,78751,1,11,11,mapped,"[""2025-004834 OL""]"
block-0229,BLOCK OF 900 E 50TH ST,78751,1,38,38,mapped,"[""2024-023821 OL""]"
block-0230,BLOCK OF 900 E 51ST ST,78751,1,31,31,mapped,"[""2025-008520 OL""]"
block-0231,BLOCK OF 900 E 53RD HALF ST,78751,2,28,26,mapped,"[""2026-108887 OL"", ""2026-034736 OL""]"
block-0232,BLOCK OF 900 E 53RD ST,78751,1,38,38,mapped,"[""2026-075204 OL""]"
block-0233,BLOCK OF 900 E 55TH ST,78751,1,23,23,mapped,"[""2017-158242 OL""]"
block-0234,BLOCK OF 900 E 56TH ST,78751,1,21,21,mapped,"[""2018-089049 OL""]"
block-0235,BLOCK OF 900 E LIVE OAK ST,78704,1,11,11,mapped,"[""2021-071107 OL""]"
block-0236,BLOCK OF 900 EBONY ST,78704,1,5,5,mapped,"[""2022-031119 OL""]"
block-0237,BLOCK OF 900 EMORY TREE DR,78748,1,6,1,mapped,"[""2026-022641 OL""]"
block-0238,BLOCK OF 900 FIESTA ST,78702,2,10,10,mapped,"[""2026-041037 OL"", ""2026-056390 OL""]"
block-0239,BLOCK OF 900 FLORADALE DR,78753,1,10,10,mapped,"[""2026-076233 OL""]"
block-0240,BLOCK OF 900 GARDEN VILLA CT,78704,2,5,5,mapped,"[""2022-032059 OL"", ""2022-032032 OL""]"
block-0241,BLOCK OF 900 GARNER AVE,78704,1,7,7,mapped,"[""2024-110103 OL""]"
block-0242,BLOCK OF 900 GULLETT ST,78702,1,10,10,mapped,"[""2020-007491 OL""]"
block-0243,BLOCK OF 900 LINDEN ST,78702,1,10,10,mapped,"[""2025-010892 OL""]"
block-0244,BLOCK OF 900 LUND ST,78704,2,6,6,mapped,"[""2013-043878 OL"", ""2013-043874 OL""]"
block-0245,BLOCK OF 900 POST OAK ST,78704,1,17,14,mapped,"[""2025-120869 OL""]"
block-0246,BLOCK OF 900 RED CLIFF DR,78758,1,17,17,mapped,"[""2025-156136 OL""]"
block-0247,BLOCK OF 900 REINLI ST,78751,2,7,6,mapped,"[""2026-043156 OL"", ""2025-145751 OL""]"
block-0248,BLOCK OF 900 RETAMA ST,78704,2,11,8,mapped,"[""2026-019744 OL"", ""2018-056055 OL""]"
block-0249,BLOCK OF 900 ROMERIA DR,78757,1,11,11,mapped,"[""2024-161931 OL""]"
block-0250,BLOCK OF 900 SCREECH OWL DR,78660,1,10,10,mapped,"[""2025-031603 OL""]"
block-0251,BLOCK OF 900 SOUTH CENTER ST,78704,1,8,8,mapped,"[""2025-031569 OL""]"
block-0252,BLOCK OF 900 SPENCE ST,78702,3,8,8,mapped,"[""2025-135579 OL"", ""2022-144535 OL"", ""2020-194678 OL""]"
block-0253,BLOCK OF 900 TERRELL HILL DR,78704,1,4,4,mapped,"[""2019-021856 OL""]"
block-0254,BLOCK OF 900 TILLERY ST,78702,4,14,8,mapped,"[""2026-027753 OL"", ""2026-099435 OL"", ""2025-025691 OL"", ""2025-025719 OL""]"
block-0255,BLOCK OF 900 VARGAS RD,78741,1,19,18,mapped,"[""2025-153218 OL""]"
block-0256,BLOCK OF 900 VASQUEZ ST,78741,1,12,12,mapped,"[""2025-038551 OL""]"
block-0257,BLOCK OF 900 W ELIZABETH ST,78704,2,15,15,mapped,"[""2025-133824 OL"", ""2025-133813 OL""]"
block-0258,BLOCK OF 900 W LIVE OAK ST,78704,2,17,17,mapped,"[""2026-119570 OL"", ""2025-163530 OL""]"
block-0259,BLOCK OF 900 W ST ELMO RD,78745,1,6,6,mapped,"[""2025-005592 OL""]"
block-0260,BLOCK OF 900 WALTER ST,78702,1,18,18,mapped,"[""2025-134878 OL""]"
block-0261,BLOCK OF 900 WILLOW ST,78702,4,12,12,mapped,"[""2024-142533 OL"", ""2026-022121 OL"", ""2014-028089 OL"", ""2016-129805 OL""]"
block-0262,BLOCK OF 1000 AVONDALE RD,78704,1,9,9,mapped,"[""2018-212943 OL""]"
block-0263,BLOCK OF 1000 AZIE MORTON RD,78704,1,4,4,mapped,"[""2026-068105 OL""]"
block-0264,BLOCK OF 1000 BRASS ST,78702,1,10,10,mapped,"[""2022-072903 OL""]"
block-0265,BLOCK OF 1000 CHERICO ST,78702,3,10,10,mapped,"[""2026-104670 OL"", ""2026-098588 OL"", ""2026-104495 OL""]"
block-0266,BLOCK OF 1000 COLONY NORTH DR,78758,1,7,7,mapped,"[""2026-118367 OL""]"
block-0267,BLOCK OF 1000 CONCORDIA AVE,78705,2,9,7,mapped,"[""2024-060558 OL"", ""2025-159180 OL""]"
block-0268,BLOCK OF 1000 DANIEL DR,78704,4,11,11,mapped,"[""2024-057701 OL"", ""2023-028505 OL"", ""2024-055029 OL"", ""2014-007821 OL""]"
block-0269,BLOCK OF 1000 DAPHNE CT,78704,1,10,10,mapped,"[""2024-033688 OL""]"
block-0270,BLOCK OF 1000 E 12TH ST,78702,1,13,12,mapped,"[""2019-226044 OL""]"
block-0271,BLOCK OF 1000 E 13TH ST,78702,1,10,9,mapped,"[""2020-019328 OL""]"
block-0272,BLOCK OF 1000 E 14TH ST,78702,1,12,12,mapped,"[""2026-062674 OL""]"
block-0273,BLOCK OF 1000 E 15TH ST,78702,1,11,11,mapped,"[""2026-074631 OL""]"
block-0274,BLOCK OF 1000 E 38TH ST,78751,1,9,9,mapped,"[""2026-015127 OL""]"
block-0275,BLOCK OF 1000 E 43RD ST,78751,4,37,37,mapped,"[""2025-042605 OL"", ""2023-010231 OL"", ""2026-070263 OL"", ""2026-113281 OL""]"
block-0276,BLOCK OF 1000 E 7TH ST,78702,1,8,8,mapped,"[""2025-130696 OL""]"
block-0277,BLOCK OF 1000 E 8TH ST,78702,1,12,12,mapped,"[""2016-117756 OL""]"
block-0278,BLOCK OF 1000 E 9TH ST,78702,2,13,13,mapped,"[""2014-018138 OL"", ""2016-145682 OL""]"
block-0279,BLOCK OF 1000 E RIVERSIDE DR,78704,1,11,11,mapped,"[""2025-117651 OL""]"
block-0280,BLOCK OF 1000 EASON ST,78703,1,7,6,mapped,"[""2026-004520 OL""]"
block-0281,BLOCK OF 1000 ECHO LN,78745,1,16,16,mapped,"[""2023-014114 OL""]"
block-0282,BLOCK OF 1000 EDGECLIFF TER,78704,1,4,4,mapped,"[""2020-011022 OL""]"
block-0283,BLOCK OF 1000 FOLTS AVE,78704,1,3,3,mapped,"[""2024-129838 OL""]"
block-0284,BLOCK OF 1000 GLEN OAKS CT,78702,2,14,14,mapped,"[""2025-066152 OL"", ""2026-055852 OL""]"
block-0285,BLOCK OF 1000 HUNTRIDGE DR,78758,1,15,15,mapped,"[""2025-035295 OL""]"
block-0286,BLOCK OF 1000 JUNIPER ST,78702,1,19,17,mapped,"[""2025-119053 OL""]"
block-0287,BLOCK OF 1000 LAMBIE ST,78702,1,4,4,mapped,"[""2026-030735 OL""]"
block-0288,BLOCK OF 1000 LITTLE ELM PARK,78758,1,12,12,mapped,"[""2026-079471 OL""]"
block-0289,BLOCK OF 1000 LYDIA ST,78702,1,4,4,mapped,"[""2018-013799 OL""]"
block-0290,BLOCK OF 1000 MELISSA LN,78704,1,4,4,mapped,"[""2018-001211 OL""]"
block-0291,BLOCK OF 1000 OLIVE ST,78702,1,15,12,mapped,"[""2015-006069 OL""]"
block-0292,BLOCK OF 1000 QUAIL PARK DR,78758,1,18,18,mapped,"[""2025-120836 OL""]"
block-0293,BLOCK OF 1000 S 3RD ST,78704,1,4,4,mapped,"[""2026-060874 OL""]"
block-0294,BLOCK OF 1000 SPENCE ST,78702,1,9,9,mapped,"[""2025-151471 OL""]"
block-0295,BLOCK OF 1000 TOTIS RD,78748,1,13,1,mapped,"[""2024-078247 OL""]"
block-0296,BLOCK OF 1000 TURTLE CREEK BLVD,78745,1,7,7,mapped,"[""2026-115297 OL""]"
block-0297,BLOCK OF 1000 W JOHANNA ST,78704,3,9,9,mapped,"[""2022-153925 OL"", ""2024-135044 OL"", ""2022-186764 OL""]"
block-0298,BLOCK OF 1000 W MARY ST,78704,1,7,7,mapped,"[""2021-162394 OL""]"
block-0299,BLOCK OF 1000 W MILTON ST,78704,1,19,17,mapped,"[""2018-012001 OL""]"
block-0300,BLOCK OF 1000 WEEPING WILLOW DR,78753,1,15,14,mapped,"[""2026-026388 OL""]"
block-0301,BLOCK OF 1000 WILLOW ST,78702,2,15,15,mapped,"[""2014-082980 OL"", ""2025-115333 OL""]"
block-0302,BLOCK OF 1100 ALAMEDA DR,78704,2,2,2,mapped,"[""2025-032168 OL"", ""2025-008134 OL""]"
block-0303,BLOCK OF 1100 ANGELINA ST,78702,1,34,32,mapped,"[""2023-032948 OL""]"
block-0304,BLOCK OF 1100 ARTHUR STILES RD,78721,1,13,12,mapped,"[""2026-117464 OL""]"
block-0305,BLOCK OF 1100 AZIE MORTON RD,78704,1,12,12,mapped,"[""2026-032435 OL""]"
block-0306,BLOCK OF 1100 BENTWOOD RD,78722,1,4,4,mapped,"[""2025-133905 OL""]"
block-0307,BLOCK OF 1100 BERGER ST,78721,1,38,38,mapped,"[""2023-110045 OL""]"
block-0308,BLOCK OF 1100 BLUEBONNET LN,78704,2,21,21,mapped,"[""2012-103436 OL"", ""2016-017987 OL""]"
block-0309,BLOCK OF 1100 BOULDIN AVE,78704,1,5,4,mapped,"[""2026-109754 OL""]"
block-0310,BLOCK OF 1100 BRASS ST,78702,2,6,6,mapped,"[""2025-158527 OL"", ""2026-012388 OL""]"
block-0311,BLOCK OF 1100 BRIARGATE DR,78753,1,17,17,mapped,"[""2026-110626 OL""]"
block-0312,BLOCK OF 1100 BROOKSWOOD AVE,78721,8,60,60,mapped,"[""2025-121007 OL"", ""2023-129351 OL"", ""2023-147046 OL"", ""2023-129447 OL"", ""2026-041225 OL"", ""2026-063028 OL"", ""2023-147065 OL"", ""2021-027619 OL""]"
block-0313,BLOCK OF 1100 CHERICO ST,78702,1,6,6,mapped,"[""2025-139232 OL""]"
block-0314,BLOCK OF 1100 CHICON ST,78702,3,34,23,mapped,"[""2025-134009 OL"", ""2025-152709 OL"", ""2026-004851 OL""]"
block-0315,BLOCK OF 1100 CLAYTON LN,78723,1,6,6,mapped,"[""2025-013740 OL""]"
block-0316,BLOCK OF 1100 CLERMONT AVE,78702,1,10,10,mapped,"[""2021-103983 OL""]"
block-0317,BLOCK OF 1100 CRIPPLE CREEK DR,78758,1,14,14,mapped,"[""2026-098557 OL""]"
block-0318,BLOCK OF 1100 DELANO ST,78721,1,28,27,mapped,"[""2026-080768 OL""]"
block-0319,BLOCK OF 1100 DUNSTAN DR,78745,1,14,14,mapped,"[""2024-164213 OL""]"
block-0320,BLOCK OF 1100 E 12TH ST,78702,1,14,9,mapped,"[""2026-024152 OL""]"
block-0321,BLOCK OF 1100 E 2ND ST,78702,1,11,11,mapped,"[""2023-013288 OL""]"
block-0322,BLOCK OF 1100 E 8TH ST,78702,1,13,13,mapped,"[""2021-167200 OL""]"
block-0323,BLOCK OF 1100 E 9TH ST,78702,2,13,12,mapped,"[""2026-056803 OL"", ""2026-056805 OL""]"
block-0324,BLOCK OF 1100 E LIVE OAK ST,78704,1,3,2,mapped,"[""2018-004608 OL""]"
block-0325,BLOCK OF 1100 E RIVERSIDE DR,78704,2,6,6,mapped,"[""2025-007460 OL"", ""2018-174589 OL""]"
block-0326,BLOCK OF 1100 EBERT AVE,78721,4,47,45,mapped,"[""2023-147231 OL"", ""2024-022218 OL"", ""2023-147275 OL"", ""2026-073485 OL""]"
block-0327,BLOCK OF 1100 ELM ST,78703,1,13,10,mapped,"[""2015-038229 OL""]"
block-0328,BLOCK OF 1100 ESTES AVE,78721,1,22,22,mapped,"[""2026-109049 OL""]"
block-0329,BLOCK OF 1100 GILLESPIE PL,78704,1,28,28,mapped,"[""2026-088800 OL""]"
block-0330,BLOCK OF 1100 GUNTER ST,78702,2,22,22,mapped,"[""2026-078441 OL"", ""2026-077900 OL""]"
block-0331,BLOCK OF 1100 GUNTER ST,78721,1,13,13,mapped,"[""2025-060049 OL""]"
block-0332,BLOCK OF 1100 HENNINGER ST,78702,1,9,9,mapped,"[""2023-009947 OL""]"
block-0333,BLOCK OF 1100 HOLLOW CREEK DR,78704,2,12,12,mapped,"[""2022-167409 OL"", ""2014-015391 OL""]"
block-0334,BLOCK OF 1100 HOLLY ST,78702,1,6,6,mapped,"[""2024-138979 OL""]"
block-0335,BLOCK OF 1100 INLAND GREENS,78758,1,7,7,mapped,"[""2019-053938 OL""]"
block-0336,BLOCK OF 1100 JEWELL ST,78704,1,10,9,mapped,"[""2024-012036 OL""]"
block-0337,BLOCK OF 1100 KENYON DR,78745,1,14,14,mapped,"[""2024-112847 OL""]"
block-0338,BLOCK OF 1100 KINNEY AVE,78704,2,9,9,mapped,"[""2025-091930 OL"", ""2026-102112 OL""]"
block-0339,BLOCK OF 1100 LAMBIE ST,78702,2,6,6,mapped,"[""2026-038676 OL"", ""2026-061656 OL""]"
block-0340,BLOCK OF 1100 LEONA ST,78702,2,24,23,mapped,"[""2025-113105 OL"", ""2026-004428 OL""]"
block-0341,BLOCK OF 1100 LILY TER,78741,1,14,14,mapped,"[""2026-058674 OL""]"
block-0342,BLOCK OF 1100 LORRAIN ST,78703,1,8,8,mapped,"[""2016-136368 OL""]"
block-0343,BLOCK OF 1100 LOTT AVE,78721,1,58,56,mapped,"[""2025-115211 OL""]"
block-0344,BLOCK OF 1100 MANLOVE ST,78741,1,7,7,mapped,"[""2017-112766 OL""]"
block-0345,BLOCK OF 1100 MANSELL AVE,78721,1,23,22,mapped,"[""2026-065499 OL""]"
block-0346,BLOCK OF 1100 MAP CIR,78721,1,5,5,mapped,"[""2026-040368 OL""]"
block-0347,BLOCK OF 1100 MILFORD WAY,78745,1,18,18,mapped,"[""2024-112289 OL""]"
block-0348,BLOCK OF 1100 MINNIE DR,78732,1,5,5,mapped,"[""2026-044746 OL""]"
block-0349,BLOCK OF 1100 MISSION RIDGE,78704,1,15,15,mapped,"[""2014-015228 OL""]"
block-0350,BLOCK OF 1100 MYRTLE ST,78702,2,9,9,mapped,"[""2025-011170 OL"", ""2024-112789 OL""]"
block-0351,BLOCK OF 1100 NORTHWESTERN AVE,78702,2,20,19,mapped,"[""2026-001269 OL"", ""2025-113341 OL""]"
block-0352,BLOCK OF 1100 OLIVE ST,78702,1,7,7,mapped,"[""2025-002346 OL""]"
block-0353,BLOCK OF 1100 POQUITO ST,78702,1,41,31,mapped,"[""2026-081088 OL""]"
block-0354,BLOCK OF 1100 REAGAN TER,78704,5,23,23,mapped,"[""2013-016139 OL"", ""2012-102502 OL"", ""2013-016151 OL"", ""2023-113172 OL"", ""2012-102506 OL""]"
block-0355,BLOCK OF 1100 S 1ST ST,78704,1,7,3,mapped,"[""2026-059442 OL""]"
block-0356,BLOCK OF 1100 SABINE ST,78701,19,2,1,mapped,"[""2025-005287 OL"", ""2025-005357 OL"", ""2025-005469 OL"", ""2025-005506 OL"", ""2025-005433 OL"", ""2025-005518 OL"", ""2025-005526 OL"", ""2025-005337 OL"", ""2025-005270 OL"", ""2025-005540 OL"", ""2025-005554 OL"", ""2025-005220 OL"", ""2025-005416 OL"", ""2025-005396 OL"", ""2025-005609 OL"", ""2025-005601 OL"", ""2025-005240 OL"", ""2025-005497 OL"", ""2025-005570 OL""]"
block-0357,BLOCK OF 1100 SALINA ST,78702,2,26,25,mapped,"[""2026-030204 OL"", ""2026-103923 OL""]"
block-0358,BLOCK OF 1100 SAUCEDO ST,78721,1,31,31,mapped,"[""2016-017403 OL""]"
block-0359,BLOCK OF 1100 SHOAL CREEK BLVD,78701,1,1,1,mapped,"[""2026-025264 OL""]"
block-0360,BLOCK OF 1100 SNOWY OWL CT,78746,1,9,9,mapped,"[""2026-034030 OL""]"
block-0361,BLOCK OF 1100 SPEARSON LN,78745,1,18,18,mapped,"[""2013-106224 OL""]"
block-0362,BLOCK OF 1100 SPRINGDALE RD,78721,1,12,12,mapped,"[""2024-073764 OL""]"
block-0363,BLOCK OF 1100 SPUR ST,78721,1,25,25,mapped,"[""2026-107453 OL""]"
block-0364,BLOCK OF 1100 STOBAUGH ST,78757,1,14,13,mapped,"[""2026-096145 OL""]"
block-0365,BLOCK OF 1100 STONEOAK LN,78745,1,18,18,mapped,"[""2026-118340 OL""]"
block-0366,BLOCK OF 1100 SUMMIT ST,78741,1,8,6,mapped,"[""2026-102903 OL""]"
block-0367,BLOCK OF 1100 TURTLE CREEK BLVD,78745,1,17,17,mapped,"[""2025-007947 OL""]"
block-0368,BLOCK OF 1100 UPLAND DR,78741,4,8,8,mapped,"[""2026-034940 OL"", ""2022-041061 OL"", ""2026-072586 OL"", ""2021-026998 OL""]"
block-0369,BLOCK OF 1100 VARGAS RD,78741,1,16,16,mapped,"[""2025-016287 OL""]"
block-0370,BLOCK OF 1100 W 10TH ST,78703,2,12,12,mapped,"[""2018-009510 OL"", ""2023-125906 OL""]"
block-0371,BLOCK OF 1100 W 12TH ST,78703,1,4,3,mapped,"[""2015-021340 OL""]"
block-0372,BLOCK OF 1100 W 6TH ST,78703,4,23,12,mapped,"[""2019-022357 OL"", ""2017-125572 OL"", ""2017-041055 OL"", ""2016-155052 OL""]"
block-0373,BLOCK OF 1100 W 9TH ST,78703,1,13,13,mapped,"[""2026-098635 OL""]"
block-0374,BLOCK OF 1100 W ANNIE ST,78704,1,13,13,mapped,"[""2025-162733 OL""]"
block-0375,BLOCK OF 1100 W MARY ST,78704,1,9,8,mapped,"[""2026-063397 OL""]"
block-0376,BLOCK OF 1100 W MONROE ST,78704,1,8,8,mapped,"[""2025-105710 OL""]"
block-0377,BLOCK OF 1100 W OLTORF ST,78704,1,16,16,mapped,"[""2025-163639 OL""]"
block-0378,BLOCK OF 1100 WEBBERVILLE RD,78721,3,27,25,mapped,"[""2026-030908 OL"", ""2022-151849 OL"", ""2025-115471 OL""]"
block-0379,BLOCK OF 1100 WOODLAND AVE,78704,1,17,17,mapped,"[""2026-119021 OL""]"
block-0380,BLOCK OF 1200 ANGELINA ST,78702,5,5,1,mapped,"[""2025-021807 OL"", ""2022-170191 OL"", ""2025-129336 OL"", ""2025-021819 OL"", ""2025-115635 OL""]"
block-0381,BLOCK OF 1200 BARTON HILLS DR,78704,5,7,5,mapped,"[""2026-036273 OL"", ""2023-052439 OL"", ""2023-061643 OL"", ""2022-179289 OL"", ""2016-118619 OL""]"
block-0382,BLOCK OF 1200 BEDFORD ST,78702,3,0,0,no address-point match,"[""2026-027391 OL"", ""2023-162124 OL"", ""2016-006653 OL""]"
block-0383,BLOCK OF 1200 BENTWOOD RD,78722,1,11,11,mapped,"[""2014-106669 OL""]"
block-0384,BLOCK OF 1200 BICKLER RD,78704,3,20,19,mapped,"[""2016-020702 OL"", ""2025-037367 OL"", ""2025-161782 OL""]"
block-0385,BLOCK OF 1200 BOULDIN AVE,78704,2,4,3,mapped,"[""2025-042332 OL"", ""2018-179357 OL""]"
block-0386,BLOCK OF 1200 BRANCH ST,78702,1,0,0,no address-point match,"[""2013-043567 OL""]"
block-0387,BLOCK OF 1200 BRUTON SPRINGS RD,78733,1,3,3,mapped,"[""2025-134071 OL""]"
block-0388,BLOCK OF 1200 CANTERBURY ST,78702,2,13,12,mapped,"[""2025-020044 OL"", ""2015-040123 OL""]"
block-0389,BLOCK OF 1200 CHESTNUT AVE,78702,1,7,6,mapped,"[""2014-008681 OL""]"
block-0390,BLOCK OF 1200 COLETO ST,78702,2,7,4,mapped,"[""2026-108093 OL"", ""2026-017718 OL""]"
block-0391,BLOCK OF 1200 COMAL ST,78702,4,2,1,mapped,"[""2023-138731 OL"", ""2023-150751 OL"", ""2019-022427 OL"", ""2024-129315 OL""]"
block-0392,BLOCK OF 1200 COMETA ST,78721,2,12,12,mapped,"[""2024-012345 OL"", ""2026-051153 OL""]"
block-0393,BLOCK OF 1200 COTTON ST,78702,4,9,9,mapped,"[""2026-034446 OL"", ""2026-041783 OL"", ""2023-028911 OL"", ""2026-114804 OL""]"
block-0394,BLOCK OF 1200 CURVE ST,78702,1,0,0,no address-point match,"[""2026-061698 OL""]"
block-0395,BLOCK OF 1200 DELANO ST,78721,2,29,29,mapped,"[""2025-158656 OL"", ""2026-118758 OL""]"
block-0396,BLOCK OF 1200 E 11TH ST,78702,1,11,9,mapped,"[""2026-009451 OL""]"
block-0397,BLOCK OF 1200 E 32ND ST,78722,1,4,4,mapped,"[""2022-068695 OL""]"
block-0398,BLOCK OF 1200 E 3RD ST,78702,1,11,11,mapped,"[""2017-017508 OL""]"
block-0399,BLOCK OF 1200 E 52ND ST,78723,1,12,12,mapped,"[""2025-143529 OL""]"
block-0400,BLOCK OF 1200 E 5TH ST,78702,39,1,1,mapped,"[""2019-189112 OL"", ""2019-189631 OL"", ""2019-189673 OL"", ""2019-189069 OL"", ""2019-189530 OL"", ""2019-189585 OL"", ""2019-189129 OL"", ""2019-189077 OL"", ""2019-189659 OL"", ""2019-189644 OL"", ""2019-189432 OL"", ""2019-189094 OL"", ""2019-189688 OL"", ""2019-189361 OL"", ""2019-189284 OL"", ""2019-189550 OL"", ""2019-189630 OL"", ""2019-189699 OL"", ""2019-189719 OL"", ""2019-189566 OL"", ""2019-189730 OL"", ""2019-189018 OL"", ""2019-189090 OL"", ""2019-189607 OL"", ""2019-189652 OL"", ""2019-189280 OL"", ""2019-189416 OL"", ""2019-189088 OL"", ""2019-189346 OL"", ""2019-189690 OL"", ""2019-188981 OL"", ""2019-189703 OL"", ""2019-189313 OL"", ""2019-189133 OL"", ""2019-189674 OL"", ""2019-189600 OL"", ""2019-189460 OL"", ""2019-189712 OL"", ""2019-189458 OL""]"
block-0401,BLOCK OF 1200 ELEANOR ST,78721,1,34,34,mapped,"[""2026-017621 OL""]"
block-0402,BLOCK OF 1200 ENFIELD RD,78703,2,6,4,mapped,"[""2026-002451 OL"", ""2023-048463 OL""]"
block-0403,BLOCK OF 1200 FAIRBANKS DR,78752,1,8,8,mapped,"[""2025-135073 OL""]"
block-0404,BLOCK OF 1200 GARDEN ST,78702,6,14,13,mapped,"[""2026-037036 OL"", ""2026-060516 OL"", ""2025-016354 OL"", ""2026-074168 OL"", ""2026-037055 OL"", ""2026-042357 OL""]"
block-0405,BLOCK OF 1200 GREENWOOD AVE,78721,4,8,7,mapped,"[""2025-008211 OL"", ""2023-110704 OL"", ""2025-132669 OL"", ""2025-120993 OL""]"
block-0406,BLOCK OF 1200 HACKBERRY ST,78702,1,6,6,mapped,"[""2026-017241 OL""]"
block-0407,BLOCK OF 1200 HASKELL ST,78702,1,8,8,mapped,"[""2026-068655 OL""]"
block-0408,BLOCK OF 1200 HAVRE LAFITTE DR,78746,1,14,14,mapped,"[""2018-173311 OL""]"
block-0409,BLOCK OF 1200 HILLSIDE AVE,78704,5,11,11,mapped,"[""2018-056816 OL"", ""2017-142759 OL"", ""2017-005170 OL"", ""2018-021654 OL"", ""2018-078712 OL""]"
block-0410,BLOCK OF 1200 HOLLOW CREEK DR,78704,9,17,17,mapped,"[""2026-009468 OL"", ""2025-038884 OL"", ""2024-022677 OL"", ""2024-147853 OL"", ""2022-071480 OL"", ""2023-141367 OL"", ""2024-147973 OL"", ""2025-017224 OL"", ""2023-022445 OL""]"
block-0411,BLOCK OF 1200 HOLLY ST,78702,2,19,19,mapped,"[""2026-008698 OL"", ""2025-115658 OL""]"
block-0412,BLOCK OF 1200 INLAND GREENS,78758,1,7,7,mapped,"[""2025-025771 OL""]"
block-0413,BLOCK OF 1200 KENWOOD AVE,78704,1,4,4,mapped,"[""2026-033057 OL""]"
block-0414,BLOCK OF 1200 LEONA ST,78702,1,5,5,mapped,"[""2026-008279 OL""]"
block-0415,BLOCK OF 1200 LILY TER,78741,1,14,14,mapped,"[""2026-069931 OL""]"
block-0416,BLOCK OF 1200 LOMA DR,78741,1,9,9,mapped,"[""2025-163238 OL""]"
block-0417,BLOCK OF 1200 LORRAIN ST,78703,3,10,10,mapped,"[""2019-041169 OL"", ""2016-020698 OL"", ""2022-170472 OL""]"
block-0418,BLOCK OF 1200 LUNA ST,78721,2,14,14,mapped,"[""2026-111408 OL"", ""2026-047106 OL""]"
block-0419,BLOCK OF 1200 MAPLE AVE,78702,1,11,11,mapped,"[""2026-067608 OL""]"
block-0420,BLOCK OF 1200 MEADGREEN DR,78758,1,19,19,mapped,"[""2026-053289 OL""]"
block-0421,BLOCK OF 1200 NAVASOTA ST,78702,3,1,1,mapped,"[""2018-212919 OL"", ""2018-060289 OL"", ""2026-024078 OL""]"
block-0422,BLOCK OF 1200 NEWNING AVE,78704,1,12,12,mapped,"[""2026-045407 OL""]"
block-0423,BLOCK OF 1200 OAK GROVE AVE,78702,1,0,0,no address-point match,"[""2023-158999 OL""]"
block-0424,BLOCK OF 1200 RIDGEHAVEN DR,78723,1,5,5,mapped,"[""2021-199374 OL""]"
block-0425,BLOCK OF 1200 S 3RD ST,78704,2,6,4,mapped,"[""2012-102519 OL"", ""2013-110445 OL""]"
block-0426,BLOCK OF 1200 SAN BERNARD ST,78702,3,6,4,mapped,"[""2026-034980 OL"", ""2026-032330 OL"", ""2018-022076 OL""]"
block-0427,BLOCK OF 1200 SHELLEY AVE,78703,1,5,5,mapped,"[""2026-088823 OL""]"
block-0428,BLOCK OF 1200 SHORT HACKBERRY,78702,1,5,5,mapped,"[""2026-117712 OL""]"
block-0429,BLOCK OF 1200 TAULBEE LN,78757,1,9,8,mapped,"[""2024-001828 OL""]"
block-0430,BLOCK OF 1200 TAYLOR ST,78702,3,17,17,mapped,"[""2026-036712 OL"", ""2026-041816 OL"", ""2022-144359 OL""]"
block-0431,BLOCK OF 1200 VALDEZ ST,78741,1,8,8,mapped,"[""2026-095285 OL""]"
block-0432,BLOCK OF 1200 W OLTORF ST,78704,2,13,13,mapped,"[""2025-119781 OL"", ""2025-119775 OL""]"
block-0433,BLOCK OF 1200 WALLER ST,78702,1,1,1,mapped,"[""2024-082611 OL""]"
block-0434,BLOCK OF 1200 WEBBERVILLE RD,78721,3,6,4,mapped,"[""2023-017471 OL"", ""2024-014955 OL"", ""2024-014902 OL""]"
block-0435,BLOCK OF 1200 WILDERNESS DR,78746,1,16,16,mapped,"[""2019-031568 OL""]"
block-0436,BLOCK OF 1200 WILLOW ST,78702,1,12,10,mapped,"[""2025-071580 OL""]"
block-0437,BLOCK OF 1300 ALAMO ST,78702,1,5,4,mapped,"[""2026-046919 OL""]"
block-0438,BLOCK OF 1300 ALGUNO RD,78757,1,13,13,mapped,"[""2026-074495 OL""]"
block-0439,BLOCK OF 1300 ARDENWOOD RD,78722,1,9,9,mapped,"[""2026-040547 OL""]"
block-0440,BLOCK OF 1300 BENTWOOD RD,78722,1,12,12,mapped,"[""2026-046248 OL""]"
block-0441,BLOCK OF 1300 BOB HARRISON ST,78702,1,12,12,mapped,"[""2026-041891 OL""]"
block-0442,BLOCK OF 1300 BONHAM TER,78704,1,25,25,mapped,"[""2026-058566 OL""]"
block-0443,BLOCK OF 1300 BOULDIN AVE,78704,2,1,1,mapped,"[""2025-133802 OL"", ""2025-133788 OL""]"
block-0444,BLOCK OF 1300 CEDAR AVE,78702,1,10,10,mapped,"[""2025-010844 OL""]"
block-0445,BLOCK OF 1300 CLOVERLEAF DR,78723,1,18,18,mapped,"[""2024-145029 OL""]"
block-0446,BLOCK OF 1300 COMAL ST,78702,1,8,5,mapped,"[""2025-112762 OL""]"
block-0447,BLOCK OF 1300 CORIANDER DR,78741,1,6,6,mapped,"[""2024-148028 OL""]"
block-0448,BLOCK OF 1300 CORONA DR,78723,1,20,20,mapped,"[""2019-159769 OL""]"
block-0449,BLOCK OF 1300 CROSSING PL,78741,1,3,3,mapped,"[""2026-036902 OL""]"
block-0450,BLOCK OF 1300 DELANO ST,78721,1,24,24,mapped,"[""2025-147788 OL""]"
block-0451,BLOCK OF 1300 E 13TH ST,78702,2,12,8,mapped,"[""2025-126688 OL"", ""2026-082354 OL""]"
block-0452,BLOCK OF 1300 E 2ND ST,78702,2,12,12,mapped,"[""2026-034855 OL"", ""2012-103446 OL""]"
block-0453,BLOCK OF 1300 E 30TH ST,78722,1,5,5,mapped,"[""2025-065489 OL""]"
block-0454,BLOCK OF 1300 E 3RD ST,78702,1,12,12,mapped,"[""2019-023190 OL""]"
block-0455,BLOCK OF 1300 E CESAR CHAVEZ ST,78702,2,11,11,mapped,"[""2024-024988 OL"", ""2021-166193 OL""]"
block-0456,BLOCK OF 1300 EXPOSITION BLVD,78703,1,5,5,mapped,"[""2025-157606 OL""]"
block-0457,BLOCK OF 1300 GARNER AVE,78704,2,9,9,mapped,"[""2022-062895 OL"", ""2023-017621 OL""]"
block-0458,BLOCK OF 1300 HARRIET CT,78756,1,13,13,mapped,"[""2026-099765 OL""]"
block-0459,BLOCK OF 1300 HOLLY ST,78702,3,6,6,mapped,"[""2026-030437 OL"", ""2026-016967 OL"", ""2026-057911 OL""]"
block-0460,BLOCK OF 1300 JUSTIN LN,78757,2,16,16,mapped,"[""2025-153080 OL"", ""2025-001860 OL""]"
block-0461,BLOCK OF 1300 KINNEY AVE,78704,1,8,7,mapped,"[""2025-113293 OL""]"
block-0462,BLOCK OF 1300 LUNA ST,78721,2,14,14,mapped,"[""2026-044900 OL"", ""2022-066326 OL""]"
block-0463,BLOCK OF 1300 NEWNING AVE,78704,1,12,10,mapped,"[""2024-006564 OL""]"
block-0464,BLOCK OF 1300 NORWALK LN,78703,1,10,10,mapped,"[""2018-006318 OL""]"
block-0465,BLOCK OF 1300 PALO DURO RD,78757,1,12,11,mapped,"[""2026-005491 OL""]"
block-0466,BLOCK OF 1300 QUAIL PARK DR,78758,1,14,14,mapped,"[""2026-095205 OL""]"
block-0467,BLOCK OF 1300 RUTH AVE,78757,1,12,9,mapped,"[""2026-098776 OL""]"
block-0468,BLOCK OF 1300 S 6TH ST,78704,1,9,9,mapped,"[""2022-174460 OL""]"
block-0469,BLOCK OF 1300 S MEADOWS DR,78758,1,10,10,mapped,"[""2026-018343 OL""]"
block-0470,BLOCK OF 1300 SOUTHPORT DR,78704,1,19,18,mapped,"[""2022-073124 OL""]"
block-0471,BLOCK OF 1300 SPYGLASS DR,78746,2,17,11,mapped,"[""2025-163483 OL"", ""2025-163473 OL""]"
block-0472,BLOCK OF 1300 TAYLOR ST,78702,1,2,2,mapped,"[""2026-070866 OL""]"
block-0473,BLOCK OF 1300 TOWN CREEK DR,78741,1,2,2,mapped,"[""2025-094822 OL""]"
block-0474,BLOCK OF 1300 WEST AVE,78701,2,6,5,mapped,"[""2026-069792 OL"", ""2020-011019 OL""]"
block-0475,BLOCK OF 1300 WESTMOOR DR,78723,1,15,15,mapped,"[""2024-002055 OL""]"
block-0476,BLOCK OF 1300 WILLOW ST,78702,2,10,9,mapped,"[""2021-150572 OL"", ""2026-062501 OL""]"
block-0477,BLOCK OF 1300 WOODLAND AVE,78704,1,4,4,mapped,"[""2015-121771 OL""]"
block-0478,BLOCK OF 1400 ALGUNO RD,78757,1,17,17,mapped,"[""2018-189695 OL""]"
block-0479,BLOCK OF 1400 ALLEN RD,78746,1,3,3,mapped,"[""2024-125396 OL""]"
block-0480,BLOCK OF 1400 ANISE DR,78741,3,17,17,mapped,"[""2015-026515 OL"", ""2019-043060 OL"", ""2026-088884 OL""]"
block-0481,BLOCK OF 1400 BOB HARRISON ST,78702,1,0,0,no address-point match,"[""2026-110654 OL""]"
block-0482,BLOCK OF 1400 BOULDIN AVE,78704,1,8,7,mapped,"[""2022-186230 OL""]"
block-0483,BLOCK OF 1400 BRAES RIDGE DR,78723,1,22,22,mapped,"[""2023-138404 OL""]"
block-0484,BLOCK OF 1400 BRANDT DR,78742,1,10,10,mapped,"[""2024-017409 OL""]"
block-0485,BLOCK OF 1400 BYERS LN,78753,1,16,15,mapped,"[""2026-032108 OL""]"
block-0486,BLOCK OF 1400 CANTERBURY ST,78702,2,10,10,mapped,"[""2026-034964 OL"", ""2026-040211 OL""]"
block-0487,BLOCK OF 1400 CEDAR AVE,78702,2,11,10,mapped,"[""2026-020218 OL"", ""2026-047672 OL""]"
block-0488,BLOCK OF 1400 CLIFFORD AVE,78702,1,7,6,mapped,"[""2025-151307 OL""]"
block-0489,BLOCK OF 1400 COMETA ST,78721,1,14,14,mapped,"[""2025-035309 OL""]"
block-0490,BLOCK OF 1400 COTTON ST,78702,2,6,5,mapped,"[""2021-204792 OL"", ""2026-062694 OL""]"
block-0491,BLOCK OF 1400 CULLEN AVE,78757,2,13,13,mapped,"[""2023-010401 OL"", ""2016-148737 OL""]"
block-0492,BLOCK OF 1400 E 11TH ST,78702,1,4,4,mapped,"[""2025-136333 OL""]"
block-0493,BLOCK OF 1400 E 2ND ST,78702,2,10,10,mapped,"[""2025-145361 OL"", ""2026-112021 OL""]"
block-0494,BLOCK OF 1400 E 3RD ST,78702,2,13,9,mapped,"[""2022-036245 OL"", ""2026-062678 OL""]"
block-0495,BLOCK OF 1400 E 51ST ST,78723,1,6,3,mapped,"[""2025-157741 OL""]"
block-0496,BLOCK OF 1400 EVA ST,78704,1,11,11,mapped,"[""2022-140629 OL""]"
block-0497,BLOCK OF 1400 FAIRWOOD RD,78722,1,18,18,mapped,"[""2025-107657 OL""]"
block-0498,BLOCK OF 1400 FORT BRANCH BLVD,78721,1,11,11,mapped,"[""2022-142380 OL""]"
block-0499,BLOCK OF 1400 GARDEN ST,78702,1,10,9,mapped,"[""2026-009889 OL""]"
block-0500,BLOCK OF 1400 GARNER AVE,78704,2,8,8,mapped,"[""2026-080513 OL"", ""2017-047349 OL""]"
block-0501,BLOCK OF 1400 HARVEY ST,78702,1,12,9,mapped,"[""2026-022665 OL""]"
block-0502,BLOCK OF 1400 HASKELL ST,78702,5,10,10,mapped,"[""2026-105815 OL"", ""2022-069559 OL"", ""2026-105796 OL"", ""2023-026554 OL"", ""2026-008818 OL""]"
block-0503,BLOCK OF 1400 HOLLY ST,78702,1,12,11,mapped,"[""2025-115693 OL""]"
block-0504,BLOCK OF 1400 KENWOOD AVE,78704,2,5,5,mapped,"[""2026-089116 OL"", ""2017-059584 OL""]"
block-0505,BLOCK OF 1400 MANFORD HILL DR,78753,1,26,26,mapped,"[""2025-132776 OL""]"
block-0506,BLOCK OF 1400 MARCUS PL,78721,3,8,8,mapped,"[""2025-115842 OL"", ""2026-102300 OL"", ""2026-102315 OL""]"
block-0507,BLOCK OF 1400 MEANDER DR,78721,2,16,16,mapped,"[""2026-017637 OL"", ""2024-106720 OL""]"
block-0508,BLOCK OF 1400 MEARNS MEADOW BLVD,78758,1,8,8,mapped,"[""2024-122648 OL""]"
block-0509,BLOCK OF 1400 MINNIE DR,78732,1,8,8,mapped,"[""2024-071283 OL""]"
block-0510,BLOCK OF 1400 NEWFIELD LN,78703,1,8,8,mapped,"[""2026-105551 OL""]"
block-0511,BLOCK OF 1400 NEWTON ST,78704,1,8,8,mapped,"[""2014-036602 OL""]"
block-0512,BLOCK OF 1400 NORTH ST,78756,1,13,13,mapped,"[""2020-047074 OL""]"
block-0513,BLOCK OF 1400 ROCKCLIFF RD,78746,1,8,8,mapped,"[""2024-138452 OL""]"
block-0514,BLOCK OF 1400 S 3RD ST,78704,1,3,3,mapped,"[""2026-107874 OL""]"
block-0515,BLOCK OF 1400 S 5TH ST,78704,1,4,4,mapped,"[""2019-191023 OL""]"
block-0516,BLOCK OF 1400 S LAMAR BLVD,78704,15,8,4,mapped,"[""2026-043870 OL"", ""2026-043869 OL"", ""2026-090983 OL"", ""2026-090985 OL"", ""2026-043867 OL"", ""2026-043853 OL"", ""2026-090986 OL"", ""2026-043873 OL"", ""2026-090984 OL"", ""2026-043874 OL"", ""2026-043872 OL"", ""2026-043871 OL"", ""2026-090982 OL"", ""2026-043866 OL"", ""2026-043868 OL""]"
block-0517,BLOCK OF 1400 SINGLETON AVE,78702,1,12,12,mapped,"[""2019-061199 OL""]"
block-0518,BLOCK OF 1400 THEODORA CV,78753,1,6,6,mapped,"[""2025-144144 OL""]"
block-0519,BLOCK OF 1400 W 13TH ST,78703,1,6,6,mapped,"[""2014-066032 OL""]"
block-0520,BLOCK OF 1400 W 39TH HALF ST,78756,1,11,11,mapped,"[""2022-186793 OL""]"
block-0521,BLOCK OF 1400 W 51ST ST,78756,1,19,19,mapped,"[""2017-059154 OL""]"
block-0522,BLOCK OF 1400 W 6TH ST,78703,1,13,10,mapped,"[""2026-066723 OL""]"
block-0523,BLOCK OF 1400 W BRAKER LN,78758,1,30,30,mapped,"[""2026-098497 OL""]"
block-0524,BLOCK OF 1400 WEBBERVILLE RD,78721,1,19,19,mapped,"[""2025-147472 OL""]"
block-0525,BLOCK OF 1400 WEST LYNN ST,78703,1,3,2,mapped,"[""2024-112743 OL""]"
block-0526,BLOCK OF 1400 WESTMOOR DR,78723,1,27,27,mapped,"[""2023-028284 OL""]"
block-0527,BLOCK OF 1400 WILLOW ST,78702,1,10,10,mapped,"[""2026-037223 OL""]"
block-0528,BLOCK OF 1500 ASHBERRY DR,78723,1,9,9,mapped,"[""2025-131550 OL""]"
block-0529,BLOCK OF 1500 BLUEBONNET LN,78704,1,9,9,mapped,"[""2021-163924 OL""]"
block-0530,BLOCK OF 1500 BROADMOOR DR,78723,1,15,15,mapped,"[""2023-161461 OL""]"
block-0531,BLOCK OF 1500 CANTERBURY ST,78702,2,13,10,mapped,"[""2026-073207 OL"", ""2023-006119 OL""]"
block-0532,BLOCK OF 1500 CHELSEA LN,78704,2,15,10,mapped,"[""2023-081234 OL"", ""2026-088741 OL""]"
block-0533,BLOCK OF 1500 CONCORDIA AVE,78722,1,5,5,mapped,"[""2022-058119 OL""]"
block-0534,BLOCK OF 1500 CORIANDER DR,78741,2,19,19,mapped,"[""2026-104026 OL"", ""2026-097222 OL""]"
block-0535,BLOCK OF 1500 DRAKE AVE,78704,3,8,8,mapped,"[""2023-140844 OL"", ""2023-132548 OL"", ""2023-141313 OL""]"
block-0536,BLOCK OF 1500 E 13TH ST,78702,1,10,9,mapped,"[""2026-058717 OL""]"
block-0537,BLOCK OF 1500 E 2ND ST,78702,1,11,11,mapped,"[""2024-008270 OL""]"
block-0538,BLOCK OF 1500 EAST SIDE DR,78704,1,4,3,mapped,"[""2025-160019 OL""]"
block-0539,BLOCK OF 1500 EVA ST,78704,2,10,10,mapped,"[""2024-091625 OL"", ""2023-140911 OL""]"
block-0540,BLOCK OF 1500 GARNER AVE,78704,1,12,12,mapped,"[""2026-060332 OL""]"
block-0541,BLOCK OF 1500 HILLMONT ST,78704,1,8,8,mapped,"[""2025-120914 OL""]"
block-0542,BLOCK OF 1500 HOLLY ST,78702,3,8,6,mapped,"[""2025-121831 OL"", ""2025-121818 OL"", ""2025-121798 OL""]"
block-0543,BLOCK OF 1500 KAREN AVE,78757,1,16,16,mapped,"[""2019-232535 OL""]"
block-0544,BLOCK OF 1500 KENWOOD AVE,78704,1,3,3,mapped,"[""2024-138628 OL""]"
block-0545,BLOCK OF 1500 KINNEY AVE,78704,1,10,10,mapped,"[""2024-031927 OL""]"
block-0546,BLOCK OF 1500 MANANA ST,78730,1,10,9,mapped,"[""2023-138905 OL""]"
block-0547,BLOCK OF 1500 NEWNING AVE,78704,2,9,9,mapped,"[""2026-045553 OL"", ""2018-026660 OL""]"
block-0548,BLOCK OF 1500 NORTHWOOD RD,78703,1,19,19,mapped,"[""2020-006635 OL""]"
block-0549,BLOCK OF 1500 OAK HEIGHTS DR,78741,2,10,10,mapped,"[""2021-192416 OL"", ""2020-062543 OL""]"
block-0550,BLOCK OF 1500 PARKER LN,78741,1,5,5,mapped,"[""2017-008342 OL""]"
block-0551,BLOCK OF 1500 POPPY SEED LN,78741,1,14,14,mapped,"[""2020-024710 OL""]"
block-0552,BLOCK OF 1500 RABB RD,78704,1,5,5,mapped,"[""2026-010581 OL""]"
block-0553,BLOCK OF 1500 RICHCREEK RD,78757,1,18,18,mapped,"[""2026-117677 OL""]"
block-0554,BLOCK OF 1500 ROBERT WEAVER AVE,78702,1,10,10,mapped,"[""2023-022435 OL""]"
block-0555,BLOCK OF 1500 ROCKCLIFF RD,78746,1,8,8,mapped,"[""2022-062914 OL""]"
block-0556,BLOCK OF 1500 ROCKDALE CIR,78704,1,9,9,mapped,"[""2021-113480 OL""]"
block-0557,BLOCK OF 1500 RUTH AVE,78757,1,13,12,mapped,"[""2026-058421 OL""]"
block-0558,BLOCK OF 1500 S CONGRESS AVE,78704,1,11,7,mapped,"[""2024-075895 OL""]"
block-0559,BLOCK OF 1500 SUMMIT ST,78741,2,5,5,mapped,"[""2026-003828 OL"", ""2026-003818 OL""]"
block-0560,BLOCK OF 1500 THORNRIDGE RD,78758,1,6,6,mapped,"[""2023-129875 OL""]"
block-0561,BLOCK OF 1500 TRAVIS HEIGHTS BLVD,78704,1,13,13,mapped,"[""2025-125437 OL""]"
block-0562,BLOCK OF 1500 W 39TH HALF ST,78756,1,8,6,mapped,"[""2022-072897 OL""]"
block-0563,BLOCK OF 1500 W 6TH ST,78703,3,12,8,mapped,"[""2021-071952 OL"", ""2025-136286 OL"", ""2025-162759 OL""]"
block-0564,BLOCK OF 1600 ALTA VISTA AVE,78704,1,13,13,mapped,"[""2024-006908 OL""]"
block-0565,BLOCK OF 1600 BARTON SPRINGS RD,78704,1,10,8,mapped,"[""2021-006134 OL""]"
block-0566,BLOCK OF 1600 CANTERBURY ST,78702,1,20,19,mapped,"[""2026-039879 OL""]"
block-0567,BLOCK OF 1600 CHATHAM AVE,78723,1,11,11,mapped,"[""2020-168315 OL""]"
block-0568,BLOCK OF 1600 CHELSEA LN,78704,2,6,6,mapped,"[""2026-091025 OL"", ""2024-063870 OL""]"
block-0569,BLOCK OF 1600 CINNAMON PATH,78704,2,11,11,mapped,"[""2026-017392 OL"", ""2026-032749 OL""]"
block-0570,BLOCK OF 1600 CLIFFORD AVE,78702,1,11,11,mapped,"[""2025-032154 OL""]"
block-0571,BLOCK OF 1600 CLIFFSIDE DR,78704,1,3,3,mapped,"[""2025-151422 OL""]"
block-0572,BLOCK OF 1600 CORIANDER DR,78741,1,17,17,mapped,"[""2024-138996 OL""]"
block-0573,BLOCK OF 1600 DEXTER ST,78704,1,7,7,mapped,"[""2025-008056 OL""]"
block-0574,BLOCK OF 1600 DRAKE AVE,78704,1,7,7,mapped,"[""2016-141279 OL""]"
block-0575,BLOCK OF 1600 E 10TH ST,78702,4,24,23,mapped,"[""2025-010726 OL"", ""2023-007423 OL"", ""2023-049040 OL"", ""2026-058728 OL""]"
block-0576,BLOCK OF 1600 E 6TH ST,78702,60,18,15,mapped,"[""2024-091454 OL"", ""2026-083855 OL"", ""2026-032203 OL"", ""2026-032021 OL"", ""2026-083765 OL"", ""2026-032000 OL"", ""2026-083854 OL"", ""2026-031556 OL"", ""2026-032128 OL"", ""2025-069922 OL"", ""2026-083769 OL"", ""2022-146226 OL"", ""2026-032194 OL"", ""2026-083859 OL"", ""2026-032035 OL"", ""2026-083856 OL"", ""2026-083858 OL"", ""2026-083777 OL"", ""2026-083776 OL"", ""2026-083860 OL"", ""2025-162560 OL"", ""2022-146289 OL"", ""2026-031981 OL"", ""2025-070687 OL"", ""2025-070672 OL"", ""2025-070706 OL"", ""2026-031995 OL"", ""2026-083773 OL"", ""2026-031593 OL"", ""2026-031566 OL"", ""2026-031774 OL"", ""2025-070712 OL"", ""2026-083862 OL"", ""2022-146197 OL"", ""2026-031704 OL"", ""2026-031572 OL"", ""2026-083766 OL"", ""2026-083861 OL"", ""2026-031604 OL"", ""2026-083774 OL"", ""2025-069938 OL"", ""2025-070718 OL"", ""2026-083778 OL"", ""2026-083747 OL"", ""2026-032011 OL"", ""2024-060705 OL"", ""2026-083770 OL"", ""2026-031405 OL"", ""2026-083772 OL"", ""2026-083767 OL"", ""2026-083771 OL"", ""2026-083768 OL"", ""2025-070695 OL"", ""2026-032122 OL"", ""2022-146181 OL"", ""2026-083775 OL"", ""2025-069892 OL"", ""2025-070359 OL"", ""2025-070373 OL"", ""2025-070715 OL""]"
block-0577,BLOCK OF 1600 E 9TH ST,78702,2,12,12,mapped,"[""2026-103905 OL"", ""2026-103174 OL""]"
block-0578,BLOCK OF 1600 ELMHURST DR,78741,1,17,17,mapped,"[""2026-116312 OL""]"
block-0579,BLOCK OF 1600 ELMIRA RD,78721,1,15,15,mapped,"[""2026-068643 OL""]"
block-0580,BLOCK OF 1600 GARDEN ST,78702,3,24,24,mapped,"[""2026-020538 OL"", ""2026-019999 OL"", ""2026-014042 OL""]"
block-0581,BLOCK OF 1600 GARNER AVE,78704,1,5,5,mapped,"[""2023-037212 OL""]"
block-0582,BLOCK OF 1600 HASKELL ST,78702,1,12,11,mapped,"[""2026-091953 OL""]"
block-0583,BLOCK OF 1600 HETHER ST,78704,3,9,8,mapped,"[""2025-011140 OL"", ""2024-101514 OL"", ""2026-081020 OL""]"
block-0584,BLOCK OF 1600 HOLLY ST,78702,1,19,19,mapped,"[""2026-042873 OL""]"
block-0585,BLOCK OF 1600 HOUSTON ST,78756,1,9,5,mapped,"[""2023-063229 OL""]"
block-0586,BLOCK OF 1600 LUPINE LN,78741,1,12,12,mapped,"[""2023-041960 OL""]"
block-0587,BLOCK OF 1600 MAPLE AVE,78702,1,12,11,mapped,"[""2022-029228 OL""]"
block-0588,BLOCK OF 1600 MEGHAN LN,78704,1,3,3,mapped,"[""2024-043091 OL""]"
block-0589,BLOCK OF 1600 MORGAN LN,78704,1,13,11,mapped,"[""2023-029514 OL""]"
block-0590,BLOCK OF 1600 NASH AVE,78704,1,12,12,mapped,"[""2025-008008 OL""]"
block-0591,BLOCK OF 1600 NICKERSON ST,78704,1,10,10,mapped,"[""2019-042964 OL""]"
block-0592,BLOCK OF 1600 OLD EAST RIVERSIDE DR,78741,1,3,3,mapped,"[""2021-026344 OL""]"
block-0593,BLOCK OF 1600 PALMA PLZ,78703,1,22,21,mapped,"[""2025-018396 OL""]"
block-0594,BLOCK OF 1600 PARKER LN,78741,1,7,7,mapped,"[""2026-102527 OL""]"
block-0595,BLOCK OF 1600 PEARL ST,78701,1,7,2,mapped,"[""2017-137682 OL""]"
block-0596,BLOCK OF 1600 PENNSYLVANIA AVE,78702,2,6,5,mapped,"[""2025-019792 OL"", ""2025-019447 OL""]"
block-0597,BLOCK OF 1600 RAVEY ST,78704,1,10,6,mapped,"[""2025-026659 OL""]"
block-0598,BLOCK OF 1600 ROCKMOOR AVE,78703,1,2,2,mapped,"[""2026-090505 OL""]"
block-0599,BLOCK OF 1600 S 3RD ST,78704,5,13,13,mapped,"[""2026-008840 OL"", ""2020-013431 OL"", ""2022-038048 OL"", ""2024-141391 OL"", ""2023-021770 OL""]"
block-0600,BLOCK OF 1600 SINGLETON AVE,78702,1,12,11,mapped,"[""2026-117598 OL""]"
block-0601,BLOCK OF 1600 SPRINGER LN,78758,1,12,12,mapped,"[""2026-017600 OL""]"
block-0602,BLOCK OF 1600 SYLVAN DR,78741,1,6,6,mapped,"[""2024-007182 OL""]"
block-0603,BLOCK OF 1600 TAYLOR GAINES ST,78741,3,13,13,mapped,"[""2026-088722 OL"", ""2025-026933 OL"", ""2025-026922 OL""]"
block-0604,BLOCK OF 1600 WATERSTON AVE,78703,3,27,25,mapped,"[""2017-125304 OL"", ""2017-125312 OL"", ""2025-131157 OL""]"
block-0605,BLOCK OF 1600 WEST AVE,78701,1,6,4,mapped,"[""2026-054636 OL""]"
block-0606,BLOCK OF 1600 WILLOW ST,78702,2,23,23,mapped,"[""2024-156009 OL"", ""2023-163458 OL""]"
block-0607,BLOCK OF 1600 WOODLAND AVE,78741,1,3,3,mapped,"[""2023-007340 OL""]"
block-0608,BLOCK OF 1600 WOODLAWN BLVD,78703,1,7,7,mapped,"[""2023-042377 OL""]"
block-0609,BLOCK OF 1700 ANISE DR,78741,1,14,14,mapped,"[""2026-030237 OL""]"
block-0610,BLOCK OF 1700 BARN SWALLOW DR,78746,1,17,17,mapped,"[""2026-057570 OL""]"
block-0611,BLOCK OF 1700 BLUEBONNET LN,78704,1,7,7,mapped,"[""2021-201540 OL""]"
block-0612,BLOCK OF 1700 BOULDIN AVE,78704,2,16,16,mapped,"[""2023-032968 OL"", ""2026-092346 OL""]"
block-0613,BLOCK OF 1700 BRIAR ST,78704,1,15,14,mapped,"[""2026-099099 OL""]"
block-0614,BLOCK OF 1700 CANTERBURY ST,78702,3,15,14,mapped,"[""2025-133993 OL"", ""2026-096013 OL"", ""2025-024469 OL""]"
block-0615,BLOCK OF 1700 CHICON ST,78702,1,8,7,mapped,"[""2026-059386 OL""]"
block-0616,BLOCK OF 1700 CINNAMON PATH,78704,2,12,12,mapped,"[""2025-137727 OL"", ""2026-034109 OL""]"
block-0617,BLOCK OF 1700 CLIFFSIDE DR,78704,1,4,4,mapped,"[""2023-157902 OL""]"
block-0618,BLOCK OF 1700 COLLIER ST,78704,1,10,9,mapped,"[""2026-002349 OL""]"
block-0619,BLOCK OF 1700 DEERFIELD DR,78741,1,25,25,mapped,"[""2026-037910 OL""]"
block-0620,BLOCK OF 1700 DEXTER ST,78704,1,5,5,mapped,"[""2026-022951 OL""]"
block-0621,BLOCK OF 1700 DRAKE AVE,78704,2,8,6,mapped,"[""2012-100853 OL"", ""2026-024171 OL""]"
block-0622,BLOCK OF 1700 E 13TH ST,78702,1,10,9,mapped,"[""2025-125727 OL""]"
block-0623,BLOCK OF 1700 E 16TH ST,78702,2,6,6,mapped,"[""2025-129011 OL"", ""2026-028559 OL""]"
block-0624,BLOCK OF 1700 E 17TH ST,78702,1,9,8,mapped,"[""2025-117552 OL""]"
block-0625,BLOCK OF 1700 E 18TH ST,78702,1,6,6,mapped,"[""2025-007748 OL""]"
block-0626,BLOCK OF 1700 E 22ND ST,78722,1,7,7,mapped,"[""2025-137597 OL""]"
block-0627,BLOCK OF 1700 E 38TH ST,78722,1,30,30,mapped,"[""2026-004389 OL""]"
block-0628,BLOCK OF 1700 E 40TH ST,78722,1,10,10,mapped,"[""2026-088961 OL""]"
block-0629,BLOCK OF 1700 E MARTIN LUTHER KING JR BLVD,78702,3,5,5,mapped,"[""2021-037473 OL"", ""2021-037436 OL"", ""2021-105535 OL""]"
block-0630,BLOCK OF 1700 EVA ST,78704,3,10,10,mapped,"[""2026-073851 OL"", ""2022-004446 OL"", ""2025-130707 OL""]"
block-0631,BLOCK OF 1700 GARAMOND LN,78753,1,8,8,mapped,"[""2018-086057 OL""]"
block-0632,BLOCK OF 1700 GARDEN ST,78702,3,11,11,mapped,"[""2014-122215 OL"", ""2025-129016 OL"", ""2017-008580 OL""]"
block-0633,BLOCK OF 1700 HASKELL ST,78702,1,12,12,mapped,"[""2022-056189 OL""]"
block-0634,BLOCK OF 1700 HOLLY ST,78702,2,12,12,mapped,"[""2026-029202 OL"", ""2018-207669 OL""]"
block-0635,BLOCK OF 1700 INVERNESS BLVD,78745,1,11,11,mapped,"[""2019-193755 OL""]"
block-0636,BLOCK OF 1700 JUSTIN LN,78757,1,20,20,mapped,"[""2026-109917 OL""]"
block-0637,BLOCK OF 1700 KERR ST,78704,1,8,8,mapped,"[""2026-063628 OL""]"
block-0638,BLOCK OF 1700 LAGUNA LOMA CV,78746,1,7,7,mapped,"[""2024-135827 OL""]"
block-0639,BLOCK OF 1700 LINSCOMB AVE,78704,2,8,8,mapped,"[""2026-099078 OL"", ""2021-170694 OL""]"
block-0640,BLOCK OF 1700 MARIPOSA DR,78741,2,14,14,mapped,"[""2021-138708 OL"", ""2025-136294 OL""]"
block-0641,BLOCK OF 1700 MATTHEWS LN,78745,1,7,7,mapped,"[""2026-117769 OL""]"
block-0642,BLOCK OF 1700 NASH AVE,78704,3,13,13,mapped,"[""2025-039468 OL"", ""2025-034701 OL"", ""2024-128727 OL""]"
block-0643,BLOCK OF 1700 NEWNING AVE,78704,2,9,8,mapped,"[""2026-067450 OL"", ""2018-209307 OL""]"
block-0644,BLOCK OF 1700 NUECES ST,78701,6,4,4,mapped,"[""2026-032759 OL"", ""2026-033204 OL"", ""2022-163811 OL"", ""2026-032828 OL"", ""2026-032817 OL"", ""2026-033430 OL""]"
block-0645,BLOCK OF 1700 PALMA PLZ,78703,1,22,22,mapped,"[""2025-027094 OL""]"
block-0646,BLOCK OF 1700 PEBBLE BROOK DR,78752,1,12,12,mapped,"[""2022-073161 OL""]"
block-0647,BLOCK OF 1700 PENNSYLVANIA AVE,78702,1,5,6,mapped,"[""2026-087068 OL""]"
block-0648,BLOCK OF 1700 POQUITO ST,78702,1,10,10,mapped,"[""2026-063717 OL""]"
block-0649,BLOCK OF 1700 RABB RD,78704,1,11,11,mapped,"[""2021-100215 OL""]"
block-0650,BLOCK OF 1700 ROYAL HILL DR,78741,1,8,8,mapped,"[""2026-030637 OL""]"
block-0651,BLOCK OF 1700 S 2ND ST,78704,1,5,4,mapped,"[""2026-032084 OL""]"
block-0652,BLOCK OF 1700 SAN GABRIEL ST,78701,1,4,3,mapped,"[""2025-101813 OL""]"
block-0653,BLOCK OF 1700 SKI SLOPE DR,78733,1,7,7,mapped,"[""2015-053683 OL""]"
block-0654,BLOCK OF 1700 SYLVAN DR,78741,2,16,16,mapped,"[""2015-038207 OL"", ""2023-009724 OL""]"
block-0655,BLOCK OF 1700 TAYLOR GAINES ST,78741,1,9,9,mapped,"[""2026-088925 OL""]"
block-0656,BLOCK OF 1700 TIMBERWOOD DR,78741,1,43,43,mapped,"[""2022-164031 OL""]"
block-0657,BLOCK OF 1700 TREADWELL ST,78704,1,7,7,mapped,"[""2026-045468 OL""]"
block-0658,BLOCK OF 1700 ULIT AVE,78702,1,11,11,mapped,"[""2022-174424 OL""]"
block-0659,BLOCK OF 1700 VIRGINIA AVE,78704,2,8,8,mapped,"[""2025-162268 OL"", ""2026-105679 OL""]"
block-0660,BLOCK OF 1700 W 10TH ST,78703,2,15,13,mapped,"[""2023-007363 OL"", ""2022-069036 OL""]"
block-0661,BLOCK OF 1700 W 11TH ST,78703,1,15,12,mapped,"[""2025-131541 OL""]"
block-0662,BLOCK OF 1700 W 29TH ST,78703,2,14,14,mapped,"[""2026-078433 OL"", ""2025-053499 OL""]"
block-0663,BLOCK OF 1700 WALNUT AVE,78702,1,11,11,mapped,"[""2025-161669 OL""]"
block-0664,BLOCK OF 1700 WATERSTON AVE,78703,1,13,9,mapped,"[""2025-121087 OL""]"
block-0665,BLOCK OF 1700 WEBBERVILLE RD,78721,1,7,7,mapped,"[""2025-038483 OL""]"
block-0666,BLOCK OF 1700 WILLOW ST,78702,2,12,12,mapped,"[""2025-129993 OL"", ""2014-008963 OL""]"
block-0667,BLOCK OF 1700 WINDOAK DR,78741,1,7,7,mapped,"[""2026-070349 OL""]"
block-0668,BLOCK OF 1800 ALTA VISTA AVE,78704,1,17,17,mapped,"[""2022-130305 OL""]"
block-0669,BLOCK OF 1800 ANITA DR,78704,1,11,11,mapped,"[""2026-015895 OL""]"
block-0670,BLOCK OF 1800 ARBORSIDE DR,78754,1,11,10,mapped,"[""2026-101522 OL""]"
block-0671,BLOCK OF 1800 ASHBY AVE,78704,1,17,17,mapped,"[""2024-106027 OL""]"
block-0672,BLOCK OF 1800 BOULDIN AVE,78704,1,2,2,mapped,"[""2022-149571 OL""]"
block-0673,BLOCK OF 1800 BOWERTON DR,78754,1,12,12,mapped,"[""2026-020651 OL""]"
block-0674,BLOCK OF 1800 BROADMOOR DR,78723,1,7,7,mapped,"[""2021-152125 OL""]"
block-0675,BLOCK OF 1800 BURTON DR,78741,3,3,3,mapped,"[""2023-064825 OL"", ""2025-155453 OL"", ""2025-159742 OL""]"
block-0676,BLOCK OF 1800 CEDAR RIDGE DR,78741,2,13,13,mapped,"[""2022-059703 OL"", ""2024-112827 OL""]"
block-0677,BLOCK OF 1800 CLIFFORD AVE,78702,1,15,15,mapped,"[""2021-004472 OL""]"
block-0678,BLOCK OF 1800 CRESTHAVEN DR,78704,2,13,13,mapped,"[""2026-030757 OL"", ""2026-064587 OL""]"
block-0679,BLOCK OF 1800 DELONEY ST,78721,1,9,9,mapped,"[""2026-104013 OL""]"
block-0680,BLOCK OF 1800 DEXTER ST,78704,1,14,14,mapped,"[""2016-107444 OL""]"
block-0681,BLOCK OF 1800 DRAKE AVE,78704,1,10,9,mapped,"[""2025-042653 OL""]"
block-0682,BLOCK OF 1800 DYWER AVE,78704,2,14,14,mapped,"[""2025-108136 OL"", ""2012-104075 OL""]"
block-0683,BLOCK OF 1800 E 14TH ST,78702,1,9,7,mapped,"[""2021-164021 OL""]"
block-0684,BLOCK OF 1800 E 18TH ST,78702,1,4,4,mapped,"[""2026-102134 OL""]"
block-0685,BLOCK OF 1800 E 2ND ST,78702,1,7,7,mapped,"[""2025-038482 OL""]"
block-0686,BLOCK OF 1800 E 4TH ST,78702,8,1,1,mapped,"[""2022-164018 OL"", ""2026-006063 OL"", ""2018-164882 OL"", ""2024-125361 OL"", ""2020-182085 OL"", ""2026-036688 OL"", ""2019-023612 OL"", ""2018-170436 OL""]"
block-0687,BLOCK OF 1800 E MARTIN LUTHER KING JR BLVD,78722,1,5,3,mapped,"[""2024-006479 OL""]"
block-0688,BLOCK OF 1800 FAIRLAWN LN,78704,2,5,5,mapped,"[""2026-020508 OL"", ""2026-051443 OL""]"
block-0689,BLOCK OF 1800 FRAZIER AVE,78704,1,11,11,mapped,"[""2023-039230 OL""]"
block-0690,BLOCK OF 1800 KENWOOD AVE,78704,6,15,15,mapped,"[""2013-016135 OL"", ""2025-016859 OL"", ""2013-016147 OL"", ""2025-016897 OL"", ""2013-001757 OL"", ""2013-001763 OL""]"
block-0691,BLOCK OF 1800 KINGWOOD CV,78757,1,7,7,mapped,"[""2025-136347 OL""]"
block-0692,BLOCK OF 1800 MAPLE AVE,78702,2,16,16,mapped,"[""2025-151362 OL"", ""2026-068183 OL""]"
block-0693,BLOCK OF 1800 MARGARET ST,78704,1,16,16,mapped,"[""2026-008741 OL""]"
block-0694,BLOCK OF 1800 MIRIAM AVE,78702,3,8,8,mapped,"[""2025-007870 OL"", ""2025-019615 OL"", ""2026-098896 OL""]"
block-0695,BLOCK OF 1800 MORNING QUAIL DR,78758,1,9,9,mapped,"[""2024-137628 OL""]"
block-0696,BLOCK OF 1800 NEW YORK AVE,78702,1,7,7,mapped,"[""2025-121017 OL""]"
block-0697,BLOCK OF 1800 NEWTON ST,78704,2,7,7,mapped,"[""2022-162689 OL"", ""2025-125837 OL""]"
block-0698,BLOCK OF 1800 PALO DURO RD,78757,1,10,10,mapped,"[""2026-002070 OL""]"
block-0699,BLOCK OF 1800 PARKER LN,78741,1,7,7,mapped,"[""2026-080576 OL""]"
block-0700,BLOCK OF 1800 PEARL ST,78701,1,8,4,mapped,"[""2026-044835 OL""]"
block-0701,BLOCK OF 1800 RICHCREEK RD,78757,1,16,16,mapped,"[""2026-041203 OL""]"
block-0702,BLOCK OF 1800 SKI SLOPE DR,78733,1,9,7,mapped,"[""2022-027993 OL""]"
block-0703,BLOCK OF 1800 SOUTH LAKESHORE BLVD,78741,7,5,3,mapped,"[""2022-080507 OL"", ""2014-107842 OL"", ""2018-066656 OL"", ""2021-190787 OL"", ""2026-033346 OL"", ""2022-065890 OL"", ""2025-025749 OL""]"
block-0704,BLOCK OF 1800 ST ALBANS BLVD,78745,1,10,10,mapped,"[""2021-192340 OL""]"
block-0705,BLOCK OF 1800 SYLVAN DR,78741,1,11,11,mapped,"[""2025-016763 OL""]"
block-0706,BLOCK OF 1800 ULLRICH AVE,78756,2,13,13,mapped,"[""2015-021515 OL"", ""2025-120765 OL""]"
block-0707,BLOCK OF 1800 VICTORIA DR,78721,1,7,7,mapped,"[""2026-036657 OL""]"
block-0708,BLOCK OF 1800 W 11TH ST,78703,2,16,8,mapped,"[""2016-027920 OL"", ""2026-100378 OL""]"
block-0709,BLOCK OF 1800 W 36TH ST,78731,1,23,23,mapped,"[""2023-040872 OL""]"
block-0710,BLOCK OF 1800 W 8TH ST,78703,1,5,5,mapped,"[""2024-060397 OL""]"
block-0711,BLOCK OF 1800 WATERSTON AVE,78703,1,20,16,mapped,"[""2025-139379 OL""]"
block-0712,BLOCK OF 1800 WEBBERVILLE RD,78721,1,14,13,mapped,"[""2025-100045 OL""]"
block-0713,BLOCK OF 1800 WESTRIDGE DR,78704,1,8,8,mapped,"[""2014-005061 OL""]"
block-0714,BLOCK OF 1800 WOODLAND AVE,78741,1,10,10,mapped,"[""2023-116171 OL""]"
block-0715,BLOCK OF 1900 ALBURY CV,78758,4,12,12,mapped,"[""2024-053763 OL"", ""2025-113952 OL"", ""2023-129788 OL"", ""2025-011277 OL""]"
block-0716,BLOCK OF 1900 ANITA DR,78704,2,13,13,mapped,"[""2022-136172 OL"", ""2022-056720 OL""]"
block-0717,BLOCK OF 1900 BIG HORN DR,78734,1,9,9,mapped,"[""2022-073438 OL""]"
block-0718,BLOCK OF 1900 BURBANK ST,78757,1,15,15,mapped,"[""2025-151253 OL""]"
block-0719,BLOCK OF 1900 BURGUNDY CV,78727,1,8,8,mapped,"[""2024-129351 OL""]"
block-0720,BLOCK OF 1900 CANTERBURY ST,78702,4,16,16,mapped,"[""2013-021273 OL"", ""2023-038702 OL"", ""2022-170450 OL"", ""2023-156044 OL""]"
block-0721,BLOCK OF 1900 CEDAR RIDGE DR,78741,2,10,10,mapped,"[""2026-107171 OL"", ""2026-107273 OL""]"
block-0722,BLOCK OF 1900 COLLEGE ROW,78702,1,9,9,mapped,"[""2024-151168 OL""]"
block-0723,BLOCK OF 1900 CROOKED LN,78741,1,14,14,mapped,"[""2025-131450 OL""]"
block-0724,BLOCK OF 1900 CROSSING PL,78741,2,2,2,mapped,"[""2026-074167 OL"", ""2022-022495 OL""]"
block-0725,BLOCK OF 1900 DAUPHINE CV,78727,1,10,10,mapped,"[""2026-037778 OL""]"
block-0726,BLOCK OF 1900 DEXTER ST,78704,1,4,4,mapped,"[""2025-021685 OL""]"
block-0727,BLOCK OF 1900 E 10TH ST,78702,1,14,14,mapped,"[""2026-040945 OL""]"
block-0728,BLOCK OF 1900 E 11TH ST,78702,3,14,14,mapped,"[""2026-069257 OL"", ""2023-007296 OL"", ""2026-069054 OL""]"
block-0729,BLOCK OF 1900 E 14TH ST,78702,2,6,6,mapped,"[""2015-127994 OL"", ""2015-127991 OL""]"
block-0730,BLOCK OF 1900 E 16TH ST,78702,3,11,11,mapped,"[""2026-034954 OL"", ""2026-047025 OL"", ""2025-045087 OL""]"
block-0731,BLOCK OF 1900 E 17TH ST,78702,1,11,11,mapped,"[""2023-015437 OL""]"
block-0732,BLOCK OF 1900 E 2ND ST,78702,4,9,9,mapped,"[""2025-114519 OL"", ""2025-114632 OL"", ""2025-042560 OL"", ""2025-038445 OL""]"
block-0733,BLOCK OF 1900 E 38TH HALF ST,78723,1,6,5,mapped,"[""2025-126048 OL""]"
block-0734,BLOCK OF 1900 E 8TH ST,78702,2,17,17,mapped,"[""2023-163372 OL"", ""2026-102028 OL""]"
block-0735,BLOCK OF 1900 EAST SIDE DR,78704,1,9,9,mapped,"[""2018-212909 OL""]"
block-0736,BLOCK OF 1900 ESPINO CV,78744,1,11,11,mapped,"[""2024-102402 OL""]"
block-0737,BLOCK OF 1900 ESPLANADE CIR,78727,1,10,10,mapped,"[""2020-001258 OL""]"
block-0738,BLOCK OF 1900 EVA ST,78704,2,12,12,mapped,"[""2026-077600 OL"", ""2025-062302 OL""]"
block-0739,BLOCK OF 1900 FAIRLAWN LN,78704,1,15,15,mapped,"[""2024-145037 OL""]"
block-0740,BLOCK OF 1900 FORD ST,78704,2,7,7,mapped,"[""2023-103544 OL"", ""2023-103589 OL""]"
block-0741,BLOCK OF 1900 FOREST HILL DR,78745,1,13,13,mapped,"[""2026-075186 OL""]"
block-0742,BLOCK OF 1900 FRAZIER AVE,78704,1,12,12,mapped,"[""2022-163964 OL""]"
block-0743,BLOCK OF 1900 GLENCLIFF DR,78704,1,10,10,mapped,"[""2023-142169 OL""]"
block-0744,BLOCK OF 1900 HAMILTON AVE,78702,1,15,14,mapped,"[""2024-005114 OL""]"
block-0745,BLOCK OF 1900 HASKELL ST,78702,2,16,16,mapped,"[""2025-147623 OL"", ""2023-130748 OL""]"
block-0746,BLOCK OF 1900 HOLLY HILL DR,78746,1,27,27,mapped,"[""2022-162145 OL""]"
block-0747,BLOCK OF 1900 KENWOOD AVE,78704,1,13,13,mapped,"[""2026-040826 OL""]"
block-0748,BLOCK OF 1900 KINNEY AVE,78704,1,7,7,mapped,"[""2023-042012 OL""]"
block-0749,BLOCK OF 1900 LARCHMONT DR,78704,1,15,13,mapped,"[""2022-031595 OL""]"
block-0750,BLOCK OF 1900 MILES AVE,78745,1,18,18,mapped,"[""2025-026708 OL""]"
block-0751,BLOCK OF 1900 NEWNING AVE,78704,1,12,11,mapped,"[""2018-009859 OL""]"
block-0752,BLOCK OF 1900 NEWTON ST,78704,1,7,7,mapped,"[""2025-016881 OL""]"
block-0753,BLOCK OF 1900 PALO DURO RD,78757,1,12,12,mapped,"[""2026-037335 OL""]"
block-0754,BLOCK OF 1900 PASADENA DR,78757,1,20,20,mapped,"[""2021-156170 OL""]"
block-0755,BLOCK OF 1900 PENNSYLVANIA AVE,78702,1,10,10,mapped,"[""2023-006007 OL""]"
block-0756,BLOCK OF 1900 RABB RD,78704,2,6,6,mapped,"[""2022-177443 OL"", ""2025-008020 OL""]"
block-0757,BLOCK OF 1900 RIVERVIEW ST,78702,2,13,13,mapped,"[""2016-153179 OL"", ""2025-031585 OL""]"
block-0758,BLOCK OF 1900 ROMERIA DR,78757,1,14,14,mapped,"[""2025-161805 OL""]"
block-0759,BLOCK OF 1900 S 6TH ST,78704,1,2,2,mapped,"[""2024-122062 OL""]"
block-0760,BLOCK OF 1900 SCENIC DR,78703,1,4,4,mapped,"[""2021-144713 OL""]"
block-0761,BLOCK OF 1900 STANLEY AVE,78745,3,7,7,mapped,"[""2026-058954 OL"", ""2026-041900 OL"", ""2023-147354 OL""]"
block-0762,BLOCK OF 1900 TILLOTSON AVE,78702,1,15,15,mapped,"[""2026-119692 OL""]"
block-0763,BLOCK OF 1900 VALLEY HILL CIR,78741,1,14,14,mapped,"[""2026-057114 OL""]"
block-0764,BLOCK OF 1900 W 38TH ST,78731,1,18,18,mapped,"[""2012-125763 OL""]"
block-0765,BLOCK OF 1900 WESTRIDGE DR,78704,3,13,13,mapped,"[""2025-132543 OL"", ""2026-008797 OL"", ""2025-131961 OL""]"
block-0766,BLOCK OF 1900 WILLOW ST,78702,1,16,16,mapped,"[""2016-106754 OL""]"
block-0767,BLOCK OF 1900 WOODLAND AVE,78741,1,12,12,mapped,"[""2023-133973 OL""]"
block-0768,BLOCK OF 2000 ALGUNO RD,78757,1,13,13,mapped,"[""2026-109699 OL""]"
block-0769,BLOCK OF 2000 ARPDALE ST,78704,2,16,14,mapped,"[""2025-125707 OL"", ""2013-087624 OL""]"
block-0770,BLOCK OF 2000 ASHBY AVE,78704,1,11,10,mapped,"[""2025-054197 OL""]"
block-0771,BLOCK OF 2000 BIG HORN DR,78734,1,6,6,mapped,"[""2025-043447 OL""]"
block-0772,BLOCK OF 2000 BLUEBONNET LN,78704,2,9,8,mapped,"[""2026-040297 OL"", ""2023-084285 OL""]"
block-0773,BLOCK OF 2000 CANTERBURY ST,78702,1,15,15,mapped,"[""2022-096536 OL""]"
block-0774,BLOCK OF 2000 CHESHIRE DR,78723,1,10,10,mapped,"[""2026-119467 OL""]"
block-0775,BLOCK OF 2000 CHESTNUT AVE,78722,1,8,8,mapped,"[""2023-051177 OL""]"
block-0776,BLOCK OF 2000 COLETO ST,78722,1,5,4,mapped,"[""2025-132014 OL""]"
block-0777,BLOCK OF 2000 COVERED WAGON PASS,78744,1,21,21,mapped,"[""2025-029090 OL""]"
block-0778,BLOCK OF 2000 DEXTER ST,78704,1,5,5,mapped,"[""2026-021496 OL""]"
block-0779,BLOCK OF 2000 E 10TH ST,78702,1,17,16,mapped,"[""2025-019912 OL""]"
block-0780,BLOCK OF 2000 E 11TH ST,78702,2,17,16,mapped,"[""2016-137737 OL"", ""2026-045415 OL""]"
block-0781,BLOCK OF 2000 E 13TH ST,78702,2,10,10,mapped,"[""2023-122189 OL"", ""2023-005120 OL""]"
block-0782,BLOCK OF 2000 E 16TH ST,78702,1,9,9,mapped,"[""2025-162646 OL""]"
block-0783,BLOCK OF 2000 E 8TH ST,78702,3,17,17,mapped,"[""2026-060496 OL"", ""2026-099497 OL"", ""2025-140775 OL""]"
block-0784,BLOCK OF 2000 E CESAR CHAVEZ ST,78702,1,19,18,mapped,"[""2021-086021 OL""]"
block-0785,BLOCK OF 2000 FORD ST,78704,3,25,25,mapped,"[""2025-013185 OL"", ""2025-047524 OL"", ""2026-008689 OL""]"
block-0786,BLOCK OF 2000 GARDEN ST,78702,3,16,16,mapped,"[""2023-116936 OL"", ""2025-009958 OL"", ""2026-029000 OL""]"
block-0787,BLOCK OF 2000 GATHRIGHT CV,78704,2,16,15,mapped,"[""2026-058991 OL"", ""2025-112808 OL""]"
block-0788,BLOCK OF 2000 GOODRICH AVE,78704,2,18,18,mapped,"[""2026-118139 OL"", ""2025-002330 OL""]"
block-0789,BLOCK OF 2000 HASKELL ST,78702,2,15,15,mapped,"[""2026-069366 OL"", ""2026-114235 OL""]"
block-0790,BLOCK OF 2000 IROQUOIS LN,78741,1,17,17,mapped,"[""2015-028253 OL""]"
block-0791,BLOCK OF 2000 JONES RD,78745,3,12,12,mapped,"[""2025-026914 OL"", ""2025-120854 OL"", ""2025-120873 OL""]"
block-0792,BLOCK OF 2000 KAREN AVE,78757,1,19,18,mapped,"[""2026-092230 OL""]"
block-0793,BLOCK OF 2000 KINNEY AVE,78704,1,12,11,mapped,"[""2023-138492 OL""]"
block-0794,BLOCK OF 2000 LA CASA DR,78704,2,7,7,mapped,"[""2013-000595 OL"", ""2013-000588 OL""]"
block-0795,BLOCK OF 2000 MAGAZINE ST,78727,1,12,11,mapped,"[""2026-071921 OL""]"
block-0796,BLOCK OF 2000 MATTHEWS LN,78745,1,7,7,mapped,"[""2025-148183 OL""]"
block-0797,BLOCK OF 2000 OXFORD AVE,78704,2,14,14,mapped,"[""2020-026496 OL"", ""2025-151188 OL""]"
block-0798,BLOCK OF 2000 PAYNE AVE,78757,1,23,23,mapped,"[""2015-154177 OL""]"
block-0799,BLOCK OF 2000 PEACH TREE ST,78704,1,13,13,mapped,"[""2026-005522 OL""]"
block-0800,BLOCK OF 2000 POMPTON DR,78757,1,13,13,mapped,"[""2026-109667 OL""]"
block-0801,BLOCK OF 2000 PRATHER LN,78704,2,7,7,mapped,"[""2024-125973 OL"", ""2024-126051 OL""]"
block-0802,BLOCK OF 2000 RABB GLEN ST,78704,2,14,14,mapped,"[""2025-016330 OL"", ""2026-082459 OL""]"
block-0803,BLOCK OF 2000 RIVERVIEW ST,78702,2,17,17,mapped,"[""2026-062934 OL"", ""2023-068953 OL""]"
block-0804,BLOCK OF 2000 S 3RD ST,78704,1,7,6,mapped,"[""2026-077543 OL""]"
block-0805,BLOCK OF 2000 S 5TH ST,78704,2,6,4,mapped,"[""2023-061444 OL"", ""2024-039526 OL""]"
block-0806,BLOCK OF 2000 TRAVIS HEIGHTS BLVD,78704,1,17,17,mapped,"[""2025-125742 OL""]"
block-0807,BLOCK OF 2000 WILLOW ST,78702,1,16,16,mapped,"[""2025-145509 OL""]"
block-0808,BLOCK OF 2000 WINSTED LN,78703,2,9,9,mapped,"[""2022-077533 OL"", ""2026-100558 OL""]"
block-0809,BLOCK OF 2000 WOOTEN DR,78757,1,10,10,mapped,"[""2026-118994 OL""]"
block-0810,BLOCK OF 2000 WRIGHT ST,78704,2,15,15,mapped,"[""2012-122380 OL"", ""2025-037005 OL""]"
block-0811,BLOCK OF 2100 ANTONE ST,78723,1,10,10,mapped,"[""2025-021874 OL""]"
block-0812,BLOCK OF 2100 ARBORSIDE DR,78754,1,14,14,mapped,"[""2026-101555 OL""]"
block-0813,BLOCK OF 2100 BARTON HILLS DR,78704,2,31,31,mapped,"[""2024-129304 OL"", ""2021-162416 OL""]"
block-0814,BLOCK OF 2100 BIG HORN DR,78734,1,8,8,mapped,"[""2026-002605 OL""]"
block-0815,BLOCK OF 2100 BLALOCK DR,78758,1,4,4,mapped,"[""2026-032924 OL""]"
block-0816,BLOCK OF 2100 BOWMAN AVE,78703,1,8,7,mapped,"[""2026-057285 OL""]"
block-0817,BLOCK OF 2100 BRACKENRIDGE ST,78704,2,14,11,mapped,"[""2026-035275 OL"", ""2023-102218 OL""]"
block-0818,BLOCK OF 2100 BURTON DR,78741,5,3,3,mapped,"[""2022-158877 OL"", ""2023-035570 OL"", ""2025-120924 OL"", ""2026-030117 OL"", ""2021-072599 OL""]"
block-0819,BLOCK OF 2100 COLUMBIA CV,78723,1,6,6,mapped,"[""2017-024269 OL""]"
block-0820,BLOCK OF 2100 DALESIDE LN,78754,1,16,16,mapped,"[""2023-124165 OL""]"
block-0821,BLOCK OF 2100 E 13TH ST,78702,1,9,9,mapped,"[""2026-045583 OL""]"
block-0822,BLOCK OF 2100 E 14TH ST,78702,1,10,10,mapped,"[""2026-095950 OL""]"
block-0823,BLOCK OF 2100 E 17TH ST,78702,1,7,7,mapped,"[""2022-028431 OL""]"
block-0824,BLOCK OF 2100 E 18TH ST,78702,1,7,5,mapped,"[""2016-136092 OL""]"
block-0825,BLOCK OF 2100 E 21ST ST,78722,1,10,9,mapped,"[""2026-093968 OL""]"
block-0826,BLOCK OF 2100 ELMONT DR,78741,2,1,1,mapped,"[""2026-045773 OL"", ""2026-045755 OL""]"
block-0827,BLOCK OF 2100 EVA ST,78704,2,10,10,mapped,"[""2024-048407 OL"", ""2026-025388 OL""]"
block-0828,BLOCK OF 2100 FORT VIEW RD,78704,3,11,10,mapped,"[""2026-029866 OL"", ""2023-119758 OL"", ""2026-017203 OL""]"
block-0829,BLOCK OF 2100 FOUR OAKS LN,78704,1,12,12,mapped,"[""2026-118089 OL""]"
block-0830,BLOCK OF 2100 GARDEN ST,78702,1,15,15,mapped,"[""2017-026011 OL""]"
block-0831,BLOCK OF 2100 GLENDALE PL,78704,1,20,20,mapped,"[""2024-147580 OL""]"
block-0832,BLOCK OF 2100 HASKELL ST,78702,1,14,14,mapped,"[""2026-032478 OL""]"
block-0833,BLOCK OF 2100 HIGHGROVE TER,78703,1,11,10,mapped,"[""2023-134138 OL""]"
block-0834,BLOCK OF 2100 HOMEDALE DR,78704,2,5,5,mapped,"[""2026-026080 OL"", ""2026-026074 OL""]"
block-0835,BLOCK OF 2100 HORSE WAGON DR,78754,1,14,14,mapped,"[""2025-156703 OL""]"
block-0836,BLOCK OF 2100 LA CASA DR,78704,1,14,14,mapped,"[""2026-056510 OL""]"
block-0837,BLOCK OF 2100 LEAR LN,78745,1,13,13,mapped,"[""2025-129206 OL""]"
block-0838,BLOCK OF 2100 MALVERN HILL DR,78745,1,15,15,mapped,"[""2022-144675 OL""]"
block-0839,BLOCK OF 2100 MAPLE AVE,78722,4,10,10,mapped,"[""2021-169804 OL"", ""2019-041141 OL"", ""2023-004339 OL"", ""2021-159785 OL""]"
block-0840,BLOCK OF 2100 MUROC ST,78757,1,4,4,mapped,"[""2025-011266 OL""]"
block-0841,BLOCK OF 2100 N LAMAR BLVD,78705,1,1,1,mapped,"[""2024-141622 OL""]"
block-0842,BLOCK OF 2100 NICKERSON ST,78704,3,9,8,mapped,"[""2026-099255 OL"", ""2022-156833 OL"", ""2022-156863 OL""]"
block-0843,BLOCK OF 2100 OXFORD AVE,78704,1,21,19,mapped,"[""2015-107694 OL""]"
block-0844,BLOCK OF 2100 PENNSYLVANIA AVE,78702,1,11,10,mapped,"[""2019-009772 OL""]"
block-0845,BLOCK OF 2100 PRATHER LN,78704,2,11,11,mapped,"[""2026-057878 OL"", ""2026-033036 OL""]"
block-0846,BLOCK OF 2100 RIVERVIEW ST,78702,1,15,15,mapped,"[""2026-037815 OL""]"
block-0847,BLOCK OF 2100 ROBERT BROWNING ST,78723,1,21,21,mapped,"[""2026-061751 OL""]"
block-0848,BLOCK OF 2100 S L DAVIS AVE,78702,1,9,9,mapped,"[""2026-024542 OL""]"
block-0849,BLOCK OF 2100 SHOALMONT DR,78756,1,8,4,mapped,"[""2026-109206 OL""]"
block-0850,BLOCK OF 2100 THORNTON RD,78704,2,13,10,mapped,"[""2025-131265 OL"", ""2025-130824 OL""]"
block-0851,BLOCK OF 2100 TRAVIS HEIGHTS BLVD,78704,1,10,10,mapped,"[""2019-036716 OL""]"
block-0852,BLOCK OF 2100 WINSTED LN,78703,1,8,6,mapped,"[""2014-016198 OL""]"
block-0853,BLOCK OF 2100 WRIGHT ST,78704,2,12,12,mapped,"[""2026-111951 OL"", ""2024-030712 OL""]"
block-0854,BLOCK OF 2200 ALTA VISTA AVE,78704,1,13,12,mapped,"[""2026-057246 OL""]"
block-0855,BLOCK OF 2200 ANN ARBOR AVE,78704,1,1,1,mapped,"[""2024-147912 OL""]"
block-0856,BLOCK OF 2200 BARTON HILLS DR,78704,1,3,3,mapped,"[""2022-140725 OL""]"
block-0857,BLOCK OF 2200 BERKETT DR,78745,1,4,4,mapped,"[""2025-113244 OL""]"
block-0858,BLOCK OF 2200 BIG HORN DR,78734,2,13,13,mapped,"[""2023-120758 OL"", ""2023-117557 OL""]"
block-0859,BLOCK OF 2200 CANTERBURY ST,78702,1,16,16,mapped,"[""2025-032781 OL""]"
block-0860,BLOCK OF 2200 DONAHUE LN,78744,1,16,16,mapped,"[""2026-060052 OL""]"
block-0861,BLOCK OF 2200 DOVE SPRINGS DR,78744,1,18,18,mapped,"[""2026-022659 OL""]"
block-0862,BLOCK OF 2200 E 18TH ST,78702,2,15,16,mapped,"[""2026-098785 OL"", ""2026-083077 OL""]"
block-0863,BLOCK OF 2200 E 21ST ST,78722,1,4,3,mapped,"[""2025-016684 OL""]"
block-0864,BLOCK OF 2200 E 8TH ST,78702,1,15,15,mapped,"[""2026-067267 OL""]"
block-0865,BLOCK OF 2200 E 9TH ST,78702,1,10,10,mapped,"[""2026-110374 OL""]"
block-0866,BLOCK OF 2200 ENFIELD RD,78703,3,5,5,mapped,"[""2025-005499 OL"", ""2025-129109 OL"", ""2025-038435 OL""]"
block-0867,BLOCK OF 2200 EUCLID AVE,78704,1,14,13,mapped,"[""2016-040355 OL""]"
block-0868,BLOCK OF 2200 FALCON HILL DR,78745,1,12,12,mapped,"[""2025-120791 OL""]"
block-0869,BLOCK OF 2200 GALWAY ST,78758,1,12,12,mapped,"[""2026-124346 OL""]"
block-0870,BLOCK OF 2200 GARDEN ST,78702,2,17,16,mapped,"[""2025-129363 OL"", ""2026-091781 OL""]"
block-0871,BLOCK OF 2200 HASKELL ST,78702,1,22,22,mapped,"[""2026-026084 OL""]"
block-0872,BLOCK OF 2200 HOLLY ST,78702,5,19,18,mapped,"[""2024-125971 OL"", ""2024-141981 OL"", ""2025-143942 OL"", ""2019-241732 OL"", ""2024-129403 OL""]"
block-0873,BLOCK OF 2200 IVA LN,78704,1,17,16,mapped,"[""2023-130731 OL""]"
block-0874,BLOCK OF 2200 LANGFORD CV,78723,1,7,7,mapped,"[""2025-020067 OL""]"
block-0875,BLOCK OF 2200 LEAR LN,78745,1,14,14,mapped,"[""2026-091632 OL""]"
block-0876,BLOCK OF 2200 LEON ST,78705,1,8,6,mapped,"[""2026-045591 OL""]"
block-0877,BLOCK OF 2200 LINDELL AVE,78704,1,18,18,mapped,"[""2026-105644 OL""]"
block-0878,BLOCK OF 2200 MONTOPOLIS DR,78741,6,2,2,mapped,"[""2026-035059 OL"", ""2026-034936 OL"", ""2026-035042 OL"", ""2026-035033 OL"", ""2026-035068 OL"", ""2026-035051 OL""]"
block-0879,BLOCK OF 2200 PENNSYLVANIA AVE,78702,2,9,9,mapped,"[""2026-123622 OL"", ""2026-123607 OL""]"
block-0880,BLOCK OF 2200 POQUITO ST,78722,1,4,3,mapped,"[""2026-008234 OL""]"
block-0881,BLOCK OF 2200 RIVERVIEW ST,78702,2,11,11,mapped,"[""2016-126952 OL"", ""2019-178508 OL""]"
block-0882,BLOCK OF 2200 RUNDELL PL,78704,1,5,5,mapped,"[""2022-056177 OL""]"
block-0883,BLOCK OF 2200 S 3RD ST,78704,1,14,14,mapped,"[""2014-128254 OL""]"
block-0884,BLOCK OF 2200 SANTA RITA ST,78702,3,16,16,mapped,"[""2025-125855 OL"", ""2026-060446 OL"", ""2022-177424 OL""]"
block-0885,BLOCK OF 2200 SANTA ROSA ST,78702,2,15,15,mapped,"[""2023-039349 OL"", ""2023-013230 OL""]"
block-0886,BLOCK OF 2200 SCHRIBER ST,78704,1,7,7,mapped,"[""2026-088329 OL""]"
block-0887,BLOCK OF 2200 SHOALMONT DR,78756,1,4,4,mapped,"[""2022-047350 OL""]"
block-0888,BLOCK OF 2200 SPRING CREEK DR,78704,2,9,9,mapped,"[""2016-047148 OL"", ""2014-008394 OL""]"
block-0889,BLOCK OF 2200 THORNTON RD,78704,1,13,11,mapped,"[""2023-017681 OL""]"
block-0890,BLOCK OF 2200 TOWN LAKE CIR,78741,4,1,1,mapped,"[""2026-044872 OL"", ""2026-044871 OL"", ""2026-044873 OL"", ""2026-044818 OL""]"
block-0891,BLOCK OF 2200 TRAILSIDE DR,78704,7,12,12,mapped,"[""2014-007838 OL"", ""2014-007840 OL"", ""2014-007837 OL"", ""2014-007839 OL"", ""2025-145999 OL"", ""2014-007841 OL"", ""2025-154990 OL""]"
block-0892,BLOCK OF 2200 WILLOW ST,78702,1,16,16,mapped,"[""2026-028724 OL""]"
block-0893,BLOCK OF 2200 YELLOW JACKET LN,78741,1,10,10,mapped,"[""2026-034714 OL""]"
block-0894,BLOCK OF 2300 ALTA VISTA AVE,78704,2,10,10,mapped,"[""2025-162150 OL"", ""2018-184130 OL""]"
block-0895,BLOCK OF 2300 BENDRIDGE TRL,78744,1,15,15,mapped,"[""2026-100614 OL""]"
block-0896,BLOCK OF 2300 DEL CURTO RD,78704,2,6,6,mapped,"[""2026-036363 OL"", ""2026-102389 OL""]"
block-0897,BLOCK OF 2300 E 10TH ST,78702,2,16,16,mapped,"[""2025-144799 OL"", ""2026-043752 OL""]"
block-0898,BLOCK OF 2300 E 11TH ST,78702,1,14,14,mapped,"[""2023-007256 OL""]"
block-0899,BLOCK OF 2300 E 14TH ST,78702,1,10,6,mapped,"[""2026-033299 OL""]"
block-0900,BLOCK OF 2300 E 2ND ST,78702,2,24,8,mapped,"[""2026-038530 OL"", ""2026-033141 OL""]"
block-0901,BLOCK OF 2300 E 8TH ST,78702,1,14,14,mapped,"[""2026-065223 OL""]"
block-0902,BLOCK OF 2300 E 9TH ST,78702,3,16,16,mapped,"[""2015-044624 OL"", ""2023-018014 OL"", ""2026-068762 OL""]"
block-0903,BLOCK OF 2300 EAST SIDE DR,78704,3,4,4,mapped,"[""2026-027177 OL"", ""2023-049908 OL"", ""2025-134586 OL""]"
block-0904,BLOCK OF 2300 ENFIELD RD,78703,1,10,7,mapped,"[""2019-222598 OL""]"
block-0905,BLOCK OF 2300 GROVE BLVD,78741,3,1,1,mapped,"[""2026-035081 OL"", ""2026-036575 OL"", ""2026-035075 OL""]"
block-0906,BLOCK OF 2300 MONTCLAIRE ST,78704,2,16,16,mapped,"[""2024-031998 OL"", ""2024-006990 OL""]"
block-0907,BLOCK OF 2300 NORTHLAND DR,78756,1,6,5,mapped,"[""2023-005943 OL""]"
block-0908,BLOCK OF 2300 REBEL RD,78704,1,12,10,mapped,"[""2025-025304 OL""]"
block-0909,BLOCK OF 2300 RIVERSIDE FARMS RD,78741,1,12,12,mapped,"[""2026-004462 OL""]"
block-0910,BLOCK OF 2300 RUNDELL PL,78704,1,10,10,mapped,"[""2013-125650 OL""]"
block-0911,BLOCK OF 2300 S 3RD ST,78704,2,15,15,mapped,"[""2026-022752 OL"", ""2023-036210 OL""]"
block-0912,BLOCK OF 2300 S 4TH ST,78704,1,6,6,mapped,"[""2025-098990 OL""]"
block-0913,BLOCK OF 2300 SANTA MARIA ST,78702,2,29,28,mapped,"[""2026-033066 OL"", ""2026-044599 OL""]"
block-0914,BLOCK OF 2300 SANTA RITA ST,78702,1,27,26,mapped,"[""2022-032996 OL""]"
block-0915,BLOCK OF 2300 SANTA ROSA ST,78702,3,27,27,mapped,"[""2018-056320 OL"", ""2026-079690 OL"", ""2025-017023 OL""]"
block-0916,BLOCK OF 2300 SHELBY OAK LN,78748,1,8,8,mapped,"[""2026-072328 OL""]"
block-0917,BLOCK OF 2300 TRAILSIDE DR,78704,2,7,7,mapped,"[""2026-072630 OL"", ""2026-072605 OL""]"
block-0918,BLOCK OF 2300 W 11TH ST,78703,1,6,6,mapped,"[""2025-131356 OL""]"
block-0919,BLOCK OF 2300 W 7TH ST,78703,1,6,6,mapped,"[""2026-046293 OL""]"
block-0920,BLOCK OF 2300 W 8TH ST,78703,1,16,16,mapped,"[""2014-045935 OL""]"
block-0921,BLOCK OF 2300 WESTERN TRAILS BLVD,78745,1,7,7,mapped,"[""2014-099158 OL""]"
block-0922,BLOCK OF 2300 WESTFOREST DR,78704,1,20,20,mapped,"[""2017-131472 OL""]"
block-0923,BLOCK OF 2300 WESTOAK DR,78704,2,28,28,mapped,"[""2025-115542 OL"", ""2016-068375 OL""]"
block-0924,BLOCK OF 2300 WILLOW ST,78702,1,20,20,mapped,"[""2020-011885 OL""]"
block-0925,BLOCK OF 2400 ALLRED DR,78748,1,17,17,mapped,"[""2024-156296 OL""]"
block-0926,BLOCK OF 2400 ANN ARBOR AVE,78704,1,2,2,mapped,"[""2026-036483 OL""]"
block-0927,BLOCK OF 2400 AUDUBON PL,78741,1,11,11,mapped,"[""2026-096633 OL""]"
block-0928,BLOCK OF 2400 BRIDLE PATH,78703,1,11,4,mapped,"[""2017-107894 OL""]"
block-0929,BLOCK OF 2400 BRYAN ST,78702,1,15,15,mapped,"[""2026-058791 OL""]"
block-0930,BLOCK OF 2400 BUCKS RUN,78744,1,9,9,mapped,"[""2026-032378 OL""]"
block-0931,BLOCK OF 2400 BURLESON CT,78741,3,23,23,mapped,"[""2025-145471 OL"", ""2025-145442 OL"", ""2026-101636 OL""]"
block-0932,BLOCK OF 2400 BURLY OAK DR,78745,1,8,8,mapped,"[""2026-063885 OL""]"
block-0933,BLOCK OF 2400 E 10TH ST,78702,1,16,16,mapped,"[""2026-098886 OL""]"
block-0934,BLOCK OF 2400 E 12TH ST,78702,3,4,2,mapped,"[""2025-133836 OL"", ""2022-032921 OL"", ""2024-153442 OL""]"
block-0935,BLOCK OF 2400 E 2ND ST,78702,2,13,7,mapped,"[""2026-108414 OL"", ""2026-108541 OL""]"
block-0936,BLOCK OF 2400 E 8TH ST,78702,1,16,16,mapped,"[""2024-032083 OL""]"
block-0937,BLOCK OF 2400 E 9TH ST,78702,2,16,16,mapped,"[""2025-046803 OL"", ""2025-008492 OL""]"
block-0938,BLOCK OF 2400 EAST SIDE DR,78704,1,6,6,mapped,"[""2019-218591 OL""]"
block-0939,BLOCK OF 2400 ELMGLEN DR,78704,1,14,14,mapped,"[""2024-002301 OL""]"
block-0940,BLOCK OF 2400 EUCLID AVE,78704,2,18,17,mapped,"[""2021-169487 OL"", ""2025-129811 OL""]"
block-0941,BLOCK OF 2400 FOREST AVE,78704,1,14,14,mapped,"[""2025-035301 OL""]"
block-0942,BLOCK OF 2400 GROVE BLVD,78741,2,3,3,mapped,"[""2026-035098 OL"", ""2026-035093 OL""]"
block-0943,BLOCK OF 2400 INDIAN TRL,78703,1,12,12,mapped,"[""2025-026574 OL""]"
block-0944,BLOCK OF 2400 KEATING LN,78703,1,8,6,mapped,"[""2019-241927 OL""]"
block-0945,BLOCK OF 2400 KUMQUAT CT,78744,1,8,8,mapped,"[""2026-093820 OL""]"
block-0946,BLOCK OF 2400 LONGVIEW ST,78705,2,7,7,mapped,"[""2025-017116 OL"", ""2026-043772 OL""]"
block-0947,BLOCK OF 2400 OAK HAVEN CIR,78704,1,5,5,mapped,"[""2024-153407 OL""]"
block-0948,BLOCK OF 2400 PARAMOUNT AVE,78704,1,1,1,mapped,"[""2024-023757 OL""]"
block-0949,BLOCK OF 2400 RIDGEVIEW ST,78704,2,8,8,mapped,"[""2026-031597 OL"", ""2026-031571 OL""]"
block-0950,BLOCK OF 2400 ROCK TERRACE CIR,78704,1,7,7,mapped,"[""2017-037605 OL""]"
block-0951,BLOCK OF 2400 S 3RD ST,78704,2,8,7,mapped,"[""2024-135701 OL"", ""2025-134244 OL""]"
block-0952,BLOCK OF 2400 S 5TH ST,78704,2,18,17,mapped,"[""2023-051625 OL"", ""2025-009980 OL""]"
block-0953,BLOCK OF 2400 S 6TH ST,78704,1,12,12,mapped,"[""2024-159676 OL""]"
block-0954,BLOCK OF 2400 SANTA RITA ST,78702,1,15,11,mapped,"[""2023-082965 OL""]"
block-0955,BLOCK OF 2400 SANTA ROSA ST,78702,1,7,7,mapped,"[""2026-034682 OL""]"
block-0956,BLOCK OF 2400 SHARON LN,78703,1,8,6,mapped,"[""2023-035070 OL""]"
block-0957,BLOCK OF 2400 TUCKER LN,78754,1,14,14,mapped,"[""2025-045783 OL""]"
block-0958,BLOCK OF 2400 VENTURA DR,78741,1,11,11,mapped,"[""2025-011385 OL""]"
block-0959,BLOCK OF 2400 W 12TH ST,78703,1,6,3,mapped,"[""2022-130298 OL""]"
block-0960,BLOCK OF 2400 W 8TH ST,78703,1,13,13,mapped,"[""2023-045832 OL""]"
block-0961,BLOCK OF 2400 WARE RD,78741,2,14,14,mapped,"[""2026-095117 OL"", ""2018-212885 OL""]"
block-0962,BLOCK OF 2400 WEBBERVILLE RD,78702,1,15,9,mapped,"[""2025-077834 OL""]"
block-0963,BLOCK OF 2400 WILSON ST,78704,1,19,10,mapped,"[""2026-077126 OL""]"
block-0964,BLOCK OF 2400 WINSTED LN,78703,1,15,11,mapped,"[""2022-008233 OL""]"
block-0965,BLOCK OF 2500 AUDUBON PL,78741,1,10,10,mapped,"[""2025-117533 OL""]"
block-0966,BLOCK OF 2500 BAXTER DR,78745,2,27,27,mapped,"[""2026-116234 OL"", ""2026-047468 OL""]"
block-0967,BLOCK OF 2500 BERKETT DR,78745,2,20,20,mapped,"[""2024-145039 OL"", ""2026-119864 OL""]"
block-0968,BLOCK OF 2500 BLUFFVIEW DR,78704,1,7,7,mapped,"[""2016-026270 OL""]"
block-0969,BLOCK OF 2500 CANTERBURY ST,78702,2,6,6,mapped,"[""2025-005002 OL"", ""2022-130248 OL""]"
block-0970,BLOCK OF 2500 COATBRIDGE DR,78745,1,16,16,mapped,"[""2022-178181 OL""]"
block-0971,BLOCK OF 2500 DOVE SPRINGS DR,78744,2,9,9,mapped,"[""2025-075927 OL"", ""2026-109098 OL""]"
block-0972,BLOCK OF 2500 E 10TH ST,78702,1,13,13,mapped,"[""2022-057009 OL""]"
block-0973,BLOCK OF 2500 E 11TH ST,78702,1,11,11,mapped,"[""2026-028488 OL""]"
block-0974,BLOCK OF 2500 E 2ND ST,78702,3,16,16,mapped,"[""2026-037935 OL"", ""2026-037928 OL"", ""2026-101421 OL""]"
block-0975,BLOCK OF 2500 E 3RD ST,78702,1,18,18,mapped,"[""2021-147212 OL""]"
block-0976,BLOCK OF 2500 E 4TH ST,78702,6,19,18,mapped,"[""2023-158661 OL"", ""2026-046245 OL"", ""2023-128122 OL"", ""2025-010759 OL"", ""2025-045766 OL"", ""2026-107318 OL""]"
block-0977,BLOCK OF 2500 E 9TH ST,78702,1,16,16,mapped,"[""2024-132445 OL""]"
block-0978,BLOCK OF 2500 EAST SIDE DR,78704,1,11,11,mapped,"[""2015-030640 OL""]"
block-0979,BLOCK OF 2500 GIVENS AVE,78722,1,5,5,mapped,"[""2025-020032 OL""]"
block-0980,BLOCK OF 2500 GONZALES ST,78702,2,7,7,mapped,"[""2025-150211 OL"", ""2025-019879 OL""]"
block-0981,BLOCK OF 2500 HARROWDEN DR,78727,1,8,8,mapped,"[""2026-107947 OL""]"
block-0982,BLOCK OF 2500 PIPING ROCK TRL,78748,1,10,10,mapped,"[""2023-078527 OL""]"
block-0983,BLOCK OF 2500 QUARRY RD,78703,1,14,9,mapped,"[""2024-022757 OL""]"
block-0984,BLOCK OF 2500 RIO GRANDE ST,78705,1,6,5,mapped,"[""2026-036289 OL""]"
block-0985,BLOCK OF 2500 ROSEWOOD AVE,78702,1,8,7,mapped,"[""2022-072918 OL""]"
block-0986,BLOCK OF 2500 S 4TH ST,78704,2,8,8,mapped,"[""2021-036175 OL"", ""2021-036150 OL""]"
block-0987,BLOCK OF 2500 S LAMAR BLVD,78704,3,6,5,mapped,"[""2021-198814 OL"", ""2021-158867 OL"", ""2020-170026 OL""]"
block-0988,BLOCK OF 2500 SOUTHLAND DR,78704,1,14,14,mapped,"[""2025-001459 OL""]"
block-0989,BLOCK OF 2500 THORNTON RD,78704,7,11,10,mapped,"[""2025-052863 OL"", ""2026-092243 OL"", ""2025-131040 OL"", ""2025-013656 OL"", ""2025-121746 OL"", ""2025-138792 OL"", ""2026-067571 OL""]"
block-0990,BLOCK OF 2500 TRAILSIDE DR,78704,1,8,8,mapped,"[""2022-186475 OL""]"
block-0991,BLOCK OF 2500 TYDINGS CV,78730,1,4,4,mapped,"[""2026-036944 OL""]"
block-0992,BLOCK OF 2500 W 7TH ST,78703,1,1,1,mapped,"[""2025-131269 OL""]"
block-0993,BLOCK OF 2500 WILLOW ST,78702,1,15,15,mapped,"[""2015-008040 OL""]"
block-0994,BLOCK OF 2600 BARTON HILLS DR,78704,1,48,48,mapped,"[""2021-159597 OL""]"
block-0995,BLOCK OF 2600 BRIDLE PATH,78703,1,11,7,mapped,"[""2023-017553 OL""]"
block-0996,BLOCK OF 2600 CANTERBURY ST,78702,2,17,17,mapped,"[""2022-138645 OL"", ""2023-032885 OL""]"
block-0997,BLOCK OF 2600 CARNARVON LN,78704,1,18,18,mapped,"[""2025-161344 OL""]"
block-0998,BLOCK OF 2600 CENTURY PARK BLVD,78727,1,17,17,mapped,"[""2021-138757 OL""]"
block-0999,BLOCK OF 2600 COTTONWOOD SHORES DR,78725,1,7,7,mapped,"[""2024-141637 OL""]"
block-1000,BLOCK OF 2600 DEERFOOT TRL,78704,1,30,30,mapped,"[""2012-101723 OL""]"
block-1001,BLOCK OF 2600 DIAZ ST,78702,3,13,13,mapped,"[""2025-109023 OL"", ""2026-024172 OL"", ""2021-161135 OL""]"
block-1002,BLOCK OF 2600 E 14TH ST,78702,1,4,3,mapped,"[""2026-068868 OL""]"
block-1003,BLOCK OF 2600 E 2ND ST,78702,1,16,16,mapped,"[""2023-031022 OL""]"
block-1004,BLOCK OF 2600 E 3RD ST,78702,1,20,20,mapped,"[""2024-023642 OL""]"
block-1005,BLOCK OF 2600 E 4TH ST,78702,2,20,20,mapped,"[""2026-022197 OL"", ""2024-156283 OL""]"
block-1006,BLOCK OF 2600 EDENWOOD DR,78745,1,6,6,mapped,"[""2022-136632 OL""]"
block-1007,BLOCK OF 2600 EUCLID AVE,78704,2,16,16,mapped,"[""2025-143702 OL"", ""2025-129648 OL""]"
block-1008,BLOCK OF 2600 FRANCISCO ST,78702,1,14,14,mapped,"[""2022-034325 OL""]"
block-1009,BLOCK OF 2600 GERONIMO TRL,78734,1,23,22,mapped,"[""2026-040257 OL""]"
block-1010,BLOCK OF 2600 GWENDOLYN LN,78748,1,33,33,mapped,"[""2026-096824 OL""]"
block-1011,BLOCK OF 2600 LAZY OAKS DR,78745,1,14,13,mapped,"[""2025-113190 OL""]"
block-1012,BLOCK OF 2600 LEHIGH DR,78723,1,6,6,mapped,"[""2026-062355 OL""]"
block-1013,BLOCK OF 2600 MARIA ANNA RD,78703,1,21,21,mapped,"[""2026-046146 OL""]"
block-1014,BLOCK OF 2600 MC BEE ST,78723,1,9,9,mapped,"[""2026-034472 OL""]"
block-1015,BLOCK OF 2600 OAK CREST AVE,78704,1,10,9,mapped,"[""2023-161069 OL""]"
block-1016,BLOCK OF 2600 OAK HAVEN DR,78704,1,10,10,mapped,"[""2021-196135 OL""]"
block-1017,BLOCK OF 2600 ROCK TERRACE DR,78704,1,6,6,mapped,"[""2026-102565 OL""]"
block-1018,BLOCK OF 2600 S 2ND ST,78704,1,13,13,mapped,"[""2026-032157 OL""]"
block-1019,BLOCK OF 2600 SCENIC DR,78703,1,3,3,mapped,"[""2026-004303 OL""]"
block-1020,BLOCK OF 2600 SHERWOOD LN,78704,2,17,17,mapped,"[""2026-044954 OL"", ""2025-158693 OL""]"
block-1021,BLOCK OF 2600 W 45TH ST,78731,1,20,20,mapped,"[""2025-125188 OL""]"
block-1022,BLOCK OF 2700 CARNARVON LN,78704,1,16,16,mapped,"[""2024-021330 OL""]"
block-1023,BLOCK OF 2700 COATBRIDGE DR,78745,1,4,4,mapped,"[""2025-157272 OL""]"
block-1024,BLOCK OF 2700 CREST AVE,78702,2,10,10,mapped,"[""2022-056076 OL"", ""2024-165861 OL""]"
block-1025,BLOCK OF 2700 DANCY ST,78722,1,2,2,mapped,"[""2023-143579 OL""]"
block-1026,BLOCK OF 2700 DEL CURTO RD,78704,1,10,9,mapped,"[""2024-012142 OL""]"
block-1027,BLOCK OF 2700 E 12TH ST,78702,2,9,9,mapped,"[""2026-121211 OL"", ""2023-118293 OL""]"
block-1028,BLOCK OF 2700 E 22ND ST,78722,4,18,18,mapped,"[""2026-057388 OL"", ""2026-094618 OL"", ""2026-057521 OL"", ""2026-024018 OL""]"
block-1029,BLOCK OF 2700 E 2ND ST,78702,2,16,16,mapped,"[""2026-056831 OL"", ""2025-137150 OL""]"
block-1030,BLOCK OF 2700 E 3RD ST,78702,5,18,18,mapped,"[""2024-003425 OL"", ""2026-100346 OL"", ""2023-014640 OL"", ""2026-058469 OL"", ""2026-033108 OL""]"
block-1031,BLOCK OF 2700 E 5TH ST,78702,1,7,7,mapped,"[""2024-076560 OL""]"
block-1032,BLOCK OF 2700 FRANCISCO ST,78702,1,17,17,mapped,"[""2023-010796 OL""]"
block-1033,BLOCK OF 2700 FRIAR TUCK LN,78704,1,14,14,mapped,"[""2025-049003 OL""]"
block-1034,BLOCK OF 2700 HALCYON DR,78702,2,13,1,mapped,"[""2024-073954 OL"", ""2026-041983 OL""]"
block-1035,BLOCK OF 2700 HARLEYHILL DR,78745,1,16,16,mapped,"[""2026-110792 OL""]"
block-1036,BLOCK OF 2700 HIGHLAND HAVEN DR,78725,1,8,8,mapped,"[""2026-036786 OL""]"
block-1037,BLOCK OF 2700 LYONS RD,78702,1,14,13,mapped,"[""2026-098675 OL""]"
block-1038,BLOCK OF 2700 ROCK TERRACE DR,78704,1,5,5,mapped,"[""2020-000684 OL""]"
block-1039,BLOCK OF 2700 S 2ND ST,78704,1,8,8,mapped,"[""2022-033793 OL""]"
block-1040,BLOCK OF 2700 STACY LN,78704,1,17,17,mapped,"[""2025-025839 OL""]"
block-1041,BLOCK OF 2700 WEBBERVILLE RD,78702,2,8,7,mapped,"[""2025-146174 OL"", ""2026-077658 OL""]"
block-1042,BLOCK OF 2700 WILLOW ST,78702,3,14,14,mapped,"[""2026-055974 OL"", ""2023-040208 OL"", ""2018-026732 OL""]"
block-1043,BLOCK OF 2800 ALLISON DR,78741,1,10,10,mapped,"[""2026-099151 OL""]"
block-1044,BLOCK OF 2800 CASTRO ST,78702,2,12,12,mapped,"[""2026-002584 OL"", ""2026-008397 OL""]"
block-1045,BLOCK OF 2800 CLEARVIEW DR,78703,1,3,3,mapped,"[""2020-025572 OL""]"
block-1046,BLOCK OF 2800 E 22ND ST,78722,2,21,18,mapped,"[""2023-036930 OL"", ""2023-058359 OL""]"
block-1047,BLOCK OF 2800 FRENCH PL,78722,1,7,7,mapped,"[""2026-079642 OL""]"
block-1048,BLOCK OF 2800 GARWOOD ST,78702,1,11,11,mapped,"[""2024-161564 OL""]"
block-1049,BLOCK OF 2800 GOODWIN AVE,78702,2,6,6,mapped,"[""2026-053127 OL"", ""2026-041516 OL""]"
block-1050,BLOCK OF 2800 INRIDGE DR,78745,1,15,15,mapped,"[""2025-144749 OL""]"
block-1051,BLOCK OF 2800 LAFAYETTE AVE,78722,1,10,10,mapped,"[""2026-005255 OL""]"
block-1052,BLOCK OF 2800 OAK SPRINGS DR,78702,1,9,8,mapped,"[""2025-016784 OL""]"
block-1053,BLOCK OF 2800 PRADO ST,78702,1,12,11,mapped,"[""2025-008159 OL""]"
block-1054,BLOCK OF 2800 S 4TH ST,78704,1,9,9,mapped,"[""2026-018877 OL""]"
block-1055,BLOCK OF 2800 SAN GABRIEL ST,78705,1,27,26,mapped,"[""2022-165191 OL""]"
block-1056,BLOCK OF 2800 SHOAL CREST AVE,78705,1,21,21,mapped,"[""2023-036185 OL""]"
block-1057,BLOCK OF 2800 SINGLEFOOT LN,78744,1,9,9,mapped,"[""2026-078111 OL""]"
block-1058,BLOCK OF 2800 ST EDWARDS CIR,78704,1,3,3,mapped,"[""2026-116023 OL""]"
block-1059,BLOCK OF 2800 WICKERSHAM LN,78741,2,1,1,mapped,"[""2026-042816 OL"", ""2026-042800 OL""]"
block-1060,BLOCK OF 2900 BRINWOOD AVE,78704,1,14,14,mapped,"[""2021-177080 OL""]"
block-1061,BLOCK OF 2900 BRONX DR,78660,1,20,19,mapped,"[""2026-107188 OL""]"
block-1062,BLOCK OF 2900 CLEARVIEW DR,78703,1,10,10,mapped,"[""2018-007742 OL""]"
block-1063,BLOCK OF 2900 E 12TH ST,78702,3,41,39,mapped,"[""2026-066227 OL"", ""2026-059476 OL"", ""2020-046873 OL""]"
block-1064,BLOCK OF 2900 E 13TH ST,78702,1,40,39,mapped,"[""2024-014296 OL""]"
block-1065,BLOCK OF 2900 E 14TH ST,78702,4,42,39,mapped,"[""2026-095578 OL"", ""2024-030535 OL"", ""2024-030513 OL"", ""2025-026743 OL""]"
block-1066,BLOCK OF 2900 E 16TH ST,78702,1,10,10,mapped,"[""2026-091930 OL""]"
block-1067,BLOCK OF 2900 E 2ND ST,78702,1,7,7,mapped,"[""2022-151711 OL""]"
block-1068,BLOCK OF 2900 E 3RD ST,78702,5,12,12,mapped,"[""2024-015017 OL"", ""2026-105498 OL"", ""2024-015029 OL"", ""2024-015316 OL"", ""2024-015095 OL""]"
block-1069,BLOCK OF 2900 GLEN RAE ST,78702,1,10,10,mapped,"[""2025-066127 OL""]"
block-1070,BLOCK OF 2900 KASSARINE PASS,78704,1,28,28,mapped,"[""2026-118469 OL""]"
block-1071,BLOCK OF 2900 LAFAYETTE AVE,78722,1,8,8,mapped,"[""2022-056303 OL""]"
block-1072,BLOCK OF 2900 MARYANNE LN,78660,1,14,14,mapped,"[""2026-103155 OL""]"
block-1073,BLOCK OF 2900 MONTEBELLO CT,78746,1,13,12,mapped,"[""2017-050502 OL""]"
block-1074,BLOCK OF 2900 MOSS ST,78722,2,16,16,mapped,"[""2026-062535 OL"", ""2026-074701 OL""]"
block-1075,BLOCK OF 2900 NORTHEAST DR,78723,1,4,4,mapped,"[""2026-019780 OL""]"
block-1076,BLOCK OF 2900 OAKLANE DR,78704,1,8,8,mapped,"[""2026-036616 OL""]"
block-1077,BLOCK OF 2900 PANNELL ST,78722,1,16,16,mapped,"[""2026-058875 OL""]"
block-1078,BLOCK OF 2900 PECAN SPRINGS RD,78723,3,20,20,mapped,"[""2025-056342 OL"", ""2025-056302 OL"", ""2026-071137 OL""]"
block-1079,BLOCK OF 2900 RIO GRANDE ST,78705,1,14,11,mapped,"[""2021-134981 OL""]"
block-1080,BLOCK OF 2900 ROBINSON AVE,78722,1,3,3,mapped,"[""2026-005511 OL""]"
block-1081,BLOCK OF 2900 TAVERN DR,78660,1,21,21,mapped,"[""2026-042771 OL""]"
block-1082,BLOCK OF 2900 WEBBERVILLE RD,78702,1,6,6,mapped,"[""2023-039091 OL""]"
block-1083,BLOCK OF 2900 WINDSOR RD,78703,1,11,11,mapped,"[""2022-057515 OL""]"
block-1084,BLOCK OF 3000 BREEZE TER,78722,1,10,10,mapped,"[""2024-040383 OL""]"
block-1085,BLOCK OF 3000 CATALINA DR,78741,1,8,8,mapped,"[""2021-169781 OL""]"
block-1086,BLOCK OF 3000 CHENNAULT ST,78723,2,8,8,mapped,"[""2026-112660 OL"", ""2024-112425 OL""]"
block-1087,BLOCK OF 3000 CLAWSON RD,78704,1,4,3,mapped,"[""2025-031937 OL""]"
block-1088,BLOCK OF 3000 DEL CURTO RD,78704,2,5,5,mapped,"[""2026-040270 OL"", ""2024-109841 OL""]"
block-1089,BLOCK OF 3000 E 12TH ST,78702,1,18,17,mapped,"[""2026-045796 OL""]"
block-1090,BLOCK OF 3000 E 13TH ST,78702,2,19,19,mapped,"[""2024-151113 OL"", ""2025-025792 OL""]"
block-1091,BLOCK OF 3000 E 14TH ST,78702,1,14,15,mapped,"[""2023-128202 OL""]"
block-1092,BLOCK OF 3000 E 18TH ST,78702,1,17,17,mapped,"[""2026-124315 OL""]"
block-1093,BLOCK OF 3000 E MARTIN LUTHER KING JR BLVD,78702,3,6,6,mapped,"[""2026-028825 OL"", ""2019-237769 OL"", ""2025-163208 OL""]"
block-1094,BLOCK OF 3000 FONTANA DR,78704,1,20,20,mapped,"[""2025-112966 OL""]"
block-1095,BLOCK OF 3000 MATADOR DR,78741,1,13,13,mapped,"[""2023-119716 OL""]"
block-1096,BLOCK OF 3000 MICHOACAN DR,78617,1,11,11,mapped,"[""2022-172159 OL""]"
block-1097,BLOCK OF 3000 S 4TH ST,78704,2,16,14,mapped,"[""2025-139500 OL"", ""2024-001728 OL""]"
block-1098,BLOCK OF 3000 S 5TH ST,78704,1,13,12,mapped,"[""2026-059962 OL""]"
block-1099,BLOCK OF 3000 STOKES DR,78702,1,4,4,mapped,"[""2026-099945 OL""]"
block-1100,BLOCK OF 3000 WASHINGTON SQ,78705,1,13,13,mapped,"[""2025-117141 OL""]"
block-1101,BLOCK OF 3000 WEST AVE,78705,1,10,10,mapped,"[""2012-109441 OL""]"
block-1102,BLOCK OF 3100 ARMIDALE DR,78660,1,10,10,mapped,"[""2022-042910 OL""]"
block-1103,BLOCK OF 3100 BURLESON RD,78741,1,6,6,mapped,"[""2025-060020 OL""]"
block-1104,BLOCK OF 3100 CATALINA DR,78741,1,7,7,mapped,"[""2019-220503 OL""]"
block-1105,BLOCK OF 3100 E 16TH ST,78702,1,7,7,mapped,"[""2025-159348 OL""]"
block-1106,BLOCK OF 3100 GLEN ORA,78704,1,8,8,mapped,"[""2022-045656 OL""]"
block-1107,BLOCK OF 3100 GRANDVIEW ST,78705,1,11,11,mapped,"[""2022-170229 OL""]"
block-1108,BLOCK OF 3100 LYNRIDGE DR,78723,1,14,14,mapped,"[""2021-169229 OL""]"
block-1109,BLOCK OF 3100 PRADO ST,78702,1,11,11,mapped,"[""2025-049045 OL""]"
block-1110,BLOCK OF 3100 RAY WOOD DR,78704,1,5,5,mapped,"[""2021-055325 OL""]"
block-1111,BLOCK OF 3100 RIVERCREST DR,78746,1,9,8,mapped,"[""2026-074647 OL""]"
block-1112,BLOCK OF 3100 ROBINSON AVE,78722,1,12,12,mapped,"[""2026-003689 OL""]"
block-1113,BLOCK OF 3100 SCOFIELD RIDGE PKWY,78727,16,1,1,mapped,"[""2025-111670 OL"", ""2025-111783 OL"", ""2025-111324 OL"", ""2025-111021 OL"", ""2025-111270 OL"", ""2025-111943 OL"", ""2025-111211 OL"", ""2025-112304 OL"", ""2025-068438 OL"", ""2025-111864 OL"", ""2025-111632 OL"", ""2025-111363 OL"", ""2025-111590 OL"", ""2025-111825 OL"", ""2025-112206 OL"", ""2025-112002 OL""]"
block-1114,BLOCK OF 3100 SKI SHORES TER,78730,1,9,9,mapped,"[""2025-115725 OL""]"
block-1115,BLOCK OF 3100 WHITEWAY DR,78757,1,10,10,mapped,"[""2025-151868 OL""]"
block-1116,BLOCK OF 3200 BLAZEBY DR,78754,1,6,6,mapped,"[""2025-159255 OL""]"
block-1117,BLOCK OF 3200 CENTRALIA CV,78745,1,13,13,mapped,"[""2025-016426 OL""]"
block-1118,BLOCK OF 3200 CHERRYWOOD RD,78722,2,14,14,mapped,"[""2025-136362 OL"", ""2026-019935 OL""]"
block-1119,BLOCK OF 3200 CUPID DR,78735,1,17,17,mapped,"[""2024-082436 OL""]"
block-1120,BLOCK OF 3200 DOLPHIN DR,78704,1,9,9,mapped,"[""2026-039926 OL""]"
block-1121,BLOCK OF 3200 FRENCH PL,78722,1,14,14,mapped,"[""2023-130788 OL""]"
block-1122,BLOCK OF 3200 GOVALLE AVE,78702,2,8,8,mapped,"[""2026-046754 OL"", ""2026-041940 OL""]"
block-1123,BLOCK OF 3200 HOLLYWOOD AVE,78722,1,8,7,mapped,"[""2016-096568 OL""]"
block-1124,BLOCK OF 3200 LOCKE LN,78704,1,10,10,mapped,"[""2026-063904 OL""]"
block-1125,BLOCK OF 3200 NEAL ST,78702,1,5,5,mapped,"[""2026-004431 OL""]"
block-1126,BLOCK OF 3200 ROCKHURST LN,78723,1,9,9,mapped,"[""2025-121167 OL""]"
block-1127,BLOCK OF 3200 SANTA FE DR,78741,1,8,8,mapped,"[""2026-077144 OL""]"
block-1128,BLOCK OF 3200 SANTA MONICA DR,78741,1,6,6,mapped,"[""2014-021582 OL""]"
block-1129,BLOCK OF 3200 SMOKY RIDGE,78730,1,18,18,mapped,"[""2019-039169 OL""]"
block-1130,BLOCK OF 3200 TWINBERRY CV,78746,1,10,10,mapped,"[""2026-057093 OL""]"
block-1131,BLOCK OF 3200 WALNUT AVE,78722,1,10,10,mapped,"[""2022-033664 OL""]"
block-1132,BLOCK OF 3200 WHITES DR,78735,1,18,18,mapped,"[""2024-150594 OL""]"
block-1133,BLOCK OF 3300 ALDWYCHE DR,78704,1,6,6,mapped,"[""2022-032164 OL""]"
block-1134,BLOCK OF 3300 BENGSTON ST,78702,1,14,14,mapped,"[""2025-032127 OL""]"
block-1135,BLOCK OF 3300 BLUE JAY LN,78732,1,7,7,mapped,"[""2026-040723 OL""]"
block-1136,BLOCK OF 3300 CHERRY LN,78703,1,13,13,mapped,"[""2023-005753 OL""]"
block-1137,BLOCK OF 3300 CLAWSON RD,78704,2,9,9,mapped,"[""2016-052629 OL"", ""2024-007667 OL""]"
block-1138,BLOCK OF 3300 DALTON ST,78745,1,21,21,mapped,"[""2024-022318 OL""]"
block-1139,BLOCK OF 3300 DOLPHIN DR,78704,1,14,14,mapped,"[""2025-032133 OL""]"
block-1140,BLOCK OF 3300 DOOLIN DR,78704,1,10,10,mapped,"[""2026-071731 OL""]"
block-1141,BLOCK OF 3300 FAR VIEW DR,78730,1,24,24,mapped,"[""2026-050273 OL""]"
block-1142,BLOCK OF 3300 FRENCH PL,78722,1,8,8,mapped,"[""2022-164380 OL""]"
block-1143,BLOCK OF 3300 GRAYBUCK RD,78748,1,12,11,mapped,"[""2018-170493 OL""]"
block-1144,BLOCK OF 3300 GUADALUPE ST,78705,1,4,1,mapped,"[""2022-018795 OL""]"
block-1145,BLOCK OF 3300 HEMLOCK AVE,78722,1,23,23,mapped,"[""2018-069900 OL""]"
block-1146,BLOCK OF 3300 HOLLYWOOD AVE,78722,1,14,14,mapped,"[""2026-040579 OL""]"
block-1147,BLOCK OF 3300 HYCREEK DR,78723,2,14,14,mapped,"[""2026-034977 OL"", ""2026-028504 OL""]"
block-1148,BLOCK OF 3300 LAFAYETTE AVE,78722,1,12,12,mapped,"[""2021-004287 OL""]"
block-1149,BLOCK OF 3300 LAKESIDE DR,78723,1,10,10,mapped,"[""2026-058648 OL""]"
block-1150,BLOCK OF 3300 LOCKE LN,78704,1,6,6,mapped,"[""2026-030111 OL""]"
block-1151,BLOCK OF 3300 MERRIE LYNN AVE,78722,1,14,14,mapped,"[""2026-034031 OL""]"
block-1152,BLOCK OF 3300 MOUNT BONNELL DR,78731,1,5,4,mapped,"[""2018-185768 OL""]"
block-1153,BLOCK OF 3300 PENNSYLVANIA AVE,78721,1,6,6,mapped,"[""2026-040289 OL""]"
block-1154,BLOCK OF 3300 PERRY LN,78731,1,28,28,mapped,"[""2019-230820 OL""]"
block-1155,BLOCK OF 3300 ROBINSON AVE,78722,1,13,13,mapped,"[""2024-156096 OL""]"
block-1156,BLOCK OF 3300 ROGERS RD,78758,2,2,1,mapped,"[""2026-049005 OL"", ""2026-045977 OL""]"
block-1157,BLOCK OF 3300 S PLEASANT VALLEY RD,78741,1,13,13,mapped,"[""2026-035011 OL""]"
block-1158,BLOCK OF 3300 SANTA FE DR,78741,1,7,7,mapped,"[""2025-013607 OL""]"
block-1159,BLOCK OF 3300 THOMPSON ST,78702,1,12,12,mapped,"[""2024-048112 OL""]"
block-1160,BLOCK OF 3300 WESTLAND DR,78704,2,8,8,mapped,"[""2023-158267 OL"", ""2022-069531 OL""]"
block-1161,BLOCK OF 3400 BANTON RD,78722,1,10,10,mapped,"[""2022-071938 OL""]"
block-1162,BLOCK OF 3400 BEARTREE CIR,78730,1,4,4,mapped,"[""2025-030948 OL""]"
block-1163,BLOCK OF 3400 BRECKENRIDGE DR,78744,1,7,7,mapped,"[""2026-094640 OL""]"
block-1164,BLOCK OF 3400 CATALINA DR,78741,1,10,10,mapped,"[""2025-013137 OL""]"
block-1165,BLOCK OF 3400 CEDAR ST,78705,2,16,16,mapped,"[""2026-076296 OL"", ""2026-020413 OL""]"
block-1166,BLOCK OF 3400 CLARKSBURG DR,78745,1,25,25,mapped,"[""2026-025468 OL""]"
block-1167,BLOCK OF 3400 ELIJA ST,78745,1,20,20,mapped,"[""2026-009050 OL""]"
block-1168,BLOCK OF 3400 GOODWIN AVE,78702,1,8,8,mapped,"[""2025-163244 OL""]"
block-1169,BLOCK OF 3400 KING ST,78705,1,4,4,mapped,"[""2026-094123 OL""]"
block-1170,BLOCK OF 3400 MOUNT BONNELL RD,78731,1,10,10,mapped,"[""2020-012727 OL""]"
block-1171,BLOCK OF 3400 NEAL ST,78702,1,13,10,mapped,"[""2025-129879 OL""]"
block-1172,BLOCK OF 3400 PECOS ST,78703,1,6,6,mapped,"[""2023-113203 OL""]"
block-1173,BLOCK OF 3400 ROBINSON AVE,78722,2,16,16,mapped,"[""2026-093735 OL"", ""2026-107059 OL""]"
block-1174,BLOCK OF 3400 SPANISH OAK DR,78731,1,10,10,mapped,"[""2025-148220 OL""]"
block-1175,BLOCK OF 3400 TOMMIE LEE WYATT LN,78745,1,8,8,mapped,"[""2024-151130 OL""]"
block-1176,BLOCK OF 3400 WILLOW SPRINGS RD,78704,1,9,9,mapped,"[""2023-147958 OL""]"
block-1177,BLOCK OF 3400 WILLOWRUN DR,78704,2,45,45,mapped,"[""2026-064414 OL"", ""2022-055030 OL""]"
block-1178,BLOCK OF 3500 ALPINE CIR,78704,1,9,9,mapped,"[""2024-080059 OL""]"
block-1179,BLOCK OF 3500 CHERRY LN,78703,1,8,8,mapped,"[""2025-006726 OL""]"
block-1180,BLOCK OF 3500 COOKSTOWN DR,78759,1,8,8,mapped,"[""2023-064931 OL""]"
block-1181,BLOCK OF 3500 ENFIELD RD,78703,1,7,6,mapped,"[""2026-009782 OL""]"
block-1182,BLOCK OF 3500 FLEETWOOD DR,78704,1,4,4,mapped,"[""2025-154131 OL""]"
block-1183,BLOCK OF 3500 GRIFFITH ST,78705,1,1,1,mapped,"[""2021-206473 OL""]"
block-1184,BLOCK OF 3500 HIGHLAND VIEW DR,78731,1,10,10,mapped,"[""2025-153237 OL""]"
block-1185,BLOCK OF 3500 HOLLYWOOD AVE,78722,1,11,11,mapped,"[""2025-029434 OL""]"
block-1186,BLOCK OF 3500 OAK SPRINGS DR,78721,1,9,8,mapped,"[""2026-066010 OL""]"
block-1187,BLOCK OF 3500 ROBINSON AVE,78722,1,12,12,mapped,"[""2025-011182 OL""]"
block-1188,BLOCK OF 3500 S 1ST ST,78704,6,4,3,mapped,"[""2026-035560 OL"", ""2026-035564 OL"", ""2026-035292 OL"", ""2026-035258 OL"", ""2026-035282 OL"", ""2026-035449 OL""]"
block-1189,BLOCK OF 3500 SPEEDWAY,78705,1,6,5,mapped,"[""2012-102245 OL""]"
block-1190,BLOCK OF 3500 TAYLORS DR,78703,1,5,5,mapped,"[""2026-024513 OL""]"
block-1191,BLOCK OF 3500 TOM GREEN ST,78705,1,4,3,mapped,"[""2023-023759 OL""]"
block-1192,BLOCK OF 3500 VINELAND DR,78722,1,7,7,mapped,"[""2026-110612 OL""]"
block-1193,BLOCK OF 3500 WESTCHESTER AVE,78759,1,9,9,mapped,"[""2026-031193 OL""]"
block-1194,BLOCK OF 3600 CLAWSON RD,78704,1,4,3,mapped,"[""2022-141282 OL""]"
block-1195,BLOCK OF 3600 E 12TH ST,78721,2,5,5,mapped,"[""2025-011102 OL"", ""2025-011120 OL""]"
block-1196,BLOCK OF 3600 MARCAE CT,78704,1,8,8,mapped,"[""2026-083252 OL""]"
block-1197,BLOCK OF 3600 MENCHACA RD,78704,2,7,6,mapped,"[""2019-153782 OL"", ""2025-142527 OL""]"
block-1198,BLOCK OF 3600 MUNSON ST,78721,1,13,13,mapped,"[""2026-109629 OL""]"
block-1199,BLOCK OF 3600 OAK SPRINGS DR,78721,1,13,12,mapped,"[""2025-115798 OL""]"
block-1200,BLOCK OF 3600 OVERLORD LN,78754,1,11,11,mapped,"[""2026-052082 OL""]"
block-1201,BLOCK OF 3600 ROBBINS RD,78730,1,5,5,mapped,"[""2017-159468 OL""]"
block-1202,BLOCK OF 3600 THOMPSON ST,78702,2,11,10,mapped,"[""2025-153612 OL"", ""2025-120760 OL""]"
block-1203,BLOCK OF 3600 TURKEY CREEK DR,78730,1,14,14,mapped,"[""2025-129248 OL""]"
block-1204,BLOCK OF 3600 VILLA CT,78704,1,7,7,mapped,"[""2023-139754 OL""]"
block-1205,BLOCK OF 3600 WILSON ST,78704,1,14,14,mapped,"[""2024-032243 OL""]"
block-1206,BLOCK OF 3700 BLACK GRANITE DR,78744,1,10,10,mapped,"[""2026-121124 OL""]"
block-1207,BLOCK OF 3700 CHERRYWOOD RD,78722,2,5,5,mapped,"[""2026-109951 OL"", ""2026-114506 OL""]"
block-1208,BLOCK OF 3700 ENFIELD RD,78703,1,7,7,mapped,"[""2013-032121 OL""]"
block-1209,BLOCK OF 3700 GOVALLE AVE,78702,1,9,9,mapped,"[""2026-073880 OL""]"
block-1210,BLOCK OF 3700 KENNELWOOD RD,78703,1,6,6,mapped,"[""2018-050710 OL""]"
block-1211,BLOCK OF 3700 MEREDITH ST,78703,1,13,11,mapped,"[""2015-043064 OL""]"
block-1212,BLOCK OF 3700 MUNSON ST,78721,3,17,17,mapped,"[""2025-112888 OL"", ""2025-114676 OL"", ""2025-108214 OL""]"
block-1213,BLOCK OF 3700 NIDDRY DR,78660,1,13,13,mapped,"[""2026-025024 OL""]"
block-1214,BLOCK OF 3700 ROBINSON AVE,78722,1,18,18,mapped,"[""2026-041259 OL""]"
block-1215,BLOCK OF 3700 WILSON ST,78704,1,4,4,mapped,"[""2025-155734 OL""]"
block-1216,BLOCK OF 3800 AVENUE F,78751,1,17,14,mapped,"[""2021-145499 OL""]"
block-1217,BLOCK OF 3800 BYRON DR,78704,1,10,10,mapped,"[""2026-017478 OL""]"
block-1218,BLOCK OF 3800 RED RIVER ST,78751,1,8,8,mapped,"[""2015-025539 OL""]"
block-1219,BLOCK OF 3800 SOUTHRIDGE DR,78704,1,4,3,mapped,"[""2024-125910 OL""]"
block-1220,BLOCK OF 3800 SOUTHWAY DR,78704,2,13,12,mapped,"[""2021-053915 OL"", ""2026-121362 OL""]"
block-1221,BLOCK OF 3800 WILSON ST,78704,2,10,10,mapped,"[""2025-106747 OL"", ""2020-027196 OL""]"
block-1222,BLOCK OF 3900 BAILEY LN,78756,2,10,10,mapped,"[""2026-055352 OL"", ""2018-204905 OL""]"
block-1223,BLOCK OF 3900 BECKER AVE,78751,1,16,16,mapped,"[""2026-092711 OL""]"
block-1224,BLOCK OF 3900 CHAMISA DR,78730,1,1,1,mapped,"[""2019-030689 OL""]"
block-1225,BLOCK OF 3900 GRAYSON LN,78722,1,8,8,mapped,"[""2020-141627 OL""]"
block-1226,BLOCK OF 3900 RIDGELEA DR,78731,1,12,11,mapped,"[""2024-106415 OL""]"
block-1227,BLOCK OF 4000 AVENUE A,78751,1,11,11,mapped,"[""2019-175447 OL""]"
block-1228,BLOCK OF 4000 AVENUE F,78751,3,12,12,mapped,"[""2014-001250 OL"", ""2014-001100 OL"", ""2014-001262 OL""]"
block-1229,BLOCK OF 4000 BRIONES ST,78723,1,16,16,mapped,"[""2025-139375 OL""]"
block-1230,BLOCK OF 4000 CAMACHO ST,78723,1,18,18,mapped,"[""2021-192382 OL""]"
block-1231,BLOCK OF 4000 DUVAL ST,78751,4,11,11,mapped,"[""2014-007845 OL"", ""2014-007843 OL"", ""2014-007844 OL"", ""2014-029203 OL""]"
block-1232,BLOCK OF 4000 E 12TH ST,78721,1,3,3,mapped,"[""2024-006871 OL""]"
block-1233,BLOCK OF 4000 LEWIS LN,78756,1,10,10,mapped,"[""2026-100051 OL""]"
block-1234,BLOCK OF 4000 RAMSEY AVE,78756,1,14,14,mapped,"[""2020-006192 OL""]"
block-1235,BLOCK OF 4000 RIDGELEA DR,78731,1,14,14,mapped,"[""2023-011104 OL""]"
block-1236,BLOCK OF 4000 WRIGHTWOOD RD,78722,1,4,4,mapped,"[""2026-032023 OL""]"
block-1237,BLOCK OF 4100 AVENUE G,78751,1,11,11,mapped,"[""2022-050463 OL""]"
block-1238,BLOCK OF 4100 E 12TH ST,78721,1,23,18,mapped,"[""2026-100478 OL""]"
block-1239,BLOCK OF 4100 GOCHMAN ST,78723,1,15,15,mapped,"[""2020-015431 OL""]"
block-1240,BLOCK OF 4100 RIDGELEA DR,78731,1,10,10,mapped,"[""2026-029779 OL""]"
block-1241,BLOCK OF 4100 ROSEDALE AVE,78756,1,16,16,mapped,"[""2026-039395 OL""]"
block-1242,BLOCK OF 4100 SHOAL CREEK BLVD,78756,2,14,14,mapped,"[""2025-161265 OL"", ""2026-058597 OL""]"
block-1243,BLOCK OF 4100 TRAVIS COUNTRY CIR,78735,1,81,81,mapped,"[""2023-164085 OL""]"
block-1244,BLOCK OF 4200 ALEXANDRIA DR,78749,2,17,17,mapped,"[""2026-119597 OL"", ""2024-012008 OL""]"
block-1245,BLOCK OF 4200 BELLVUE AVE,78756,1,16,16,mapped,"[""2022-085301 OL""]"
block-1246,BLOCK OF 4200 CAMACHO ST,78723,1,8,8,mapped,"[""2025-116998 OL""]"
block-1247,BLOCK OF 4200 RED RIVER ST,78751,1,3,3,mapped,"[""2026-074498 OL""]"
block-1248,BLOCK OF 4200 VALLEY VIEW RD,78704,1,2,2,mapped,"[""2024-032182 OL""]"
block-1249,BLOCK OF 4300 AIRPORT BLVD,78722,1,28,28,mapped,"[""2025-153757 OL""]"
block-1250,BLOCK OF 4300 AVENUE G,78751,1,13,13,mapped,"[""2015-023738 OL""]"
block-1251,BLOCK OF 4300 BELLVUE AVE,78756,1,16,16,mapped,"[""2025-161235 OL""]"
block-1252,BLOCK OF 4300 DUVAL ST,78751,1,11,11,mapped,"[""2026-029465 OL""]"
block-1253,BLOCK OF 4300 FAR WEST BLVD,78731,1,18,18,mapped,"[""2026-012300 OL""]"
block-1254,BLOCK OF 4300 GREYSTONE DR,78731,1,7,7,mapped,"[""2026-053297 OL""]"
block-1255,BLOCK OF 4300 HANK AVE,78745,1,14,8,mapped,"[""2026-014475 OL""]"
block-1256,BLOCK OF 4300 JINX AVE,78745,1,19,11,mapped,"[""2023-155151 OL""]"
block-1257,BLOCK OF 4300 MOUNT VERNON DR,78745,1,7,6,mapped,"[""2026-004210 OL""]"
block-1258,BLOCK OF 4400 AIRPORT BLVD,78722,2,6,6,mapped,"[""2026-044782 OL"", ""2025-111241 OL""]"
block-1259,BLOCK OF 4400 BANISTER LN,78745,3,22,20,mapped,"[""2025-130000 OL"", ""2024-156124 OL"", ""2026-063815 OL""]"
block-1260,BLOCK OF 4400 BENNETT AVE,78751,1,3,3,mapped,"[""2026-059277 OL""]"
block-1261,BLOCK OF 4400 CAMACHO ST,78723,1,17,17,mapped,"[""2022-067047 OL""]"
block-1262,BLOCK OF 4400 DIANE DR,78745,1,12,12,mapped,"[""2026-117397 OL""]"
block-1263,BLOCK OF 4400 DOVEMEADOW DR,78744,1,23,23,mapped,"[""2026-050483 OL""]"
block-1264,BLOCK OF 4400 DUVAL ST,78751,1,13,12,mapped,"[""2025-135750 OL""]"
block-1265,BLOCK OF 4400 EILERS AVE,78751,2,5,5,mapped,"[""2025-032988 OL"", ""2025-047034 OL""]"
block-1266,BLOCK OF 4400 GARNETT ST,78745,1,18,18,mapped,"[""2015-130826 OL""]"
block-1267,BLOCK OF 4400 HANK AVE,78745,2,30,17,mapped,"[""2026-109142 OL"", ""2024-150696 OL""]"
block-1268,BLOCK OF 4400 JINX AVE,78745,3,30,16,mapped,"[""2026-041365 OL"", ""2026-044049 OL"", ""2026-040643 OL""]"
block-1269,BLOCK OF 4400 LENDALL LN,78744,1,20,20,mapped,"[""2025-106847 OL""]"
block-1270,BLOCK OF 4400 MARATHON BLVD,78756,2,22,22,mapped,"[""2015-051125 OL"", ""2026-042587 OL""]"
block-1271,BLOCK OF 4400 RUSSELL DR,78745,1,13,12,mapped,"[""2026-119740 OL""]"
block-1272,BLOCK OF 4400 S 3RD ST,78745,2,8,8,mapped,"[""2025-145317 OL"", ""2026-040623 OL""]"
block-1273,BLOCK OF 4500 AQUA VERDE DR,78746,1,11,11,mapped,"[""2026-071061 OL""]"
block-1274,BLOCK OF 4500 AVENUE B,78751,1,29,16,mapped,"[""2018-018553 OL""]"
block-1275,BLOCK OF 4500 AVENUE G,78751,1,28,28,mapped,"[""2024-044695 OL""]"
block-1276,BLOCK OF 4500 E MARTIN LUTHER KING JR BLVD,78721,2,5,3,mapped,"[""2025-118234 OL"", ""2023-120139 OL""]"
block-1277,BLOCK OF 4500 ELANA CT,78741,1,11,11,mapped,"[""2025-125695 OL""]"
block-1278,BLOCK OF 4500 FINLEY DR,78731,1,10,10,mapped,"[""2023-014377 OL""]"
block-1279,BLOCK OF 4500 KITTY AVE,78721,1,9,9,mapped,"[""2026-118954 OL""]"
block-1280,BLOCK OF 4500 LESLIE AVE,78721,2,6,6,mapped,"[""2025-010970 OL"", ""2025-011097 OL""]"
block-1281,BLOCK OF 4500 RUSSELL DR,78745,1,15,13,mapped,"[""2025-008262 OL""]"
block-1282,BLOCK OF 4500 S 1ST ST,78745,1,16,16,mapped,"[""2026-123637 OL""]"
block-1283,BLOCK OF 4500 S 3RD ST,78745,1,25,23,mapped,"[""2016-023662 OL""]"
block-1284,BLOCK OF 4500 SPEEDWAY,78751,1,28,24,mapped,"[""2024-015705 OL""]"
block-1285,BLOCK OF 4500 TERRY O LN,78745,2,4,4,mapped,"[""2025-138840 OL"", ""2025-138827 OL""]"
block-1286,BLOCK OF 4500 W VILLAGE CT,78744,1,13,13,mapped,"[""2026-092628 OL""]"
block-1287,BLOCK OF 4600 ARAPAHOE TRL,78745,1,22,22,mapped,"[""2020-060152 OL""]"
block-1288,BLOCK OF 4600 AVENUE A,78751,2,1,1,mapped,"[""2026-051077 OL"", ""2026-091202 OL""]"
block-1289,BLOCK OF 4600 AVENUE B,78751,1,12,10,mapped,"[""2019-158114 OL""]"
block-1290,BLOCK OF 4600 AVENUE H,78751,1,11,11,mapped,"[""2026-017507 OL""]"
block-1291,BLOCK OF 4600 COBBLER CV,78744,1,10,10,mapped,"[""2023-104036 OL""]"
block-1292,BLOCK OF 4600 CREEK BEND DR,78744,1,11,11,mapped,"[""2026-070905 OL""]"
block-1293,BLOCK OF 4600 DEPEW AVE,78751,1,20,20,mapped,"[""2021-134397 OL""]"
block-1294,BLOCK OF 4600 EILERS AVE,78751,1,6,6,mapped,"[""2026-032815 OL""]"
block-1295,BLOCK OF 4600 FAWNWOOD CV,78735,1,8,8,mapped,"[""2025-140883 OL""]"
block-1296,BLOCK OF 4600 GONZALES ST,78702,1,10,10,mapped,"[""2026-119719 OL""]"
block-1297,BLOCK OF 4600 HIGHLAND TER,78731,1,7,7,mapped,"[""2025-156609 OL""]"
block-1298,BLOCK OF 4600 KITTY AVE,78721,1,9,9,mapped,"[""2026-030057 OL""]"
block-1299,BLOCK OF 4600 LASSO PATH,78745,1,8,8,mapped,"[""2026-091993 OL""]"
block-1300,BLOCK OF 4600 LEDESMA RD,78721,1,7,7,mapped,"[""2025-107526 OL""]"
block-1301,BLOCK OF 4600 MOOSE DR,78749,1,15,15,mapped,"[""2026-110418 OL""]"
block-1302,BLOCK OF 4600 MUNSON ST,78721,1,13,13,mapped,"[""2024-006219 OL""]"
block-1303,BLOCK OF 4600 PEACH GROVE RD,78744,2,16,16,mapped,"[""2022-058314 OL"", ""2026-028570 OL""]"
block-1304,BLOCK OF 4600 PHILCO DR,78745,1,20,20,mapped,"[""2019-010101 OL""]"
block-1305,BLOCK OF 4600 RAMSEY AVE,78756,2,20,20,mapped,"[""2023-049850 OL"", ""2025-062217 OL""]"
block-1306,BLOCK OF 4600 S 1ST ST,78745,1,15,15,mapped,"[""2026-034982 OL""]"
block-1307,BLOCK OF 4600 S 2ND ST,78745,2,24,24,mapped,"[""2026-067263 OL"", ""2025-029715 OL""]"
block-1308,BLOCK OF 4600 SALOMA PL,78749,1,14,14,mapped,"[""2023-033395 OL""]"
block-1309,BLOCK OF 4600 SANTA ANNA ST,78721,2,10,10,mapped,"[""2025-029761 OL"", ""2025-029789 OL""]"
block-1310,BLOCK OF 4600 SARA DR,78721,1,4,4,mapped,"[""2025-137861 OL""]"
block-1311,BLOCK OF 4600 SHOAL CREEK BLVD,78756,1,15,12,mapped,"[""2026-056742 OL""]"
block-1312,BLOCK OF 4600 TANNEY ST,78721,1,7,6,mapped,"[""2025-007916 OL""]"
block-1313,BLOCK OF 4600 VAUGHAN ST,78723,1,22,21,mapped,"[""2026-069346 OL""]"
block-1314,BLOCK OF 4600 WALLY AVE,78721,1,5,5,mapped,"[""2026-039774 OL""]"
block-1315,BLOCK OF 4700 AVENUE H,78751,1,16,16,mapped,"[""2026-113401 OL""]"
block-1316,BLOCK OF 4700 BRASSIEWOOD DR,78744,1,15,15,mapped,"[""2026-098657 OL""]"
block-1317,BLOCK OF 4700 CLAWSON RD,78745,1,13,13,mapped,"[""2026-029753 OL""]"
block-1318,BLOCK OF 4700 DELORES AVE,78721,1,6,6,mapped,"[""2024-079989 OL""]"
block-1319,BLOCK OF 4700 GONZALES ST,78702,2,11,11,mapped,"[""2021-192396 OL"", ""2026-039699 OL""]"
block-1320,BLOCK OF 4700 LOUIS AVE,78721,1,13,13,mapped,"[""2025-134471 OL""]"
block-1321,BLOCK OF 4700 MELLOW HOLLOW DR,78744,1,7,7,mapped,"[""2026-093769 OL""]"
block-1322,BLOCK OF 4700 MENCHACA RD,78745,2,9,9,mapped,"[""2025-078623 OL"", ""2023-033005 OL""]"
block-1323,BLOCK OF 4700 OAK CLIFF DR,78721,1,14,14,mapped,"[""2026-091590 OL""]"
block-1324,BLOCK OF 4700 OLDFORT HILL DR,78723,1,15,15,mapped,"[""2026-024968 OL""]"
block-1325,BLOCK OF 4700 PECAN SPRINGS RD,78723,1,5,5,mapped,"[""2025-065928 OL""]"
block-1326,BLOCK OF 4700 PELHAM DR,78727,2,9,9,mapped,"[""2021-164048 OL"", ""2025-013280 OL""]"
block-1327,BLOCK OF 4700 PHILCO DR,78745,1,22,21,mapped,"[""2026-031954 OL""]"
block-1328,BLOCK OF 4700 QUARRYBANK DR,78660,1,8,8,mapped,"[""2026-012328 OL""]"
block-1329,BLOCK OF 4700 RED RIVER ST,78751,1,13,13,mapped,"[""2026-004025 OL""]"
block-1330,BLOCK OF 4700 ROWENA AVE,78751,1,8,8,mapped,"[""2026-045514 OL""]"
block-1331,BLOCK OF 4700 SAGUARO RD,78744,1,9,9,mapped,"[""2026-082432 OL""]"
block-1332,BLOCK OF 4700 SCOTTISH WOODS CV,78746,1,5,5,mapped,"[""2024-122154 OL""]"
block-1333,BLOCK OF 4700 SHOALWOOD AVE,78756,1,11,11,mapped,"[""2022-152289 OL""]"
block-1334,BLOCK OF 4700 SURREY DR,78745,1,7,7,mapped,"[""2026-107401 OL""]"
block-1335,BLOCK OF 4800 ABERDEEN DR,78745,1,17,17,mapped,"[""2026-079346 OL""]"
block-1336,BLOCK OF 4800 BRASSIEWOOD DR,78744,1,6,6,mapped,"[""2026-030691 OL""]"
block-1337,BLOCK OF 4800 BUCKSKIN PASS,78745,1,9,9,mapped,"[""2024-030326 OL""]"
block-1338,BLOCK OF 4800 CARSONHILL DR,78723,1,17,17,mapped,"[""2026-088298 OL""]"
block-1339,BLOCK OF 4800 CASWELL AVE,78751,2,17,17,mapped,"[""2015-048552 OL"", ""2019-209558 OL""]"
block-1340,BLOCK OF 4800 COPPERBEND BLVD,78744,1,9,9,mapped,"[""2026-119833 OL""]"
block-1341,BLOCK OF 4800 CREEKWOOD RD,78723,1,12,12,mapped,"[""2026-019276 OL""]"
block-1342,BLOCK OF 4800 DUVAL ST,78751,1,15,15,mapped,"[""2026-079810 OL""]"
block-1343,BLOCK OF 4800 FM 2222 RD,78731,1,11,7,mapped,"[""2025-140826 OL""]"
block-1344,BLOCK OF 4800 GLADEVIEW DR,78745,1,6,6,mapped,"[""2026-012655 OL""]"
block-1345,BLOCK OF 4800 HALE DR,78749,1,19,19,mapped,"[""2024-101494 OL""]"
block-1346,BLOCK OF 4800 HILLDALE DR,78723,1,10,10,mapped,"[""2023-067656 OL""]"
block-1347,BLOCK OF 4800 HILLSPRING CIR,78721,1,9,9,mapped,"[""2026-105626 OL""]"
block-1348,BLOCK OF 4800 LANSING DR,78745,2,13,13,mapped,"[""2026-107839 OL"", ""2025-163547 OL""]"
block-1349,BLOCK OF 4800 OLD CASTLE RD,78745,1,3,3,mapped,"[""2024-153764 OL""]"
block-1350,BLOCK OF 4800 OLDFORT HILL DR,78723,1,15,15,mapped,"[""2023-113515 OL""]"
block-1351,BLOCK OF 4800 PEWTER LN,78744,1,10,10,mapped,"[""2025-052645 OL""]"
block-1352,BLOCK OF 4800 PROCK LN,78721,5,9,9,mapped,"[""2026-004450 OL"", ""2022-163991 OL"", ""2025-131736 OL"", ""2025-144166 OL"", ""2025-131771 OL""]"
block-1353,BLOCK OF 4800 RAMSEY AVE,78756,1,6,6,mapped,"[""2019-222654 OL""]"
block-1354,BLOCK OF 4800 ROWENA AVE,78751,1,10,10,mapped,"[""2026-060506 OL""]"
block-1355,BLOCK OF 4800 SAVOREY LN,78744,1,7,7,mapped,"[""2026-022496 OL""]"
block-1356,BLOCK OF 4800 SHOALWOOD AVE,78756,2,14,14,mapped,"[""2025-017215 OL"", ""2024-032533 OL""]"
block-1357,BLOCK OF 4800 VINSON DR,78745,1,2,2,mapped,"[""2026-088847 OL""]"
block-1358,BLOCK OF 4800 WEST GATE BLVD,78745,1,5,4,mapped,"[""2026-029713 OL""]"
block-1359,BLOCK OF 4800 WOODVIEW AVE,78756,1,14,8,mapped,"[""2026-117666 OL""]"
block-1360,BLOCK OF 4900 BALCONES DR,78731,1,6,6,mapped,"[""2025-120972 OL""]"
block-1361,BLOCK OF 4900 BEVERLY SKYLINE,78731,1,10,10,mapped,"[""2020-008080 OL""]"
block-1362,BLOCK OF 4900 BRIGHTON RD,78745,2,13,13,mapped,"[""2026-118206 OL"", ""2023-012704 OL""]"
block-1363,BLOCK OF 4900 CANA CV,78749,2,13,13,mapped,"[""2025-117392 OL"", ""2023-137242 OL""]"
block-1364,BLOCK OF 4900 CREEKLINE DR,78745,1,7,7,mapped,"[""2026-006166 OL""]"
block-1365,BLOCK OF 4900 DUVAL ST,78751,1,12,12,mapped,"[""2026-012779 OL""]"
block-1366,BLOCK OF 4900 HOWDEN CIR,78723,1,2,2,mapped,"[""2025-151400 OL""]"
block-1367,BLOCK OF 4900 LANSING DR,78745,1,14,14,mapped,"[""2026-103596 OL""]"
block-1368,BLOCK OF 4900 LEDESMA RD,78721,1,13,13,mapped,"[""2026-067021 OL""]"
block-1369,BLOCK OF 4900 MERRITT DR,78744,1,8,8,mapped,"[""2025-144644 OL""]"
block-1370,BLOCK OF 4900 PROCK LN,78721,1,2,2,mapped,"[""2025-146038 OL""]"
block-1371,BLOCK OF 4900 SYLVANDALE DR,78745,1,14,14,mapped,"[""2026-119614 OL""]"
block-1372,BLOCK OF 5000 BUFFALO PASS,78745,1,4,4,mapped,"[""2023-048598 OL""]"
block-1373,BLOCK OF 5000 CONVICT HILL RD,78749,9,5,2,mapped,"[""2026-050135 OL"", ""2026-077784 OL"", ""2026-050159 OL"", ""2026-050148 OL"", ""2026-050154 OL"", ""2026-077786 OL"", ""2026-050153 OL"", ""2026-050152 OL"", ""2026-077785 OL""]"
block-1374,BLOCK OF 5000 GALEN CT,78744,1,7,7,mapped,"[""2026-042529 OL""]"
block-1375,BLOCK OF 5000 HIGHLAND CT,78731,1,20,20,mapped,"[""2026-108707 OL""]"
block-1376,BLOCK OF 5000 IRVINE LN,78617,1,22,22,mapped,"[""2026-012267 OL""]"
block-1377,BLOCK OF 5000 LANSING DR,78745,3,38,38,mapped,"[""2021-178023 OL"", ""2026-028310 OL"", ""2026-081253 OL""]"
block-1378,BLOCK OF 5000 LOTT AVE,78721,1,10,10,mapped,"[""2026-072622 OL""]"
block-1379,BLOCK OF 5000 LYNNWOOD ST,78756,1,6,6,mapped,"[""2023-026916 OL""]"
block-1380,BLOCK OF 5000 PACK SADDLE PASS,78745,1,5,5,mapped,"[""2026-028577 OL""]"
block-1381,BLOCK OF 5000 PECAN SPRINGS RD,78723,1,7,5,mapped,"[""2021-054699 OL""]"
block-1382,BLOCK OF 5000 ROB SCOTT ST,78721,1,7,7,mapped,"[""2025-112638 OL""]"
block-1383,BLOCK OF 5000 ROWENA AVE,78751,1,13,11,mapped,"[""2026-063556 OL""]"
block-1384,BLOCK OF 5000 TAHOE TRL,78745,1,6,6,mapped,"[""2024-006425 OL""]"
block-1385,BLOCK OF 5100 CASWELL AVE,78751,1,7,7,mapped,"[""2020-011900 OL""]"
block-1386,BLOCK OF 5100 EVERGREEN CT,78731,1,5,5,mapped,"[""2023-039298 OL""]"
block-1387,BLOCK OF 5100 FAIRVIEW DR,78731,1,18,18,mapped,"[""2020-170709 OL""]"
block-1388,BLOCK OF 5100 GREENHEART DR,78745,2,17,17,mapped,"[""2023-005585 OL"", ""2026-058135 OL""]"
block-1389,BLOCK OF 5100 HEDGEWOOD DR,78745,1,10,10,mapped,"[""2026-019233 OL""]"
block-1390,BLOCK OF 5100 KITE TAIL DR,78730,1,10,9,mapped,"[""2026-103962 OL""]"
block-1391,BLOCK OF 5100 LANSING DR,78745,1,10,10,mapped,"[""2026-109094 OL""]"
block-1392,BLOCK OF 5100 MARSHALL FORD RD,78732,1,14,4,mapped,"[""2023-045947 OL""]"
block-1393,BLOCK OF 5100 NORTH HEARSEY DR,78744,2,10,10,mapped,"[""2026-096605 OL"", ""2026-036645 OL""]"
block-1394,BLOCK OF 5100 PROVENCIAL DR,78724,2,15,15,mapped,"[""2026-045873 OL"", ""2026-046173 OL""]"
block-1395,BLOCK OF 5200 CHICO ST,78721,1,4,4,mapped,"[""2026-018675 OL""]"
block-1396,BLOCK OF 5200 DELORES AVE,78721,1,15,15,mapped,"[""2025-147573 OL""]"
block-1397,BLOCK OF 5200 DOWNS DR,78721,1,12,12,mapped,"[""2023-078738 OL""]"
block-1398,BLOCK OF 5200 HARVEST CIR,78745,1,5,5,mapped,"[""2025-163586 OL""]"
block-1399,BLOCK OF 5200 KNIGHT CIR,78723,1,9,9,mapped,"[""2026-033192 OL""]"
block-1400,BLOCK OF 5200 LERALYNN ST,78751,1,14,13,mapped,"[""2023-122222 OL""]"
block-1401,BLOCK OF 5200 RAIN CREEK PKWY,78759,1,8,8,mapped,"[""2025-021642 OL""]"
block-1402,BLOCK OF 5200 RIDGE OAK DR,78731,1,7,7,mapped,"[""2025-158716 OL""]"
block-1403,BLOCK OF 5200 ROBINSDALE LN,78723,1,14,14,mapped,"[""2023-025773 OL""]"
block-1404,BLOCK OF 5200 SAMUEL HUSTON AVE,78721,1,9,9,mapped,"[""2026-021695 OL""]"
block-1405,BLOCK OF 5200 ST GEORGES GREEN,78745,2,15,14,mapped,"[""2025-052039 OL"", ""2026-056589 OL""]"
block-1406,BLOCK OF 5200 STAR LIGHT TER,78721,1,8,8,mapped,"[""2025-148463 OL""]"
block-1407,BLOCK OF 5200 WOODROW AVE,78756,2,17,16,mapped,"[""2023-114785 OL"", ""2022-144651 OL""]"
block-1408,BLOCK OF 5300 AGATHA CIR,78724,1,32,32,mapped,"[""2026-092181 OL""]"
block-1409,BLOCK OF 5300 DELORES AVE,78721,2,6,6,mapped,"[""2026-086943 OL"", ""2026-086929 OL""]"
block-1410,BLOCK OF 5300 HARMON AVE,78751,1,15,15,mapped,"[""2023-148658 OL""]"
block-1411,BLOCK OF 5300 HARVEST LN,78745,1,13,13,mapped,"[""2025-129726 OL""]"
block-1412,BLOCK OF 5300 KING CHARLES DR,78724,1,6,6,mapped,"[""2026-102367 OL""]"
block-1413,BLOCK OF 5300 KING HENRY DR,78724,1,30,30,mapped,"[""2025-120815 OL""]"
block-1414,BLOCK OF 5300 LINK AVE,78751,1,5,5,mapped,"[""2026-051456 OL""]"
block-1415,BLOCK OF 5300 ROBINSDALE LN,78723,1,11,11,mapped,"[""2026-103642 OL""]"
block-1416,BLOCK OF 5300 SAMUEL HUSTON AVE,78721,3,5,5,mapped,"[""2025-121863 OL"", ""2025-120820 OL"", ""2021-130603 OL""]"
block-1417,BLOCK OF 5300 ST GEORGES GREEN,78745,2,5,5,mapped,"[""2023-103251 OL"", ""2024-155935 OL""]"
block-1418,BLOCK OF 5300 WELLINGTON DR,78723,1,33,33,mapped,"[""2026-030131 OL""]"
block-1419,BLOCK OF 5400 ALEXIS CV,78741,1,12,12,mapped,"[""2026-099466 OL""]"
block-1420,BLOCK OF 5400 AVENUE H,78751,1,16,16,mapped,"[""2026-045963 OL""]"
block-1421,BLOCK OF 5400 DOWNS DR,78721,1,16,16,mapped,"[""2025-108164 OL""]"
block-1422,BLOCK OF 5400 DUVAL ST,78751,1,15,15,mapped,"[""2023-164041 OL""]"
block-1423,BLOCK OF 5400 GROVER AVE,78756,1,15,15,mapped,"[""2026-108229 OL""]"
block-1424,BLOCK OF 5400 HUNTERS GLN,78745,1,13,13,mapped,"[""2025-151279 OL""]"
block-1425,BLOCK OF 5400 JOE SAYERS AVE,78756,1,11,11,mapped,"[""2026-068651 OL""]"
block-1426,BLOCK OF 5400 MONTVIEW ST,78756,1,22,15,mapped,"[""2016-032510 OL""]"
block-1427,BLOCK OF 5400 PENDLETON LN,78723,1,12,12,mapped,"[""2026-069049 OL""]"
block-1428,BLOCK OF 5400 PINE PL,78744,1,15,14,mapped,"[""2023-110280 OL""]"
block-1429,BLOCK OF 5400 PONCIANA DR,78744,1,7,7,mapped,"[""2021-019159 OL""]"
block-1430,BLOCK OF 5400 RIDGE OAK DR,78731,1,7,7,mapped,"[""2018-052077 OL""]"
block-1431,BLOCK OF 5400 SALEM WALK DR,78745,1,30,30,mapped,"[""2021-164165 OL""]"
block-1432,BLOCK OF 5400 SHOAL CREEK BLVD,78756,1,13,13,mapped,"[""2026-016055 OL""]"
block-1433,BLOCK OF 5400 SPRING MEADOW RD,78744,2,10,10,mapped,"[""2025-022125 OL"", ""2024-098792 OL""]"
block-1434,BLOCK OF 5400 SUNSHINE DR,78756,1,14,14,mapped,"[""2025-143817 OL""]"
block-1435,BLOCK OF 5400 TIPTON DR,78723,1,15,15,mapped,"[""2026-108455 OL""]"
block-1436,BLOCK OF 5400 WILLIAM HOLLAND AVE,78756,1,7,7,mapped,"[""2020-186401 OL""]"
block-1437,BLOCK OF 5400 WOODVIEW AVE,78756,1,17,16,mapped,"[""2024-003099 OL""]"
block-1438,BLOCK OF 5500 AVENUE F,78751,2,18,18,mapped,"[""2026-087784 OL"", ""2026-106199 OL""]"
block-1439,BLOCK OF 5500 DARLINGTON LN,78723,1,13,13,mapped,"[""2026-074145 OL""]"
block-1440,BLOCK OF 5500 MONTVIEW ST,78756,1,13,11,mapped,"[""2026-044003 OL""]"
block-1441,BLOCK OF 5500 PALO BLANCO LN,78744,1,12,11,mapped,"[""2026-069343 OL""]"
block-1442,BLOCK OF 5500 PROCK LN,78721,2,12,12,mapped,"[""2026-030821 OL"", ""2026-022545 OL""]"
block-1443,BLOCK OF 5500 S PLEASANT VALLEY RD,78744,1,10,10,mapped,"[""2022-152257 OL""]"
block-1444,BLOCK OF 5500 WOODROW AVE,78756,1,18,14,mapped,"[""2022-151450 OL""]"
block-1445,BLOCK OF 5600 ABILENE TRL,78749,1,20,20,mapped,"[""2025-130468 OL""]"
block-1446,BLOCK OF 5600 BULL CREEK RD,78756,1,18,18,mapped,"[""2026-033182 OL""]"
block-1447,BLOCK OF 5600 COVENTRY LN,78723,1,8,8,mapped,"[""2026-074746 OL""]"
block-1448,BLOCK OF 5600 GLOUCESTER LN,78723,1,11,11,mapped,"[""2026-071588 OL""]"
block-1449,BLOCK OF 5600 GROVER AVE,78756,2,7,7,mapped,"[""2025-011331 OL"", ""2025-011289 OL""]"
block-1450,BLOCK OF 5600 JOE SAYERS AVE,78756,1,14,11,mapped,"[""2026-101697 OL""]"
block-1451,BLOCK OF 5600 LIBYAN CIR,78745,1,8,8,mapped,"[""2026-109192 OL""]"
block-1452,BLOCK OF 5600 MEADOW CREST,78744,1,13,12,mapped,"[""2022-132114 OL""]"
block-1453,BLOCK OF 5600 N OAK BLVD,78735,1,7,7,mapped,"[""2026-019495 OL""]"
block-1454,BLOCK OF 5600 WAGON TRAIN RD,78749,2,61,61,mapped,"[""2026-051453 OL"", ""2022-020349 OL""]"
block-1455,BLOCK OF 5600 WESTVIEW RD,78749,1,4,4,mapped,"[""2023-045723 OL""]"
block-1456,BLOCK OF 5600 WOODROW AVE,78756,1,12,11,mapped,"[""2022-096738 OL""]"
block-1457,BLOCK OF 5700 CHINA BERRY RD,78744,1,18,18,mapped,"[""2026-102861 OL""]"
block-1458,BLOCK OF 5700 LINK AVE,78752,2,18,18,mapped,"[""2026-111136 OL"", ""2026-036979 OL""]"
block-1459,BLOCK OF 5700 LOUISE LN,78757,1,19,19,mapped,"[""2026-012933 OL""]"
block-1460,BLOCK OF 5700 NANCY DR,78745,1,9,9,mapped,"[""2026-039243 OL""]"
block-1461,BLOCK OF 5700 PINON VISTA DR,78724,1,21,21,mapped,"[""2025-028577 OL""]"
block-1462,BLOCK OF 5700 STANDING ROCK DR,78730,1,13,13,mapped,"[""2026-047492 OL""]"
block-1463,BLOCK OF 5700 SUTHERLIN RD,78723,1,6,6,mapped,"[""2026-080535 OL""]"
block-1464,BLOCK OF 5700 TERI RD,78744,2,19,19,mapped,"[""2026-078095 OL"", ""2026-098043 OL""]"
block-1465,BLOCK OF 5700 TRACY LYNN LN,78721,1,7,7,mapped,"[""2026-114966 OL""]"
block-1466,BLOCK OF 5700 TURA LN,78721,2,10,9,mapped,"[""2026-106247 OL"", ""2026-083368 OL""]"
block-1467,BLOCK OF 5700 WOODROW AVE,78756,1,15,13,mapped,"[""2026-114830 OL""]"
block-1468,BLOCK OF 5800 ABILENE TRL,78749,1,14,14,mapped,"[""2025-042577 OL""]"
block-1469,BLOCK OF 5800 AVENUE G,78752,2,12,12,mapped,"[""2026-074280 OL"", ""2017-036412 OL""]"
block-1470,BLOCK OF 5800 BREEZEWOOD DR,78745,1,14,14,mapped,"[""2025-161847 OL""]"
block-1471,BLOCK OF 5800 BURROUGH DR,78745,1,8,8,mapped,"[""2026-063508 OL""]"
block-1472,BLOCK OF 5800 CITY PARK RD,78730,1,3,1,mapped,"[""2020-042223 OL""]"
block-1473,BLOCK OF 5800 GLEN MEADOW DR,78745,1,6,6,mapped,"[""2025-029903 OL""]"
block-1474,BLOCK OF 5800 HAROLD CT,78721,1,6,5,mapped,"[""2026-086248 OL""]"
block-1475,BLOCK OF 5800 HIGHLAND HILLS TER,78731,1,9,9,mapped,"[""2026-075309 OL""]"
block-1476,BLOCK OF 5800 MISTY HILL CV,78759,1,20,20,mapped,"[""2026-104011 OL""]"
block-1477,BLOCK OF 5800 PINON VISTA DR,78724,1,21,21,mapped,"[""2026-114880 OL""]"
block-1478,BLOCK OF 5800 S 1ST ST,78745,1,7,7,mapped,"[""2026-037162 OL""]"
block-1479,BLOCK OF 5800 VAN WINKLE LN,78739,1,20,20,mapped,"[""2026-040128 OL""]"
block-1480,BLOCK OF 5900 AURORA DR,78757,1,5,5,mapped,"[""2026-004317 OL""]"
block-1481,BLOCK OF 5900 BURROUGH DR,78745,1,13,13,mapped,"[""2023-116212 OL""]"
block-1482,BLOCK OF 5900 CAMERON RD,78723,9,2,2,mapped,"[""2026-036176 OL"", ""2026-036172 OL"", ""2026-036166 OL"", ""2026-036167 OL"", ""2026-046356 OL"", ""2026-036040 OL"", ""2026-036175 OL"", ""2026-036170 OL"", ""2026-046357 OL""]"
block-1483,BLOCK OF 5900 CHERRY LOOP,78745,1,26,26,mapped,"[""2025-062712 OL""]"
block-1484,BLOCK OF 5900 GARDEN OAKS DR,78745,1,11,11,mapped,"[""2026-118771 OL""]"
block-1485,BLOCK OF 5900 GLENHOLLOW PATH,78745,1,10,10,mapped,"[""2026-064381 OL""]"
block-1486,BLOCK OF 5900 LUX ST,78721,1,16,16,mapped,"[""2021-019080 OL""]"
block-1487,BLOCK OF 5900 NANCY DR,78745,4,10,10,mapped,"[""2026-098614 OL"", ""2026-096912 OL"", ""2026-075248 OL"", ""2026-075296 OL""]"
block-1488,BLOCK OF 5900 PARKWOOD DR,78735,1,9,9,mapped,"[""2026-106532 OL""]"
block-1489,BLOCK OF 6000 GROVER AVE,78757,1,8,8,mapped,"[""2024-144872 OL""]"
block-1490,BLOCK OF 6000 LIBYAN DR,78745,1,8,8,mapped,"[""2025-118221 OL""]"
block-1491,BLOCK OF 6000 NUCKOLS CROSSING RD,78744,1,1,1,mapped,"[""2026-037416 OL""]"
block-1492,BLOCK OF 6000 PALM CIR,78741,1,8,8,mapped,"[""2026-094721 OL""]"
block-1493,BLOCK OF 6000 SEVILLE DR,78724,1,19,19,mapped,"[""2026-060402 OL""]"
block-1494,BLOCK OF 6000 SUN VISTA DR,78749,1,8,8,mapped,"[""2021-036735 OL""]"
block-1495,BLOCK OF 6000 THAMES DR,78723,1,5,5,mapped,"[""2025-137381 OL""]"
block-1496,BLOCK OF 6100 CARNATION TER,78741,1,16,16,mapped,"[""2023-158370 OL""]"
block-1497,BLOCK OF 6100 CLUB TER,78741,2,16,16,mapped,"[""2025-126335 OL"", ""2023-150672 OL""]"
block-1498,BLOCK OF 6100 E RIVERSIDE DR,78741,13,4,4,mapped,"[""2026-057348 OL"", ""2026-057351 OL"", ""2026-057349 OL"", ""2026-057196 OL"", ""2026-057350 OL"", ""2026-057195 OL"", ""2026-057347 OL"", ""2026-057183 OL"", ""2026-057198 OL"", ""2026-057193 OL"", ""2026-057197 OL"", ""2026-057194 OL"", ""2026-057192 OL""]"
block-1499,BLOCK OF 6100 HOGAN AVE,78741,1,16,16,mapped,"[""2025-041801 OL""]"
block-1500,BLOCK OF 6100 LOS CIELOS BLVD,78617,1,3,3,mapped,"[""2026-057147 OL""]"
block-1501,BLOCK OF 6100 LOST HORIZON DR,78759,1,5,5,mapped,"[""2018-130010 OL""]"
block-1502,BLOCK OF 6100 PARKWOOD DR,78735,1,9,9,mapped,"[""2026-086598 OL""]"
block-1503,BLOCK OF 6100 RICHARDSON LN,78741,1,17,16,mapped,"[""2026-037174 OL""]"
block-1504,BLOCK OF 6100 WAGON BEND TRL,78744,1,19,19,mapped,"[""2023-012751 OL""]"
block-1505,BLOCK OF 6200 BETTY COOK DR,78723,2,3,3,mapped,"[""2025-117694 OL"", ""2025-117795 OL""]"
block-1506,BLOCK OF 6200 BRIDLINGTON CIR,78745,1,4,4,mapped,"[""2026-070151 OL""]"
block-1507,BLOCK OF 6200 GLEN MEADOW DR,78745,1,7,7,mapped,"[""2025-113013 OL""]"
block-1508,BLOCK OF 6200 HILLSTON DR,78745,1,30,30,mapped,"[""2025-143896 OL""]"
block-1509,BLOCK OF 6200 KASPER ST,78741,1,5,4,mapped,"[""2024-135804 OL""]"
block-1510,BLOCK OF 6200 SEVILLE DR,78724,2,12,12,mapped,"[""2026-119454 OL"", ""2026-045585 OL""]"
block-1511,BLOCK OF 6200 SHADOW VALLEY DR,78731,2,11,10,mapped,"[""2025-026732 OL"", ""2024-122604 OL""]"
block-1512,BLOCK OF 6200 THURGOOD AVE,78721,1,24,24,mapped,"[""2023-149926 OL""]"
block-1513,BLOCK OF 6300 ARROYO SECO,78757,1,4,2,mapped,"[""2023-130847 OL""]"
block-1514,BLOCK OF 6300 COLINA LN,78759,1,11,11,mapped,"[""2024-135234 OL""]"
block-1515,BLOCK OF 6300 CRUMLEY LN,78741,1,15,14,mapped,"[""2026-009625 OL""]"
block-1516,BLOCK OF 6300 HUNTLEIGH WAY,78725,1,12,12,mapped,"[""2025-137692 OL""]"
block-1517,BLOCK OF 6300 MIDDLEHAM PL,78745,1,9,9,mapped,"[""2026-030173 OL""]"
block-1518,BLOCK OF 6300 N LAMAR BLVD,78757,2,4,2,mapped,"[""2025-035723 OL"", ""2025-035698 OL""]"
block-1519,BLOCK OF 6300 S 1ST ST,78745,19,3,3,mapped,"[""2025-155516 OL"", ""2026-022151 OL"", ""2026-066288 OL"", ""2026-022159 OL"", ""2026-066327 OL"", ""2026-066328 OL"", ""2026-066329 OL"", ""2026-031089 OL"", ""2026-066326 OL"", ""2026-066333 OL"", ""2026-066330 OL"", ""2026-031373 OL"", ""2026-031095 OL"", ""2026-066331 OL"", ""2026-066332 OL"", ""2026-022044 OL"", ""2026-030942 OL"", ""2026-030875 OL"", ""2026-022141 OL""]"
block-1520,BLOCK OF 6300 SANTOS ST,78741,3,9,9,mapped,"[""2026-050562 OL"", ""2021-007599 OL"", ""2023-135422 OL""]"
block-1521,BLOCK OF 6300 TOSCANA AVE,78724,1,10,10,mapped,"[""2025-108180 OL""]"
block-1522,BLOCK OF 6300 ZADOCK WOODS DR,78749,1,25,25,mapped,"[""2026-028582 OL""]"
block-1523,BLOCK OF 6400 BRIDGEWATER DR,78723,1,27,27,mapped,"[""2024-044237 OL""]"
block-1524,BLOCK OF 6400 BURNS ST,78752,1,3,2,mapped,"[""2024-003593 OL""]"
block-1525,BLOCK OF 6400 CHIMNEY CREEK CIR,78723,1,13,9,mapped,"[""2026-106980 OL""]"
block-1526,BLOCK OF 6400 COWMAN WAY,78747,1,14,14,mapped,"[""2026-000797 OL""]"
block-1527,BLOCK OF 6400 DEL MONTE RD,78741,1,8,8,mapped,"[""2025-117840 OL""]"
block-1528,BLOCK OF 6400 LAIRD DR,78757,1,5,5,mapped,"[""2026-036341 OL""]"
block-1529,BLOCK OF 6400 MIDDLEHAM PL,78745,1,9,9,mapped,"[""2022-140590 OL""]"
block-1530,BLOCK OF 6400 PINE LEAF TRL,78747,1,14,14,mapped,"[""2025-120780 OL""]"
block-1531,BLOCK OF 6400 RIALTO BLVD,78735,1,1,1,mapped,"[""2024-008939 OL""]"
block-1532,BLOCK OF 6400 SKYCREST DR,78745,1,5,5,mapped,"[""2024-132796 OL""]"
block-1533,BLOCK OF 6400 SUNSTRIP DR,78745,2,9,9,mapped,"[""2024-121999 OL"", ""2026-069654 OL""]"
block-1534,BLOCK OF 6400 TORRES ST,78741,1,3,3,mapped,"[""2025-117876 OL""]"
block-1535,BLOCK OF 6400 WAGON SPRING ST,78617,1,12,12,mapped,"[""2026-017641 OL""]"
block-1536,BLOCK OF 6500 ADEN LN,78739,1,15,15,mapped,"[""2022-153966 OL""]"
block-1537,BLOCK OF 6500 ALASAN CV,78730,1,6,6,mapped,"[""2023-010320 OL""]"
block-1538,BLOCK OF 6500 ED BLUESTEIN BLVD NB,78724,14,2,1,mapped,"[""2026-034763 OL"", ""2026-073029 OL"", ""2026-034772 OL"", ""2026-034929 OL"", ""2026-034755 OL"", ""2026-073032 OL"", ""2026-034719 OL"", ""2026-073031 OL"", ""2026-034799 OL"", ""2026-034923 OL"", ""2026-034785 OL"", ""2026-034824 OL"", ""2026-073030 OL"", ""2026-073033 OL""]"
block-1539,BLOCK OF 6500 HANEY DR,78723,1,3,3,mapped,"[""2026-020092 OL""]"
block-1540,BLOCK OF 6500 PORTER ST,78741,2,6,6,mapped,"[""2024-003521 OL"", ""2024-003489 OL""]"
block-1541,BLOCK OF 6500 STONLEIGH PL,78744,1,10,10,mapped,"[""2026-031575 OL""]"
block-1542,BLOCK OF 6500 SUNSTRIP DR,78745,1,16,16,mapped,"[""2025-131946 OL""]"
block-1543,BLOCK OF 6500 WAGON SPRING ST,78617,1,10,10,mapped,"[""2026-064137 OL""]"
block-1544,BLOCK OF 6600 CRUZ ST,78741,1,14,14,mapped,"[""2022-147036 OL""]"
block-1545,BLOCK OF 6600 GREENSBORO DR,78723,1,28,28,mapped,"[""2026-071876 OL""]"
block-1546,BLOCK OF 6600 HART LN,78731,1,11,10,mapped,"[""2026-031682 OL""]"
block-1547,BLOCK OF 6600 HILLSIDE TERRACE DR,78749,1,16,16,mapped,"[""2026-063469 OL""]"
block-1548,BLOCK OF 6600 ISABELLE DR,78752,2,6,6,mapped,"[""2024-051754 OL"", ""2024-051767 OL""]"
block-1549,BLOCK OF 6600 VINE ST,78757,1,7,7,mapped,"[""2026-121975 OL""]"
block-1550,BLOCK OF 6700 ARIES LN,78724,1,11,11,mapped,"[""2026-040439 OL""]"
block-1551,BLOCK OF 6700 BROAD BROOK DR,78747,1,27,27,mapped,"[""2025-134807 OL""]"
block-1552,BLOCK OF 6700 COLORADO BLUFFS RD,78744,1,7,7,mapped,"[""2024-018548 OL""]"
block-1553,BLOCK OF 6700 DEATONHILL DR,78745,2,13,13,mapped,"[""2026-118147 OL"", ""2026-118122 OL""]"
block-1554,BLOCK OF 6700 DOYAL DR,78747,1,20,20,mapped,"[""2026-012840 OL""]"
block-1555,BLOCK OF 6700 ESTHER DR,78752,1,15,15,mapped,"[""2013-021788 OL""]"
block-1556,BLOCK OF 6700 GOLD MOSS CV,78745,1,14,12,mapped,"[""2026-059975 OL""]"
block-1557,BLOCK OF 6700 LUNAR DR,78745,1,3,3,mapped,"[""2026-099294 OL""]"
block-1558,BLOCK OF 6700 MELAVA CT,78749,1,9,9,mapped,"[""2022-033802 OL""]"
block-1559,BLOCK OF 6700 MOUNTAIN TRL,78732,1,6,6,mapped,"[""2023-123977 OL""]"
block-1560,BLOCK OF 6700 RACCOON RUN,78736,1,3,3,mapped,"[""2024-024908 OL""]"
block-1561,BLOCK OF 6700 SKYNOOK DR,78745,1,13,13,mapped,"[""2026-047346 OL""]"
block-1562,BLOCK OF 6700 WOODHUE DR,78745,1,15,15,mapped,"[""2026-103980 OL""]"
block-1563,BLOCK OF 6800 ALLEYTON DR,78725,1,13,13,mapped,"[""2026-028516 OL""]"
block-1564,BLOCK OF 6800 BEAUFORD DR,78750,1,7,7,mapped,"[""2023-006064 OL""]"
block-1565,BLOCK OF 6800 DUQUESNE DR,78723,1,10,10,mapped,"[""2026-010678 OL""]"
block-1566,BLOCK OF 6800 GREAT NORTHERN BLVD,78757,5,5,1,mapped,"[""2026-036348 OL"", ""2026-036358 OL"", ""2026-036460 OL"", ""2026-036513 OL"", ""2026-036477 OL""]"
block-1567,BLOCK OF 6800 LA SALLE DR,78723,1,12,12,mapped,"[""2023-026523 OL""]"
block-1568,BLOCK OF 6800 LEXINGTON RD,78757,1,8,8,mapped,"[""2025-121069 OL""]"
block-1569,BLOCK OF 6800 MEADOW CIR,78745,1,9,9,mapped,"[""2026-112803 OL""]"
block-1570,BLOCK OF 6800 MINI CIR,78745,1,4,4,mapped,"[""2026-031320 OL""]"
block-1571,BLOCK OF 6800 MIRA LOMA LN,78723,1,9,9,mapped,"[""2014-104510 OL""]"
block-1572,BLOCK OF 6800 MONTANA ST,78741,1,17,17,mapped,"[""2026-119033 OL""]"
block-1573,BLOCK OF 6800 OLD BEE CAVES RD,78735,8,3,2,mapped,"[""2024-079241 OL"", ""2024-078887 OL"", ""2024-078819 OL"", ""2024-078942 OL"", ""2024-079231 OL"", ""2024-080076 OL"", ""2024-079968 OL"", ""2024-080018 OL""]"
block-1574,BLOCK OF 6800 REARDEN RD,78745,1,13,13,mapped,"[""2025-028575 OL""]"
block-1575,BLOCK OF 6800 SKYNOOK DR,78745,1,7,7,mapped,"[""2026-081773 OL""]"
block-1576,BLOCK OF 6800 WESTERN OAKS BLVD,78749,1,3,3,mapped,"[""2026-062154 OL""]"
block-1577,BLOCK OF 6800 WILLAMETTE DR,78723,1,26,26,mapped,"[""2024-147535 OL""]"
block-1578,BLOCK OF 6900 CANNONLEAGUE DR,78745,1,4,4,mapped,"[""2026-103741 OL""]"
block-1579,BLOCK OF 6900 CHERRY MEADOW DR,78745,1,16,16,mapped,"[""2026-068398 OL""]"
block-1580,BLOCK OF 6900 COLONY PARK DR,78724,1,14,14,mapped,"[""2026-063333 OL""]"
block-1581,BLOCK OF 6900 COMANCHE TRL,78732,1,7,7,mapped,"[""2025-135744 OL""]"
block-1582,BLOCK OF 6900 DUBUQUE LN,78723,2,15,15,mapped,"[""2022-167712 OL"", ""2026-068223 OL""]"
block-1583,BLOCK OF 6900 HORSESHOE POND DR,78617,2,8,8,mapped,"[""2026-080910 OL"", ""2019-232033 OL""]"
block-1584,BLOCK OF 6900 HYLAND CIR,78744,1,12,12,mapped,"[""2026-119676 OL""]"
block-1585,BLOCK OF 6900 JUNO CIR,78724,1,7,7,mapped,"[""2026-033684 OL""]"
block-1586,BLOCK OF 6900 REESE LN,78757,1,15,15,mapped,"[""2025-016943 OL""]"
block-1587,BLOCK OF 6900 RYAN DR,78757,1,8,4,mapped,"[""2017-027854 OL""]"
block-1588,BLOCK OF 6900 STAR DR,78745,1,5,5,mapped,"[""2026-032411 OL""]"
block-1589,BLOCK OF 6900 VILLITA AVENIDA,78741,1,22,22,mapped,"[""2026-105477 OL""]"
block-1590,BLOCK OF 6900 WESTERN OAKS BLVD,78749,1,5,5,mapped,"[""2025-146125 OL""]"
block-1591,BLOCK OF 6900 WINEDALE DR,78759,1,3,3,mapped,"[""2026-094057 OL""]"
block-1592,BLOCK OF 7000 ALEGRE PASS,78744,1,9,9,mapped,"[""2026-078452 OL""]"
block-1593,BLOCK OF 7000 BECKETT RD,78749,1,8,8,mapped,"[""2026-000814 OL""]"
block-1594,BLOCK OF 7000 BILL HUGHES RD,78745,1,11,11,mapped,"[""2021-056261 OL""]"
block-1595,BLOCK OF 7000 COMANCHE TRL,78732,1,47,46,mapped,"[""2023-051055 OL""]"
block-1596,BLOCK OF 7000 ENCANTO TRL,78744,1,11,11,mapped,"[""2024-110060 OL""]"
block-1597,BLOCK OF 7000 MEADOR AVE,78752,1,13,13,mapped,"[""2024-018674 OL""]"
block-1598,BLOCK OF 7000 SHUMARD CIR,78759,1,10,10,mapped,"[""2026-084926 OL""]"
block-1599,BLOCK OF 7000 TEABERRY DR,78745,1,5,5,mapped,"[""2026-042219 OL""]"
block-1600,BLOCK OF 7000 WHISPERING OAKS DR,78745,1,14,14,mapped,"[""2025-108384 OL""]"
block-1601,BLOCK OF 7000 WINDRIFT WAY,78745,1,14,14,mapped,"[""2023-113358 OL""]"
block-1602,BLOCK OF 7100 ALEGRE PASS,78744,1,6,6,mapped,"[""2022-032172 OL""]"
block-1603,BLOCK OF 7100 COMANCHE TRL,78732,5,4,4,mapped,"[""2026-019971 OL"", ""2025-129345 OL"", ""2025-123698 OL"", ""2026-033037 OL"", ""2022-162740 OL""]"
block-1604,BLOCK OF 7100 CREEKSIDE DR,78752,3,3,3,mapped,"[""2025-135909 OL"", ""2024-091477 OL"", ""2024-008194 OL""]"
block-1605,BLOCK OF 7100 CREIGHTON LN,78723,1,12,12,mapped,"[""2026-035088 OL""]"
block-1606,BLOCK OF 7100 GENEVA CIR,78723,1,10,10,mapped,"[""2026-056210 OL""]"
block-1607,BLOCK OF 7100 GREENOCK ST,78749,1,8,8,mapped,"[""2026-090966 OL""]"
block-1608,BLOCK OF 7100 GUADALUPE ST,78752,1,8,8,mapped,"[""2026-043745 OL""]"
block-1609,BLOCK OF 7100 SPARKLING LIGHT DR,78617,1,6,6,mapped,"[""2026-053988 OL""]"
block-1610,BLOCK OF 7100 SPOTTED LEAF WAY,78617,1,18,18,mapped,"[""2023-145889 OL""]"
block-1611,BLOCK OF 7100 THANNAS WAY,78744,1,14,14,mapped,"[""2025-151446 OL""]"
block-1612,BLOCK OF 7100 TONKA LN,78744,1,12,12,mapped,"[""2024-110041 OL""]"
block-1613,BLOCK OF 7200 BENNETT AVE,78752,1,15,15,mapped,"[""2025-118777 OL""]"
block-1614,BLOCK OF 7200 CHIMNEY CORNERS,78731,1,20,5,mapped,"[""2026-022682 OL""]"
block-1615,BLOCK OF 7200 COOPER LN,78745,1,8,8,mapped,"[""2025-134331 OL""]"
block-1616,BLOCK OF 7200 DAN JEAN DR,78745,2,5,5,mapped,"[""2026-031718 OL"", ""2026-040319 OL""]"
block-1617,BLOCK OF 7200 KELLNER CV,78617,1,12,12,mapped,"[""2024-157502 OL""]"
block-1618,BLOCK OF 7200 MARCELL ST,78752,1,3,3,mapped,"[""2026-035046 OL""]"
block-1619,BLOCK OF 7200 NUTRIA RUN,78744,1,4,4,mapped,"[""2026-077229 OL""]"
block-1620,BLOCK OF 7200 TEABERRY DR,78745,1,16,16,mapped,"[""2023-116353 OL""]"
block-1621,BLOCK OF 7200 TWISTED OAKS DR,78745,1,6,6,mapped,"[""2026-118002 OL""]"
block-1622,BLOCK OF 7200 WHITE PANDA RUN,78617,2,18,18,mapped,"[""2026-112102 OL"", ""2026-049738 OL""]"
block-1623,BLOCK OF 7300 BENNETT AVE,78752,2,16,16,mapped,"[""2025-117908 OL"", ""2025-117936 OL""]"
block-1624,BLOCK OF 7300 BERING CV,78759,1,8,8,mapped,"[""2024-016199 OL""]"
block-1625,BLOCK OF 7300 BLINN CIR,78723,1,4,4,mapped,"[""2023-154767 OL""]"
block-1626,BLOCK OF 7300 CILANTRO WAY,78741,1,6,6,mapped,"[""2026-119822 OL""]"
block-1627,BLOCK OF 7300 COVERED BRIDGE DR,78736,1,22,22,mapped,"[""2024-006872 OL""]"
block-1628,BLOCK OF 7300 DANWOOD DR,78759,1,15,15,mapped,"[""2025-117592 OL""]"
block-1629,BLOCK OF 7300 EASY WIND DR,78757,1,10,10,mapped,"[""2025-162509 OL""]"
block-1630,BLOCK OF 7300 FOREST WOOD RD,78745,1,8,8,mapped,"[""2026-097813 OL""]"
block-1631,BLOCK OF 7300 FRED MORSE DR,78723,1,6,6,mapped,"[""2025-049025 OL""]"
block-1632,BLOCK OF 7300 GROVER AVE,78757,2,9,9,mapped,"[""2026-014482 OL"", ""2025-163158 OL""]"
block-1633,BLOCK OF 7300 LANGSTON DR,78723,1,2,2,mapped,"[""2026-031198 OL""]"
block-1634,BLOCK OF 7300 LUNAR DR,78745,1,19,19,mapped,"[""2024-013284 OL""]"
block-1635,BLOCK OF 7300 MARCELL ST,78752,1,5,4,mapped,"[""2024-021294 OL""]"
block-1636,BLOCK OF 7300 MARYWOOD CIR,78723,1,10,10,mapped,"[""2026-069541 OL""]"
block-1637,BLOCK OF 7300 PROVIDENCE AVE,78752,2,15,15,mapped,"[""2024-113093 OL"", ""2026-042100 OL""]"
block-1638,BLOCK OF 7300 PUSCH RIDGE LOOP,78749,1,17,17,mapped,"[""2026-073978 OL""]"
block-1639,BLOCK OF 7300 SHADYWOOD DR,78745,1,21,21,mapped,"[""2026-065443 OL""]"
block-1640,BLOCK OF 7300 SPARKLING LIGHT DR,78617,1,11,11,mapped,"[""2025-150254 OL""]"
block-1641,BLOCK OF 7400 DERBY DOWNS DR,78747,1,11,11,mapped,"[""2024-125894 OL""]"
block-1642,BLOCK OF 7400 EASTCREST DR,78752,1,3,3,mapped,"[""2026-004283 OL""]"
block-1643,BLOCK OF 7400 N LAMAR BLVD,78757,5,3,2,mapped,"[""2023-139078 OL"", ""2023-027385 OL"", ""2023-139146 OL"", ""2022-068069 OL"", ""2022-068411 OL""]"
block-1644,BLOCK OF 7400 SPARKLING LIGHT DR,78617,1,15,15,mapped,"[""2026-068665 OL""]"
block-1645,BLOCK OF 7400 TONKA LN,78744,1,9,9,mapped,"[""2026-063528 OL""]"
block-1646,BLOCK OF 7500 BENDER DR,78749,1,10,10,mapped,"[""2024-069921 OL""]"
block-1647,BLOCK OF 7500 BETHUNE AVE,78752,1,19,19,mapped,"[""2026-106507 OL""]"
block-1648,BLOCK OF 7500 BLOOMFIELD DR,78745,1,4,4,mapped,"[""2025-130798 OL""]"
block-1649,BLOCK OF 7500 CAYENNE LN,78741,1,16,16,mapped,"[""2026-100939 OL""]"
block-1650,BLOCK OF 7500 GRENADINE BLOOM BND,78617,1,17,17,mapped,"[""2024-081055 OL""]"
block-1651,BLOCK OF 7500 LAUPER DR,78744,1,10,1,mapped,"[""2026-108510 OL""]"
block-1652,BLOCK OF 7500 MEADOWVIEW LN,78752,1,25,25,mapped,"[""2026-031438 OL""]"
block-1653,BLOCK OF 7500 NORTHCREST BLVD,78752,1,19,19,mapped,"[""2026-060263 OL""]"
block-1654,BLOCK OF 7500 PETAL PINK CV,78617,1,8,8,mapped,"[""2026-083799 OL""]"
block-1655,BLOCK OF 7500 REDRICK DR,78747,1,19,19,mapped,"[""2026-031765 OL""]"
block-1656,BLOCK OF 7500 RIO PASS,78724,1,26,26,mapped,"[""2026-069910 OL""]"
block-1657,BLOCK OF 7500 ST LOUIS ST,78757,1,18,18,mapped,"[""2024-141347 OL""]"
block-1658,BLOCK OF 7500 W SLAUGHTER LN,78749,4,2,1,mapped,"[""2026-043083 OL"", ""2026-043127 OL"", ""2026-043144 OL"", ""2026-043100 OL""]"
block-1659,BLOCK OF 7600 BROOKHOLLOW CV,78752,1,8,8,mapped,"[""2026-059280 OL""]"
block-1660,BLOCK OF 7600 CRESTON LN,78752,1,10,10,mapped,"[""2026-112989 OL""]"
block-1661,BLOCK OF 7600 LATTA DR,78749,1,2,2,mapped,"[""2026-019174 OL""]"
block-1662,BLOCK OF 7600 NORTHCREST BLVD,78752,2,12,12,mapped,"[""2025-016845 OL"", ""2025-019997 OL""]"
block-1663,BLOCK OF 7600 PROVIDENCE AVE,78752,4,17,17,mapped,"[""2023-129588 OL"", ""2026-095063 OL"", ""2024-018495 OL"", ""2025-117505 OL""]"
block-1664,BLOCK OF 7700 DELWAU LN,78725,1,4,4,mapped,"[""2024-166193 OL""]"
block-1665,BLOCK OF 7700 DONNELLEY DR,78744,1,6,6,mapped,"[""2026-041288 OL""]"
block-1666,BLOCK OF 7700 IVY TRELLIS TRL,78617,1,9,9,mapped,"[""2026-035598 OL""]"
block-1667,BLOCK OF 7700 NORAH DR,78744,1,10,1,mapped,"[""2026-118376 OL""]"
block-1668,BLOCK OF 7700 PONOMA TRL,78749,1,9,9,mapped,"[""2023-125662 OL""]"
block-1669,BLOCK OF 7700 WYNNE LN,78745,1,8,8,mapped,"[""2026-067768 OL""]"
block-1670,BLOCK OF 7800 BESTRIDE BND,78744,1,9,9,mapped,"[""2026-113031 OL""]"
block-1671,BLOCK OF 7800 CHRYSLER BND,78744,1,3,3,mapped,"[""2026-032891 OL""]"
block-1672,BLOCK OF 7800 COLTON BLUFF SPRINGS RD,78744,1,6,6,mapped,"[""2026-055023 OL""]"
block-1673,BLOCK OF 7800 CROFTWOOD DR,78749,1,15,15,mapped,"[""2026-042632 OL""]"
block-1674,BLOCK OF 7800 MANASSAS DR,78745,1,15,15,mapped,"[""2026-008337 OL""]"
block-1675,BLOCK OF 7800 WOODROW AVE,78757,1,6,6,mapped,"[""2024-156049 OL""]"
block-1676,BLOCK OF 7900 BRIARTON DR,78747,1,13,13,mapped,"[""2025-128030 OL""]"
block-1677,BLOCK OF 7900 CHRYSLER BND,78744,1,3,3,mapped,"[""2026-105604 OL""]"
block-1678,BLOCK OF 7900 CREEKMERE LN,78748,1,13,13,mapped,"[""2024-054266 OL""]"
block-1679,BLOCK OF 7900 CROFTWOOD DR,78749,1,12,11,mapped,"[""2022-140422 OL""]"
block-1680,BLOCK OF 7900 HILLOCK TER,78744,1,5,5,mapped,"[""2026-056106 OL""]"
block-1681,BLOCK OF 7900 KENESHAW DR,78745,1,10,10,mapped,"[""2026-063396 OL""]"
block-1682,BLOCK OF 7900 ORIZZONTE ST,78744,1,8,8,mapped,"[""2026-094509 OL""]"
block-1683,BLOCK OF 7900 PARLIAMENT PL,78759,1,18,18,mapped,"[""2025-115788 OL""]"
block-1684,BLOCK OF 8000 BIG VIEW DR,78730,1,4,4,mapped,"[""2018-212900 OL""]"
block-1685,BLOCK OF 8000 CORRIGAN PASS,78744,1,15,15,mapped,"[""2023-117201 OL""]"
block-1686,BLOCK OF 8000 MELLENCAMP DR,78744,1,15,2,mapped,"[""2026-066910 OL""]"
block-1687,BLOCK OF 8000 SPANDERA CV,78759,1,6,6,mapped,"[""2026-081501 OL""]"
block-1688,BLOCK OF 8000 TISDALE DR,78757,1,18,18,mapped,"[""2019-205731 OL""]"
block-1689,BLOCK OF 8000 TWO COVES DR,78730,1,8,8,mapped,"[""2026-055924 OL""]"
block-1690,BLOCK OF 8100 BIG VIEW DR,78730,1,4,4,mapped,"[""2024-150789 OL""]"
block-1691,BLOCK OF 8100 BLUE GOOSE RD,78653,10,2,1,mapped,"[""2025-142255 OL"", ""2025-142361 OL"", ""2025-142474 OL"", ""2025-142609 OL"", ""2025-142725 OL"", ""2025-142372 OL"", ""2025-142459 OL"", ""2025-099995 OL"", ""2025-142270 OL"", ""2025-142709 OL""]"
block-1692,BLOCK OF 8100 CATTLE DR,78749,2,12,12,mapped,"[""2026-074241 OL"", ""2026-123871 OL""]"
block-1693,BLOCK OF 8100 CEBERRY DR,78759,1,51,51,mapped,"[""2024-102720 OL""]"
block-1694,BLOCK OF 8100 CORRIGAN PASS,78744,1,8,8,mapped,"[""2026-046068 OL""]"
block-1695,BLOCK OF 8100 HUBBLE WALK,78744,1,7,7,mapped,"[""2025-017350 OL""]"
block-1696,BLOCK OF 8100 ROSENBERRY DR,78747,1,4,4,mapped,"[""2026-078260 OL""]"
block-1697,BLOCK OF 8100 SHENANDOAH DR,78753,1,6,6,mapped,"[""2022-054423 OL""]"
block-1698,BLOCK OF 8100 TWO COVES DR,78730,1,9,9,mapped,"[""2026-093863 OL""]"
block-1699,BLOCK OF 8200 BELCLAIRE LN,78748,1,23,23,mapped,"[""2026-049763 OL""]"
block-1700,BLOCK OF 8200 DONNELLEY DR,78744,1,7,7,mapped,"[""2026-061725 OL""]"
block-1701,BLOCK OF 8200 HANBRIDGE LN,78736,1,5,5,mapped,"[""2026-118965 OL""]"
block-1702,BLOCK OF 8200 LEROI DR,78744,1,14,1,mapped,"[""2026-093928 OL""]"
block-1703,BLOCK OF 8200 PETRONAS PASS,78744,1,9,9,mapped,"[""2026-068238 OL""]"
block-1704,BLOCK OF 8300 BIG VIEW DR,78732,1,2,2,mapped,"[""2017-039399 OL""]"
block-1705,BLOCK OF 8300 FARMINGTON CT,78736,1,9,9,mapped,"[""2024-148097 OL""]"
block-1706,BLOCK OF 8300 FATHOM CIR,78750,1,12,11,mapped,"[""2025-131078 OL""]"
block-1707,BLOCK OF 8300 LORALINDA DR,78753,1,11,11,mapped,"[""2023-119686 OL""]"
block-1708,BLOCK OF 8300 PILGRIMS PL,78759,1,14,13,mapped,"[""2025-027285 OL""]"
block-1709,BLOCK OF 8300 REEDA LN,78757,1,17,17,mapped,"[""2026-030274 OL""]"
block-1710,BLOCK OF 8300 S 1ST ST,78748,1,7,6,mapped,"[""2023-012853 OL""]"
block-1711,BLOCK OF 8400 BANGOR BND,78758,1,32,32,mapped,"[""2014-008399 OL""]"
block-1712,BLOCK OF 8400 BURRELL DR,78757,1,7,7,mapped,"[""2026-026415 OL""]"
block-1713,BLOCK OF 8400 SELWAY DR,78736,2,16,16,mapped,"[""2026-046835 OL"", ""2023-010906 OL""]"
block-1714,BLOCK OF 8500 BESTRIDE BND,78744,1,4,4,mapped,"[""2026-061706 OL""]"
block-1715,BLOCK OF 8500 CAPITOL VIEW DR,78747,1,10,10,mapped,"[""2025-038466 OL""]"
block-1716,BLOCK OF 8500 DANVILLE DR,78753,1,5,5,mapped,"[""2025-141747 OL""]"
block-1717,BLOCK OF 8500 DAVIS OAKS TRL,78748,1,14,14,mapped,"[""2026-079538 OL""]"
block-1718,BLOCK OF 8500 DONGAN DR,78744,1,16,15,mapped,"[""2026-045326 OL""]"
block-1719,BLOCK OF 8500 FALL MEADOW LN,78747,1,5,5,mapped,"[""2026-110737 OL""]"
block-1720,BLOCK OF 8500 KANSAS RIVER DR,78745,1,9,9,mapped,"[""2023-158561 OL""]"
block-1721,BLOCK OF 8500 SELWAY DR,78736,1,17,17,mapped,"[""2026-043774 OL""]"
block-1722,BLOCK OF 8600 PUTNAM DR,78757,1,15,15,mapped,"[""2025-121047 OL""]"
block-1723,BLOCK OF 8600 WOODSTONE DR,78757,2,6,6,mapped,"[""2025-125682 OL"", ""2025-137649 OL""]"
block-1724,BLOCK OF 8700 DAVIS OAKS TRL,78748,1,19,19,mapped,"[""2023-149867 OL""]"
block-1725,BLOCK OF 8700 DITTMAR OAKS DR,78748,1,12,12,mapped,"[""2023-113422 OL""]"
block-1726,BLOCK OF 8700 MOUNTAIN CREST DR,78735,1,9,8,mapped,"[""2025-019480 OL""]"
block-1727,BLOCK OF 8700 N MOPAC EXPY SVRD SB,78759,1,2,2,mapped,"[""2025-017486 OL""]"
block-1728,BLOCK OF 8800 BESTRIDE BND,78744,1,11,11,mapped,"[""2026-092261 OL""]"
block-1729,BLOCK OF 8800 BROOKFIELD DR,78758,1,9,9,mapped,"[""2020-007555 OL""]"
block-1730,BLOCK OF 8800 CREST RIDGE CIR,78750,1,10,10,mapped,"[""2026-082393 OL""]"
block-1731,BLOCK OF 8800 SPRINGMAIL CIR,78729,1,13,13,mapped,"[""2025-060032 OL""]"
block-1732,BLOCK OF 8900 APOGEE BLVD,78744,1,4,4,mapped,"[""2026-030375 OL""]"
block-1733,BLOCK OF 8900 COVEY CT,78758,1,8,8,mapped,"[""2022-150836 OL""]"
block-1734,BLOCK OF 8900 MOUNT BARTLETT DR,78759,1,18,18,mapped,"[""2026-078356 OL""]"
block-1735,BLOCK OF 8900 PALACE PKWY,78748,1,10,10,mapped,"[""2023-031391 OL""]"
block-1736,BLOCK OF 8900 RAVELLO PASS,78749,1,10,10,mapped,"[""2025-004200 OL""]"
block-1737,BLOCK OF 8900 SLAYTON DR,78753,1,15,15,mapped,"[""2025-025885 OL""]"
block-1738,BLOCK OF 8900 SUN SHOWER BND,78724,1,5,5,mapped,"[""2021-204220 OL""]"
block-1739,BLOCK OF 8900 TALLWOOD DR,78759,3,0,0,no address-point match,"[""2026-100229 OL"", ""2025-008464 OL"", ""2026-051093 OL""]"
block-1740,BLOCK OF 9000 APOGEE BLVD,78744,1,4,4,mapped,"[""2026-090354 OL""]"
block-1741,BLOCK OF 9000 BANCROFT TRL,78729,1,20,20,mapped,"[""2026-119575 OL""]"
block-1742,BLOCK OF 9000 BILL HICKCOCK PASS,78748,1,14,14,mapped,"[""2026-041520 OL""]"
block-1743,BLOCK OF 9000 COLLINFIELD DR,78758,1,17,17,mapped,"[""2026-103043 OL""]"
block-1744,BLOCK OF 9000 FROSTWOOD TRL,78729,1,19,19,mapped,"[""2025-032206 OL""]"
block-1745,BLOCK OF 9000 IPSWICH BAY DR,78747,1,14,14,mapped,"[""2026-030995 OL""]"
block-1746,BLOCK OF 9000 NORTH PLZ,78753,1,1,1,mapped,"[""2024-167723 OL""]"
block-1747,BLOCK OF 9100 FROCK CT,78748,1,10,10,mapped,"[""2026-060568 OL""]"
block-1748,BLOCK OF 9100 RESEARCH BLVD SVRD NB,78758,7,7,5,mapped,"[""2026-065109 OL"", ""2026-065112 OL"", ""2026-065110 OL"", ""2026-065111 OL"", ""2026-065087 OL"", ""2026-087231 OL"", ""2026-065113 OL""]"
block-1749,BLOCK OF 9100 UNITED KINGDOM DR,78748,1,14,14,mapped,"[""2024-022448 OL""]"
block-1750,BLOCK OF 9200 GRANT FOREST DR,78744,1,13,13,mapped,"[""2026-109486 OL""]"
block-1751,BLOCK OF 9400 CIRCLE DR,78736,2,10,9,mapped,"[""2026-074479 OL"", ""2026-074499 OL""]"
block-1752,BLOCK OF 9400 COLLAZO WAY,78749,1,12,12,mapped,"[""2016-002094 OL""]"
block-1753,BLOCK OF 9400 MEADOW VALE,78758,2,20,20,mapped,"[""2026-098834 OL"", ""2024-022217 OL""]"
block-1754,BLOCK OF 9400 MOUNTAIN QUAIL RD,78758,2,18,18,mapped,"[""2026-033853 OL"", ""2023-143277 OL""]"
block-1755,BLOCK OF 9500 WOODSHIRE DR,78748,1,7,7,mapped,"[""2025-148345 OL""]"
block-1756,BLOCK OF 9800 BRIAR RIDGE DR,78748,1,35,35,mapped,"[""2024-042223 OL""]"
block-1757,BLOCK OF 9800 CHILDRESS DR,78753,1,40,40,mapped,"[""2026-088701 OL""]"
block-1758,BLOCK OF 9800 COTTLE DR,78753,1,12,12,mapped,"[""2025-030371 OL""]"
block-1759,BLOCK OF 9900 MURMURING CREEK DR,78736,1,5,5,mapped,"[""2026-039956 OL""]"
block-1760,BLOCK OF 10000 ASPEN ST,78758,1,0,0,no address-point match,"[""2026-016900 OL""]"
block-1761,BLOCK OF 10000 DOBBIN DR,78748,1,0,0,no address-point match,"[""2025-143719 OL""]"
block-1762,BLOCK OF 10000 GAIL RD,78748,1,8,8,mapped,"[""2026-033625 OL""]"
block-1763,BLOCK OF 10000 GRIZZLY OAK DR,78748,2,6,6,mapped,"[""2026-031076 OL"", ""2024-098677 OL""]"
block-1764,BLOCK OF 10000 OAK HOLLOW DR,78758,1,6,6,mapped,"[""2025-153333 OL""]"
block-1765,BLOCK OF 10000 PARLIAMENT HOUSE RD,78729,1,6,6,mapped,"[""2026-042299 OL""]"
block-1766,BLOCK OF 10000 QUAIL HUTCH DR,78758,1,11,11,mapped,"[""2025-156431 OL""]"
block-1767,BLOCK OF 10000 QUAIL RIDGE DR,78758,1,0,0,no address-point match,"[""2023-044681 OL""]"
block-1768,BLOCK OF 10000 ROCKING HORSE RD,78748,1,7,7,mapped,"[""2026-119020 OL""]"
block-1769,BLOCK OF 10000 TREASURE ISLAND DR,78730,1,0,0,no address-point match,"[""2023-010445 OL""]"
block-1770,BLOCK OF 11000 APPLEWOOD DR,78758,1,8,8,mapped,"[""2023-104243 OL""]"
block-1771,BLOCK OF 11000 BRIXEY LN,78754,1,0,0,no address-point match,"[""2026-097568 OL""]"
block-1772,BLOCK OF 11000 DAWES PL,78754,1,0,0,no address-point match,"[""2025-120971 OL""]"
block-1773,BLOCK OF 11000 DEFENDER TRL,78754,1,6,6,mapped,"[""2026-052119 OL""]"
block-1774,BLOCK OF 11000 DENELL CIR,78753,1,0,0,no address-point match,"[""2024-138946 OL""]"
block-1775,BLOCK OF 11000 GERALD ALLEN LOOP,78748,1,5,5,mapped,"[""2026-117667 OL""]"
block-1776,BLOCK OF 11000 HUNTERS LN,78753,1,0,0,no address-point match,"[""2025-013304 OL""]"
block-1777,BLOCK OF 11000 LITTLE PEBBLE DR,78758,1,0,0,no address-point match,"[""2024-001456 OL""]"
block-1778,BLOCK OF 11000 MELLOW LN,78759,1,0,0,no address-point match,"[""2019-141684 OL""]"
block-1779,BLOCK OF 11000 MELLOW MEADOWS,78750,1,0,0,no address-point match,"[""2015-053324 OL""]"
block-1780,BLOCK OF 11000 MERIS LN,78754,1,0,0,no address-point match,"[""2023-063482 OL""]"
block-1781,BLOCK OF 11000 MICKELSON DR,78747,1,7,7,mapped,"[""2020-024592 OL""]"
block-1782,BLOCK OF 11000 MORNING GLORY TRL,78750,1,0,0,no address-point match,"[""2024-156141 OL""]"
block-1783,BLOCK OF 11000 NATCHES TRCE,78717,1,0,0,no address-point match,"[""2026-055393 OL""]"
block-1784,BLOCK OF 11000 NUTWOOD CV,78726,1,0,0,no address-point match,"[""2012-116102 OL""]"
block-1785,BLOCK OF 11000 PLAYERS PATH,78747,1,14,14,mapped,"[""2026-019868 OL""]"
block-1786,BLOCK OF 11000 PRAIRIE DOVE CIR,78758,1,13,13,mapped,"[""2022-094148 OL""]"
block-1787,BLOCK OF 11000 PTARMIGAN DR,78758,1,9,9,mapped,"[""2026-043035 OL""]"
block-1788,BLOCK OF 11000 RELIANCE CREEK DR,78754,1,14,14,mapped,"[""2025-029354 OL""]"
block-1789,BLOCK OF 11000 SAGE HOLLOW DR,78758,1,5,5,mapped,"[""2019-038264 OL""]"
block-1790,BLOCK OF 11000 SIERRA OAKS,78759,1,0,0,no address-point match,"[""2023-011040 OL""]"
block-1791,BLOCK OF 11000 SIERRA RIDGE CT,78739,1,7,7,mapped,"[""2025-117365 OL""]"
block-1792,BLOCK OF 11000 SLIPPERY ELM TRL,78750,1,0,0,no address-point match,"[""2025-016788 OL""]"
block-1793,BLOCK OF 11000 SPEEDWAGON RUN,78754,1,0,0,no address-point match,"[""2025-048969 OL""]"
block-1794,BLOCK OF 11000 TILDON AVE,78754,1,4,4,mapped,"[""2026-038628 OL""]"
block-1795,BLOCK OF 11000 TITIAN DR,78758,1,0,0,no address-point match,"[""2026-119125 OL""]"
block-1796,BLOCK OF 11000 UKAOMA WAY,78754,1,5,5,mapped,"[""2025-021766 OL""]"
block-1797,BLOCK OF 11000 WALNUT RIDGE DR,78753,1,0,0,no address-point match,"[""2026-059715 OL""]"
block-1798,BLOCK OF 11000 WET SEASON DR,78754,1,0,0,no address-point match,"[""2024-132703 OL""]"
block-1799,BLOCK OF 11000 YUCCA DR,78759,1,4,4,mapped,"[""2025-126636 OL""]"
block-1800,BLOCK OF 12000 ALOE VERA TRL,78750,1,0,0,no address-point match,"[""2026-123656 OL""]"
block-1801,BLOCK OF 12000 BELL AVE,78727,1,2,2,mapped,"[""2026-064640 OL""]"
block-1802,BLOCK OF 12000 BELL AVE,78759,1,0,0,no address-point match,"[""2025-108049 OL""]"
block-1803,BLOCK OF 12000 BITTERN HOLW,78758,2,6,6,mapped,"[""2026-069314 OL"", ""2025-151243 OL""]"
block-1804,BLOCK OF 12000 BLUE WATER CIR,78758,1,0,0,no address-point match,"[""2026-019407 OL""]"
block-1805,BLOCK OF 12000 BROOKWOOD CIR,78750,1,0,0,no address-point match,"[""2025-156168 OL""]"
block-1806,BLOCK OF 12000 CAHONE TRL,78729,1,0,0,no address-point match,"[""2026-102477 OL""]"
block-1807,BLOCK OF 12000 CEDAR BEND CV,78758,1,0,0,no address-point match,"[""2025-043050 OL""]"
block-1808,BLOCK OF 12000 CEDARSPUR RD,78758,1,0,0,no address-point match,"[""2026-083311 OL""]"
block-1809,BLOCK OF 12000 CENTURY OAKS TER,78758,7,0,0,no address-point match,"[""2026-104905 OL"", ""2026-020782 OL"", ""2026-104560 OL"", ""2025-131007 OL"", ""2025-137635 OL"", ""2026-050379 OL"", ""2025-113801 OL""]"
block-1810,BLOCK OF 12000 CHARING CROSS RD,78759,1,3,3,mapped,"[""2025-139255 OL""]"
block-1811,BLOCK OF 12000 CHERIE DR,78758,1,26,26,mapped,"[""2022-143024 OL""]"
block-1812,BLOCK OF 12000 D K RANCH RD,78759,1,0,0,no address-point match,"[""2025-111199 OL""]"
block-1813,BLOCK OF 12000 DILLON FALLS DR,78747,1,7,7,mapped,"[""2026-020444 OL""]"
block-1814,BLOCK OF 12000 DOVE HAVEN DR,78753,1,11,9,mapped,"[""2026-045444 OL""]"
block-1815,BLOCK OF 12000 DUNDEE DR,78759,3,0,0,no address-point match,"[""2025-115571 OL"", ""2025-115655 OL"", ""2025-115384 OL""]"
block-1816,BLOCK OF 12000 EMERY OAKS RD,78758,1,0,0,no address-point match,"[""2026-063921 OL""]"
block-1817,BLOCK OF 12000 EUBANK DR,78758,1,0,0,no address-point match,"[""2024-147812 OL""]"
block-1818,BLOCK OF 12000 FEBRUARY DR,78753,1,0,0,no address-point match,"[""2026-092516 OL""]"
block-1819,BLOCK OF 12000 FERRYSTONE GLEN DR,78617,2,0,0,no address-point match,"[""2026-118999 OL"", ""2026-093144 OL""]"
block-1820,BLOCK OF 12000 FLINNWOOD CIR,78750,1,0,0,no address-point match,"[""2026-058500 OL""]"
block-1821,BLOCK OF 12000 GLEN FALLOCH CT,78754,1,0,0,no address-point match,"[""2026-040667 OL""]"
block-1822,BLOCK OF 12000 GLENDA CT,78753,1,0,0,no address-point match,"[""2026-108316 OL""]"
block-1823,BLOCK OF 12000 GREY FAWN PATH,78750,1,16,16,mapped,"[""2022-058451 OL""]"
block-1824,BLOCK OF 12000 GRIMSLEY DR,78759,1,0,0,no address-point match,"[""2025-115575 OL""]"
block-1825,BLOCK OF 12000 HEATHROW DR,78759,1,0,0,no address-point match,"[""2024-112010 OL""]"
block-1826,BLOCK OF 12000 HORNSBY ST,78753,1,0,0,no address-point match,"[""2026-070582 OL""]"
block-1827,BLOCK OF 12000 INDIANHEAD DR,78753,1,3,3,mapped,"[""2026-105851 OL""]"
block-1828,BLOCK OF 12000 JUNE DR,78753,1,0,0,no address-point match,"[""2026-097095 OL""]"
block-1829,BLOCK OF 12000 KELTON DR,78754,1,0,0,no address-point match,"[""2026-009775 OL""]"
block-1830,BLOCK OF 12000 LAGUARDIA LN,78617,1,0,0,no address-point match,"[""2025-134499 OL""]"
block-1831,BLOCK OF 12000 LANSDOWNE RD,78754,1,11,11,mapped,"[""2026-043049 OL""]"
block-1832,BLOCK OF 12000 LOCHRIDGE DR,78758,1,0,0,no address-point match,"[""2023-019497 OL""]"
block-1833,BLOCK OF 12000 LOS INDIOS TRL,78729,1,0,0,no address-point match,"[""2026-037753 OL""]"
block-1834,BLOCK OF 12000 LOSTWOOD CIR,78748,1,0,0,no address-point match,"[""2019-153235 OL""]"
block-1835,BLOCK OF 12000 MAROGOT RUN,78758,1,0,0,no address-point match,"[""2026-074730 OL""]"
block-1836,BLOCK OF 12000 MEADOWFIRE DR,78758,1,0,0,no address-point match,"[""2025-120804 OL""]"
block-1837,BLOCK OF 12000 MIDLAND WALK,78727,1,0,0,no address-point match,"[""2026-088495 OL""]"
block-1838,BLOCK OF 12000 MURCIA DR,78759,1,0,0,no address-point match,"[""2025-155968 OL""]"
block-1839,BLOCK OF 12000 NATRONA DR,78759,2,0,0,no address-point match,"[""2026-063436 OL"", ""2023-109961 OL""]"
block-1840,BLOCK OF 12000 OAK HAVEN CV,78753,1,0,0,no address-point match,"[""2026-036432 OL""]"
block-1841,BLOCK OF 12000 OAK KNOLL DR,78759,1,1,1,mapped,"[""2026-105580 OL""]"
block-1842,BLOCK OF 12000 OAK VIEW DR,78759,1,0,0,no address-point match,"[""2024-110210 OL""]"
block-1843,BLOCK OF 12000 ORKNEY LN,78754,1,0,0,no address-point match,"[""2024-152997 OL""]"
block-1844,BLOCK OF 12000 POLLYANNA AVE,78753,1,8,8,mapped,"[""2026-103814 OL""]"
block-1845,BLOCK OF 12000 PRAIRIE HEN LN,78758,1,0,0,no address-point match,"[""2026-040538 OL""]"
block-1846,BLOCK OF 12000 REEDSPORT TRL,78754,1,15,15,mapped,"[""2026-120287 OL""]"
block-1847,BLOCK OF 12000 RIVER BND,78732,1,0,0,no address-point match,"[""2019-212375 OL""]"
block-1848,BLOCK OF 12000 RUSTED NAIL CV,78750,1,0,0,no address-point match,"[""2026-042412 OL""]"
block-1849,BLOCK OF 12000 SCRIBE DR,78759,1,32,32,mapped,"[""2026-057949 OL""]"
block-1850,BLOCK OF 12000 SEA LION CV,78754,1,0,0,no address-point match,"[""2026-034123 OL""]"
block-1851,BLOCK OF 12000 SELMA HUGHES PARK RD,78732,1,10,10,mapped,"[""2026-021995 OL""]"
block-1852,BLOCK OF 12000 SNOW FINCH RD,78758,1,0,0,no address-point match,"[""2024-088718 OL""]"
block-1853,BLOCK OF 12000 SUMMERSWEET CV,78729,1,0,0,no address-point match,"[""2026-013353 OL""]"
block-1854,BLOCK OF 12000 SUNHILLOW BND,78758,1,0,0,no address-point match,"[""2025-126062 OL""]"
block-1855,BLOCK OF 12000 TALLOW FIELD WAY,78758,2,0,0,no address-point match,"[""2026-009915 OL"", ""2026-042731 OL""]"
block-1856,BLOCK OF 12000 THOMPKINS DR,78753,1,17,17,mapped,"[""2016-116020 OL""]"
block-1857,BLOCK OF 13000 ARROWHEAD PASS,78729,2,0,0,no address-point match,"[""2024-131944 OL"", ""2024-156067 OL""]"
block-1858,BLOCK OF 13000 BENNINGTON LN,78753,1,0,0,no address-point match,"[""2026-096569 OL""]"
block-1859,BLOCK OF 13000 BULLICK HOLLOW RD,78732,1,0,0,no address-point match,"[""2017-031322 OL""]"
block-1860,BLOCK OF 13000 CEDAR ST,78732,1,0,0,no address-point match,"[""2026-094246 OL""]"
block-1861,BLOCK OF 13000 CORTARO CV,78729,1,0,0,no address-point match,"[""2026-001179 OL""]"
block-1862,BLOCK OF 13000 DEARBONNE DR,78617,1,4,4,mapped,"[""2026-045854 OL""]"
block-1863,BLOCK OF 13000 HEINEMANN DR,78727,4,1,1,mapped,"[""2026-050192 OL"", ""2026-050201 OL"", ""2026-050200 OL"", ""2026-050174 OL""]"
block-1864,BLOCK OF 13000 HENNEMAN DR,78660,1,7,7,mapped,"[""2024-138837 OL""]"
block-1865,BLOCK OF 13000 HUGHES ST,78732,1,0,0,no address-point match,"[""2024-048520 OL""]"
block-1866,BLOCK OF 13000 INDIGO CV,78732,1,0,0,no address-point match,"[""2026-024829 OL""]"
block-1867,BLOCK OF 13000 LIMERICK AVE,78727,2,0,0,no address-point match,"[""2026-065401 OL"", ""2024-153049 OL""]"
block-1868,BLOCK OF 13000 LUCIDA LN,78753,1,0,0,no address-point match,"[""2025-004703 OL""]"
block-1869,BLOCK OF 13000 MAGNOLIA MOUND TRL,78727,1,0,0,no address-point match,"[""2021-203211 OL""]"
block-1870,BLOCK OF 13000 PARK DR,78732,2,0,0,no address-point match,"[""2022-055278 OL"", ""2025-027990 OL""]"
block-1871,BLOCK OF 13000 RIVER BND,78732,1,2,2,mapped,"[""2026-055331 OL""]"
block-1872,BLOCK OF 13000 RIVERSDALE RD,78617,1,0,0,no address-point match,"[""2026-015839 OL""]"
block-1873,BLOCK OF 13000 SCOFIELD FARMS DR,78727,1,23,23,mapped,"[""2023-122094 OL""]"
block-1874,BLOCK OF 13000 SILVER CREEK DR,78727,1,43,43,mapped,"[""2025-121062 OL""]"
block-1875,BLOCK OF 13000 SKY HARBOR DR,78617,2,0,0,no address-point match,"[""2026-110798 OL"", ""2026-067785 OL""]"
block-1876,BLOCK OF 13000 TIMBER HEIGHTS DR,78754,1,0,0,no address-point match,"[""2026-096724 OL""]"
block-1877,BLOCK OF 13000 TOMANET TRL,78727,1,0,0,no address-point match,"[""2026-091704 OL""]"
block-1878,BLOCK OF 13000 TREE LINE DR,78729,1,0,0,no address-point match,"[""2026-101731 OL""]"
block-1879,BLOCK OF 13000 VIZQUEL LOOP,78617,1,8,8,mapped,"[""2026-090684 OL""]"
block-1880,BLOCK OF 13000 WATER LN,78732,1,4,3,mapped,"[""2021-056973 OL""]"
block-1881,BLOCK OF 13000 WINTERS CV,78617,1,0,0,no address-point match,"[""2026-045842 OL""]"
block-1882,BLOCK OF 14000 BULLICK HOLLOW RD,78732,2,0,0,no address-point match,"[""2023-003693 OL"", ""2023-007114 OL""]"
block-1883,BLOCK OF 14000 CANTARRA DR,78660,1,0,0,no address-point match,"[""2026-095535 OL""]"
block-1884,BLOCK OF 14000 HARRISGLENN DR,78660,1,0,0,no address-point match,"[""2026-057885 OL""]"
block-1885,BLOCK OF 14000 HUMMINGBIRD LN,78732,2,5,4,mapped,"[""2026-032860 OL"", ""2026-044710 OL""]"
block-1886,BLOCK OF 14000 LAKE VIEW DR,78732,4,24,24,mapped,"[""2024-133372 OL"", ""2025-124655 OL"", ""2026-013936 OL"", ""2021-164191 OL""]"
block-1887,BLOCK OF 14000 RIDGETOP TER,78732,1,0,0,no address-point match,"[""2022-150367 OL""]"
block-1888,BLOCK OF 14000 WILLIAM KENNEDY DR,78727,1,0,0,no address-point match,"[""2025-112692 OL""]"
block-1889,BLOCK OF 15000 GALENA DR,78717,1,8,8,mapped,"[""2026-109041 OL""]"
block-1890,BLOCK OF 15000 RIDGETOP TER,78732,1,0,0,no address-point match,"[""2026-066287 OL""]"
block-1891,BLOCK OF 16000 PEWTER LUSTER CV,78617,1,0,0,no address-point match,"[""2026-118974 OL""]"
block-1892,BLOCK OF 17000 SONOMA BREEZE DR,78653,1,0,0,no address-point match,"[""2026-034211 OL""]"
block-1893,BLOCK OF 112000 HENNINGER ST,78702,2,0,0,no address-point match,"[""2021-027840 OL"", ""2026-062300 OL""]"
block-1894,BLOCK OF 114000 GUNTER ST,78721,3,0,0,no address-point match,"[""2024-015184 OL"", ""2025-030012 OL"", ""2025-052632 OL""]"
block-1895,BLOCK OF 632000 EL MIRANDO ST,78741,1,0,0,no address-point match,"[""2021-204717 OL""]"
